Processing Exod 1:1...
Successfully processed and saved output for Exod 1:1 to /Users/joshua/work/strong_number_embedding/sn_within_unv_selfgroup_segmentation/output/Exod/1/1
Processing complete.
Processing Exod 1:2...
Successfully processed and saved output for Exod 1:2 to /Users/joshua/work/strong_number_embedding/sn_within_unv_selfgroup_segmentation/output/Exod/1/2
Processing complete.
Processing Exod 1:3...
Successfully processed and saved output for Exod 1:3 to /Users/joshua/work/strong_number_embedding/sn_within_unv_selfgroup_segmentation/output/Exod/1/3
Processing complete.
Processing Exod 1:4...
Successfully processed and saved output for Exod 1:4 to /Users/joshua/work/strong_number_embedding/sn_within_unv_selfgroup_segmentation/output/Exod/1/4
Processing complete.
Processing Exod 1:5...
Successfully processed and saved output for Exod 1:5 to /Users/joshua/work/strong_number_embedding/sn_within_unv_selfgroup_segmentation/output/Exod/1/5
Processing complete.
Processing Exod 1:6...
Successfully processed and saved output for Exod 1:6 to /Users/joshua/work/strong_number_embedding/sn_within_unv_selfgroup_segmentation/output/Exod/1/6
Processing complete.
Processing Exod 1:7...
Successfully processed and saved output for Exod 1:7 to /Users/joshua/work/strong_number_embedding/sn_within_unv_selfgroup_segmentation/output/Exod/1/7
Processing complete.
Processing Exod 1:8...
Successfully processed and saved output for Exod 1:8 to /Users/joshua/work/strong_number_embedding/sn_within_unv_selfgroup_segmentation/output/Exod/1/8
Processing complete.
Processing Exod 1:9...
Successfully processed and saved output for Exod 1:9 to /Users/joshua/work/strong_number_embedding/sn_within_unv_selfgroup_segmentation/output/Exod/1/9
Processing complete.
Processing Exod 1:10...
Successfully processed and saved output for Exod 1:10 to /Users/joshua/work/strong_number_embedding/sn_within_unv_selfgroup_segmentation/output/Exod/1/10
Processing complete.
Processing Exod 1:11...
Successfully processed and saved output for Exod 1:11 to /Users/joshua/work/strong_number_embedding/sn_within_unv_selfgroup_segmentation/output/Exod/1/11
Processing complete.
Processing Exod 1:12...
Successfully processed and saved output for Exod 1:12 to /Users/joshua/work/strong_number_embedding/sn_within_unv_selfgroup_segmentation/output/Exod/1/12
Processing complete.
Processing Exod 1:13...
Successfully processed and saved output for Exod 1:13 to /Users/joshua/work/strong_number_embedding/sn_within_unv_selfgroup_segmentation/output/Exod/1/13
Processing complete.
Processing Exod 1:14...
Successfully processed and saved output for Exod 1:14 to /Users/joshua/work/strong_number_embedding/sn_within_unv_selfgroup_segmentation/output/Exod/1/14
Processing complete.
Processing Exod 1:15...
Successfully processed and saved output for Exod 1:15 to /Users/joshua/work/strong_number_embedding/sn_within_unv_selfgroup_segmentation/output/Exod/1/15
Processing complete.
Processing Exod 1:16...
Successfully processed and saved output for Exod 1:16 to /Users/joshua/work/strong_number_embedding/sn_within_unv_selfgroup_segmentation/output/Exod/1/16
Processing complete.
Processing Exod 1:17...
Successfully processed and saved output for Exod 1:17 to /Users/joshua/work/strong_number_embedding/sn_within_unv_selfgroup_segmentation/output/Exod/1/17
Processing complete.
Processing Exod 1:18...
Successfully processed and saved output for Exod 1:18 to /Users/joshua/work/strong_number_embedding/sn_within_unv_selfgroup_segmentation/output/Exod/1/18
Processing complete.
Processing Exod 1:19...
Successfully processed and saved output for Exod 1:19 to /Users/joshua/work/strong_number_embedding/sn_within_unv_selfgroup_segmentation/output/Exod/1/19
Processing complete.
Processing Exod 1:20...
Successfully processed and saved output for Exod 1:20 to /Users/joshua/work/strong_number_embedding/sn_within_unv_selfgroup_segmentation/output/Exod/1/20
Processing complete.
Processing Exod 1:21...
Successfully processed and saved output for Exod 1:21 to /Users/joshua/work/strong_number_embedding/sn_within_unv_selfgroup_segmentation/output/Exod/1/21
Processing complete.
Processing Exod 1:22...
Successfully processed and saved output for Exod 1:22 to /Users/joshua/work/strong_number_embedding/sn_within_unv_selfgroup_segmentation/output/Exod/1/22
Processing complete.
Processing Exod 2:1...
Successfully processed and saved output for Exod 2:1 to /Users/joshua/work/strong_number_embedding/sn_within_unv_selfgroup_segmentation/output/Exod/2/1
Processing complete.
Processing Exod 2:2...
Successfully processed and saved output for Exod 2:2 to /Users/joshua/work/strong_number_embedding/sn_within_unv_selfgroup_segmentation/output/Exod/2/2
Processing complete.
Processing Exod 2:3...
Successfully processed and saved output for Exod 2:3 to /Users/joshua/work/strong_number_embedding/sn_within_unv_selfgroup_segmentation/output/Exod/2/3
Processing complete.
Processing Exod 2:4...
Successfully processed and saved output for Exod 2:4 to /Users/joshua/work/strong_number_embedding/sn_within_unv_selfgroup_segmentation/output/Exod/2/4
Processing complete.
Processing Exod 2:5...
Successfully processed and saved output for Exod 2:5 to /Users/joshua/work/strong_number_embedding/sn_within_unv_selfgroup_segmentation/output/Exod/2/5
Processing complete.
Processing Exod 2:6...
Successfully processed and saved output for Exod 2:6 to /Users/joshua/work/strong_number_embedding/sn_within_unv_selfgroup_segmentation/output/Exod/2/6
Processing complete.
Processing Exod 2:7...
Successfully processed and saved output for Exod 2:7 to /Users/joshua/work/strong_number_embedding/sn_within_unv_selfgroup_segmentation/output/Exod/2/7
Processing complete.
Processing Exod 2:8...
Successfully processed and saved output for Exod 2:8 to /Users/joshua/work/strong_number_embedding/sn_within_unv_selfgroup_segmentation/output/Exod/2/8
Processing complete.
Processing Exod 2:9...
Successfully processed and saved output for Exod 2:9 to /Users/joshua/work/strong_number_embedding/sn_within_unv_selfgroup_segmentation/output/Exod/2/9
Processing complete.
Processing Exod 2:10...
Successfully processed and saved output for Exod 2:10 to /Users/joshua/work/strong_number_embedding/sn_within_unv_selfgroup_segmentation/output/Exod/2/10
Processing complete.
Processing Exod 2:11...
Successfully processed and saved output for Exod 2:11 to /Users/joshua/work/strong_number_embedding/sn_within_unv_selfgroup_segmentation/output/Exod/2/11
Processing complete.
Processing Exod 2:12...
Successfully processed and saved output for Exod 2:12 to /Users/joshua/work/strong_number_embedding/sn_within_unv_selfgroup_segmentation/output/Exod/2/12
Processing complete.
Processing Exod 2:13...
Successfully processed and saved output for Exod 2:13 to /Users/joshua/work/strong_number_embedding/sn_within_unv_selfgroup_segmentation/output/Exod/2/13
Processing complete.
Processing Exod 2:14...
Successfully processed and saved output for Exod 2:14 to /Users/joshua/work/strong_number_embedding/sn_within_unv_selfgroup_segmentation/output/Exod/2/14
Processing complete.
Error running parse_verse_v1_6 for Exod 2:15: 'list' object has no attribute 'lstrip'
Failed to process Exod 2:15. Exiting.
Processing Exod 2:15...
Processing Exod 2:16...
Successfully processed and saved output for Exod 2:16 to /Users/joshua/work/strong_number_embedding/sn_within_unv_selfgroup_segmentation/output/Exod/2/16
Processing complete.
Processing Exod 2:17...
Successfully processed and saved output for Exod 2:17 to /Users/joshua/work/strong_number_embedding/sn_within_unv_selfgroup_segmentation/output/Exod/2/17
Processing complete.
Processing Exod 2:18...
Successfully processed and saved output for Exod 2:18 to /Users/joshua/work/strong_number_embedding/sn_within_unv_selfgroup_segmentation/output/Exod/2/18
Processing complete.
Processing Exod 2:19...
Successfully processed and saved output for Exod 2:19 to /Users/joshua/work/strong_number_embedding/sn_within_unv_selfgroup_segmentation/output/Exod/2/19
Processing complete.
Processing Exod 2:20...
Successfully processed and saved output for Exod 2:20 to /Users/joshua/work/strong_number_embedding/sn_within_unv_selfgroup_segmentation/output/Exod/2/20
Processing complete.
Processing Exod 2:21...
Successfully processed and saved output for Exod 2:21 to /Users/joshua/work/strong_number_embedding/sn_within_unv_selfgroup_segmentation/output/Exod/2/21
Processing complete.
Processing Exod 2:22...
Successfully processed and saved output for Exod 2:22 to /Users/joshua/work/strong_number_embedding/sn_within_unv_selfgroup_segmentation/output/Exod/2/22
Processing complete.
Processing Exod 2:23...
Successfully processed and saved output for Exod 2:23 to /Users/joshua/work/strong_number_embedding/sn_within_unv_selfgroup_segmentation/output/Exod/2/23
Processing complete.
Processing Exod 2:24...
Successfully processed and saved output for Exod 2:24 to /Users/joshua/work/strong_number_embedding/sn_within_unv_selfgroup_segmentation/output/Exod/2/24
Processing complete.
Processing Exod 2:25...
Successfully processed and saved output for Exod 2:25 to /Users/joshua/work/strong_number_embedding/sn_within_unv_selfgroup_segmentation/output/Exod/2/25
Processing complete.
Processing Exod 3:1...
Successfully processed and saved output for Exod 3:1 to /Users/joshua/work/strong_number_embedding/sn_within_unv_selfgroup_segmentation/output/Exod/3/1
Processing complete.
Processing Exod 3:2...
Successfully processed and saved output for Exod 3:2 to /Users/joshua/work/strong_number_embedding/sn_within_unv_selfgroup_segmentation/output/Exod/3/2
Processing complete.
Processing Exod 3:3...
Successfully processed and saved output for Exod 3:3 to /Users/joshua/work/strong_number_embedding/sn_within_unv_selfgroup_segmentation/output/Exod/3/3
Processing complete.
Processing Exod 3:4...
Successfully processed and saved output for Exod 3:4 to /Users/joshua/work/strong_number_embedding/sn_within_unv_selfgroup_segmentation/output/Exod/3/4
Processing complete.
Processing Exod 3:5...
Successfully processed and saved output for Exod 3:5 to /Users/joshua/work/strong_number_embedding/sn_within_unv_selfgroup_segmentation/output/Exod/3/5
Processing complete.
Processing Exod 3:6...
Successfully processed and saved output for Exod 3:6 to /Users/joshua/work/strong_number_embedding/sn_within_unv_selfgroup_segmentation/output/Exod/3/6
Processing complete.
Error running parse_verse_v1_6 for Exod 3:7: 'list' object has no attribute 'lstrip'
Failed to process Exod 3:7. Exiting.
Processing Exod 3:7...
Processing Exod 3:8...
Successfully processed and saved output for Exod 3:8 to /Users/joshua/work/strong_number_embedding/sn_within_unv_selfgroup_segmentation/output/Exod/3/8
Processing complete.
Processing Exod 3:9...
Successfully processed and saved output for Exod 3:9 to /Users/joshua/work/strong_number_embedding/sn_within_unv_selfgroup_segmentation/output/Exod/3/9
Processing complete.
Processing Exod 3:10...
Successfully processed and saved output for Exod 3:10 to /Users/joshua/work/strong_number_embedding/sn_within_unv_selfgroup_segmentation/output/Exod/3/10
Processing complete.
Processing Exod 3:11...
Successfully processed and saved output for Exod 3:11 to /Users/joshua/work/strong_number_embedding/sn_within_unv_selfgroup_segmentation/output/Exod/3/11
Processing complete.
Processing Exod 3:12...
Successfully processed and saved output for Exod 3:12 to /Users/joshua/work/strong_number_embedding/sn_within_unv_selfgroup_segmentation/output/Exod/3/12
Processing complete.
Processing Exod 3:13...
Successfully processed and saved output for Exod 3:13 to /Users/joshua/work/strong_number_embedding/sn_within_unv_selfgroup_segmentation/output/Exod/3/13
Processing complete.
Processing Exod 3:14...
Successfully processed and saved output for Exod 3:14 to /Users/joshua/work/strong_number_embedding/sn_within_unv_selfgroup_segmentation/output/Exod/3/14
Processing complete.
Processing Exod 3:15...
Successfully processed and saved output for Exod 3:15 to /Users/joshua/work/strong_number_embedding/sn_within_unv_selfgroup_segmentation/output/Exod/3/15
Processing complete.
Processing Exod 3:16...
Successfully processed and saved output for Exod 3:16 to /Users/joshua/work/strong_number_embedding/sn_within_unv_selfgroup_segmentation/output/Exod/3/16
Processing complete.
Processing Exod 3:17...
Successfully processed and saved output for Exod 3:17 to /Users/joshua/work/strong_number_embedding/sn_within_unv_selfgroup_segmentation/output/Exod/3/17
Processing complete.
Processing Exod 3:18...
Successfully processed and saved output for Exod 3:18 to /Users/joshua/work/strong_number_embedding/sn_within_unv_selfgroup_segmentation/output/Exod/3/18
Processing complete.
Processing Exod 3:19...
Successfully processed and saved output for Exod 3:19 to /Users/joshua/work/strong_number_embedding/sn_within_unv_selfgroup_segmentation/output/Exod/3/19
Processing complete.
Processing Exod 3:20...
Successfully processed and saved output for Exod 3:20 to /Users/joshua/work/strong_number_embedding/sn_within_unv_selfgroup_segmentation/output/Exod/3/20
Processing complete.
Processing Exod 3:21...
Successfully processed and saved output for Exod 3:21 to /Users/joshua/work/strong_number_embedding/sn_within_unv_selfgroup_segmentation/output/Exod/3/21
Processing complete.
Processing Exod 3:22...
Successfully processed and saved output for Exod 3:22 to /Users/joshua/work/strong_number_embedding/sn_within_unv_selfgroup_segmentation/output/Exod/3/22
Processing complete.
Processing Exod 4:1...
Successfully processed and saved output for Exod 4:1 to /Users/joshua/work/strong_number_embedding/sn_within_unv_selfgroup_segmentation/output/Exod/4/1
Processing complete.
Processing Exod 4:2...
Successfully processed and saved output for Exod 4:2 to /Users/joshua/work/strong_number_embedding/sn_within_unv_selfgroup_segmentation/output/Exod/4/2
Processing complete.
Processing Exod 4:3...
Successfully processed and saved output for Exod 4:3 to /Users/joshua/work/strong_number_embedding/sn_within_unv_selfgroup_segmentation/output/Exod/4/3
Processing complete.
Processing Exod 4:4...
Successfully processed and saved output for Exod 4:4 to /Users/joshua/work/strong_number_embedding/sn_within_unv_selfgroup_segmentation/output/Exod/4/4
Processing complete.
Processing Exod 4:5...
Successfully processed and saved output for Exod 4:5 to /Users/joshua/work/strong_number_embedding/sn_within_unv_selfgroup_segmentation/output/Exod/4/5
Processing complete.
Processing Exod 4:6...
Successfully processed and saved output for Exod 4:6 to /Users/joshua/work/strong_number_embedding/sn_within_unv_selfgroup_segmentation/output/Exod/4/6
Processing complete.
Processing Exod 4:7...
Successfully processed and saved output for Exod 4:7 to /Users/joshua/work/strong_number_embedding/sn_within_unv_selfgroup_segmentation/output/Exod/4/7
Processing complete.
Processing Exod 4:8...
Successfully processed and saved output for Exod 4:8 to /Users/joshua/work/strong_number_embedding/sn_within_unv_selfgroup_segmentation/output/Exod/4/8
Processing complete.
Processing Exod 4:9...
Successfully processed and saved output for Exod 4:9 to /Users/joshua/work/strong_number_embedding/sn_within_unv_selfgroup_segmentation/output/Exod/4/9
Processing complete.
Processing Exod 4:10...
Successfully processed and saved output for Exod 4:10 to /Users/joshua/work/strong_number_embedding/sn_within_unv_selfgroup_segmentation/output/Exod/4/10
Processing complete.
Processing Exod 4:11...
Successfully processed and saved output for Exod 4:11 to /Users/joshua/work/strong_number_embedding/sn_within_unv_selfgroup_segmentation/output/Exod/4/11
Processing complete.
Processing Exod 4:12...
Successfully processed and saved output for Exod 4:12 to /Users/joshua/work/strong_number_embedding/sn_within_unv_selfgroup_segmentation/output/Exod/4/12
Processing complete.
Processing Exod 4:13...
Successfully processed and saved output for Exod 4:13 to /Users/joshua/work/strong_number_embedding/sn_within_unv_selfgroup_segmentation/output/Exod/4/13
Processing complete.
Processing Exod 4:14...
Successfully processed and saved output for Exod 4:14 to /Users/joshua/work/strong_number_embedding/sn_within_unv_selfgroup_segmentation/output/Exod/4/14
Processing complete.
Processing Exod 4:15...
Successfully processed and saved output for Exod 4:15 to /Users/joshua/work/strong_number_embedding/sn_within_unv_selfgroup_segmentation/output/Exod/4/15
Processing complete.
Processing Exod 4:16...
Successfully processed and saved output for Exod 4:16 to /Users/joshua/work/strong_number_embedding/sn_within_unv_selfgroup_segmentation/output/Exod/4/16
Processing complete.
Processing Exod 4:17...
Successfully processed and saved output for Exod 4:17 to /Users/joshua/work/strong_number_embedding/sn_within_unv_selfgroup_segmentation/output/Exod/4/17
Processing complete.
Processing Exod 4:18...
Successfully processed and saved output for Exod 4:18 to /Users/joshua/work/strong_number_embedding/sn_within_unv_selfgroup_segmentation/output/Exod/4/18
Processing complete.
Processing Exod 4:19...
Successfully processed and saved output for Exod 4:19 to /Users/joshua/work/strong_number_embedding/sn_within_unv_selfgroup_segmentation/output/Exod/4/19
Processing complete.
Processing Exod 4:20...
Successfully processed and saved output for Exod 4:20 to /Users/joshua/work/strong_number_embedding/sn_within_unv_selfgroup_segmentation/output/Exod/4/20
Processing complete.
Processing Exod 4:21...
Successfully processed and saved output for Exod 4:21 to /Users/joshua/work/strong_number_embedding/sn_within_unv_selfgroup_segmentation/output/Exod/4/21
Processing complete.
Processing Exod 4:22...
Successfully processed and saved output for Exod 4:22 to /Users/joshua/work/strong_number_embedding/sn_within_unv_selfgroup_segmentation/output/Exod/4/22
Processing complete.
Processing Exod 4:23...
Successfully processed and saved output for Exod 4:23 to /Users/joshua/work/strong_number_embedding/sn_within_unv_selfgroup_segmentation/output/Exod/4/23
Processing complete.
Processing Exod 4:24...
Successfully processed and saved output for Exod 4:24 to /Users/joshua/work/strong_number_embedding/sn_within_unv_selfgroup_segmentation/output/Exod/4/24
Processing complete.
Processing Exod 4:25...
Successfully processed and saved output for Exod 4:25 to /Users/joshua/work/strong_number_embedding/sn_within_unv_selfgroup_segmentation/output/Exod/4/25
Processing complete.
Processing Exod 4:26...
Successfully processed and saved output for Exod 4:26 to /Users/joshua/work/strong_number_embedding/sn_within_unv_selfgroup_segmentation/output/Exod/4/26
Processing complete.
Processing Exod 4:27...
Successfully processed and saved output for Exod 4:27 to /Users/joshua/work/strong_number_embedding/sn_within_unv_selfgroup_segmentation/output/Exod/4/27
Processing complete.
Processing Exod 4:28...
Successfully processed and saved output for Exod 4:28 to /Users/joshua/work/strong_number_embedding/sn_within_unv_selfgroup_segmentation/output/Exod/4/28
Processing complete.
Processing Exod 4:29...
Successfully processed and saved output for Exod 4:29 to /Users/joshua/work/strong_number_embedding/sn_within_unv_selfgroup_segmentation/output/Exod/4/29
Processing complete.
Processing Exod 4:30...
Successfully processed and saved output for Exod 4:30 to /Users/joshua/work/strong_number_embedding/sn_within_unv_selfgroup_segmentation/output/Exod/4/30
Processing complete.
Processing Exod 4:31...
Successfully processed and saved output for Exod 4:31 to /Users/joshua/work/strong_number_embedding/sn_within_unv_selfgroup_segmentation/output/Exod/4/31
Processing complete.
Processing Exod 5:1...
Successfully processed and saved output for Exod 5:1 to /Users/joshua/work/strong_number_embedding/sn_within_unv_selfgroup_segmentation/output/Exod/5/1
Processing complete.
Processing Exod 5:2...
Successfully processed and saved output for Exod 5:2 to /Users/joshua/work/strong_number_embedding/sn_within_unv_selfgroup_segmentation/output/Exod/5/2
Processing complete.
Processing Exod 5:3...
Successfully processed and saved output for Exod 5:3 to /Users/joshua/work/strong_number_embedding/sn_within_unv_selfgroup_segmentation/output/Exod/5/3
Processing complete.
Processing Exod 5:4...
Successfully processed and saved output for Exod 5:4 to /Users/joshua/work/strong_number_embedding/sn_within_unv_selfgroup_segmentation/output/Exod/5/4
Processing complete.
Processing Exod 5:5...
Successfully processed and saved output for Exod 5:5 to /Users/joshua/work/strong_number_embedding/sn_within_unv_selfgroup_segmentation/output/Exod/5/5
Processing complete.
Processing Exod 5:6...
Successfully processed and saved output for Exod 5:6 to /Users/joshua/work/strong_number_embedding/sn_within_unv_selfgroup_segmentation/output/Exod/5/6
Processing complete.
Processing Exod 5:7...
Successfully processed and saved output for Exod 5:7 to /Users/joshua/work/strong_number_embedding/sn_within_unv_selfgroup_segmentation/output/Exod/5/7
Processing complete.
Processing Exod 5:8...
Successfully processed and saved output for Exod 5:8 to /Users/joshua/work/strong_number_embedding/sn_within_unv_selfgroup_segmentation/output/Exod/5/8
Processing complete.
Processing Exod 5:9...
Successfully processed and saved output for Exod 5:9 to /Users/joshua/work/strong_number_embedding/sn_within_unv_selfgroup_segmentation/output/Exod/5/9
Processing complete.
Processing Exod 5:10...
Successfully processed and saved output for Exod 5:10 to /Users/joshua/work/strong_number_embedding/sn_within_unv_selfgroup_segmentation/output/Exod/5/10
Processing complete.
Processing Exod 5:11...
Successfully processed and saved output for Exod 5:11 to /Users/joshua/work/strong_number_embedding/sn_within_unv_selfgroup_segmentation/output/Exod/5/11
Processing complete.
Processing Exod 5:12...
Successfully processed and saved output for Exod 5:12 to /Users/joshua/work/strong_number_embedding/sn_within_unv_selfgroup_segmentation/output/Exod/5/12
Processing complete.
Processing Exod 5:13...
Successfully processed and saved output for Exod 5:13 to /Users/joshua/work/strong_number_embedding/sn_within_unv_selfgroup_segmentation/output/Exod/5/13
Processing complete.
Processing Exod 5:14...
Successfully processed and saved output for Exod 5:14 to /Users/joshua/work/strong_number_embedding/sn_within_unv_selfgroup_segmentation/output/Exod/5/14
Processing complete.
Processing Exod 5:15...
Successfully processed and saved output for Exod 5:15 to /Users/joshua/work/strong_number_embedding/sn_within_unv_selfgroup_segmentation/output/Exod/5/15
Processing complete.
Processing Exod 5:16...
Successfully processed and saved output for Exod 5:16 to /Users/joshua/work/strong_number_embedding/sn_within_unv_selfgroup_segmentation/output/Exod/5/16
Processing complete.
Processing Exod 5:17...
Successfully processed and saved output for Exod 5:17 to /Users/joshua/work/strong_number_embedding/sn_within_unv_selfgroup_segmentation/output/Exod/5/17
Processing complete.
Processing Exod 5:18...
Successfully processed and saved output for Exod 5:18 to /Users/joshua/work/strong_number_embedding/sn_within_unv_selfgroup_segmentation/output/Exod/5/18
Processing complete.
Processing Exod 5:19...
Successfully processed and saved output for Exod 5:19 to /Users/joshua/work/strong_number_embedding/sn_within_unv_selfgroup_segmentation/output/Exod/5/19
Processing complete.
Processing Exod 5:20...
Successfully processed and saved output for Exod 5:20 to /Users/joshua/work/strong_number_embedding/sn_within_unv_selfgroup_segmentation/output/Exod/5/20
Processing complete.
Processing Exod 5:21...
Successfully processed and saved output for Exod 5:21 to /Users/joshua/work/strong_number_embedding/sn_within_unv_selfgroup_segmentation/output/Exod/5/21
Processing complete.
Processing Exod 5:22...
Successfully processed and saved output for Exod 5:22 to /Users/joshua/work/strong_number_embedding/sn_within_unv_selfgroup_segmentation/output/Exod/5/22
Processing complete.
Processing Exod 5:23...
Successfully processed and saved output for Exod 5:23 to /Users/joshua/work/strong_number_embedding/sn_within_unv_selfgroup_segmentation/output/Exod/5/23
Processing complete.
Processing Exod 6:1...
Successfully processed and saved output for Exod 6:1 to /Users/joshua/work/strong_number_embedding/sn_within_unv_selfgroup_segmentation/output/Exod/6/1
Processing complete.
Processing Exod 6:2...
Successfully processed and saved output for Exod 6:2 to /Users/joshua/work/strong_number_embedding/sn_within_unv_selfgroup_segmentation/output/Exod/6/2
Processing complete.
Processing Exod 6:3...
Successfully processed and saved output for Exod 6:3 to /Users/joshua/work/strong_number_embedding/sn_within_unv_selfgroup_segmentation/output/Exod/6/3
Processing complete.
Processing Exod 6:4...
Successfully processed and saved output for Exod 6:4 to /Users/joshua/work/strong_number_embedding/sn_within_unv_selfgroup_segmentation/output/Exod/6/4
Processing complete.
Processing Exod 6:5...
Successfully processed and saved output for Exod 6:5 to /Users/joshua/work/strong_number_embedding/sn_within_unv_selfgroup_segmentation/output/Exod/6/5
Processing complete.
Processing Exod 6:6...
Successfully processed and saved output for Exod 6:6 to /Users/joshua/work/strong_number_embedding/sn_within_unv_selfgroup_segmentation/output/Exod/6/6
Processing complete.
Processing Exod 6:7...
Successfully processed and saved output for Exod 6:7 to /Users/joshua/work/strong_number_embedding/sn_within_unv_selfgroup_segmentation/output/Exod/6/7
Processing complete.
Processing Exod 6:8...
Successfully processed and saved output for Exod 6:8 to /Users/joshua/work/strong_number_embedding/sn_within_unv_selfgroup_segmentation/output/Exod/6/8
Processing complete.
Processing Exod 6:9...
Successfully processed and saved output for Exod 6:9 to /Users/joshua/work/strong_number_embedding/sn_within_unv_selfgroup_segmentation/output/Exod/6/9
Processing complete.
Processing Exod 6:10...
Successfully processed and saved output for Exod 6:10 to /Users/joshua/work/strong_number_embedding/sn_within_unv_selfgroup_segmentation/output/Exod/6/10
Processing complete.
Processing Exod 6:11...
Successfully processed and saved output for Exod 6:11 to /Users/joshua/work/strong_number_embedding/sn_within_unv_selfgroup_segmentation/output/Exod/6/11
Processing complete.
Processing Exod 6:12...
Successfully processed and saved output for Exod 6:12 to /Users/joshua/work/strong_number_embedding/sn_within_unv_selfgroup_segmentation/output/Exod/6/12
Processing complete.
Processing Exod 6:13...
Successfully processed and saved output for Exod 6:13 to /Users/joshua/work/strong_number_embedding/sn_within_unv_selfgroup_segmentation/output/Exod/6/13
Processing complete.
Processing Exod 6:14...
Successfully processed and saved output for Exod 6:14 to /Users/joshua/work/strong_number_embedding/sn_within_unv_selfgroup_segmentation/output/Exod/6/14
Processing complete.
Processing Exod 6:15...
Successfully processed and saved output for Exod 6:15 to /Users/joshua/work/strong_number_embedding/sn_within_unv_selfgroup_segmentation/output/Exod/6/15
Processing complete.
Processing Exod 6:16...
Successfully processed and saved output for Exod 6:16 to /Users/joshua/work/strong_number_embedding/sn_within_unv_selfgroup_segmentation/output/Exod/6/16
Processing complete.
Processing Exod 6:17...
Successfully processed and saved output for Exod 6:17 to /Users/joshua/work/strong_number_embedding/sn_within_unv_selfgroup_segmentation/output/Exod/6/17
Processing complete.
Processing Exod 6:18...
Successfully processed and saved output for Exod 6:18 to /Users/joshua/work/strong_number_embedding/sn_within_unv_selfgroup_segmentation/output/Exod/6/18
Processing complete.
Processing Exod 6:19...
Successfully processed and saved output for Exod 6:19 to /Users/joshua/work/strong_number_embedding/sn_within_unv_selfgroup_segmentation/output/Exod/6/19
Processing complete.
Processing Exod 6:20...
Successfully processed and saved output for Exod 6:20 to /Users/joshua/work/strong_number_embedding/sn_within_unv_selfgroup_segmentation/output/Exod/6/20
Processing complete.
Processing Exod 6:21...
Successfully processed and saved output for Exod 6:21 to /Users/joshua/work/strong_number_embedding/sn_within_unv_selfgroup_segmentation/output/Exod/6/21
Processing complete.
Processing Exod 6:22...
Successfully processed and saved output for Exod 6:22 to /Users/joshua/work/strong_number_embedding/sn_within_unv_selfgroup_segmentation/output/Exod/6/22
Processing complete.
Processing Exod 6:23...
Successfully processed and saved output for Exod 6:23 to /Users/joshua/work/strong_number_embedding/sn_within_unv_selfgroup_segmentation/output/Exod/6/23
Processing complete.
Processing Exod 6:24...
Successfully processed and saved output for Exod 6:24 to /Users/joshua/work/strong_number_embedding/sn_within_unv_selfgroup_segmentation/output/Exod/6/24
Processing complete.
Processing Exod 6:25...
Successfully processed and saved output for Exod 6:25 to /Users/joshua/work/strong_number_embedding/sn_within_unv_selfgroup_segmentation/output/Exod/6/25
Processing complete.
Processing Exod 6:26...
Successfully processed and saved output for Exod 6:26 to /Users/joshua/work/strong_number_embedding/sn_within_unv_selfgroup_segmentation/output/Exod/6/26
Processing complete.
Processing Exod 6:27...
Successfully processed and saved output for Exod 6:27 to /Users/joshua/work/strong_number_embedding/sn_within_unv_selfgroup_segmentation/output/Exod/6/27
Processing complete.
Processing Exod 6:28...
Successfully processed and saved output for Exod 6:28 to /Users/joshua/work/strong_number_embedding/sn_within_unv_selfgroup_segmentation/output/Exod/6/28
Processing complete.
Processing Exod 6:29...
Successfully processed and saved output for Exod 6:29 to /Users/joshua/work/strong_number_embedding/sn_within_unv_selfgroup_segmentation/output/Exod/6/29
Processing complete.
Processing Exod 6:30...
Successfully processed and saved output for Exod 6:30 to /Users/joshua/work/strong_number_embedding/sn_within_unv_selfgroup_segmentation/output/Exod/6/30
Processing complete.
Processing Exod 7:1...
Successfully processed and saved output for Exod 7:1 to /Users/joshua/work/strong_number_embedding/sn_within_unv_selfgroup_segmentation/output/Exod/7/1
Processing complete.
Processing Exod 7:2...
Successfully processed and saved output for Exod 7:2 to /Users/joshua/work/strong_number_embedding/sn_within_unv_selfgroup_segmentation/output/Exod/7/2
Processing complete.
Processing Exod 7:3...
Successfully processed and saved output for Exod 7:3 to /Users/joshua/work/strong_number_embedding/sn_within_unv_selfgroup_segmentation/output/Exod/7/3
Processing complete.
Processing Exod 7:4...
Successfully processed and saved output for Exod 7:4 to /Users/joshua/work/strong_number_embedding/sn_within_unv_selfgroup_segmentation/output/Exod/7/4
Processing complete.
Processing Exod 7:5...
Successfully processed and saved output for Exod 7:5 to /Users/joshua/work/strong_number_embedding/sn_within_unv_selfgroup_segmentation/output/Exod/7/5
Processing complete.
Processing Exod 7:6...
Successfully processed and saved output for Exod 7:6 to /Users/joshua/work/strong_number_embedding/sn_within_unv_selfgroup_segmentation/output/Exod/7/6
Processing complete.
Processing Exod 7:7...
Successfully processed and saved output for Exod 7:7 to /Users/joshua/work/strong_number_embedding/sn_within_unv_selfgroup_segmentation/output/Exod/7/7
Processing complete.
Processing Exod 7:8...
Successfully processed and saved output for Exod 7:8 to /Users/joshua/work/strong_number_embedding/sn_within_unv_selfgroup_segmentation/output/Exod/7/8
Processing complete.
Processing Exod 7:9...
Successfully processed and saved output for Exod 7:9 to /Users/joshua/work/strong_number_embedding/sn_within_unv_selfgroup_segmentation/output/Exod/7/9
Processing complete.
Processing Exod 7:10...
Successfully processed and saved output for Exod 7:10 to /Users/joshua/work/strong_number_embedding/sn_within_unv_selfgroup_segmentation/output/Exod/7/10
Processing complete.
Processing Exod 7:11...
Successfully processed and saved output for Exod 7:11 to /Users/joshua/work/strong_number_embedding/sn_within_unv_selfgroup_segmentation/output/Exod/7/11
Processing complete.
Processing Exod 7:12...
Successfully processed and saved output for Exod 7:12 to /Users/joshua/work/strong_number_embedding/sn_within_unv_selfgroup_segmentation/output/Exod/7/12
Processing complete.
Processing Exod 7:13...
Successfully processed and saved output for Exod 7:13 to /Users/joshua/work/strong_number_embedding/sn_within_unv_selfgroup_segmentation/output/Exod/7/13
Processing complete.
Processing Exod 7:14...
Successfully processed and saved output for Exod 7:14 to /Users/joshua/work/strong_number_embedding/sn_within_unv_selfgroup_segmentation/output/Exod/7/14
Processing complete.
Processing Exod 7:15...
Successfully processed and saved output for Exod 7:15 to /Users/joshua/work/strong_number_embedding/sn_within_unv_selfgroup_segmentation/output/Exod/7/15
Processing complete.
Processing Exod 7:16...
Successfully processed and saved output for Exod 7:16 to /Users/joshua/work/strong_number_embedding/sn_within_unv_selfgroup_segmentation/output/Exod/7/16
Processing complete.
Processing Exod 7:17...
Successfully processed and saved output for Exod 7:17 to /Users/joshua/work/strong_number_embedding/sn_within_unv_selfgroup_segmentation/output/Exod/7/17
Processing complete.
Processing Exod 7:18...
Successfully processed and saved output for Exod 7:18 to /Users/joshua/work/strong_number_embedding/sn_within_unv_selfgroup_segmentation/output/Exod/7/18
Processing complete.
Processing Exod 7:19...
Successfully processed and saved output for Exod 7:19 to /Users/joshua/work/strong_number_embedding/sn_within_unv_selfgroup_segmentation/output/Exod/7/19
Processing complete.
Processing Exod 7:20...
Successfully processed and saved output for Exod 7:20 to /Users/joshua/work/strong_number_embedding/sn_within_unv_selfgroup_segmentation/output/Exod/7/20
Processing complete.
Processing Exod 7:21...
Successfully processed and saved output for Exod 7:21 to /Users/joshua/work/strong_number_embedding/sn_within_unv_selfgroup_segmentation/output/Exod/7/21
Processing complete.
Processing Exod 7:22...
Successfully processed and saved output for Exod 7:22 to /Users/joshua/work/strong_number_embedding/sn_within_unv_selfgroup_segmentation/output/Exod/7/22
Processing complete.
Processing Exod 7:23...
Successfully processed and saved output for Exod 7:23 to /Users/joshua/work/strong_number_embedding/sn_within_unv_selfgroup_segmentation/output/Exod/7/23
Processing complete.
Processing Exod 7:24...
Successfully processed and saved output for Exod 7:24 to /Users/joshua/work/strong_number_embedding/sn_within_unv_selfgroup_segmentation/output/Exod/7/24
Processing complete.
Processing Exod 7:25...
Successfully processed and saved output for Exod 7:25 to /Users/joshua/work/strong_number_embedding/sn_within_unv_selfgroup_segmentation/output/Exod/7/25
Processing complete.
Processing Exod 8:1...
Successfully processed and saved output for Exod 8:1 to /Users/joshua/work/strong_number_embedding/sn_within_unv_selfgroup_segmentation/output/Exod/8/1
Processing complete.
Processing Exod 8:2...
Successfully processed and saved output for Exod 8:2 to /Users/joshua/work/strong_number_embedding/sn_within_unv_selfgroup_segmentation/output/Exod/8/2
Processing complete.
Processing Exod 8:3...
Successfully processed and saved output for Exod 8:3 to /Users/joshua/work/strong_number_embedding/sn_within_unv_selfgroup_segmentation/output/Exod/8/3
Processing complete.
Processing Exod 8:4...
Successfully processed and saved output for Exod 8:4 to /Users/joshua/work/strong_number_embedding/sn_within_unv_selfgroup_segmentation/output/Exod/8/4
Processing complete.
Processing Exod 8:5...
Successfully processed and saved output for Exod 8:5 to /Users/joshua/work/strong_number_embedding/sn_within_unv_selfgroup_segmentation/output/Exod/8/5
Processing complete.
Processing Exod 8:6...
Successfully processed and saved output for Exod 8:6 to /Users/joshua/work/strong_number_embedding/sn_within_unv_selfgroup_segmentation/output/Exod/8/6
Processing complete.
Processing Exod 8:7...
Successfully processed and saved output for Exod 8:7 to /Users/joshua/work/strong_number_embedding/sn_within_unv_selfgroup_segmentation/output/Exod/8/7
Processing complete.
Processing Exod 8:8...
Successfully processed and saved output for Exod 8:8 to /Users/joshua/work/strong_number_embedding/sn_within_unv_selfgroup_segmentation/output/Exod/8/8
Processing complete.
Processing Exod 8:9...
Successfully processed and saved output for Exod 8:9 to /Users/joshua/work/strong_number_embedding/sn_within_unv_selfgroup_segmentation/output/Exod/8/9
Processing complete.
Processing Exod 8:10...
Successfully processed and saved output for Exod 8:10 to /Users/joshua/work/strong_number_embedding/sn_within_unv_selfgroup_segmentation/output/Exod/8/10
Processing complete.
Processing Exod 8:11...
Successfully processed and saved output for Exod 8:11 to /Users/joshua/work/strong_number_embedding/sn_within_unv_selfgroup_segmentation/output/Exod/8/11
Processing complete.
Processing Exod 8:12...
Successfully processed and saved output for Exod 8:12 to /Users/joshua/work/strong_number_embedding/sn_within_unv_selfgroup_segmentation/output/Exod/8/12
Processing complete.
Processing Exod 8:13...
Successfully processed and saved output for Exod 8:13 to /Users/joshua/work/strong_number_embedding/sn_within_unv_selfgroup_segmentation/output/Exod/8/13
Processing complete.
Processing Exod 8:14...
Successfully processed and saved output for Exod 8:14 to /Users/joshua/work/strong_number_embedding/sn_within_unv_selfgroup_segmentation/output/Exod/8/14
Processing complete.
Processing Exod 8:15...
Successfully processed and saved output for Exod 8:15 to /Users/joshua/work/strong_number_embedding/sn_within_unv_selfgroup_segmentation/output/Exod/8/15
Processing complete.
Processing Exod 8:16...
Successfully processed and saved output for Exod 8:16 to /Users/joshua/work/strong_number_embedding/sn_within_unv_selfgroup_segmentation/output/Exod/8/16
Processing complete.
Processing Exod 8:17...
Successfully processed and saved output for Exod 8:17 to /Users/joshua/work/strong_number_embedding/sn_within_unv_selfgroup_segmentation/output/Exod/8/17
Processing complete.
Processing Exod 8:18...
Successfully processed and saved output for Exod 8:18 to /Users/joshua/work/strong_number_embedding/sn_within_unv_selfgroup_segmentation/output/Exod/8/18
Processing complete.
Processing Exod 8:19...
Successfully processed and saved output for Exod 8:19 to /Users/joshua/work/strong_number_embedding/sn_within_unv_selfgroup_segmentation/output/Exod/8/19
Processing complete.
Processing Exod 8:20...
Successfully processed and saved output for Exod 8:20 to /Users/joshua/work/strong_number_embedding/sn_within_unv_selfgroup_segmentation/output/Exod/8/20
Processing complete.
Processing Exod 8:21...
Successfully processed and saved output for Exod 8:21 to /Users/joshua/work/strong_number_embedding/sn_within_unv_selfgroup_segmentation/output/Exod/8/21
Processing complete.
Processing Exod 8:22...
Successfully processed and saved output for Exod 8:22 to /Users/joshua/work/strong_number_embedding/sn_within_unv_selfgroup_segmentation/output/Exod/8/22
Processing complete.
Processing Exod 8:23...
Successfully processed and saved output for Exod 8:23 to /Users/joshua/work/strong_number_embedding/sn_within_unv_selfgroup_segmentation/output/Exod/8/23
Processing complete.
Processing Exod 8:24...
Successfully processed and saved output for Exod 8:24 to /Users/joshua/work/strong_number_embedding/sn_within_unv_selfgroup_segmentation/output/Exod/8/24
Processing complete.
Processing Exod 8:25...
Successfully processed and saved output for Exod 8:25 to /Users/joshua/work/strong_number_embedding/sn_within_unv_selfgroup_segmentation/output/Exod/8/25
Processing complete.
Processing Exod 8:26...
Successfully processed and saved output for Exod 8:26 to /Users/joshua/work/strong_number_embedding/sn_within_unv_selfgroup_segmentation/output/Exod/8/26
Processing complete.
Processing Exod 8:27...
Successfully processed and saved output for Exod 8:27 to /Users/joshua/work/strong_number_embedding/sn_within_unv_selfgroup_segmentation/output/Exod/8/27
Processing complete.
Processing Exod 8:28...
Successfully processed and saved output for Exod 8:28 to /Users/joshua/work/strong_number_embedding/sn_within_unv_selfgroup_segmentation/output/Exod/8/28
Processing complete.
Error running parse_verse_v1_6 for Exod 8:29: 'list' object has no attribute 'lstrip'
Failed to process Exod 8:29. Exiting.
Processing Exod 8:29...
Error running parse_verse_v1_6 for Exod 8:30: 'list' object has no attribute 'lstrip'
Failed to process Exod 8:30. Exiting.
Processing Exod 8:30...
Processing Exod 8:31...
Successfully processed and saved output for Exod 8:31 to /Users/joshua/work/strong_number_embedding/sn_within_unv_selfgroup_segmentation/output/Exod/8/31
Processing complete.
Processing Exod 8:32...
Successfully processed and saved output for Exod 8:32 to /Users/joshua/work/strong_number_embedding/sn_within_unv_selfgroup_segmentation/output/Exod/8/32
Processing complete.
Processing Exod 9:1...
Successfully processed and saved output for Exod 9:1 to /Users/joshua/work/strong_number_embedding/sn_within_unv_selfgroup_segmentation/output/Exod/9/1
Processing complete.
Processing Exod 9:2...
Successfully processed and saved output for Exod 9:2 to /Users/joshua/work/strong_number_embedding/sn_within_unv_selfgroup_segmentation/output/Exod/9/2
Processing complete.
Processing Exod 9:3...
Successfully processed and saved output for Exod 9:3 to /Users/joshua/work/strong_number_embedding/sn_within_unv_selfgroup_segmentation/output/Exod/9/3
Processing complete.
Processing Exod 9:4...
Successfully processed and saved output for Exod 9:4 to /Users/joshua/work/strong_number_embedding/sn_within_unv_selfgroup_segmentation/output/Exod/9/4
Processing complete.
Processing Exod 9:5...
Successfully processed and saved output for Exod 9:5 to /Users/joshua/work/strong_number_embedding/sn_within_unv_selfgroup_segmentation/output/Exod/9/5
Processing complete.
Processing Exod 9:6...
Successfully processed and saved output for Exod 9:6 to /Users/joshua/work/strong_number_embedding/sn_within_unv_selfgroup_segmentation/output/Exod/9/6
Processing complete.
Processing Exod 9:7...
Successfully processed and saved output for Exod 9:7 to /Users/joshua/work/strong_number_embedding/sn_within_unv_selfgroup_segmentation/output/Exod/9/7
Processing complete.
Processing Exod 9:8...
Successfully processed and saved output for Exod 9:8 to /Users/joshua/work/strong_number_embedding/sn_within_unv_selfgroup_segmentation/output/Exod/9/8
Processing complete.
Processing Exod 9:9...
Successfully processed and saved output for Exod 9:9 to /Users/joshua/work/strong_number_embedding/sn_within_unv_selfgroup_segmentation/output/Exod/9/9
Processing complete.
Processing Exod 9:10...
Successfully processed and saved output for Exod 9:10 to /Users/joshua/work/strong_number_embedding/sn_within_unv_selfgroup_segmentation/output/Exod/9/10
Processing complete.
Processing Exod 9:11...
Successfully processed and saved output for Exod 9:11 to /Users/joshua/work/strong_number_embedding/sn_within_unv_selfgroup_segmentation/output/Exod/9/11
Processing complete.
Processing Exod 9:12...
Successfully processed and saved output for Exod 9:12 to /Users/joshua/work/strong_number_embedding/sn_within_unv_selfgroup_segmentation/output/Exod/9/12
Processing complete.
Processing Exod 9:13...
Successfully processed and saved output for Exod 9:13 to /Users/joshua/work/strong_number_embedding/sn_within_unv_selfgroup_segmentation/output/Exod/9/13
Processing complete.
Processing Exod 9:14...
Successfully processed and saved output for Exod 9:14 to /Users/joshua/work/strong_number_embedding/sn_within_unv_selfgroup_segmentation/output/Exod/9/14
Processing complete.
Processing Exod 9:15...
Successfully processed and saved output for Exod 9:15 to /Users/joshua/work/strong_number_embedding/sn_within_unv_selfgroup_segmentation/output/Exod/9/15
Processing complete.
Processing Exod 9:16...
Successfully processed and saved output for Exod 9:16 to /Users/joshua/work/strong_number_embedding/sn_within_unv_selfgroup_segmentation/output/Exod/9/16
Processing complete.
Processing Exod 9:17...
Successfully processed and saved output for Exod 9:17 to /Users/joshua/work/strong_number_embedding/sn_within_unv_selfgroup_segmentation/output/Exod/9/17
Processing complete.
Processing Exod 9:18...
Successfully processed and saved output for Exod 9:18 to /Users/joshua/work/strong_number_embedding/sn_within_unv_selfgroup_segmentation/output/Exod/9/18
Processing complete.
Processing Exod 9:19...
Successfully processed and saved output for Exod 9:19 to /Users/joshua/work/strong_number_embedding/sn_within_unv_selfgroup_segmentation/output/Exod/9/19
Processing complete.
Processing Exod 9:20...
Successfully processed and saved output for Exod 9:20 to /Users/joshua/work/strong_number_embedding/sn_within_unv_selfgroup_segmentation/output/Exod/9/20
Processing complete.
Processing Exod 9:21...
Successfully processed and saved output for Exod 9:21 to /Users/joshua/work/strong_number_embedding/sn_within_unv_selfgroup_segmentation/output/Exod/9/21
Processing complete.
Processing Exod 9:22...
Successfully processed and saved output for Exod 9:22 to /Users/joshua/work/strong_number_embedding/sn_within_unv_selfgroup_segmentation/output/Exod/9/22
Processing complete.
Processing Exod 9:23...
Successfully processed and saved output for Exod 9:23 to /Users/joshua/work/strong_number_embedding/sn_within_unv_selfgroup_segmentation/output/Exod/9/23
Processing complete.
Processing Exod 9:24...
Successfully processed and saved output for Exod 9:24 to /Users/joshua/work/strong_number_embedding/sn_within_unv_selfgroup_segmentation/output/Exod/9/24
Processing complete.
Processing Exod 9:25...
Successfully processed and saved output for Exod 9:25 to /Users/joshua/work/strong_number_embedding/sn_within_unv_selfgroup_segmentation/output/Exod/9/25
Processing complete.
Processing Exod 9:26...
Successfully processed and saved output for Exod 9:26 to /Users/joshua/work/strong_number_embedding/sn_within_unv_selfgroup_segmentation/output/Exod/9/26
Processing complete.
Processing Exod 9:27...
Successfully processed and saved output for Exod 9:27 to /Users/joshua/work/strong_number_embedding/sn_within_unv_selfgroup_segmentation/output/Exod/9/27
Processing complete.
Processing Exod 9:28...
Successfully processed and saved output for Exod 9:28 to /Users/joshua/work/strong_number_embedding/sn_within_unv_selfgroup_segmentation/output/Exod/9/28
Processing complete.
Processing Exod 9:29...
Successfully processed and saved output for Exod 9:29 to /Users/joshua/work/strong_number_embedding/sn_within_unv_selfgroup_segmentation/output/Exod/9/29
Processing complete.
Error running parse_verse_v1_6 for Exod 9:30: 'list' object has no attribute 'lstrip'
Failed to process Exod 9:30. Exiting.
Processing Exod 9:30...
Processing Exod 9:31...
Successfully processed and saved output for Exod 9:31 to /Users/joshua/work/strong_number_embedding/sn_within_unv_selfgroup_segmentation/output/Exod/9/31
Processing complete.
Processing Exod 9:32...
Successfully processed and saved output for Exod 9:32 to /Users/joshua/work/strong_number_embedding/sn_within_unv_selfgroup_segmentation/output/Exod/9/32
Processing complete.
Processing Exod 9:33...
Successfully processed and saved output for Exod 9:33 to /Users/joshua/work/strong_number_embedding/sn_within_unv_selfgroup_segmentation/output/Exod/9/33
Processing complete.
Processing Exod 9:34...
Successfully processed and saved output for Exod 9:34 to /Users/joshua/work/strong_number_embedding/sn_within_unv_selfgroup_segmentation/output/Exod/9/34
Processing complete.
Processing Exod 9:35...
Successfully processed and saved output for Exod 9:35 to /Users/joshua/work/strong_number_embedding/sn_within_unv_selfgroup_segmentation/output/Exod/9/35
Processing complete.
Processing Exod 10:1...
Successfully processed and saved output for Exod 10:1 to /Users/joshua/work/strong_number_embedding/sn_within_unv_selfgroup_segmentation/output/Exod/10/1
Processing complete.
Processing Exod 10:2...
Successfully processed and saved output for Exod 10:2 to /Users/joshua/work/strong_number_embedding/sn_within_unv_selfgroup_segmentation/output/Exod/10/2
Processing complete.
Processing Exod 10:3...
Successfully processed and saved output for Exod 10:3 to /Users/joshua/work/strong_number_embedding/sn_within_unv_selfgroup_segmentation/output/Exod/10/3
Processing complete.
Processing Exod 10:4...
Successfully processed and saved output for Exod 10:4 to /Users/joshua/work/strong_number_embedding/sn_within_unv_selfgroup_segmentation/output/Exod/10/4
Processing complete.
Processing Exod 10:5...
Successfully processed and saved output for Exod 10:5 to /Users/joshua/work/strong_number_embedding/sn_within_unv_selfgroup_segmentation/output/Exod/10/5
Processing complete.
Processing Exod 10:6...
Successfully processed and saved output for Exod 10:6 to /Users/joshua/work/strong_number_embedding/sn_within_unv_selfgroup_segmentation/output/Exod/10/6
Processing complete.
Processing Exod 10:7...
Successfully processed and saved output for Exod 10:7 to /Users/joshua/work/strong_number_embedding/sn_within_unv_selfgroup_segmentation/output/Exod/10/7
Processing complete.
Processing Exod 10:8...
Successfully processed and saved output for Exod 10:8 to /Users/joshua/work/strong_number_embedding/sn_within_unv_selfgroup_segmentation/output/Exod/10/8
Processing complete.
Processing Exod 10:9...
Successfully processed and saved output for Exod 10:9 to /Users/joshua/work/strong_number_embedding/sn_within_unv_selfgroup_segmentation/output/Exod/10/9
Processing complete.
Processing Exod 10:10...
Successfully processed and saved output for Exod 10:10 to /Users/joshua/work/strong_number_embedding/sn_within_unv_selfgroup_segmentation/output/Exod/10/10
Processing complete.
Processing Exod 10:11...
Successfully processed and saved output for Exod 10:11 to /Users/joshua/work/strong_number_embedding/sn_within_unv_selfgroup_segmentation/output/Exod/10/11
Processing complete.
Processing Exod 10:12...
Successfully processed and saved output for Exod 10:12 to /Users/joshua/work/strong_number_embedding/sn_within_unv_selfgroup_segmentation/output/Exod/10/12
Processing complete.
Processing Exod 10:13...
Successfully processed and saved output for Exod 10:13 to /Users/joshua/work/strong_number_embedding/sn_within_unv_selfgroup_segmentation/output/Exod/10/13
Processing complete.
Processing Exod 10:14...
Successfully processed and saved output for Exod 10:14 to /Users/joshua/work/strong_number_embedding/sn_within_unv_selfgroup_segmentation/output/Exod/10/14
Processing complete.
Processing Exod 10:15...
Successfully processed and saved output for Exod 10:15 to /Users/joshua/work/strong_number_embedding/sn_within_unv_selfgroup_segmentation/output/Exod/10/15
Processing complete.
Processing Exod 10:16...
Successfully processed and saved output for Exod 10:16 to /Users/joshua/work/strong_number_embedding/sn_within_unv_selfgroup_segmentation/output/Exod/10/16
Processing complete.
Processing Exod 10:17...
Successfully processed and saved output for Exod 10:17 to /Users/joshua/work/strong_number_embedding/sn_within_unv_selfgroup_segmentation/output/Exod/10/17
Processing complete.
Error running parse_verse_v1_6 for Exod 10:18: 'list' object has no attribute 'lstrip'
Failed to process Exod 10:18. Exiting.
Processing Exod 10:18...
Processing Exod 10:19...
Successfully processed and saved output for Exod 10:19 to /Users/joshua/work/strong_number_embedding/sn_within_unv_selfgroup_segmentation/output/Exod/10/19
Processing complete.
Processing Exod 10:20...
Successfully processed and saved output for Exod 10:20 to /Users/joshua/work/strong_number_embedding/sn_within_unv_selfgroup_segmentation/output/Exod/10/20
Processing complete.
Processing Exod 10:21...
Successfully processed and saved output for Exod 10:21 to /Users/joshua/work/strong_number_embedding/sn_within_unv_selfgroup_segmentation/output/Exod/10/21
Processing complete.
Processing Exod 10:22...
Successfully processed and saved output for Exod 10:22 to /Users/joshua/work/strong_number_embedding/sn_within_unv_selfgroup_segmentation/output/Exod/10/22
Processing complete.
Processing Exod 10:23...
Successfully processed and saved output for Exod 10:23 to /Users/joshua/work/strong_number_embedding/sn_within_unv_selfgroup_segmentation/output/Exod/10/23
Processing complete.
Processing Exod 10:24...
Successfully processed and saved output for Exod 10:24 to /Users/joshua/work/strong_number_embedding/sn_within_unv_selfgroup_segmentation/output/Exod/10/24
Processing complete.
Processing Exod 10:25...
Successfully processed and saved output for Exod 10:25 to /Users/joshua/work/strong_number_embedding/sn_within_unv_selfgroup_segmentation/output/Exod/10/25
Processing complete.
Processing Exod 10:26...
Successfully processed and saved output for Exod 10:26 to /Users/joshua/work/strong_number_embedding/sn_within_unv_selfgroup_segmentation/output/Exod/10/26
Processing complete.
Processing Exod 10:27...
Successfully processed and saved output for Exod 10:27 to /Users/joshua/work/strong_number_embedding/sn_within_unv_selfgroup_segmentation/output/Exod/10/27
Processing complete.
Processing Exod 10:28...
Successfully processed and saved output for Exod 10:28 to /Users/joshua/work/strong_number_embedding/sn_within_unv_selfgroup_segmentation/output/Exod/10/28
Processing complete.
Processing Exod 10:29...
Successfully processed and saved output for Exod 10:29 to /Users/joshua/work/strong_number_embedding/sn_within_unv_selfgroup_segmentation/output/Exod/10/29
Processing complete.
Processing Exod 11:1...
Successfully processed and saved output for Exod 11:1 to /Users/joshua/work/strong_number_embedding/sn_within_unv_selfgroup_segmentation/output/Exod/11/1
Processing complete.
Processing Exod 11:2...
Successfully processed and saved output for Exod 11:2 to /Users/joshua/work/strong_number_embedding/sn_within_unv_selfgroup_segmentation/output/Exod/11/2
Processing complete.
Processing Exod 11:3...
Successfully processed and saved output for Exod 11:3 to /Users/joshua/work/strong_number_embedding/sn_within_unv_selfgroup_segmentation/output/Exod/11/3
Processing complete.
Processing Exod 11:4...
Successfully processed and saved output for Exod 11:4 to /Users/joshua/work/strong_number_embedding/sn_within_unv_selfgroup_segmentation/output/Exod/11/4
Processing complete.
Error running parse_verse_v1_6 for Exod 11:5: 'list' object has no attribute 'lstrip'
Failed to process Exod 11:5. Exiting.
Processing Exod 11:5...
Processing Exod 11:6...
Successfully processed and saved output for Exod 11:6 to /Users/joshua/work/strong_number_embedding/sn_within_unv_selfgroup_segmentation/output/Exod/11/6
Processing complete.
Processing Exod 11:7...
Successfully processed and saved output for Exod 11:7 to /Users/joshua/work/strong_number_embedding/sn_within_unv_selfgroup_segmentation/output/Exod/11/7
Processing complete.
Processing Exod 11:8...
Successfully processed and saved output for Exod 11:8 to /Users/joshua/work/strong_number_embedding/sn_within_unv_selfgroup_segmentation/output/Exod/11/8
Processing complete.
Processing Exod 11:9...
Successfully processed and saved output for Exod 11:9 to /Users/joshua/work/strong_number_embedding/sn_within_unv_selfgroup_segmentation/output/Exod/11/9
Processing complete.
Processing Exod 11:10...
Successfully processed and saved output for Exod 11:10 to /Users/joshua/work/strong_number_embedding/sn_within_unv_selfgroup_segmentation/output/Exod/11/10
Processing complete.
Processing Exod 12:1...
Successfully processed and saved output for Exod 12:1 to /Users/joshua/work/strong_number_embedding/sn_within_unv_selfgroup_segmentation/output/Exod/12/1
Processing complete.
Processing Exod 12:2...
Successfully processed and saved output for Exod 12:2 to /Users/joshua/work/strong_number_embedding/sn_within_unv_selfgroup_segmentation/output/Exod/12/2
Processing complete.
Processing Exod 12:3...
Successfully processed and saved output for Exod 12:3 to /Users/joshua/work/strong_number_embedding/sn_within_unv_selfgroup_segmentation/output/Exod/12/3
Processing complete.
Error running parse_verse_v1_6 for Exod 12:4: 'list' object has no attribute 'lstrip'
Failed to process Exod 12:4. Exiting.
Processing Exod 12:4...
Processing Exod 12:5...
Successfully processed and saved output for Exod 12:5 to /Users/joshua/work/strong_number_embedding/sn_within_unv_selfgroup_segmentation/output/Exod/12/5
Processing complete.
Processing Exod 12:6...
Successfully processed and saved output for Exod 12:6 to /Users/joshua/work/strong_number_embedding/sn_within_unv_selfgroup_segmentation/output/Exod/12/6
Processing complete.
Processing Exod 12:7...
Successfully processed and saved output for Exod 12:7 to /Users/joshua/work/strong_number_embedding/sn_within_unv_selfgroup_segmentation/output/Exod/12/7
Processing complete.
Processing Exod 12:8...
Successfully processed and saved output for Exod 12:8 to /Users/joshua/work/strong_number_embedding/sn_within_unv_selfgroup_segmentation/output/Exod/12/8
Processing complete.
Processing Exod 12:9...
Successfully processed and saved output for Exod 12:9 to /Users/joshua/work/strong_number_embedding/sn_within_unv_selfgroup_segmentation/output/Exod/12/9
Processing complete.
Processing Exod 12:10...
Successfully processed and saved output for Exod 12:10 to /Users/joshua/work/strong_number_embedding/sn_within_unv_selfgroup_segmentation/output/Exod/12/10
Processing complete.
Processing Exod 12:11...
Successfully processed and saved output for Exod 12:11 to /Users/joshua/work/strong_number_embedding/sn_within_unv_selfgroup_segmentation/output/Exod/12/11
Processing complete.
Processing Exod 12:12...
Successfully processed and saved output for Exod 12:12 to /Users/joshua/work/strong_number_embedding/sn_within_unv_selfgroup_segmentation/output/Exod/12/12
Processing complete.
Processing Exod 12:13...
Successfully processed and saved output for Exod 12:13 to /Users/joshua/work/strong_number_embedding/sn_within_unv_selfgroup_segmentation/output/Exod/12/13
Processing complete.
Processing Exod 12:14...
Successfully processed and saved output for Exod 12:14 to /Users/joshua/work/strong_number_embedding/sn_within_unv_selfgroup_segmentation/output/Exod/12/14
Processing complete.
Processing Exod 12:15...
Successfully processed and saved output for Exod 12:15 to /Users/joshua/work/strong_number_embedding/sn_within_unv_selfgroup_segmentation/output/Exod/12/15
Processing complete.
Processing Exod 12:16...
Successfully processed and saved output for Exod 12:16 to /Users/joshua/work/strong_number_embedding/sn_within_unv_selfgroup_segmentation/output/Exod/12/16
Processing complete.
Processing Exod 12:17...
Successfully processed and saved output for Exod 12:17 to /Users/joshua/work/strong_number_embedding/sn_within_unv_selfgroup_segmentation/output/Exod/12/17
Processing complete.
Processing Exod 12:18...
Successfully processed and saved output for Exod 12:18 to /Users/joshua/work/strong_number_embedding/sn_within_unv_selfgroup_segmentation/output/Exod/12/18
Processing complete.
Processing Exod 12:19...
Successfully processed and saved output for Exod 12:19 to /Users/joshua/work/strong_number_embedding/sn_within_unv_selfgroup_segmentation/output/Exod/12/19
Processing complete.
Processing Exod 12:20...
Successfully processed and saved output for Exod 12:20 to /Users/joshua/work/strong_number_embedding/sn_within_unv_selfgroup_segmentation/output/Exod/12/20
Processing complete.
Processing Exod 12:21...
Successfully processed and saved output for Exod 12:21 to /Users/joshua/work/strong_number_embedding/sn_within_unv_selfgroup_segmentation/output/Exod/12/21
Processing complete.
Processing Exod 12:22...
Successfully processed and saved output for Exod 12:22 to /Users/joshua/work/strong_number_embedding/sn_within_unv_selfgroup_segmentation/output/Exod/12/22
Processing complete.
Processing Exod 12:23...
Successfully processed and saved output for Exod 12:23 to /Users/joshua/work/strong_number_embedding/sn_within_unv_selfgroup_segmentation/output/Exod/12/23
Processing complete.
Processing Exod 12:24...
Successfully processed and saved output for Exod 12:24 to /Users/joshua/work/strong_number_embedding/sn_within_unv_selfgroup_segmentation/output/Exod/12/24
Processing complete.
Processing Exod 12:25...
Successfully processed and saved output for Exod 12:25 to /Users/joshua/work/strong_number_embedding/sn_within_unv_selfgroup_segmentation/output/Exod/12/25
Processing complete.
Processing Exod 12:26...
Successfully processed and saved output for Exod 12:26 to /Users/joshua/work/strong_number_embedding/sn_within_unv_selfgroup_segmentation/output/Exod/12/26
Processing complete.
Processing Exod 12:27...
Successfully processed and saved output for Exod 12:27 to /Users/joshua/work/strong_number_embedding/sn_within_unv_selfgroup_segmentation/output/Exod/12/27
Processing complete.
Processing Exod 12:28...
Successfully processed and saved output for Exod 12:28 to /Users/joshua/work/strong_number_embedding/sn_within_unv_selfgroup_segmentation/output/Exod/12/28
Processing complete.
Error running parse_verse_v1_6 for Exod 12:29: 'list' object has no attribute 'lstrip'
Failed to process Exod 12:29. Exiting.
Processing Exod 12:29...
Processing Exod 12:30...
Successfully processed and saved output for Exod 12:30 to /Users/joshua/work/strong_number_embedding/sn_within_unv_selfgroup_segmentation/output/Exod/12/30
Processing complete.
Processing Exod 12:31...
Successfully processed and saved output for Exod 12:31 to /Users/joshua/work/strong_number_embedding/sn_within_unv_selfgroup_segmentation/output/Exod/12/31
Processing complete.
Processing Exod 12:32...
Successfully processed and saved output for Exod 12:32 to /Users/joshua/work/strong_number_embedding/sn_within_unv_selfgroup_segmentation/output/Exod/12/32
Processing complete.
Processing Exod 12:33...
Successfully processed and saved output for Exod 12:33 to /Users/joshua/work/strong_number_embedding/sn_within_unv_selfgroup_segmentation/output/Exod/12/33
Processing complete.
Processing Exod 12:34...
Successfully processed and saved output for Exod 12:34 to /Users/joshua/work/strong_number_embedding/sn_within_unv_selfgroup_segmentation/output/Exod/12/34
Processing complete.
Processing Exod 12:35...
Successfully processed and saved output for Exod 12:35 to /Users/joshua/work/strong_number_embedding/sn_within_unv_selfgroup_segmentation/output/Exod/12/35
Processing complete.
Processing Exod 12:36...
Successfully processed and saved output for Exod 12:36 to /Users/joshua/work/strong_number_embedding/sn_within_unv_selfgroup_segmentation/output/Exod/12/36
Processing complete.
Processing Exod 12:37...
Successfully processed and saved output for Exod 12:37 to /Users/joshua/work/strong_number_embedding/sn_within_unv_selfgroup_segmentation/output/Exod/12/37
Processing complete.
Processing Exod 12:38...
Successfully processed and saved output for Exod 12:38 to /Users/joshua/work/strong_number_embedding/sn_within_unv_selfgroup_segmentation/output/Exod/12/38
Processing complete.
Processing Exod 12:39...
Successfully processed and saved output for Exod 12:39 to /Users/joshua/work/strong_number_embedding/sn_within_unv_selfgroup_segmentation/output/Exod/12/39
Processing complete.
Processing Exod 12:40...
Successfully processed and saved output for Exod 12:40 to /Users/joshua/work/strong_number_embedding/sn_within_unv_selfgroup_segmentation/output/Exod/12/40
Processing complete.
Processing Exod 12:41...
Successfully processed and saved output for Exod 12:41 to /Users/joshua/work/strong_number_embedding/sn_within_unv_selfgroup_segmentation/output/Exod/12/41
Processing complete.
Processing Exod 12:42...
Successfully processed and saved output for Exod 12:42 to /Users/joshua/work/strong_number_embedding/sn_within_unv_selfgroup_segmentation/output/Exod/12/42
Processing complete.
Processing Exod 12:43...
Successfully processed and saved output for Exod 12:43 to /Users/joshua/work/strong_number_embedding/sn_within_unv_selfgroup_segmentation/output/Exod/12/43
Processing complete.
Processing Exod 12:44...
Successfully processed and saved output for Exod 12:44 to /Users/joshua/work/strong_number_embedding/sn_within_unv_selfgroup_segmentation/output/Exod/12/44
Processing complete.
Processing Exod 12:45...
Successfully processed and saved output for Exod 12:45 to /Users/joshua/work/strong_number_embedding/sn_within_unv_selfgroup_segmentation/output/Exod/12/45
Processing complete.
Processing Exod 12:46...
Successfully processed and saved output for Exod 12:46 to /Users/joshua/work/strong_number_embedding/sn_within_unv_selfgroup_segmentation/output/Exod/12/46
Processing complete.
Processing Exod 12:47...
Successfully processed and saved output for Exod 12:47 to /Users/joshua/work/strong_number_embedding/sn_within_unv_selfgroup_segmentation/output/Exod/12/47
Processing complete.
Processing Exod 12:48...
Successfully processed and saved output for Exod 12:48 to /Users/joshua/work/strong_number_embedding/sn_within_unv_selfgroup_segmentation/output/Exod/12/48
Processing complete.
Processing Exod 12:49...
Successfully processed and saved output for Exod 12:49 to /Users/joshua/work/strong_number_embedding/sn_within_unv_selfgroup_segmentation/output/Exod/12/49
Processing complete.
Processing Exod 12:50...
Successfully processed and saved output for Exod 12:50 to /Users/joshua/work/strong_number_embedding/sn_within_unv_selfgroup_segmentation/output/Exod/12/50
Processing complete.
Processing Exod 12:51...
Successfully processed and saved output for Exod 12:51 to /Users/joshua/work/strong_number_embedding/sn_within_unv_selfgroup_segmentation/output/Exod/12/51
Processing complete.
Processing Exod 13:1...
Successfully processed and saved output for Exod 13:1 to /Users/joshua/work/strong_number_embedding/sn_within_unv_selfgroup_segmentation/output/Exod/13/1
Processing complete.
Processing Exod 13:2...
Successfully processed and saved output for Exod 13:2 to /Users/joshua/work/strong_number_embedding/sn_within_unv_selfgroup_segmentation/output/Exod/13/2
Processing complete.
Error running parse_verse_v1_6 for Exod 13:3: 'list' object has no attribute 'lstrip'
Failed to process Exod 13:3. Exiting.
Processing Exod 13:3...
Processing Exod 13:4...
Successfully processed and saved output for Exod 13:4 to /Users/joshua/work/strong_number_embedding/sn_within_unv_selfgroup_segmentation/output/Exod/13/4
Processing complete.
Processing Exod 13:5...
Successfully processed and saved output for Exod 13:5 to /Users/joshua/work/strong_number_embedding/sn_within_unv_selfgroup_segmentation/output/Exod/13/5
Processing complete.
Processing Exod 13:6...
Successfully processed and saved output for Exod 13:6 to /Users/joshua/work/strong_number_embedding/sn_within_unv_selfgroup_segmentation/output/Exod/13/6
Processing complete.
Processing Exod 13:7...
Successfully processed and saved output for Exod 13:7 to /Users/joshua/work/strong_number_embedding/sn_within_unv_selfgroup_segmentation/output/Exod/13/7
Processing complete.
Processing Exod 13:8...
Successfully processed and saved output for Exod 13:8 to /Users/joshua/work/strong_number_embedding/sn_within_unv_selfgroup_segmentation/output/Exod/13/8
Processing complete.
Processing Exod 13:9...
Successfully processed and saved output for Exod 13:9 to /Users/joshua/work/strong_number_embedding/sn_within_unv_selfgroup_segmentation/output/Exod/13/9
Processing complete.
Processing Exod 13:10...
Successfully processed and saved output for Exod 13:10 to /Users/joshua/work/strong_number_embedding/sn_within_unv_selfgroup_segmentation/output/Exod/13/10
Processing complete.
Processing Exod 13:11...
Successfully processed and saved output for Exod 13:11 to /Users/joshua/work/strong_number_embedding/sn_within_unv_selfgroup_segmentation/output/Exod/13/11
Processing complete.
Processing Exod 13:12...
Successfully processed and saved output for Exod 13:12 to /Users/joshua/work/strong_number_embedding/sn_within_unv_selfgroup_segmentation/output/Exod/13/12
Processing complete.
Processing Exod 13:13...
Successfully processed and saved output for Exod 13:13 to /Users/joshua/work/strong_number_embedding/sn_within_unv_selfgroup_segmentation/output/Exod/13/13
Processing complete.
Processing Exod 13:14...
Successfully processed and saved output for Exod 13:14 to /Users/joshua/work/strong_number_embedding/sn_within_unv_selfgroup_segmentation/output/Exod/13/14
Processing complete.
Error running parse_verse_v1_6 for Exod 13:15: 'list' object has no attribute 'lstrip'
Failed to process Exod 13:15. Exiting.
Processing Exod 13:15...
Processing Exod 13:16...
Successfully processed and saved output for Exod 13:16 to /Users/joshua/work/strong_number_embedding/sn_within_unv_selfgroup_segmentation/output/Exod/13/16
Processing complete.
Processing Exod 13:17...
Successfully processed and saved output for Exod 13:17 to /Users/joshua/work/strong_number_embedding/sn_within_unv_selfgroup_segmentation/output/Exod/13/17
Processing complete.
Processing Exod 13:18...
Successfully processed and saved output for Exod 13:18 to /Users/joshua/work/strong_number_embedding/sn_within_unv_selfgroup_segmentation/output/Exod/13/18
Processing complete.
Processing Exod 13:19...
Successfully processed and saved output for Exod 13:19 to /Users/joshua/work/strong_number_embedding/sn_within_unv_selfgroup_segmentation/output/Exod/13/19
Processing complete.
Processing Exod 13:20...
Successfully processed and saved output for Exod 13:20 to /Users/joshua/work/strong_number_embedding/sn_within_unv_selfgroup_segmentation/output/Exod/13/20
Processing complete.
Processing Exod 13:21...
Successfully processed and saved output for Exod 13:21 to /Users/joshua/work/strong_number_embedding/sn_within_unv_selfgroup_segmentation/output/Exod/13/21
Processing complete.
Processing Exod 13:22...
Successfully processed and saved output for Exod 13:22 to /Users/joshua/work/strong_number_embedding/sn_within_unv_selfgroup_segmentation/output/Exod/13/22
Processing complete.
Processing Exod 14:1...
Successfully processed and saved output for Exod 14:1 to /Users/joshua/work/strong_number_embedding/sn_within_unv_selfgroup_segmentation/output/Exod/14/1
Processing complete.
Processing Exod 14:2...
Successfully processed and saved output for Exod 14:2 to /Users/joshua/work/strong_number_embedding/sn_within_unv_selfgroup_segmentation/output/Exod/14/2
Processing complete.
Processing Exod 14:3...
Successfully processed and saved output for Exod 14:3 to /Users/joshua/work/strong_number_embedding/sn_within_unv_selfgroup_segmentation/output/Exod/14/3
Processing complete.
Processing Exod 14:4...
Successfully processed and saved output for Exod 14:4 to /Users/joshua/work/strong_number_embedding/sn_within_unv_selfgroup_segmentation/output/Exod/14/4
Processing complete.
Processing Exod 14:5...
Successfully processed and saved output for Exod 14:5 to /Users/joshua/work/strong_number_embedding/sn_within_unv_selfgroup_segmentation/output/Exod/14/5
Processing complete.
Processing Exod 14:6...
Successfully processed and saved output for Exod 14:6 to /Users/joshua/work/strong_number_embedding/sn_within_unv_selfgroup_segmentation/output/Exod/14/6
Processing complete.
Processing Exod 14:7...
Successfully processed and saved output for Exod 14:7 to /Users/joshua/work/strong_number_embedding/sn_within_unv_selfgroup_segmentation/output/Exod/14/7
Processing complete.
Processing Exod 14:8...
Successfully processed and saved output for Exod 14:8 to /Users/joshua/work/strong_number_embedding/sn_within_unv_selfgroup_segmentation/output/Exod/14/8
Processing complete.
Processing Exod 14:9...
Successfully processed and saved output for Exod 14:9 to /Users/joshua/work/strong_number_embedding/sn_within_unv_selfgroup_segmentation/output/Exod/14/9
Processing complete.
Processing Exod 14:10...
Successfully processed and saved output for Exod 14:10 to /Users/joshua/work/strong_number_embedding/sn_within_unv_selfgroup_segmentation/output/Exod/14/10
Processing complete.
Processing Exod 14:11...
Successfully processed and saved output for Exod 14:11 to /Users/joshua/work/strong_number_embedding/sn_within_unv_selfgroup_segmentation/output/Exod/14/11
Processing complete.
Error running parse_verse_v1_6 for Exod 14:12: 'list' object has no attribute 'lstrip'
Failed to process Exod 14:12. Exiting.
Processing Exod 14:12...
Processing Exod 14:13...
Successfully processed and saved output for Exod 14:13 to /Users/joshua/work/strong_number_embedding/sn_within_unv_selfgroup_segmentation/output/Exod/14/13
Processing complete.
Processing Exod 14:14...
Successfully processed and saved output for Exod 14:14 to /Users/joshua/work/strong_number_embedding/sn_within_unv_selfgroup_segmentation/output/Exod/14/14
Processing complete.
Processing Exod 14:15...
Successfully processed and saved output for Exod 14:15 to /Users/joshua/work/strong_number_embedding/sn_within_unv_selfgroup_segmentation/output/Exod/14/15
Processing complete.
Processing Exod 14:16...
Successfully processed and saved output for Exod 14:16 to /Users/joshua/work/strong_number_embedding/sn_within_unv_selfgroup_segmentation/output/Exod/14/16
Processing complete.
Processing Exod 14:17...
Successfully processed and saved output for Exod 14:17 to /Users/joshua/work/strong_number_embedding/sn_within_unv_selfgroup_segmentation/output/Exod/14/17
Processing complete.
Processing Exod 14:18...
Successfully processed and saved output for Exod 14:18 to /Users/joshua/work/strong_number_embedding/sn_within_unv_selfgroup_segmentation/output/Exod/14/18
Processing complete.
Processing Exod 14:19...
Successfully processed and saved output for Exod 14:19 to /Users/joshua/work/strong_number_embedding/sn_within_unv_selfgroup_segmentation/output/Exod/14/19
Processing complete.
Processing Exod 14:20...
Successfully processed and saved output for Exod 14:20 to /Users/joshua/work/strong_number_embedding/sn_within_unv_selfgroup_segmentation/output/Exod/14/20
Processing complete.
Processing Exod 14:21...
Successfully processed and saved output for Exod 14:21 to /Users/joshua/work/strong_number_embedding/sn_within_unv_selfgroup_segmentation/output/Exod/14/21
Processing complete.
Processing Exod 14:22...
Successfully processed and saved output for Exod 14:22 to /Users/joshua/work/strong_number_embedding/sn_within_unv_selfgroup_segmentation/output/Exod/14/22
Processing complete.
Processing Exod 14:23...
Successfully processed and saved output for Exod 14:23 to /Users/joshua/work/strong_number_embedding/sn_within_unv_selfgroup_segmentation/output/Exod/14/23
Processing complete.
Processing Exod 14:24...
Successfully processed and saved output for Exod 14:24 to /Users/joshua/work/strong_number_embedding/sn_within_unv_selfgroup_segmentation/output/Exod/14/24
Processing complete.
Processing Exod 14:25...
Successfully processed and saved output for Exod 14:25 to /Users/joshua/work/strong_number_embedding/sn_within_unv_selfgroup_segmentation/output/Exod/14/25
Processing complete.
Processing Exod 14:26...
Successfully processed and saved output for Exod 14:26 to /Users/joshua/work/strong_number_embedding/sn_within_unv_selfgroup_segmentation/output/Exod/14/26
Processing complete.
Processing Exod 14:27...
Successfully processed and saved output for Exod 14:27 to /Users/joshua/work/strong_number_embedding/sn_within_unv_selfgroup_segmentation/output/Exod/14/27
Processing complete.
Processing Exod 14:28...
Successfully processed and saved output for Exod 14:28 to /Users/joshua/work/strong_number_embedding/sn_within_unv_selfgroup_segmentation/output/Exod/14/28
Processing complete.
Processing Exod 14:29...
Successfully processed and saved output for Exod 14:29 to /Users/joshua/work/strong_number_embedding/sn_within_unv_selfgroup_segmentation/output/Exod/14/29
Processing complete.
Processing Exod 14:30...
Successfully processed and saved output for Exod 14:30 to /Users/joshua/work/strong_number_embedding/sn_within_unv_selfgroup_segmentation/output/Exod/14/30
Processing complete.
Processing Exod 14:31...
Successfully processed and saved output for Exod 14:31 to /Users/joshua/work/strong_number_embedding/sn_within_unv_selfgroup_segmentation/output/Exod/14/31
Processing complete.
Processing Exod 15:1...
Successfully processed and saved output for Exod 15:1 to /Users/joshua/work/strong_number_embedding/sn_within_unv_selfgroup_segmentation/output/Exod/15/1
Processing complete.
Processing Exod 15:2...
Successfully processed and saved output for Exod 15:2 to /Users/joshua/work/strong_number_embedding/sn_within_unv_selfgroup_segmentation/output/Exod/15/2
Processing complete.
Processing Exod 15:3...
Successfully processed and saved output for Exod 15:3 to /Users/joshua/work/strong_number_embedding/sn_within_unv_selfgroup_segmentation/output/Exod/15/3
Processing complete.
Processing Exod 15:4...
Successfully processed and saved output for Exod 15:4 to /Users/joshua/work/strong_number_embedding/sn_within_unv_selfgroup_segmentation/output/Exod/15/4
Processing complete.
Processing Exod 15:5...
Successfully processed and saved output for Exod 15:5 to /Users/joshua/work/strong_number_embedding/sn_within_unv_selfgroup_segmentation/output/Exod/15/5
Processing complete.
Processing Exod 15:6...
Successfully processed and saved output for Exod 15:6 to /Users/joshua/work/strong_number_embedding/sn_within_unv_selfgroup_segmentation/output/Exod/15/6
Processing complete.
Processing Exod 15:7...
Successfully processed and saved output for Exod 15:7 to /Users/joshua/work/strong_number_embedding/sn_within_unv_selfgroup_segmentation/output/Exod/15/7
Processing complete.
Processing Exod 15:8...
Successfully processed and saved output for Exod 15:8 to /Users/joshua/work/strong_number_embedding/sn_within_unv_selfgroup_segmentation/output/Exod/15/8
Processing complete.
Processing Exod 15:9...
Successfully processed and saved output for Exod 15:9 to /Users/joshua/work/strong_number_embedding/sn_within_unv_selfgroup_segmentation/output/Exod/15/9
Processing complete.
Processing Exod 15:10...
Successfully processed and saved output for Exod 15:10 to /Users/joshua/work/strong_number_embedding/sn_within_unv_selfgroup_segmentation/output/Exod/15/10
Processing complete.
Processing Exod 15:11...
Successfully processed and saved output for Exod 15:11 to /Users/joshua/work/strong_number_embedding/sn_within_unv_selfgroup_segmentation/output/Exod/15/11
Processing complete.
Processing Exod 15:12...
Successfully processed and saved output for Exod 15:12 to /Users/joshua/work/strong_number_embedding/sn_within_unv_selfgroup_segmentation/output/Exod/15/12
Processing complete.
Processing Exod 15:13...
Successfully processed and saved output for Exod 15:13 to /Users/joshua/work/strong_number_embedding/sn_within_unv_selfgroup_segmentation/output/Exod/15/13
Processing complete.
Processing Exod 15:14...
Successfully processed and saved output for Exod 15:14 to /Users/joshua/work/strong_number_embedding/sn_within_unv_selfgroup_segmentation/output/Exod/15/14
Processing complete.
Processing Exod 15:15...
Successfully processed and saved output for Exod 15:15 to /Users/joshua/work/strong_number_embedding/sn_within_unv_selfgroup_segmentation/output/Exod/15/15
Processing complete.
Processing Exod 15:16...
Successfully processed and saved output for Exod 15:16 to /Users/joshua/work/strong_number_embedding/sn_within_unv_selfgroup_segmentation/output/Exod/15/16
Processing complete.
Processing Exod 15:17...
Successfully processed and saved output for Exod 15:17 to /Users/joshua/work/strong_number_embedding/sn_within_unv_selfgroup_segmentation/output/Exod/15/17
Processing complete.
Processing Exod 15:18...
Successfully processed and saved output for Exod 15:18 to /Users/joshua/work/strong_number_embedding/sn_within_unv_selfgroup_segmentation/output/Exod/15/18
Processing complete.
Processing Exod 15:19...
Successfully processed and saved output for Exod 15:19 to /Users/joshua/work/strong_number_embedding/sn_within_unv_selfgroup_segmentation/output/Exod/15/19
Processing complete.
Processing Exod 15:20...
Successfully processed and saved output for Exod 15:20 to /Users/joshua/work/strong_number_embedding/sn_within_unv_selfgroup_segmentation/output/Exod/15/20
Processing complete.
Processing Exod 15:21...
Successfully processed and saved output for Exod 15:21 to /Users/joshua/work/strong_number_embedding/sn_within_unv_selfgroup_segmentation/output/Exod/15/21
Processing complete.
Processing Exod 15:22...
Successfully processed and saved output for Exod 15:22 to /Users/joshua/work/strong_number_embedding/sn_within_unv_selfgroup_segmentation/output/Exod/15/22
Processing complete.
Processing Exod 15:23...
Successfully processed and saved output for Exod 15:23 to /Users/joshua/work/strong_number_embedding/sn_within_unv_selfgroup_segmentation/output/Exod/15/23
Processing complete.
Processing Exod 15:24...
Successfully processed and saved output for Exod 15:24 to /Users/joshua/work/strong_number_embedding/sn_within_unv_selfgroup_segmentation/output/Exod/15/24
Processing complete.
Processing Exod 15:25...
Successfully processed and saved output for Exod 15:25 to /Users/joshua/work/strong_number_embedding/sn_within_unv_selfgroup_segmentation/output/Exod/15/25
Processing complete.
Processing Exod 15:26...
Successfully processed and saved output for Exod 15:26 to /Users/joshua/work/strong_number_embedding/sn_within_unv_selfgroup_segmentation/output/Exod/15/26
Processing complete.
Processing Exod 15:27...
Successfully processed and saved output for Exod 15:27 to /Users/joshua/work/strong_number_embedding/sn_within_unv_selfgroup_segmentation/output/Exod/15/27
Processing complete.
Error running parse_verse_v1_6 for Exod 16:1: 'list' object has no attribute 'lstrip'
Failed to process Exod 16:1. Exiting.
Processing Exod 16:1...
Processing Exod 16:2...
Successfully processed and saved output for Exod 16:2 to /Users/joshua/work/strong_number_embedding/sn_within_unv_selfgroup_segmentation/output/Exod/16/2
Processing complete.
Processing Exod 16:3...
Successfully processed and saved output for Exod 16:3 to /Users/joshua/work/strong_number_embedding/sn_within_unv_selfgroup_segmentation/output/Exod/16/3
Processing complete.
Processing Exod 16:4...
Successfully processed and saved output for Exod 16:4 to /Users/joshua/work/strong_number_embedding/sn_within_unv_selfgroup_segmentation/output/Exod/16/4
Processing complete.
Processing Exod 16:5...
Successfully processed and saved output for Exod 16:5 to /Users/joshua/work/strong_number_embedding/sn_within_unv_selfgroup_segmentation/output/Exod/16/5
Processing complete.
Processing Exod 16:6...
Successfully processed and saved output for Exod 16:6 to /Users/joshua/work/strong_number_embedding/sn_within_unv_selfgroup_segmentation/output/Exod/16/6
Processing complete.
Processing Exod 16:7...
Successfully processed and saved output for Exod 16:7 to /Users/joshua/work/strong_number_embedding/sn_within_unv_selfgroup_segmentation/output/Exod/16/7
Processing complete.
Processing Exod 16:8...
Successfully processed and saved output for Exod 16:8 to /Users/joshua/work/strong_number_embedding/sn_within_unv_selfgroup_segmentation/output/Exod/16/8
Processing complete.
Processing Exod 16:9...
Successfully processed and saved output for Exod 16:9 to /Users/joshua/work/strong_number_embedding/sn_within_unv_selfgroup_segmentation/output/Exod/16/9
Processing complete.
Processing Exod 16:10...
Successfully processed and saved output for Exod 16:10 to /Users/joshua/work/strong_number_embedding/sn_within_unv_selfgroup_segmentation/output/Exod/16/10
Processing complete.
Processing Exod 16:11...
Successfully processed and saved output for Exod 16:11 to /Users/joshua/work/strong_number_embedding/sn_within_unv_selfgroup_segmentation/output/Exod/16/11
Processing complete.
Processing Exod 16:12...
Successfully processed and saved output for Exod 16:12 to /Users/joshua/work/strong_number_embedding/sn_within_unv_selfgroup_segmentation/output/Exod/16/12
Processing complete.
Processing Exod 16:13...
Successfully processed and saved output for Exod 16:13 to /Users/joshua/work/strong_number_embedding/sn_within_unv_selfgroup_segmentation/output/Exod/16/13
Processing complete.
Processing Exod 16:14...
Successfully processed and saved output for Exod 16:14 to /Users/joshua/work/strong_number_embedding/sn_within_unv_selfgroup_segmentation/output/Exod/16/14
Processing complete.
Processing Exod 16:15...
Successfully processed and saved output for Exod 16:15 to /Users/joshua/work/strong_number_embedding/sn_within_unv_selfgroup_segmentation/output/Exod/16/15
Processing complete.
Processing Exod 16:16...
Successfully processed and saved output for Exod 16:16 to /Users/joshua/work/strong_number_embedding/sn_within_unv_selfgroup_segmentation/output/Exod/16/16
Processing complete.
Processing Exod 16:17...
Successfully processed and saved output for Exod 16:17 to /Users/joshua/work/strong_number_embedding/sn_within_unv_selfgroup_segmentation/output/Exod/16/17
Processing complete.
Processing Exod 16:18...
Successfully processed and saved output for Exod 16:18 to /Users/joshua/work/strong_number_embedding/sn_within_unv_selfgroup_segmentation/output/Exod/16/18
Processing complete.
Processing Exod 16:19...
Successfully processed and saved output for Exod 16:19 to /Users/joshua/work/strong_number_embedding/sn_within_unv_selfgroup_segmentation/output/Exod/16/19
Processing complete.
Processing Exod 16:20...
Successfully processed and saved output for Exod 16:20 to /Users/joshua/work/strong_number_embedding/sn_within_unv_selfgroup_segmentation/output/Exod/16/20
Processing complete.
Processing Exod 16:21...
Successfully processed and saved output for Exod 16:21 to /Users/joshua/work/strong_number_embedding/sn_within_unv_selfgroup_segmentation/output/Exod/16/21
Processing complete.
Processing Exod 16:22...
Successfully processed and saved output for Exod 16:22 to /Users/joshua/work/strong_number_embedding/sn_within_unv_selfgroup_segmentation/output/Exod/16/22
Processing complete.
Processing Exod 16:23...
Successfully processed and saved output for Exod 16:23 to /Users/joshua/work/strong_number_embedding/sn_within_unv_selfgroup_segmentation/output/Exod/16/23
Processing complete.
Processing Exod 16:24...
Successfully processed and saved output for Exod 16:24 to /Users/joshua/work/strong_number_embedding/sn_within_unv_selfgroup_segmentation/output/Exod/16/24
Processing complete.
Processing Exod 16:25...
Successfully processed and saved output for Exod 16:25 to /Users/joshua/work/strong_number_embedding/sn_within_unv_selfgroup_segmentation/output/Exod/16/25
Processing complete.
Processing Exod 16:26...
Successfully processed and saved output for Exod 16:26 to /Users/joshua/work/strong_number_embedding/sn_within_unv_selfgroup_segmentation/output/Exod/16/26
Processing complete.
Processing Exod 16:27...
Successfully processed and saved output for Exod 16:27 to /Users/joshua/work/strong_number_embedding/sn_within_unv_selfgroup_segmentation/output/Exod/16/27
Processing complete.
Processing Exod 16:28...
Successfully processed and saved output for Exod 16:28 to /Users/joshua/work/strong_number_embedding/sn_within_unv_selfgroup_segmentation/output/Exod/16/28
Processing complete.
Processing Exod 16:29...
Successfully processed and saved output for Exod 16:29 to /Users/joshua/work/strong_number_embedding/sn_within_unv_selfgroup_segmentation/output/Exod/16/29
Processing complete.
Processing Exod 16:30...
Successfully processed and saved output for Exod 16:30 to /Users/joshua/work/strong_number_embedding/sn_within_unv_selfgroup_segmentation/output/Exod/16/30
Processing complete.
Processing Exod 16:31...
Successfully processed and saved output for Exod 16:31 to /Users/joshua/work/strong_number_embedding/sn_within_unv_selfgroup_segmentation/output/Exod/16/31
Processing complete.
Error running parse_verse_v1_6 for Exod 16:32: 'list' object has no attribute 'lstrip'
Failed to process Exod 16:32. Exiting.
Processing Exod 16:32...
Processing Exod 16:33...
Successfully processed and saved output for Exod 16:33 to /Users/joshua/work/strong_number_embedding/sn_within_unv_selfgroup_segmentation/output/Exod/16/33
Processing complete.
Processing Exod 16:34...
Successfully processed and saved output for Exod 16:34 to /Users/joshua/work/strong_number_embedding/sn_within_unv_selfgroup_segmentation/output/Exod/16/34
Processing complete.
Processing Exod 16:35...
Successfully processed and saved output for Exod 16:35 to /Users/joshua/work/strong_number_embedding/sn_within_unv_selfgroup_segmentation/output/Exod/16/35
Processing complete.
Processing Exod 16:36...
Successfully processed and saved output for Exod 16:36 to /Users/joshua/work/strong_number_embedding/sn_within_unv_selfgroup_segmentation/output/Exod/16/36
Processing complete.
Processing Exod 17:1...
Successfully processed and saved output for Exod 17:1 to /Users/joshua/work/strong_number_embedding/sn_within_unv_selfgroup_segmentation/output/Exod/17/1
Processing complete.
Processing Exod 17:2...
Successfully processed and saved output for Exod 17:2 to /Users/joshua/work/strong_number_embedding/sn_within_unv_selfgroup_segmentation/output/Exod/17/2
Processing complete.
Processing Exod 17:3...
Successfully processed and saved output for Exod 17:3 to /Users/joshua/work/strong_number_embedding/sn_within_unv_selfgroup_segmentation/output/Exod/17/3
Processing complete.
Processing Exod 17:4...
Successfully processed and saved output for Exod 17:4 to /Users/joshua/work/strong_number_embedding/sn_within_unv_selfgroup_segmentation/output/Exod/17/4
Processing complete.
Processing Exod 17:5...
Successfully processed and saved output for Exod 17:5 to /Users/joshua/work/strong_number_embedding/sn_within_unv_selfgroup_segmentation/output/Exod/17/5
Processing complete.
Processing Exod 17:6...
Successfully processed and saved output for Exod 17:6 to /Users/joshua/work/strong_number_embedding/sn_within_unv_selfgroup_segmentation/output/Exod/17/6
Processing complete.
Processing Exod 17:7...
Successfully processed and saved output for Exod 17:7 to /Users/joshua/work/strong_number_embedding/sn_within_unv_selfgroup_segmentation/output/Exod/17/7
Processing complete.
Processing Exod 17:8...
Successfully processed and saved output for Exod 17:8 to /Users/joshua/work/strong_number_embedding/sn_within_unv_selfgroup_segmentation/output/Exod/17/8
Processing complete.
Processing Exod 17:9...
Successfully processed and saved output for Exod 17:9 to /Users/joshua/work/strong_number_embedding/sn_within_unv_selfgroup_segmentation/output/Exod/17/9
Processing complete.
Processing Exod 17:10...
Successfully processed and saved output for Exod 17:10 to /Users/joshua/work/strong_number_embedding/sn_within_unv_selfgroup_segmentation/output/Exod/17/10
Processing complete.
Processing Exod 17:11...
Successfully processed and saved output for Exod 17:11 to /Users/joshua/work/strong_number_embedding/sn_within_unv_selfgroup_segmentation/output/Exod/17/11
Processing complete.
Processing Exod 17:12...
Successfully processed and saved output for Exod 17:12 to /Users/joshua/work/strong_number_embedding/sn_within_unv_selfgroup_segmentation/output/Exod/17/12
Processing complete.
Processing Exod 17:13...
Successfully processed and saved output for Exod 17:13 to /Users/joshua/work/strong_number_embedding/sn_within_unv_selfgroup_segmentation/output/Exod/17/13
Processing complete.
Processing Exod 17:14...
Successfully processed and saved output for Exod 17:14 to /Users/joshua/work/strong_number_embedding/sn_within_unv_selfgroup_segmentation/output/Exod/17/14
Processing complete.
Processing Exod 17:15...
Successfully processed and saved output for Exod 17:15 to /Users/joshua/work/strong_number_embedding/sn_within_unv_selfgroup_segmentation/output/Exod/17/15
Processing complete.
Processing Exod 17:16...
Successfully processed and saved output for Exod 17:16 to /Users/joshua/work/strong_number_embedding/sn_within_unv_selfgroup_segmentation/output/Exod/17/16
Processing complete.
Processing Exod 18:1...
Successfully processed and saved output for Exod 18:1 to /Users/joshua/work/strong_number_embedding/sn_within_unv_selfgroup_segmentation/output/Exod/18/1
Processing complete.
Processing Exod 18:2...
Successfully processed and saved output for Exod 18:2 to /Users/joshua/work/strong_number_embedding/sn_within_unv_selfgroup_segmentation/output/Exod/18/2
Processing complete.
Processing Exod 18:3...
Successfully processed and saved output for Exod 18:3 to /Users/joshua/work/strong_number_embedding/sn_within_unv_selfgroup_segmentation/output/Exod/18/3
Processing complete.
Processing Exod 18:4...
Successfully processed and saved output for Exod 18:4 to /Users/joshua/work/strong_number_embedding/sn_within_unv_selfgroup_segmentation/output/Exod/18/4
Processing complete.
Processing Exod 18:5...
Successfully processed and saved output for Exod 18:5 to /Users/joshua/work/strong_number_embedding/sn_within_unv_selfgroup_segmentation/output/Exod/18/5
Processing complete.
Processing Exod 18:6...
Successfully processed and saved output for Exod 18:6 to /Users/joshua/work/strong_number_embedding/sn_within_unv_selfgroup_segmentation/output/Exod/18/6
Processing complete.
Processing Exod 18:7...
Successfully processed and saved output for Exod 18:7 to /Users/joshua/work/strong_number_embedding/sn_within_unv_selfgroup_segmentation/output/Exod/18/7
Processing complete.
Processing Exod 18:8...
Successfully processed and saved output for Exod 18:8 to /Users/joshua/work/strong_number_embedding/sn_within_unv_selfgroup_segmentation/output/Exod/18/8
Processing complete.
Processing Exod 18:9...
Successfully processed and saved output for Exod 18:9 to /Users/joshua/work/strong_number_embedding/sn_within_unv_selfgroup_segmentation/output/Exod/18/9
Processing complete.
Error running parse_verse_v1_6 for Exod 18:10: 'list' object has no attribute 'lstrip'
Failed to process Exod 18:10. Exiting.
Processing Exod 18:10...
Processing Exod 18:11...
Successfully processed and saved output for Exod 18:11 to /Users/joshua/work/strong_number_embedding/sn_within_unv_selfgroup_segmentation/output/Exod/18/11
Processing complete.
Processing Exod 18:12...
Successfully processed and saved output for Exod 18:12 to /Users/joshua/work/strong_number_embedding/sn_within_unv_selfgroup_segmentation/output/Exod/18/12
Processing complete.
Processing Exod 18:13...
Successfully processed and saved output for Exod 18:13 to /Users/joshua/work/strong_number_embedding/sn_within_unv_selfgroup_segmentation/output/Exod/18/13
Processing complete.
Processing Exod 18:14...
Successfully processed and saved output for Exod 18:14 to /Users/joshua/work/strong_number_embedding/sn_within_unv_selfgroup_segmentation/output/Exod/18/14
Processing complete.
Processing Exod 18:15...
Successfully processed and saved output for Exod 18:15 to /Users/joshua/work/strong_number_embedding/sn_within_unv_selfgroup_segmentation/output/Exod/18/15
Processing complete.
Processing Exod 18:16...
Successfully processed and saved output for Exod 18:16 to /Users/joshua/work/strong_number_embedding/sn_within_unv_selfgroup_segmentation/output/Exod/18/16
Processing complete.
Processing Exod 18:17...
Successfully processed and saved output for Exod 18:17 to /Users/joshua/work/strong_number_embedding/sn_within_unv_selfgroup_segmentation/output/Exod/18/17
Processing complete.
Processing Exod 18:18...
Successfully processed and saved output for Exod 18:18 to /Users/joshua/work/strong_number_embedding/sn_within_unv_selfgroup_segmentation/output/Exod/18/18
Processing complete.
Processing Exod 18:19...
Successfully processed and saved output for Exod 18:19 to /Users/joshua/work/strong_number_embedding/sn_within_unv_selfgroup_segmentation/output/Exod/18/19
Processing complete.
Processing Exod 18:20...
Successfully processed and saved output for Exod 18:20 to /Users/joshua/work/strong_number_embedding/sn_within_unv_selfgroup_segmentation/output/Exod/18/20
Processing complete.
Processing Exod 18:21...
Successfully processed and saved output for Exod 18:21 to /Users/joshua/work/strong_number_embedding/sn_within_unv_selfgroup_segmentation/output/Exod/18/21
Processing complete.
Processing Exod 18:22...
Successfully processed and saved output for Exod 18:22 to /Users/joshua/work/strong_number_embedding/sn_within_unv_selfgroup_segmentation/output/Exod/18/22
Processing complete.
Processing Exod 18:23...
Successfully processed and saved output for Exod 18:23 to /Users/joshua/work/strong_number_embedding/sn_within_unv_selfgroup_segmentation/output/Exod/18/23
Processing complete.
Processing Exod 18:24...
Successfully processed and saved output for Exod 18:24 to /Users/joshua/work/strong_number_embedding/sn_within_unv_selfgroup_segmentation/output/Exod/18/24
Processing complete.
Processing Exod 18:25...
Successfully processed and saved output for Exod 18:25 to /Users/joshua/work/strong_number_embedding/sn_within_unv_selfgroup_segmentation/output/Exod/18/25
Processing complete.
Processing Exod 18:26...
Successfully processed and saved output for Exod 18:26 to /Users/joshua/work/strong_number_embedding/sn_within_unv_selfgroup_segmentation/output/Exod/18/26
Processing complete.
Processing Exod 18:27...
Successfully processed and saved output for Exod 18:27 to /Users/joshua/work/strong_number_embedding/sn_within_unv_selfgroup_segmentation/output/Exod/18/27
Processing complete.
Processing Exod 19:1...
Successfully processed and saved output for Exod 19:1 to /Users/joshua/work/strong_number_embedding/sn_within_unv_selfgroup_segmentation/output/Exod/19/1
Processing complete.
Processing Exod 19:2...
Successfully processed and saved output for Exod 19:2 to /Users/joshua/work/strong_number_embedding/sn_within_unv_selfgroup_segmentation/output/Exod/19/2
Processing complete.
Processing Exod 19:3...
Successfully processed and saved output for Exod 19:3 to /Users/joshua/work/strong_number_embedding/sn_within_unv_selfgroup_segmentation/output/Exod/19/3
Processing complete.
Processing Exod 19:4...
Successfully processed and saved output for Exod 19:4 to /Users/joshua/work/strong_number_embedding/sn_within_unv_selfgroup_segmentation/output/Exod/19/4
Processing complete.
Processing Exod 19:5...
Successfully processed and saved output for Exod 19:5 to /Users/joshua/work/strong_number_embedding/sn_within_unv_selfgroup_segmentation/output/Exod/19/5
Processing complete.
Processing Exod 19:6...
Successfully processed and saved output for Exod 19:6 to /Users/joshua/work/strong_number_embedding/sn_within_unv_selfgroup_segmentation/output/Exod/19/6
Processing complete.
Processing Exod 19:7...
Successfully processed and saved output for Exod 19:7 to /Users/joshua/work/strong_number_embedding/sn_within_unv_selfgroup_segmentation/output/Exod/19/7
Processing complete.
Processing Exod 19:8...
Successfully processed and saved output for Exod 19:8 to /Users/joshua/work/strong_number_embedding/sn_within_unv_selfgroup_segmentation/output/Exod/19/8
Processing complete.
Processing Exod 19:9...
Successfully processed and saved output for Exod 19:9 to /Users/joshua/work/strong_number_embedding/sn_within_unv_selfgroup_segmentation/output/Exod/19/9
Processing complete.
Processing Exod 19:10...
Successfully processed and saved output for Exod 19:10 to /Users/joshua/work/strong_number_embedding/sn_within_unv_selfgroup_segmentation/output/Exod/19/10
Processing complete.
Processing Exod 19:11...
Successfully processed and saved output for Exod 19:11 to /Users/joshua/work/strong_number_embedding/sn_within_unv_selfgroup_segmentation/output/Exod/19/11
Processing complete.
Processing Exod 19:12...
Successfully processed and saved output for Exod 19:12 to /Users/joshua/work/strong_number_embedding/sn_within_unv_selfgroup_segmentation/output/Exod/19/12
Processing complete.
Processing Exod 19:13...
Successfully processed and saved output for Exod 19:13 to /Users/joshua/work/strong_number_embedding/sn_within_unv_selfgroup_segmentation/output/Exod/19/13
Processing complete.
Processing Exod 19:14...
Successfully processed and saved output for Exod 19:14 to /Users/joshua/work/strong_number_embedding/sn_within_unv_selfgroup_segmentation/output/Exod/19/14
Processing complete.
Processing Exod 19:15...
Successfully processed and saved output for Exod 19:15 to /Users/joshua/work/strong_number_embedding/sn_within_unv_selfgroup_segmentation/output/Exod/19/15
Processing complete.
Processing Exod 19:16...
Successfully processed and saved output for Exod 19:16 to /Users/joshua/work/strong_number_embedding/sn_within_unv_selfgroup_segmentation/output/Exod/19/16
Processing complete.
Processing Exod 19:17...
Successfully processed and saved output for Exod 19:17 to /Users/joshua/work/strong_number_embedding/sn_within_unv_selfgroup_segmentation/output/Exod/19/17
Processing complete.
Processing Exod 19:18...
Successfully processed and saved output for Exod 19:18 to /Users/joshua/work/strong_number_embedding/sn_within_unv_selfgroup_segmentation/output/Exod/19/18
Processing complete.
Processing Exod 19:19...
Successfully processed and saved output for Exod 19:19 to /Users/joshua/work/strong_number_embedding/sn_within_unv_selfgroup_segmentation/output/Exod/19/19
Processing complete.
Processing Exod 19:20...
Successfully processed and saved output for Exod 19:20 to /Users/joshua/work/strong_number_embedding/sn_within_unv_selfgroup_segmentation/output/Exod/19/20
Processing complete.
Processing Exod 19:21...
Successfully processed and saved output for Exod 19:21 to /Users/joshua/work/strong_number_embedding/sn_within_unv_selfgroup_segmentation/output/Exod/19/21
Processing complete.
Processing Exod 19:22...
Successfully processed and saved output for Exod 19:22 to /Users/joshua/work/strong_number_embedding/sn_within_unv_selfgroup_segmentation/output/Exod/19/22
Processing complete.
Processing Exod 19:23...
Successfully processed and saved output for Exod 19:23 to /Users/joshua/work/strong_number_embedding/sn_within_unv_selfgroup_segmentation/output/Exod/19/23
Processing complete.
Processing Exod 19:24...
Successfully processed and saved output for Exod 19:24 to /Users/joshua/work/strong_number_embedding/sn_within_unv_selfgroup_segmentation/output/Exod/19/24
Processing complete.
Processing Exod 19:25...
Successfully processed and saved output for Exod 19:25 to /Users/joshua/work/strong_number_embedding/sn_within_unv_selfgroup_segmentation/output/Exod/19/25
Processing complete.
Processing Exod 20:1...
Successfully processed and saved output for Exod 20:1 to /Users/joshua/work/strong_number_embedding/sn_within_unv_selfgroup_segmentation/output/Exod/20/1
Processing complete.
Processing Exod 20:2...
Successfully processed and saved output for Exod 20:2 to /Users/joshua/work/strong_number_embedding/sn_within_unv_selfgroup_segmentation/output/Exod/20/2
Processing complete.
Processing Exod 20:3...
Successfully processed and saved output for Exod 20:3 to /Users/joshua/work/strong_number_embedding/sn_within_unv_selfgroup_segmentation/output/Exod/20/3
Processing complete.
Processing Exod 20:4...
Successfully processed and saved output for Exod 20:4 to /Users/joshua/work/strong_number_embedding/sn_within_unv_selfgroup_segmentation/output/Exod/20/4
Processing complete.
Processing Exod 20:5...
Successfully processed and saved output for Exod 20:5 to /Users/joshua/work/strong_number_embedding/sn_within_unv_selfgroup_segmentation/output/Exod/20/5
Processing complete.
Processing Exod 20:6...
Successfully processed and saved output for Exod 20:6 to /Users/joshua/work/strong_number_embedding/sn_within_unv_selfgroup_segmentation/output/Exod/20/6
Processing complete.
Processing Exod 20:7...
Successfully processed and saved output for Exod 20:7 to /Users/joshua/work/strong_number_embedding/sn_within_unv_selfgroup_segmentation/output/Exod/20/7
Processing complete.
Processing Exod 20:8...
Successfully processed and saved output for Exod 20:8 to /Users/joshua/work/strong_number_embedding/sn_within_unv_selfgroup_segmentation/output/Exod/20/8
Processing complete.
Processing Exod 20:9...
Successfully processed and saved output for Exod 20:9 to /Users/joshua/work/strong_number_embedding/sn_within_unv_selfgroup_segmentation/output/Exod/20/9
Processing complete.
Processing Exod 20:10...
Successfully processed and saved output for Exod 20:10 to /Users/joshua/work/strong_number_embedding/sn_within_unv_selfgroup_segmentation/output/Exod/20/10
Processing complete.
Processing Exod 20:11...
Successfully processed and saved output for Exod 20:11 to /Users/joshua/work/strong_number_embedding/sn_within_unv_selfgroup_segmentation/output/Exod/20/11
Processing complete.
Processing Exod 20:12...
Successfully processed and saved output for Exod 20:12 to /Users/joshua/work/strong_number_embedding/sn_within_unv_selfgroup_segmentation/output/Exod/20/12
Processing complete.
Processing Exod 20:13...
Successfully processed and saved output for Exod 20:13 to /Users/joshua/work/strong_number_embedding/sn_within_unv_selfgroup_segmentation/output/Exod/20/13
Processing complete.
Processing Exod 20:14...
Successfully processed and saved output for Exod 20:14 to /Users/joshua/work/strong_number_embedding/sn_within_unv_selfgroup_segmentation/output/Exod/20/14
Processing complete.
Processing Exod 20:15...
Successfully processed and saved output for Exod 20:15 to /Users/joshua/work/strong_number_embedding/sn_within_unv_selfgroup_segmentation/output/Exod/20/15
Processing complete.
Processing Exod 20:16...
Successfully processed and saved output for Exod 20:16 to /Users/joshua/work/strong_number_embedding/sn_within_unv_selfgroup_segmentation/output/Exod/20/16
Processing complete.
Processing Exod 20:17...
Successfully processed and saved output for Exod 20:17 to /Users/joshua/work/strong_number_embedding/sn_within_unv_selfgroup_segmentation/output/Exod/20/17
Processing complete.
Processing Exod 20:18...
Successfully processed and saved output for Exod 20:18 to /Users/joshua/work/strong_number_embedding/sn_within_unv_selfgroup_segmentation/output/Exod/20/18
Processing complete.
Processing Exod 20:19...
Successfully processed and saved output for Exod 20:19 to /Users/joshua/work/strong_number_embedding/sn_within_unv_selfgroup_segmentation/output/Exod/20/19
Processing complete.
Processing Exod 20:20...
Successfully processed and saved output for Exod 20:20 to /Users/joshua/work/strong_number_embedding/sn_within_unv_selfgroup_segmentation/output/Exod/20/20
Processing complete.
Processing Exod 20:21...
Successfully processed and saved output for Exod 20:21 to /Users/joshua/work/strong_number_embedding/sn_within_unv_selfgroup_segmentation/output/Exod/20/21
Processing complete.
Processing Exod 20:22...
Successfully processed and saved output for Exod 20:22 to /Users/joshua/work/strong_number_embedding/sn_within_unv_selfgroup_segmentation/output/Exod/20/22
Processing complete.
Processing Exod 20:23...
Successfully processed and saved output for Exod 20:23 to /Users/joshua/work/strong_number_embedding/sn_within_unv_selfgroup_segmentation/output/Exod/20/23
Processing complete.
Processing Exod 20:24...
Successfully processed and saved output for Exod 20:24 to /Users/joshua/work/strong_number_embedding/sn_within_unv_selfgroup_segmentation/output/Exod/20/24
Processing complete.
Processing Exod 20:25...
Successfully processed and saved output for Exod 20:25 to /Users/joshua/work/strong_number_embedding/sn_within_unv_selfgroup_segmentation/output/Exod/20/25
Processing complete.
Processing Exod 20:26...
Successfully processed and saved output for Exod 20:26 to /Users/joshua/work/strong_number_embedding/sn_within_unv_selfgroup_segmentation/output/Exod/20/26
Processing complete.
Processing Exod 21:1...
Successfully processed and saved output for Exod 21:1 to /Users/joshua/work/strong_number_embedding/sn_within_unv_selfgroup_segmentation/output/Exod/21/1
Processing complete.
Processing Exod 21:2...
Successfully processed and saved output for Exod 21:2 to /Users/joshua/work/strong_number_embedding/sn_within_unv_selfgroup_segmentation/output/Exod/21/2
Processing complete.
Processing Exod 21:3...
Successfully processed and saved output for Exod 21:3 to /Users/joshua/work/strong_number_embedding/sn_within_unv_selfgroup_segmentation/output/Exod/21/3
Processing complete.
Processing Exod 21:4...
Successfully processed and saved output for Exod 21:4 to /Users/joshua/work/strong_number_embedding/sn_within_unv_selfgroup_segmentation/output/Exod/21/4
Processing complete.
Processing Exod 21:5...
Successfully processed and saved output for Exod 21:5 to /Users/joshua/work/strong_number_embedding/sn_within_unv_selfgroup_segmentation/output/Exod/21/5
Processing complete.
Processing Exod 21:6...
Successfully processed and saved output for Exod 21:6 to /Users/joshua/work/strong_number_embedding/sn_within_unv_selfgroup_segmentation/output/Exod/21/6
Processing complete.
Processing Exod 21:7...
Successfully processed and saved output for Exod 21:7 to /Users/joshua/work/strong_number_embedding/sn_within_unv_selfgroup_segmentation/output/Exod/21/7
Processing complete.
Processing Exod 21:8...
Successfully processed and saved output for Exod 21:8 to /Users/joshua/work/strong_number_embedding/sn_within_unv_selfgroup_segmentation/output/Exod/21/8
Processing complete.
Processing Exod 21:9...
Successfully processed and saved output for Exod 21:9 to /Users/joshua/work/strong_number_embedding/sn_within_unv_selfgroup_segmentation/output/Exod/21/9
Processing complete.
Processing Exod 21:10...
Successfully processed and saved output for Exod 21:10 to /Users/joshua/work/strong_number_embedding/sn_within_unv_selfgroup_segmentation/output/Exod/21/10
Processing complete.
Processing Exod 21:11...
Successfully processed and saved output for Exod 21:11 to /Users/joshua/work/strong_number_embedding/sn_within_unv_selfgroup_segmentation/output/Exod/21/11
Processing complete.
Processing Exod 21:12...
Successfully processed and saved output for Exod 21:12 to /Users/joshua/work/strong_number_embedding/sn_within_unv_selfgroup_segmentation/output/Exod/21/12
Processing complete.
Processing Exod 21:13...
Successfully processed and saved output for Exod 21:13 to /Users/joshua/work/strong_number_embedding/sn_within_unv_selfgroup_segmentation/output/Exod/21/13
Processing complete.
Processing Exod 21:14...
Successfully processed and saved output for Exod 21:14 to /Users/joshua/work/strong_number_embedding/sn_within_unv_selfgroup_segmentation/output/Exod/21/14
Processing complete.
Processing Exod 21:15...
Successfully processed and saved output for Exod 21:15 to /Users/joshua/work/strong_number_embedding/sn_within_unv_selfgroup_segmentation/output/Exod/21/15
Processing complete.
Processing Exod 21:16...
Successfully processed and saved output for Exod 21:16 to /Users/joshua/work/strong_number_embedding/sn_within_unv_selfgroup_segmentation/output/Exod/21/16
Processing complete.
Processing Exod 21:17...
Successfully processed and saved output for Exod 21:17 to /Users/joshua/work/strong_number_embedding/sn_within_unv_selfgroup_segmentation/output/Exod/21/17
Processing complete.
Processing Exod 21:18...
Successfully processed and saved output for Exod 21:18 to /Users/joshua/work/strong_number_embedding/sn_within_unv_selfgroup_segmentation/output/Exod/21/18
Processing complete.
Processing Exod 21:19...
Successfully processed and saved output for Exod 21:19 to /Users/joshua/work/strong_number_embedding/sn_within_unv_selfgroup_segmentation/output/Exod/21/19
Processing complete.
Processing Exod 21:20...
Successfully processed and saved output for Exod 21:20 to /Users/joshua/work/strong_number_embedding/sn_within_unv_selfgroup_segmentation/output/Exod/21/20
Processing complete.
Processing Exod 21:21...
Successfully processed and saved output for Exod 21:21 to /Users/joshua/work/strong_number_embedding/sn_within_unv_selfgroup_segmentation/output/Exod/21/21
Processing complete.
Processing Exod 21:22...
Successfully processed and saved output for Exod 21:22 to /Users/joshua/work/strong_number_embedding/sn_within_unv_selfgroup_segmentation/output/Exod/21/22
Processing complete.
Processing Exod 21:23...
Successfully processed and saved output for Exod 21:23 to /Users/joshua/work/strong_number_embedding/sn_within_unv_selfgroup_segmentation/output/Exod/21/23
Processing complete.
Processing Exod 21:24...
Successfully processed and saved output for Exod 21:24 to /Users/joshua/work/strong_number_embedding/sn_within_unv_selfgroup_segmentation/output/Exod/21/24
Processing complete.
Processing Exod 21:25...
Successfully processed and saved output for Exod 21:25 to /Users/joshua/work/strong_number_embedding/sn_within_unv_selfgroup_segmentation/output/Exod/21/25
Processing complete.
Processing Exod 21:26...
Successfully processed and saved output for Exod 21:26 to /Users/joshua/work/strong_number_embedding/sn_within_unv_selfgroup_segmentation/output/Exod/21/26
Processing complete.
Processing Exod 21:27...
Successfully processed and saved output for Exod 21:27 to /Users/joshua/work/strong_number_embedding/sn_within_unv_selfgroup_segmentation/output/Exod/21/27
Processing complete.
Processing Exod 21:28...
Successfully processed and saved output for Exod 21:28 to /Users/joshua/work/strong_number_embedding/sn_within_unv_selfgroup_segmentation/output/Exod/21/28
Processing complete.
Processing Exod 21:29...
Successfully processed and saved output for Exod 21:29 to /Users/joshua/work/strong_number_embedding/sn_within_unv_selfgroup_segmentation/output/Exod/21/29
Processing complete.
Processing Exod 21:30...
Successfully processed and saved output for Exod 21:30 to /Users/joshua/work/strong_number_embedding/sn_within_unv_selfgroup_segmentation/output/Exod/21/30
Processing complete.
Processing Exod 21:31...
Successfully processed and saved output for Exod 21:31 to /Users/joshua/work/strong_number_embedding/sn_within_unv_selfgroup_segmentation/output/Exod/21/31
Processing complete.
Processing Exod 21:32...
Successfully processed and saved output for Exod 21:32 to /Users/joshua/work/strong_number_embedding/sn_within_unv_selfgroup_segmentation/output/Exod/21/32
Processing complete.
Processing Exod 21:33...
Successfully processed and saved output for Exod 21:33 to /Users/joshua/work/strong_number_embedding/sn_within_unv_selfgroup_segmentation/output/Exod/21/33
Processing complete.
Processing Exod 21:34...
Successfully processed and saved output for Exod 21:34 to /Users/joshua/work/strong_number_embedding/sn_within_unv_selfgroup_segmentation/output/Exod/21/34
Processing complete.
Processing Exod 21:35...
Successfully processed and saved output for Exod 21:35 to /Users/joshua/work/strong_number_embedding/sn_within_unv_selfgroup_segmentation/output/Exod/21/35
Processing complete.
Processing Exod 21:36...
Successfully processed and saved output for Exod 21:36 to /Users/joshua/work/strong_number_embedding/sn_within_unv_selfgroup_segmentation/output/Exod/21/36
Processing complete.
Processing Exod 22:1...
Successfully processed and saved output for Exod 22:1 to /Users/joshua/work/strong_number_embedding/sn_within_unv_selfgroup_segmentation/output/Exod/22/1
Processing complete.
Processing Exod 22:2...
Successfully processed and saved output for Exod 22:2 to /Users/joshua/work/strong_number_embedding/sn_within_unv_selfgroup_segmentation/output/Exod/22/2
Processing complete.
Processing Exod 22:3...
Successfully processed and saved output for Exod 22:3 to /Users/joshua/work/strong_number_embedding/sn_within_unv_selfgroup_segmentation/output/Exod/22/3
Processing complete.
Processing Exod 22:4...
Successfully processed and saved output for Exod 22:4 to /Users/joshua/work/strong_number_embedding/sn_within_unv_selfgroup_segmentation/output/Exod/22/4
Processing complete.
Processing Exod 22:5...
Successfully processed and saved output for Exod 22:5 to /Users/joshua/work/strong_number_embedding/sn_within_unv_selfgroup_segmentation/output/Exod/22/5
Processing complete.
Processing Exod 22:6...
Successfully processed and saved output for Exod 22:6 to /Users/joshua/work/strong_number_embedding/sn_within_unv_selfgroup_segmentation/output/Exod/22/6
Processing complete.
Processing Exod 22:7...
Successfully processed and saved output for Exod 22:7 to /Users/joshua/work/strong_number_embedding/sn_within_unv_selfgroup_segmentation/output/Exod/22/7
Processing complete.
Processing Exod 22:8...
Successfully processed and saved output for Exod 22:8 to /Users/joshua/work/strong_number_embedding/sn_within_unv_selfgroup_segmentation/output/Exod/22/8
Processing complete.
Processing Exod 22:9...
Successfully processed and saved output for Exod 22:9 to /Users/joshua/work/strong_number_embedding/sn_within_unv_selfgroup_segmentation/output/Exod/22/9
Processing complete.
Processing Exod 22:10...
Successfully processed and saved output for Exod 22:10 to /Users/joshua/work/strong_number_embedding/sn_within_unv_selfgroup_segmentation/output/Exod/22/10
Processing complete.
Processing Exod 22:11...
Successfully processed and saved output for Exod 22:11 to /Users/joshua/work/strong_number_embedding/sn_within_unv_selfgroup_segmentation/output/Exod/22/11
Processing complete.
Processing Exod 22:12...
Successfully processed and saved output for Exod 22:12 to /Users/joshua/work/strong_number_embedding/sn_within_unv_selfgroup_segmentation/output/Exod/22/12
Processing complete.
Processing Exod 22:13...
Successfully processed and saved output for Exod 22:13 to /Users/joshua/work/strong_number_embedding/sn_within_unv_selfgroup_segmentation/output/Exod/22/13
Processing complete.
Processing Exod 22:14...
Successfully processed and saved output for Exod 22:14 to /Users/joshua/work/strong_number_embedding/sn_within_unv_selfgroup_segmentation/output/Exod/22/14
Processing complete.
Processing Exod 22:15...
Successfully processed and saved output for Exod 22:15 to /Users/joshua/work/strong_number_embedding/sn_within_unv_selfgroup_segmentation/output/Exod/22/15
Processing complete.
Processing Exod 22:16...
Successfully processed and saved output for Exod 22:16 to /Users/joshua/work/strong_number_embedding/sn_within_unv_selfgroup_segmentation/output/Exod/22/16
Processing complete.
Processing Exod 22:17...
Successfully processed and saved output for Exod 22:17 to /Users/joshua/work/strong_number_embedding/sn_within_unv_selfgroup_segmentation/output/Exod/22/17
Processing complete.
Processing Exod 22:18...
Successfully processed and saved output for Exod 22:18 to /Users/joshua/work/strong_number_embedding/sn_within_unv_selfgroup_segmentation/output/Exod/22/18
Processing complete.
Processing Exod 22:19...
Successfully processed and saved output for Exod 22:19 to /Users/joshua/work/strong_number_embedding/sn_within_unv_selfgroup_segmentation/output/Exod/22/19
Processing complete.
Processing Exod 22:20...
Successfully processed and saved output for Exod 22:20 to /Users/joshua/work/strong_number_embedding/sn_within_unv_selfgroup_segmentation/output/Exod/22/20
Processing complete.
Processing Exod 22:21...
Successfully processed and saved output for Exod 22:21 to /Users/joshua/work/strong_number_embedding/sn_within_unv_selfgroup_segmentation/output/Exod/22/21
Processing complete.
Processing Exod 22:22...
Successfully processed and saved output for Exod 22:22 to /Users/joshua/work/strong_number_embedding/sn_within_unv_selfgroup_segmentation/output/Exod/22/22
Processing complete.
Processing Exod 22:23...
Successfully processed and saved output for Exod 22:23 to /Users/joshua/work/strong_number_embedding/sn_within_unv_selfgroup_segmentation/output/Exod/22/23
Processing complete.
Processing Exod 22:24...
Successfully processed and saved output for Exod 22:24 to /Users/joshua/work/strong_number_embedding/sn_within_unv_selfgroup_segmentation/output/Exod/22/24
Processing complete.
Processing Exod 22:25...
Successfully processed and saved output for Exod 22:25 to /Users/joshua/work/strong_number_embedding/sn_within_unv_selfgroup_segmentation/output/Exod/22/25
Processing complete.
Processing Exod 22:26...
Successfully processed and saved output for Exod 22:26 to /Users/joshua/work/strong_number_embedding/sn_within_unv_selfgroup_segmentation/output/Exod/22/26
Processing complete.
Processing Exod 22:27...
Successfully processed and saved output for Exod 22:27 to /Users/joshua/work/strong_number_embedding/sn_within_unv_selfgroup_segmentation/output/Exod/22/27
Processing complete.
Processing Exod 22:28...
Successfully processed and saved output for Exod 22:28 to /Users/joshua/work/strong_number_embedding/sn_within_unv_selfgroup_segmentation/output/Exod/22/28
Processing complete.
Processing Exod 22:29...
Successfully processed and saved output for Exod 22:29 to /Users/joshua/work/strong_number_embedding/sn_within_unv_selfgroup_segmentation/output/Exod/22/29
Processing complete.
Processing Exod 22:30...
Successfully processed and saved output for Exod 22:30 to /Users/joshua/work/strong_number_embedding/sn_within_unv_selfgroup_segmentation/output/Exod/22/30
Processing complete.
Processing Exod 22:31...
Successfully processed and saved output for Exod 22:31 to /Users/joshua/work/strong_number_embedding/sn_within_unv_selfgroup_segmentation/output/Exod/22/31
Processing complete.
Processing Exod 23:1...
Successfully processed and saved output for Exod 23:1 to /Users/joshua/work/strong_number_embedding/sn_within_unv_selfgroup_segmentation/output/Exod/23/1
Processing complete.
Processing Exod 23:2...
Successfully processed and saved output for Exod 23:2 to /Users/joshua/work/strong_number_embedding/sn_within_unv_selfgroup_segmentation/output/Exod/23/2
Processing complete.
Processing Exod 23:3...
Successfully processed and saved output for Exod 23:3 to /Users/joshua/work/strong_number_embedding/sn_within_unv_selfgroup_segmentation/output/Exod/23/3
Processing complete.
Processing Exod 23:4...
Successfully processed and saved output for Exod 23:4 to /Users/joshua/work/strong_number_embedding/sn_within_unv_selfgroup_segmentation/output/Exod/23/4
Processing complete.
Processing Exod 23:5...
Successfully processed and saved output for Exod 23:5 to /Users/joshua/work/strong_number_embedding/sn_within_unv_selfgroup_segmentation/output/Exod/23/5
Processing complete.
Processing Exod 23:6...
Successfully processed and saved output for Exod 23:6 to /Users/joshua/work/strong_number_embedding/sn_within_unv_selfgroup_segmentation/output/Exod/23/6
Processing complete.
Processing Exod 23:7...
Successfully processed and saved output for Exod 23:7 to /Users/joshua/work/strong_number_embedding/sn_within_unv_selfgroup_segmentation/output/Exod/23/7
Processing complete.
Processing Exod 23:8...
Successfully processed and saved output for Exod 23:8 to /Users/joshua/work/strong_number_embedding/sn_within_unv_selfgroup_segmentation/output/Exod/23/8
Processing complete.
Processing Exod 23:9...
Successfully processed and saved output for Exod 23:9 to /Users/joshua/work/strong_number_embedding/sn_within_unv_selfgroup_segmentation/output/Exod/23/9
Processing complete.
Processing Exod 23:10...
Successfully processed and saved output for Exod 23:10 to /Users/joshua/work/strong_number_embedding/sn_within_unv_selfgroup_segmentation/output/Exod/23/10
Processing complete.
Processing Exod 23:11...
Successfully processed and saved output for Exod 23:11 to /Users/joshua/work/strong_number_embedding/sn_within_unv_selfgroup_segmentation/output/Exod/23/11
Processing complete.
Processing Exod 23:12...
Successfully processed and saved output for Exod 23:12 to /Users/joshua/work/strong_number_embedding/sn_within_unv_selfgroup_segmentation/output/Exod/23/12
Processing complete.
Processing Exod 23:13...
Successfully processed and saved output for Exod 23:13 to /Users/joshua/work/strong_number_embedding/sn_within_unv_selfgroup_segmentation/output/Exod/23/13
Processing complete.
Processing Exod 23:14...
Successfully processed and saved output for Exod 23:14 to /Users/joshua/work/strong_number_embedding/sn_within_unv_selfgroup_segmentation/output/Exod/23/14
Processing complete.
Processing Exod 23:15...
Successfully processed and saved output for Exod 23:15 to /Users/joshua/work/strong_number_embedding/sn_within_unv_selfgroup_segmentation/output/Exod/23/15
Processing complete.
Processing Exod 23:16...
Successfully processed and saved output for Exod 23:16 to /Users/joshua/work/strong_number_embedding/sn_within_unv_selfgroup_segmentation/output/Exod/23/16
Processing complete.
Processing Exod 23:17...
Successfully processed and saved output for Exod 23:17 to /Users/joshua/work/strong_number_embedding/sn_within_unv_selfgroup_segmentation/output/Exod/23/17
Processing complete.
Processing Exod 23:18...
Successfully processed and saved output for Exod 23:18 to /Users/joshua/work/strong_number_embedding/sn_within_unv_selfgroup_segmentation/output/Exod/23/18
Processing complete.
Processing Exod 23:19...
Successfully processed and saved output for Exod 23:19 to /Users/joshua/work/strong_number_embedding/sn_within_unv_selfgroup_segmentation/output/Exod/23/19
Processing complete.
Processing Exod 23:20...
Successfully processed and saved output for Exod 23:20 to /Users/joshua/work/strong_number_embedding/sn_within_unv_selfgroup_segmentation/output/Exod/23/20
Processing complete.
Processing Exod 23:21...
Successfully processed and saved output for Exod 23:21 to /Users/joshua/work/strong_number_embedding/sn_within_unv_selfgroup_segmentation/output/Exod/23/21
Processing complete.
Processing Exod 23:22...
Successfully processed and saved output for Exod 23:22 to /Users/joshua/work/strong_number_embedding/sn_within_unv_selfgroup_segmentation/output/Exod/23/22
Processing complete.
Processing Exod 23:23...
Successfully processed and saved output for Exod 23:23 to /Users/joshua/work/strong_number_embedding/sn_within_unv_selfgroup_segmentation/output/Exod/23/23
Processing complete.
Processing Exod 23:24...
Successfully processed and saved output for Exod 23:24 to /Users/joshua/work/strong_number_embedding/sn_within_unv_selfgroup_segmentation/output/Exod/23/24
Processing complete.
Processing Exod 23:25...
Successfully processed and saved output for Exod 23:25 to /Users/joshua/work/strong_number_embedding/sn_within_unv_selfgroup_segmentation/output/Exod/23/25
Processing complete.
Processing Exod 23:26...
Successfully processed and saved output for Exod 23:26 to /Users/joshua/work/strong_number_embedding/sn_within_unv_selfgroup_segmentation/output/Exod/23/26
Processing complete.
Processing Exod 23:27...
Successfully processed and saved output for Exod 23:27 to /Users/joshua/work/strong_number_embedding/sn_within_unv_selfgroup_segmentation/output/Exod/23/27
Processing complete.
Processing Exod 23:28...
Successfully processed and saved output for Exod 23:28 to /Users/joshua/work/strong_number_embedding/sn_within_unv_selfgroup_segmentation/output/Exod/23/28
Processing complete.
Processing Exod 23:29...
Successfully processed and saved output for Exod 23:29 to /Users/joshua/work/strong_number_embedding/sn_within_unv_selfgroup_segmentation/output/Exod/23/29
Processing complete.
Processing Exod 23:30...
Successfully processed and saved output for Exod 23:30 to /Users/joshua/work/strong_number_embedding/sn_within_unv_selfgroup_segmentation/output/Exod/23/30
Processing complete.
Processing Exod 23:31...
Successfully processed and saved output for Exod 23:31 to /Users/joshua/work/strong_number_embedding/sn_within_unv_selfgroup_segmentation/output/Exod/23/31
Processing complete.
Processing Exod 23:32...
Successfully processed and saved output for Exod 23:32 to /Users/joshua/work/strong_number_embedding/sn_within_unv_selfgroup_segmentation/output/Exod/23/32
Processing complete.
Processing Exod 23:33...
Successfully processed and saved output for Exod 23:33 to /Users/joshua/work/strong_number_embedding/sn_within_unv_selfgroup_segmentation/output/Exod/23/33
Processing complete.
Processing Exod 24:1...
Successfully processed and saved output for Exod 24:1 to /Users/joshua/work/strong_number_embedding/sn_within_unv_selfgroup_segmentation/output/Exod/24/1
Processing complete.
Processing Exod 24:2...
Successfully processed and saved output for Exod 24:2 to /Users/joshua/work/strong_number_embedding/sn_within_unv_selfgroup_segmentation/output/Exod/24/2
Processing complete.
Processing Exod 24:3...
Successfully processed and saved output for Exod 24:3 to /Users/joshua/work/strong_number_embedding/sn_within_unv_selfgroup_segmentation/output/Exod/24/3
Processing complete.
Processing Exod 24:4...
Successfully processed and saved output for Exod 24:4 to /Users/joshua/work/strong_number_embedding/sn_within_unv_selfgroup_segmentation/output/Exod/24/4
Processing complete.
Processing Exod 24:5...
Successfully processed and saved output for Exod 24:5 to /Users/joshua/work/strong_number_embedding/sn_within_unv_selfgroup_segmentation/output/Exod/24/5
Processing complete.
Processing Exod 24:6...
Successfully processed and saved output for Exod 24:6 to /Users/joshua/work/strong_number_embedding/sn_within_unv_selfgroup_segmentation/output/Exod/24/6
Processing complete.
Processing Exod 24:7...
Successfully processed and saved output for Exod 24:7 to /Users/joshua/work/strong_number_embedding/sn_within_unv_selfgroup_segmentation/output/Exod/24/7
Processing complete.
Processing Exod 24:8...
Successfully processed and saved output for Exod 24:8 to /Users/joshua/work/strong_number_embedding/sn_within_unv_selfgroup_segmentation/output/Exod/24/8
Processing complete.
Processing Exod 24:9...
Successfully processed and saved output for Exod 24:9 to /Users/joshua/work/strong_number_embedding/sn_within_unv_selfgroup_segmentation/output/Exod/24/9
Processing complete.
Processing Exod 24:10...
Successfully processed and saved output for Exod 24:10 to /Users/joshua/work/strong_number_embedding/sn_within_unv_selfgroup_segmentation/output/Exod/24/10
Processing complete.
Processing Exod 24:11...
Successfully processed and saved output for Exod 24:11 to /Users/joshua/work/strong_number_embedding/sn_within_unv_selfgroup_segmentation/output/Exod/24/11
Processing complete.
Processing Exod 24:12...
Successfully processed and saved output for Exod 24:12 to /Users/joshua/work/strong_number_embedding/sn_within_unv_selfgroup_segmentation/output/Exod/24/12
Processing complete.
Processing Exod 24:13...
Successfully processed and saved output for Exod 24:13 to /Users/joshua/work/strong_number_embedding/sn_within_unv_selfgroup_segmentation/output/Exod/24/13
Processing complete.
Processing Exod 24:14...
Successfully processed and saved output for Exod 24:14 to /Users/joshua/work/strong_number_embedding/sn_within_unv_selfgroup_segmentation/output/Exod/24/14
Processing complete.
Processing Exod 24:15...
Successfully processed and saved output for Exod 24:15 to /Users/joshua/work/strong_number_embedding/sn_within_unv_selfgroup_segmentation/output/Exod/24/15
Processing complete.
Processing Exod 24:16...
Successfully processed and saved output for Exod 24:16 to /Users/joshua/work/strong_number_embedding/sn_within_unv_selfgroup_segmentation/output/Exod/24/16
Processing complete.
Processing Exod 24:17...
Successfully processed and saved output for Exod 24:17 to /Users/joshua/work/strong_number_embedding/sn_within_unv_selfgroup_segmentation/output/Exod/24/17
Processing complete.
Processing Exod 24:18...
Successfully processed and saved output for Exod 24:18 to /Users/joshua/work/strong_number_embedding/sn_within_unv_selfgroup_segmentation/output/Exod/24/18
Processing complete.
Processing Exod 25:1...
Successfully processed and saved output for Exod 25:1 to /Users/joshua/work/strong_number_embedding/sn_within_unv_selfgroup_segmentation/output/Exod/25/1
Processing complete.
Error running parse_verse_v1_6 for Exod 25:2: 'list' object has no attribute 'lstrip'
Failed to process Exod 25:2. Exiting.
Processing Exod 25:2...
Processing Exod 25:3...
Successfully processed and saved output for Exod 25:3 to /Users/joshua/work/strong_number_embedding/sn_within_unv_selfgroup_segmentation/output/Exod/25/3
Processing complete.
Processing Exod 25:4...
Successfully processed and saved output for Exod 25:4 to /Users/joshua/work/strong_number_embedding/sn_within_unv_selfgroup_segmentation/output/Exod/25/4
Processing complete.
Processing Exod 25:5...
Successfully processed and saved output for Exod 25:5 to /Users/joshua/work/strong_number_embedding/sn_within_unv_selfgroup_segmentation/output/Exod/25/5
Processing complete.
Processing Exod 25:6...
Successfully processed and saved output for Exod 25:6 to /Users/joshua/work/strong_number_embedding/sn_within_unv_selfgroup_segmentation/output/Exod/25/6
Processing complete.
Processing Exod 25:7...
Successfully processed and saved output for Exod 25:7 to /Users/joshua/work/strong_number_embedding/sn_within_unv_selfgroup_segmentation/output/Exod/25/7
Processing complete.
Processing Exod 25:8...
Successfully processed and saved output for Exod 25:8 to /Users/joshua/work/strong_number_embedding/sn_within_unv_selfgroup_segmentation/output/Exod/25/8
Processing complete.
Processing Exod 25:9...
Successfully processed and saved output for Exod 25:9 to /Users/joshua/work/strong_number_embedding/sn_within_unv_selfgroup_segmentation/output/Exod/25/9
Processing complete.
Processing Exod 25:10...
Successfully processed and saved output for Exod 25:10 to /Users/joshua/work/strong_number_embedding/sn_within_unv_selfgroup_segmentation/output/Exod/25/10
Processing complete.
Processing Exod 25:11...
Successfully processed and saved output for Exod 25:11 to /Users/joshua/work/strong_number_embedding/sn_within_unv_selfgroup_segmentation/output/Exod/25/11
Processing complete.
Processing Exod 25:12...
Successfully processed and saved output for Exod 25:12 to /Users/joshua/work/strong_number_embedding/sn_within_unv_selfgroup_segmentation/output/Exod/25/12
Processing complete.
Processing Exod 25:13...
Successfully processed and saved output for Exod 25:13 to /Users/joshua/work/strong_number_embedding/sn_within_unv_selfgroup_segmentation/output/Exod/25/13
Processing complete.
Processing Exod 25:14...
Successfully processed and saved output for Exod 25:14 to /Users/joshua/work/strong_number_embedding/sn_within_unv_selfgroup_segmentation/output/Exod/25/14
Processing complete.
Processing Exod 25:15...
Successfully processed and saved output for Exod 25:15 to /Users/joshua/work/strong_number_embedding/sn_within_unv_selfgroup_segmentation/output/Exod/25/15
Processing complete.
Processing Exod 25:16...
Successfully processed and saved output for Exod 25:16 to /Users/joshua/work/strong_number_embedding/sn_within_unv_selfgroup_segmentation/output/Exod/25/16
Processing complete.
Processing Exod 25:17...
Successfully processed and saved output for Exod 25:17 to /Users/joshua/work/strong_number_embedding/sn_within_unv_selfgroup_segmentation/output/Exod/25/17
Processing complete.
Processing Exod 25:18...
Successfully processed and saved output for Exod 25:18 to /Users/joshua/work/strong_number_embedding/sn_within_unv_selfgroup_segmentation/output/Exod/25/18
Processing complete.
Processing Exod 25:19...
Successfully processed and saved output for Exod 25:19 to /Users/joshua/work/strong_number_embedding/sn_within_unv_selfgroup_segmentation/output/Exod/25/19
Processing complete.
Processing Exod 25:20...
Successfully processed and saved output for Exod 25:20 to /Users/joshua/work/strong_number_embedding/sn_within_unv_selfgroup_segmentation/output/Exod/25/20
Processing complete.
Processing Exod 25:21...
Successfully processed and saved output for Exod 25:21 to /Users/joshua/work/strong_number_embedding/sn_within_unv_selfgroup_segmentation/output/Exod/25/21
Processing complete.
Processing Exod 25:22...
Successfully processed and saved output for Exod 25:22 to /Users/joshua/work/strong_number_embedding/sn_within_unv_selfgroup_segmentation/output/Exod/25/22
Processing complete.
Processing Exod 25:23...
Successfully processed and saved output for Exod 25:23 to /Users/joshua/work/strong_number_embedding/sn_within_unv_selfgroup_segmentation/output/Exod/25/23
Processing complete.
Processing Exod 25:24...
Successfully processed and saved output for Exod 25:24 to /Users/joshua/work/strong_number_embedding/sn_within_unv_selfgroup_segmentation/output/Exod/25/24
Processing complete.
Processing Exod 25:25...
Successfully processed and saved output for Exod 25:25 to /Users/joshua/work/strong_number_embedding/sn_within_unv_selfgroup_segmentation/output/Exod/25/25
Processing complete.
Processing Exod 25:26...
Successfully processed and saved output for Exod 25:26 to /Users/joshua/work/strong_number_embedding/sn_within_unv_selfgroup_segmentation/output/Exod/25/26
Processing complete.
Processing Exod 25:27...
Successfully processed and saved output for Exod 25:27 to /Users/joshua/work/strong_number_embedding/sn_within_unv_selfgroup_segmentation/output/Exod/25/27
Processing complete.
Processing Exod 25:28...
Successfully processed and saved output for Exod 25:28 to /Users/joshua/work/strong_number_embedding/sn_within_unv_selfgroup_segmentation/output/Exod/25/28
Processing complete.
Processing Exod 25:29...
Successfully processed and saved output for Exod 25:29 to /Users/joshua/work/strong_number_embedding/sn_within_unv_selfgroup_segmentation/output/Exod/25/29
Processing complete.
Processing Exod 25:30...
Successfully processed and saved output for Exod 25:30 to /Users/joshua/work/strong_number_embedding/sn_within_unv_selfgroup_segmentation/output/Exod/25/30
Processing complete.
Processing Exod 25:31...
Successfully processed and saved output for Exod 25:31 to /Users/joshua/work/strong_number_embedding/sn_within_unv_selfgroup_segmentation/output/Exod/25/31
Processing complete.
Processing Exod 25:32...
Successfully processed and saved output for Exod 25:32 to /Users/joshua/work/strong_number_embedding/sn_within_unv_selfgroup_segmentation/output/Exod/25/32
Processing complete.
Processing Exod 25:33...
Successfully processed and saved output for Exod 25:33 to /Users/joshua/work/strong_number_embedding/sn_within_unv_selfgroup_segmentation/output/Exod/25/33
Processing complete.
Processing Exod 25:34...
Successfully processed and saved output for Exod 25:34 to /Users/joshua/work/strong_number_embedding/sn_within_unv_selfgroup_segmentation/output/Exod/25/34
Processing complete.
Processing Exod 25:35...
Successfully processed and saved output for Exod 25:35 to /Users/joshua/work/strong_number_embedding/sn_within_unv_selfgroup_segmentation/output/Exod/25/35
Processing complete.
Processing Exod 25:36...
Successfully processed and saved output for Exod 25:36 to /Users/joshua/work/strong_number_embedding/sn_within_unv_selfgroup_segmentation/output/Exod/25/36
Processing complete.
Processing Exod 25:37...
Successfully processed and saved output for Exod 25:37 to /Users/joshua/work/strong_number_embedding/sn_within_unv_selfgroup_segmentation/output/Exod/25/37
Processing complete.
Processing Exod 25:38...
Successfully processed and saved output for Exod 25:38 to /Users/joshua/work/strong_number_embedding/sn_within_unv_selfgroup_segmentation/output/Exod/25/38
Processing complete.
Processing Exod 25:39...
Successfully processed and saved output for Exod 25:39 to /Users/joshua/work/strong_number_embedding/sn_within_unv_selfgroup_segmentation/output/Exod/25/39
Processing complete.
Processing Exod 25:40...
Successfully processed and saved output for Exod 25:40 to /Users/joshua/work/strong_number_embedding/sn_within_unv_selfgroup_segmentation/output/Exod/25/40
Processing complete.
Processing Exod 26:1...
Successfully processed and saved output for Exod 26:1 to /Users/joshua/work/strong_number_embedding/sn_within_unv_selfgroup_segmentation/output/Exod/26/1
Processing complete.
Processing Exod 26:2...
Successfully processed and saved output for Exod 26:2 to /Users/joshua/work/strong_number_embedding/sn_within_unv_selfgroup_segmentation/output/Exod/26/2
Processing complete.
Processing Exod 26:3...
Successfully processed and saved output for Exod 26:3 to /Users/joshua/work/strong_number_embedding/sn_within_unv_selfgroup_segmentation/output/Exod/26/3
Processing complete.
Processing Exod 26:4...
Successfully processed and saved output for Exod 26:4 to /Users/joshua/work/strong_number_embedding/sn_within_unv_selfgroup_segmentation/output/Exod/26/4
Processing complete.
Processing Exod 26:5...
Successfully processed and saved output for Exod 26:5 to /Users/joshua/work/strong_number_embedding/sn_within_unv_selfgroup_segmentation/output/Exod/26/5
Processing complete.
Processing Exod 26:6...
Successfully processed and saved output for Exod 26:6 to /Users/joshua/work/strong_number_embedding/sn_within_unv_selfgroup_segmentation/output/Exod/26/6
Processing complete.
Processing Exod 26:7...
Successfully processed and saved output for Exod 26:7 to /Users/joshua/work/strong_number_embedding/sn_within_unv_selfgroup_segmentation/output/Exod/26/7
Processing complete.
Processing Exod 26:8...
Successfully processed and saved output for Exod 26:8 to /Users/joshua/work/strong_number_embedding/sn_within_unv_selfgroup_segmentation/output/Exod/26/8
Processing complete.
Processing Exod 26:9...
Successfully processed and saved output for Exod 26:9 to /Users/joshua/work/strong_number_embedding/sn_within_unv_selfgroup_segmentation/output/Exod/26/9
Processing complete.
Processing Exod 26:10...
Successfully processed and saved output for Exod 26:10 to /Users/joshua/work/strong_number_embedding/sn_within_unv_selfgroup_segmentation/output/Exod/26/10
Processing complete.
Processing Exod 26:11...
Successfully processed and saved output for Exod 26:11 to /Users/joshua/work/strong_number_embedding/sn_within_unv_selfgroup_segmentation/output/Exod/26/11
Processing complete.
Processing Exod 26:12...
Successfully processed and saved output for Exod 26:12 to /Users/joshua/work/strong_number_embedding/sn_within_unv_selfgroup_segmentation/output/Exod/26/12
Processing complete.
Error running parse_verse_v1_6 for Exod 26:13: 'list' object has no attribute 'lstrip'
Failed to process Exod 26:13. Exiting.
Processing Exod 26:13...
Processing Exod 26:14...
Successfully processed and saved output for Exod 26:14 to /Users/joshua/work/strong_number_embedding/sn_within_unv_selfgroup_segmentation/output/Exod/26/14
Processing complete.
Processing Exod 26:15...
Successfully processed and saved output for Exod 26:15 to /Users/joshua/work/strong_number_embedding/sn_within_unv_selfgroup_segmentation/output/Exod/26/15
Processing complete.
Processing Exod 26:16...
Successfully processed and saved output for Exod 26:16 to /Users/joshua/work/strong_number_embedding/sn_within_unv_selfgroup_segmentation/output/Exod/26/16
Processing complete.
Processing Exod 26:17...
Successfully processed and saved output for Exod 26:17 to /Users/joshua/work/strong_number_embedding/sn_within_unv_selfgroup_segmentation/output/Exod/26/17
Processing complete.
Processing Exod 26:18...
Successfully processed and saved output for Exod 26:18 to /Users/joshua/work/strong_number_embedding/sn_within_unv_selfgroup_segmentation/output/Exod/26/18
Processing complete.
Processing Exod 26:19...
Successfully processed and saved output for Exod 26:19 to /Users/joshua/work/strong_number_embedding/sn_within_unv_selfgroup_segmentation/output/Exod/26/19
Processing complete.
Processing Exod 26:20...
Successfully processed and saved output for Exod 26:20 to /Users/joshua/work/strong_number_embedding/sn_within_unv_selfgroup_segmentation/output/Exod/26/20
Processing complete.
Processing Exod 26:21...
Successfully processed and saved output for Exod 26:21 to /Users/joshua/work/strong_number_embedding/sn_within_unv_selfgroup_segmentation/output/Exod/26/21
Processing complete.
Processing Exod 26:22...
Successfully processed and saved output for Exod 26:22 to /Users/joshua/work/strong_number_embedding/sn_within_unv_selfgroup_segmentation/output/Exod/26/22
Processing complete.
Processing Exod 26:23...
Successfully processed and saved output for Exod 26:23 to /Users/joshua/work/strong_number_embedding/sn_within_unv_selfgroup_segmentation/output/Exod/26/23
Processing complete.
Processing Exod 26:24...
Successfully processed and saved output for Exod 26:24 to /Users/joshua/work/strong_number_embedding/sn_within_unv_selfgroup_segmentation/output/Exod/26/24
Processing complete.
Processing Exod 26:25...
Successfully processed and saved output for Exod 26:25 to /Users/joshua/work/strong_number_embedding/sn_within_unv_selfgroup_segmentation/output/Exod/26/25
Processing complete.
Processing Exod 26:26...
Successfully processed and saved output for Exod 26:26 to /Users/joshua/work/strong_number_embedding/sn_within_unv_selfgroup_segmentation/output/Exod/26/26
Processing complete.
Processing Exod 26:27...
Successfully processed and saved output for Exod 26:27 to /Users/joshua/work/strong_number_embedding/sn_within_unv_selfgroup_segmentation/output/Exod/26/27
Processing complete.
Processing Exod 26:28...
Successfully processed and saved output for Exod 26:28 to /Users/joshua/work/strong_number_embedding/sn_within_unv_selfgroup_segmentation/output/Exod/26/28
Processing complete.
Processing Exod 26:29...
Successfully processed and saved output for Exod 26:29 to /Users/joshua/work/strong_number_embedding/sn_within_unv_selfgroup_segmentation/output/Exod/26/29
Processing complete.
Processing Exod 26:30...
Successfully processed and saved output for Exod 26:30 to /Users/joshua/work/strong_number_embedding/sn_within_unv_selfgroup_segmentation/output/Exod/26/30
Processing complete.
Processing Exod 26:31...
Successfully processed and saved output for Exod 26:31 to /Users/joshua/work/strong_number_embedding/sn_within_unv_selfgroup_segmentation/output/Exod/26/31
Processing complete.
Processing Exod 26:32...
Successfully processed and saved output for Exod 26:32 to /Users/joshua/work/strong_number_embedding/sn_within_unv_selfgroup_segmentation/output/Exod/26/32
Processing complete.
Processing Exod 26:33...
Successfully processed and saved output for Exod 26:33 to /Users/joshua/work/strong_number_embedding/sn_within_unv_selfgroup_segmentation/output/Exod/26/33
Processing complete.
Processing Exod 26:34...
Successfully processed and saved output for Exod 26:34 to /Users/joshua/work/strong_number_embedding/sn_within_unv_selfgroup_segmentation/output/Exod/26/34
Processing complete.
Processing Exod 26:35...
Successfully processed and saved output for Exod 26:35 to /Users/joshua/work/strong_number_embedding/sn_within_unv_selfgroup_segmentation/output/Exod/26/35
Processing complete.
Processing Exod 26:36...
Successfully processed and saved output for Exod 26:36 to /Users/joshua/work/strong_number_embedding/sn_within_unv_selfgroup_segmentation/output/Exod/26/36
Processing complete.
Processing Exod 26:37...
Successfully processed and saved output for Exod 26:37 to /Users/joshua/work/strong_number_embedding/sn_within_unv_selfgroup_segmentation/output/Exod/26/37
Processing complete.
Processing Exod 27:1...
Successfully processed and saved output for Exod 27:1 to /Users/joshua/work/strong_number_embedding/sn_within_unv_selfgroup_segmentation/output/Exod/27/1
Processing complete.
Processing Exod 27:2...
Successfully processed and saved output for Exod 27:2 to /Users/joshua/work/strong_number_embedding/sn_within_unv_selfgroup_segmentation/output/Exod/27/2
Processing complete.
Processing Exod 27:3...
Successfully processed and saved output for Exod 27:3 to /Users/joshua/work/strong_number_embedding/sn_within_unv_selfgroup_segmentation/output/Exod/27/3
Processing complete.
Processing Exod 27:4...
Successfully processed and saved output for Exod 27:4 to /Users/joshua/work/strong_number_embedding/sn_within_unv_selfgroup_segmentation/output/Exod/27/4
Processing complete.
Processing Exod 27:5...
Successfully processed and saved output for Exod 27:5 to /Users/joshua/work/strong_number_embedding/sn_within_unv_selfgroup_segmentation/output/Exod/27/5
Processing complete.
Processing Exod 27:6...
Successfully processed and saved output for Exod 27:6 to /Users/joshua/work/strong_number_embedding/sn_within_unv_selfgroup_segmentation/output/Exod/27/6
Processing complete.
Processing Exod 27:7...
Successfully processed and saved output for Exod 27:7 to /Users/joshua/work/strong_number_embedding/sn_within_unv_selfgroup_segmentation/output/Exod/27/7
Processing complete.
Processing Exod 27:8...
Successfully processed and saved output for Exod 27:8 to /Users/joshua/work/strong_number_embedding/sn_within_unv_selfgroup_segmentation/output/Exod/27/8
Processing complete.
Processing Exod 27:9...
Successfully processed and saved output for Exod 27:9 to /Users/joshua/work/strong_number_embedding/sn_within_unv_selfgroup_segmentation/output/Exod/27/9
Processing complete.
Processing Exod 27:10...
Successfully processed and saved output for Exod 27:10 to /Users/joshua/work/strong_number_embedding/sn_within_unv_selfgroup_segmentation/output/Exod/27/10
Processing complete.
Processing Exod 27:11...
Successfully processed and saved output for Exod 27:11 to /Users/joshua/work/strong_number_embedding/sn_within_unv_selfgroup_segmentation/output/Exod/27/11
Processing complete.
Processing Exod 27:12...
Successfully processed and saved output for Exod 27:12 to /Users/joshua/work/strong_number_embedding/sn_within_unv_selfgroup_segmentation/output/Exod/27/12
Processing complete.
Processing Exod 27:13...
Successfully processed and saved output for Exod 27:13 to /Users/joshua/work/strong_number_embedding/sn_within_unv_selfgroup_segmentation/output/Exod/27/13
Processing complete.
Processing Exod 27:14...
Successfully processed and saved output for Exod 27:14 to /Users/joshua/work/strong_number_embedding/sn_within_unv_selfgroup_segmentation/output/Exod/27/14
Processing complete.
Processing Exod 27:15...
Successfully processed and saved output for Exod 27:15 to /Users/joshua/work/strong_number_embedding/sn_within_unv_selfgroup_segmentation/output/Exod/27/15
Processing complete.
Processing Exod 27:16...
Successfully processed and saved output for Exod 27:16 to /Users/joshua/work/strong_number_embedding/sn_within_unv_selfgroup_segmentation/output/Exod/27/16
Processing complete.
Processing Exod 27:17...
Successfully processed and saved output for Exod 27:17 to /Users/joshua/work/strong_number_embedding/sn_within_unv_selfgroup_segmentation/output/Exod/27/17
Processing complete.
Processing Exod 27:18...
Successfully processed and saved output for Exod 27:18 to /Users/joshua/work/strong_number_embedding/sn_within_unv_selfgroup_segmentation/output/Exod/27/18
Processing complete.
Processing Exod 27:19...
Successfully processed and saved output for Exod 27:19 to /Users/joshua/work/strong_number_embedding/sn_within_unv_selfgroup_segmentation/output/Exod/27/19
Processing complete.
Processing Exod 27:20...
Successfully processed and saved output for Exod 27:20 to /Users/joshua/work/strong_number_embedding/sn_within_unv_selfgroup_segmentation/output/Exod/27/20
Processing complete.
Processing Exod 27:21...
Successfully processed and saved output for Exod 27:21 to /Users/joshua/work/strong_number_embedding/sn_within_unv_selfgroup_segmentation/output/Exod/27/21
Processing complete.
Processing Exod 28:1...
Successfully processed and saved output for Exod 28:1 to /Users/joshua/work/strong_number_embedding/sn_within_unv_selfgroup_segmentation/output/Exod/28/1
Processing complete.
Processing Exod 28:2...
Successfully processed and saved output for Exod 28:2 to /Users/joshua/work/strong_number_embedding/sn_within_unv_selfgroup_segmentation/output/Exod/28/2
Processing complete.
Processing Exod 28:3...
Successfully processed and saved output for Exod 28:3 to /Users/joshua/work/strong_number_embedding/sn_within_unv_selfgroup_segmentation/output/Exod/28/3
Processing complete.
Processing Exod 28:4...
Successfully processed and saved output for Exod 28:4 to /Users/joshua/work/strong_number_embedding/sn_within_unv_selfgroup_segmentation/output/Exod/28/4
Processing complete.
Processing Exod 28:5...
Successfully processed and saved output for Exod 28:5 to /Users/joshua/work/strong_number_embedding/sn_within_unv_selfgroup_segmentation/output/Exod/28/5
Processing complete.
Processing Exod 28:6...
Successfully processed and saved output for Exod 28:6 to /Users/joshua/work/strong_number_embedding/sn_within_unv_selfgroup_segmentation/output/Exod/28/6
Processing complete.
Processing Exod 28:7...
Successfully processed and saved output for Exod 28:7 to /Users/joshua/work/strong_number_embedding/sn_within_unv_selfgroup_segmentation/output/Exod/28/7
Processing complete.
Processing Exod 28:8...
Successfully processed and saved output for Exod 28:8 to /Users/joshua/work/strong_number_embedding/sn_within_unv_selfgroup_segmentation/output/Exod/28/8
Processing complete.
Processing Exod 28:9...
Successfully processed and saved output for Exod 28:9 to /Users/joshua/work/strong_number_embedding/sn_within_unv_selfgroup_segmentation/output/Exod/28/9
Processing complete.
Processing Exod 28:10...
Successfully processed and saved output for Exod 28:10 to /Users/joshua/work/strong_number_embedding/sn_within_unv_selfgroup_segmentation/output/Exod/28/10
Processing complete.
Processing Exod 28:11...
Successfully processed and saved output for Exod 28:11 to /Users/joshua/work/strong_number_embedding/sn_within_unv_selfgroup_segmentation/output/Exod/28/11
Processing complete.
Processing Exod 28:12...
Successfully processed and saved output for Exod 28:12 to /Users/joshua/work/strong_number_embedding/sn_within_unv_selfgroup_segmentation/output/Exod/28/12
Processing complete.
Processing Exod 28:13...
Successfully processed and saved output for Exod 28:13 to /Users/joshua/work/strong_number_embedding/sn_within_unv_selfgroup_segmentation/output/Exod/28/13
Processing complete.
Processing Exod 28:14...
Successfully processed and saved output for Exod 28:14 to /Users/joshua/work/strong_number_embedding/sn_within_unv_selfgroup_segmentation/output/Exod/28/14
Processing complete.
Processing Exod 28:15...
Successfully processed and saved output for Exod 28:15 to /Users/joshua/work/strong_number_embedding/sn_within_unv_selfgroup_segmentation/output/Exod/28/15
Processing complete.
Processing Exod 28:16...
Successfully processed and saved output for Exod 28:16 to /Users/joshua/work/strong_number_embedding/sn_within_unv_selfgroup_segmentation/output/Exod/28/16
Processing complete.
Processing Exod 28:17...
Successfully processed and saved output for Exod 28:17 to /Users/joshua/work/strong_number_embedding/sn_within_unv_selfgroup_segmentation/output/Exod/28/17
Processing complete.
Processing Exod 28:18...
Successfully processed and saved output for Exod 28:18 to /Users/joshua/work/strong_number_embedding/sn_within_unv_selfgroup_segmentation/output/Exod/28/18
Processing complete.
Processing Exod 28:19...
Successfully processed and saved output for Exod 28:19 to /Users/joshua/work/strong_number_embedding/sn_within_unv_selfgroup_segmentation/output/Exod/28/19
Processing complete.
Processing Exod 28:20...
Successfully processed and saved output for Exod 28:20 to /Users/joshua/work/strong_number_embedding/sn_within_unv_selfgroup_segmentation/output/Exod/28/20
Processing complete.
Processing Exod 28:21...
Successfully processed and saved output for Exod 28:21 to /Users/joshua/work/strong_number_embedding/sn_within_unv_selfgroup_segmentation/output/Exod/28/21
Processing complete.
Processing Exod 28:22...
Successfully processed and saved output for Exod 28:22 to /Users/joshua/work/strong_number_embedding/sn_within_unv_selfgroup_segmentation/output/Exod/28/22
Processing complete.
Processing Exod 28:23...
Successfully processed and saved output for Exod 28:23 to /Users/joshua/work/strong_number_embedding/sn_within_unv_selfgroup_segmentation/output/Exod/28/23
Processing complete.
Processing Exod 28:24...
Successfully processed and saved output for Exod 28:24 to /Users/joshua/work/strong_number_embedding/sn_within_unv_selfgroup_segmentation/output/Exod/28/24
Processing complete.
Processing Exod 28:25...
Successfully processed and saved output for Exod 28:25 to /Users/joshua/work/strong_number_embedding/sn_within_unv_selfgroup_segmentation/output/Exod/28/25
Processing complete.
Processing Exod 28:26...
Successfully processed and saved output for Exod 28:26 to /Users/joshua/work/strong_number_embedding/sn_within_unv_selfgroup_segmentation/output/Exod/28/26
Processing complete.
Processing Exod 28:27...
Successfully processed and saved output for Exod 28:27 to /Users/joshua/work/strong_number_embedding/sn_within_unv_selfgroup_segmentation/output/Exod/28/27
Processing complete.
Processing Exod 28:28...
Successfully processed and saved output for Exod 28:28 to /Users/joshua/work/strong_number_embedding/sn_within_unv_selfgroup_segmentation/output/Exod/28/28
Processing complete.
Processing Exod 28:29...
Successfully processed and saved output for Exod 28:29 to /Users/joshua/work/strong_number_embedding/sn_within_unv_selfgroup_segmentation/output/Exod/28/29
Processing complete.
Processing Exod 28:30...
Successfully processed and saved output for Exod 28:30 to /Users/joshua/work/strong_number_embedding/sn_within_unv_selfgroup_segmentation/output/Exod/28/30
Processing complete.
Processing Exod 28:31...
Successfully processed and saved output for Exod 28:31 to /Users/joshua/work/strong_number_embedding/sn_within_unv_selfgroup_segmentation/output/Exod/28/31
Processing complete.
Processing Exod 28:32...
Successfully processed and saved output for Exod 28:32 to /Users/joshua/work/strong_number_embedding/sn_within_unv_selfgroup_segmentation/output/Exod/28/32
Processing complete.
Processing Exod 28:33...
Successfully processed and saved output for Exod 28:33 to /Users/joshua/work/strong_number_embedding/sn_within_unv_selfgroup_segmentation/output/Exod/28/33
Processing complete.
Processing Exod 28:34...
Successfully processed and saved output for Exod 28:34 to /Users/joshua/work/strong_number_embedding/sn_within_unv_selfgroup_segmentation/output/Exod/28/34
Processing complete.
Processing Exod 28:35...
Successfully processed and saved output for Exod 28:35 to /Users/joshua/work/strong_number_embedding/sn_within_unv_selfgroup_segmentation/output/Exod/28/35
Processing complete.
Processing Exod 28:36...
Successfully processed and saved output for Exod 28:36 to /Users/joshua/work/strong_number_embedding/sn_within_unv_selfgroup_segmentation/output/Exod/28/36
Processing complete.
Processing Exod 28:37...
Successfully processed and saved output for Exod 28:37 to /Users/joshua/work/strong_number_embedding/sn_within_unv_selfgroup_segmentation/output/Exod/28/37
Processing complete.
Processing Exod 28:38...
Successfully processed and saved output for Exod 28:38 to /Users/joshua/work/strong_number_embedding/sn_within_unv_selfgroup_segmentation/output/Exod/28/38
Processing complete.
Processing Exod 28:39...
Successfully processed and saved output for Exod 28:39 to /Users/joshua/work/strong_number_embedding/sn_within_unv_selfgroup_segmentation/output/Exod/28/39
Processing complete.
Processing Exod 28:40...
Successfully processed and saved output for Exod 28:40 to /Users/joshua/work/strong_number_embedding/sn_within_unv_selfgroup_segmentation/output/Exod/28/40
Processing complete.
Processing Exod 28:41...
Successfully processed and saved output for Exod 28:41 to /Users/joshua/work/strong_number_embedding/sn_within_unv_selfgroup_segmentation/output/Exod/28/41
Processing complete.
Processing Exod 28:42...
Successfully processed and saved output for Exod 28:42 to /Users/joshua/work/strong_number_embedding/sn_within_unv_selfgroup_segmentation/output/Exod/28/42
Processing complete.
Processing Exod 28:43...
Successfully processed and saved output for Exod 28:43 to /Users/joshua/work/strong_number_embedding/sn_within_unv_selfgroup_segmentation/output/Exod/28/43
Processing complete.
Processing Exod 29:1...
Successfully processed and saved output for Exod 29:1 to /Users/joshua/work/strong_number_embedding/sn_within_unv_selfgroup_segmentation/output/Exod/29/1
Processing complete.
Processing Exod 29:2...
Successfully processed and saved output for Exod 29:2 to /Users/joshua/work/strong_number_embedding/sn_within_unv_selfgroup_segmentation/output/Exod/29/2
Processing complete.
Processing Exod 29:3...
Successfully processed and saved output for Exod 29:3 to /Users/joshua/work/strong_number_embedding/sn_within_unv_selfgroup_segmentation/output/Exod/29/3
Processing complete.
Processing Exod 29:4...
Successfully processed and saved output for Exod 29:4 to /Users/joshua/work/strong_number_embedding/sn_within_unv_selfgroup_segmentation/output/Exod/29/4
Processing complete.
Processing Exod 29:5...
Successfully processed and saved output for Exod 29:5 to /Users/joshua/work/strong_number_embedding/sn_within_unv_selfgroup_segmentation/output/Exod/29/5
Processing complete.
Processing Exod 29:6...
Successfully processed and saved output for Exod 29:6 to /Users/joshua/work/strong_number_embedding/sn_within_unv_selfgroup_segmentation/output/Exod/29/6
Processing complete.
Processing Exod 29:7...
Successfully processed and saved output for Exod 29:7 to /Users/joshua/work/strong_number_embedding/sn_within_unv_selfgroup_segmentation/output/Exod/29/7
Processing complete.
Processing Exod 29:8...
Successfully processed and saved output for Exod 29:8 to /Users/joshua/work/strong_number_embedding/sn_within_unv_selfgroup_segmentation/output/Exod/29/8
Processing complete.
Processing Exod 29:9...
Successfully processed and saved output for Exod 29:9 to /Users/joshua/work/strong_number_embedding/sn_within_unv_selfgroup_segmentation/output/Exod/29/9
Processing complete.
Processing Exod 29:10...
Successfully processed and saved output for Exod 29:10 to /Users/joshua/work/strong_number_embedding/sn_within_unv_selfgroup_segmentation/output/Exod/29/10
Processing complete.
Processing Exod 29:11...
Successfully processed and saved output for Exod 29:11 to /Users/joshua/work/strong_number_embedding/sn_within_unv_selfgroup_segmentation/output/Exod/29/11
Processing complete.
Processing Exod 29:12...
Successfully processed and saved output for Exod 29:12 to /Users/joshua/work/strong_number_embedding/sn_within_unv_selfgroup_segmentation/output/Exod/29/12
Processing complete.
Processing Exod 29:13...
Successfully processed and saved output for Exod 29:13 to /Users/joshua/work/strong_number_embedding/sn_within_unv_selfgroup_segmentation/output/Exod/29/13
Processing complete.
Processing Exod 29:14...
Successfully processed and saved output for Exod 29:14 to /Users/joshua/work/strong_number_embedding/sn_within_unv_selfgroup_segmentation/output/Exod/29/14
Processing complete.
Processing Exod 29:15...
Successfully processed and saved output for Exod 29:15 to /Users/joshua/work/strong_number_embedding/sn_within_unv_selfgroup_segmentation/output/Exod/29/15
Processing complete.
Processing Exod 29:16...
Successfully processed and saved output for Exod 29:16 to /Users/joshua/work/strong_number_embedding/sn_within_unv_selfgroup_segmentation/output/Exod/29/16
Processing complete.
Processing Exod 29:17...
Successfully processed and saved output for Exod 29:17 to /Users/joshua/work/strong_number_embedding/sn_within_unv_selfgroup_segmentation/output/Exod/29/17
Processing complete.
Processing Exod 29:18...
Successfully processed and saved output for Exod 29:18 to /Users/joshua/work/strong_number_embedding/sn_within_unv_selfgroup_segmentation/output/Exod/29/18
Processing complete.
Processing Exod 29:19...
Successfully processed and saved output for Exod 29:19 to /Users/joshua/work/strong_number_embedding/sn_within_unv_selfgroup_segmentation/output/Exod/29/19
Processing complete.
Processing Exod 29:20...
Successfully processed and saved output for Exod 29:20 to /Users/joshua/work/strong_number_embedding/sn_within_unv_selfgroup_segmentation/output/Exod/29/20
Processing complete.
Processing Exod 29:21...
Successfully processed and saved output for Exod 29:21 to /Users/joshua/work/strong_number_embedding/sn_within_unv_selfgroup_segmentation/output/Exod/29/21
Processing complete.
Processing Exod 29:22...
Successfully processed and saved output for Exod 29:22 to /Users/joshua/work/strong_number_embedding/sn_within_unv_selfgroup_segmentation/output/Exod/29/22
Processing complete.
Processing Exod 29:23...
Successfully processed and saved output for Exod 29:23 to /Users/joshua/work/strong_number_embedding/sn_within_unv_selfgroup_segmentation/output/Exod/29/23
Processing complete.
Processing Exod 29:24...
Successfully processed and saved output for Exod 29:24 to /Users/joshua/work/strong_number_embedding/sn_within_unv_selfgroup_segmentation/output/Exod/29/24
Processing complete.
Processing Exod 29:25...
Successfully processed and saved output for Exod 29:25 to /Users/joshua/work/strong_number_embedding/sn_within_unv_selfgroup_segmentation/output/Exod/29/25
Processing complete.
Processing Exod 29:26...
Successfully processed and saved output for Exod 29:26 to /Users/joshua/work/strong_number_embedding/sn_within_unv_selfgroup_segmentation/output/Exod/29/26
Processing complete.
Error running parse_verse_v1_6 for Exod 29:27: 'list' object has no attribute 'lstrip'
Failed to process Exod 29:27. Exiting.
Processing Exod 29:27...
Processing Exod 29:28...
Successfully processed and saved output for Exod 29:28 to /Users/joshua/work/strong_number_embedding/sn_within_unv_selfgroup_segmentation/output/Exod/29/28
Processing complete.
Processing Exod 29:29...
Successfully processed and saved output for Exod 29:29 to /Users/joshua/work/strong_number_embedding/sn_within_unv_selfgroup_segmentation/output/Exod/29/29
Processing complete.
Processing Exod 29:30...
Successfully processed and saved output for Exod 29:30 to /Users/joshua/work/strong_number_embedding/sn_within_unv_selfgroup_segmentation/output/Exod/29/30
Processing complete.
Processing Exod 29:31...
Successfully processed and saved output for Exod 29:31 to /Users/joshua/work/strong_number_embedding/sn_within_unv_selfgroup_segmentation/output/Exod/29/31
Processing complete.
Processing Exod 29:32...
Successfully processed and saved output for Exod 29:32 to /Users/joshua/work/strong_number_embedding/sn_within_unv_selfgroup_segmentation/output/Exod/29/32
Processing complete.
Processing Exod 29:33...
Successfully processed and saved output for Exod 29:33 to /Users/joshua/work/strong_number_embedding/sn_within_unv_selfgroup_segmentation/output/Exod/29/33
Processing complete.
Processing Exod 29:34...
Successfully processed and saved output for Exod 29:34 to /Users/joshua/work/strong_number_embedding/sn_within_unv_selfgroup_segmentation/output/Exod/29/34
Processing complete.
Processing Exod 29:35...
Successfully processed and saved output for Exod 29:35 to /Users/joshua/work/strong_number_embedding/sn_within_unv_selfgroup_segmentation/output/Exod/29/35
Processing complete.
Processing Exod 29:36...
Successfully processed and saved output for Exod 29:36 to /Users/joshua/work/strong_number_embedding/sn_within_unv_selfgroup_segmentation/output/Exod/29/36
Processing complete.
Processing Exod 29:37...
Successfully processed and saved output for Exod 29:37 to /Users/joshua/work/strong_number_embedding/sn_within_unv_selfgroup_segmentation/output/Exod/29/37
Processing complete.
Processing Exod 29:38...
Successfully processed and saved output for Exod 29:38 to /Users/joshua/work/strong_number_embedding/sn_within_unv_selfgroup_segmentation/output/Exod/29/38
Processing complete.
Processing Exod 29:39...
Successfully processed and saved output for Exod 29:39 to /Users/joshua/work/strong_number_embedding/sn_within_unv_selfgroup_segmentation/output/Exod/29/39
Processing complete.
Processing Exod 29:40...
Successfully processed and saved output for Exod 29:40 to /Users/joshua/work/strong_number_embedding/sn_within_unv_selfgroup_segmentation/output/Exod/29/40
Processing complete.
Processing Exod 29:41...
Successfully processed and saved output for Exod 29:41 to /Users/joshua/work/strong_number_embedding/sn_within_unv_selfgroup_segmentation/output/Exod/29/41
Processing complete.
Processing Exod 29:42...
Successfully processed and saved output for Exod 29:42 to /Users/joshua/work/strong_number_embedding/sn_within_unv_selfgroup_segmentation/output/Exod/29/42
Processing complete.
Processing Exod 29:43...
Successfully processed and saved output for Exod 29:43 to /Users/joshua/work/strong_number_embedding/sn_within_unv_selfgroup_segmentation/output/Exod/29/43
Processing complete.
Processing Exod 29:44...
Successfully processed and saved output for Exod 29:44 to /Users/joshua/work/strong_number_embedding/sn_within_unv_selfgroup_segmentation/output/Exod/29/44
Processing complete.
Processing Exod 29:45...
Successfully processed and saved output for Exod 29:45 to /Users/joshua/work/strong_number_embedding/sn_within_unv_selfgroup_segmentation/output/Exod/29/45
Processing complete.
Processing Exod 29:46...
Successfully processed and saved output for Exod 29:46 to /Users/joshua/work/strong_number_embedding/sn_within_unv_selfgroup_segmentation/output/Exod/29/46
Processing complete.
Processing Exod 30:1...
Successfully processed and saved output for Exod 30:1 to /Users/joshua/work/strong_number_embedding/sn_within_unv_selfgroup_segmentation/output/Exod/30/1
Processing complete.
Processing Exod 30:2...
Successfully processed and saved output for Exod 30:2 to /Users/joshua/work/strong_number_embedding/sn_within_unv_selfgroup_segmentation/output/Exod/30/2
Processing complete.
Processing Exod 30:3...
Successfully processed and saved output for Exod 30:3 to /Users/joshua/work/strong_number_embedding/sn_within_unv_selfgroup_segmentation/output/Exod/30/3
Processing complete.
Processing Exod 30:4...
Successfully processed and saved output for Exod 30:4 to /Users/joshua/work/strong_number_embedding/sn_within_unv_selfgroup_segmentation/output/Exod/30/4
Processing complete.
Processing Exod 30:5...
Successfully processed and saved output for Exod 30:5 to /Users/joshua/work/strong_number_embedding/sn_within_unv_selfgroup_segmentation/output/Exod/30/5
Processing complete.
Processing Exod 30:6...
Successfully processed and saved output for Exod 30:6 to /Users/joshua/work/strong_number_embedding/sn_within_unv_selfgroup_segmentation/output/Exod/30/6
Processing complete.
Processing Exod 30:7...
Successfully processed and saved output for Exod 30:7 to /Users/joshua/work/strong_number_embedding/sn_within_unv_selfgroup_segmentation/output/Exod/30/7
Processing complete.
Processing Exod 30:8...
Successfully processed and saved output for Exod 30:8 to /Users/joshua/work/strong_number_embedding/sn_within_unv_selfgroup_segmentation/output/Exod/30/8
Processing complete.
Processing Exod 30:9...
Successfully processed and saved output for Exod 30:9 to /Users/joshua/work/strong_number_embedding/sn_within_unv_selfgroup_segmentation/output/Exod/30/9
Processing complete.
Processing Exod 30:10...
Successfully processed and saved output for Exod 30:10 to /Users/joshua/work/strong_number_embedding/sn_within_unv_selfgroup_segmentation/output/Exod/30/10
Processing complete.
Processing Exod 30:11...
Successfully processed and saved output for Exod 30:11 to /Users/joshua/work/strong_number_embedding/sn_within_unv_selfgroup_segmentation/output/Exod/30/11
Processing complete.
Processing Exod 30:12...
Successfully processed and saved output for Exod 30:12 to /Users/joshua/work/strong_number_embedding/sn_within_unv_selfgroup_segmentation/output/Exod/30/12
Processing complete.
Processing Exod 30:13...
Successfully processed and saved output for Exod 30:13 to /Users/joshua/work/strong_number_embedding/sn_within_unv_selfgroup_segmentation/output/Exod/30/13
Processing complete.
Processing Exod 30:14...
Successfully processed and saved output for Exod 30:14 to /Users/joshua/work/strong_number_embedding/sn_within_unv_selfgroup_segmentation/output/Exod/30/14
Processing complete.
Processing Exod 30:15...
Successfully processed and saved output for Exod 30:15 to /Users/joshua/work/strong_number_embedding/sn_within_unv_selfgroup_segmentation/output/Exod/30/15
Processing complete.
Processing Exod 30:16...
Successfully processed and saved output for Exod 30:16 to /Users/joshua/work/strong_number_embedding/sn_within_unv_selfgroup_segmentation/output/Exod/30/16
Processing complete.
Processing Exod 30:17...
Successfully processed and saved output for Exod 30:17 to /Users/joshua/work/strong_number_embedding/sn_within_unv_selfgroup_segmentation/output/Exod/30/17
Processing complete.
Processing Exod 30:18...
Successfully processed and saved output for Exod 30:18 to /Users/joshua/work/strong_number_embedding/sn_within_unv_selfgroup_segmentation/output/Exod/30/18
Processing complete.
Processing Exod 30:19...
Successfully processed and saved output for Exod 30:19 to /Users/joshua/work/strong_number_embedding/sn_within_unv_selfgroup_segmentation/output/Exod/30/19
Processing complete.
Processing Exod 30:20...
Successfully processed and saved output for Exod 30:20 to /Users/joshua/work/strong_number_embedding/sn_within_unv_selfgroup_segmentation/output/Exod/30/20
Processing complete.
Processing Exod 30:21...
Successfully processed and saved output for Exod 30:21 to /Users/joshua/work/strong_number_embedding/sn_within_unv_selfgroup_segmentation/output/Exod/30/21
Processing complete.
Processing Exod 30:22...
Successfully processed and saved output for Exod 30:22 to /Users/joshua/work/strong_number_embedding/sn_within_unv_selfgroup_segmentation/output/Exod/30/22
Processing complete.
Processing Exod 30:23...
Successfully processed and saved output for Exod 30:23 to /Users/joshua/work/strong_number_embedding/sn_within_unv_selfgroup_segmentation/output/Exod/30/23
Processing complete.
Processing Exod 30:24...
Successfully processed and saved output for Exod 30:24 to /Users/joshua/work/strong_number_embedding/sn_within_unv_selfgroup_segmentation/output/Exod/30/24
Processing complete.
Processing Exod 30:25...
Successfully processed and saved output for Exod 30:25 to /Users/joshua/work/strong_number_embedding/sn_within_unv_selfgroup_segmentation/output/Exod/30/25
Processing complete.
Processing Exod 30:26...
Successfully processed and saved output for Exod 30:26 to /Users/joshua/work/strong_number_embedding/sn_within_unv_selfgroup_segmentation/output/Exod/30/26
Processing complete.
Processing Exod 30:27...
Successfully processed and saved output for Exod 30:27 to /Users/joshua/work/strong_number_embedding/sn_within_unv_selfgroup_segmentation/output/Exod/30/27
Processing complete.
Processing Exod 30:28...
Successfully processed and saved output for Exod 30:28 to /Users/joshua/work/strong_number_embedding/sn_within_unv_selfgroup_segmentation/output/Exod/30/28
Processing complete.
Processing Exod 30:29...
Successfully processed and saved output for Exod 30:29 to /Users/joshua/work/strong_number_embedding/sn_within_unv_selfgroup_segmentation/output/Exod/30/29
Processing complete.
Processing Exod 30:30...
Successfully processed and saved output for Exod 30:30 to /Users/joshua/work/strong_number_embedding/sn_within_unv_selfgroup_segmentation/output/Exod/30/30
Processing complete.
Processing Exod 30:31...
Successfully processed and saved output for Exod 30:31 to /Users/joshua/work/strong_number_embedding/sn_within_unv_selfgroup_segmentation/output/Exod/30/31
Processing complete.
Processing Exod 30:32...
Successfully processed and saved output for Exod 30:32 to /Users/joshua/work/strong_number_embedding/sn_within_unv_selfgroup_segmentation/output/Exod/30/32
Processing complete.
Processing Exod 30:33...
Successfully processed and saved output for Exod 30:33 to /Users/joshua/work/strong_number_embedding/sn_within_unv_selfgroup_segmentation/output/Exod/30/33
Processing complete.
Processing Exod 30:34...
Successfully processed and saved output for Exod 30:34 to /Users/joshua/work/strong_number_embedding/sn_within_unv_selfgroup_segmentation/output/Exod/30/34
Processing complete.
Processing Exod 30:35...
Successfully processed and saved output for Exod 30:35 to /Users/joshua/work/strong_number_embedding/sn_within_unv_selfgroup_segmentation/output/Exod/30/35
Processing complete.
Processing Exod 30:36...
Successfully processed and saved output for Exod 30:36 to /Users/joshua/work/strong_number_embedding/sn_within_unv_selfgroup_segmentation/output/Exod/30/36
Processing complete.
Processing Exod 30:37...
Successfully processed and saved output for Exod 30:37 to /Users/joshua/work/strong_number_embedding/sn_within_unv_selfgroup_segmentation/output/Exod/30/37
Processing complete.
Processing Exod 30:38...
Successfully processed and saved output for Exod 30:38 to /Users/joshua/work/strong_number_embedding/sn_within_unv_selfgroup_segmentation/output/Exod/30/38
Processing complete.
Processing Exod 31:1...
Successfully processed and saved output for Exod 31:1 to /Users/joshua/work/strong_number_embedding/sn_within_unv_selfgroup_segmentation/output/Exod/31/1
Processing complete.
Processing Exod 31:2...
Successfully processed and saved output for Exod 31:2 to /Users/joshua/work/strong_number_embedding/sn_within_unv_selfgroup_segmentation/output/Exod/31/2
Processing complete.
Processing Exod 31:3...
Successfully processed and saved output for Exod 31:3 to /Users/joshua/work/strong_number_embedding/sn_within_unv_selfgroup_segmentation/output/Exod/31/3
Processing complete.
Processing Exod 31:4...
Successfully processed and saved output for Exod 31:4 to /Users/joshua/work/strong_number_embedding/sn_within_unv_selfgroup_segmentation/output/Exod/31/4
Processing complete.
Processing Exod 31:5...
Successfully processed and saved output for Exod 31:5 to /Users/joshua/work/strong_number_embedding/sn_within_unv_selfgroup_segmentation/output/Exod/31/5
Processing complete.
Processing Exod 31:6...
Successfully processed and saved output for Exod 31:6 to /Users/joshua/work/strong_number_embedding/sn_within_unv_selfgroup_segmentation/output/Exod/31/6
Processing complete.
Processing Exod 31:7...
Successfully processed and saved output for Exod 31:7 to /Users/joshua/work/strong_number_embedding/sn_within_unv_selfgroup_segmentation/output/Exod/31/7
Processing complete.
Processing Exod 31:8...
Successfully processed and saved output for Exod 31:8 to /Users/joshua/work/strong_number_embedding/sn_within_unv_selfgroup_segmentation/output/Exod/31/8
Processing complete.
Processing Exod 31:9...
Successfully processed and saved output for Exod 31:9 to /Users/joshua/work/strong_number_embedding/sn_within_unv_selfgroup_segmentation/output/Exod/31/9
Processing complete.
Processing Exod 31:10...
Successfully processed and saved output for Exod 31:10 to /Users/joshua/work/strong_number_embedding/sn_within_unv_selfgroup_segmentation/output/Exod/31/10
Processing complete.
Processing Exod 31:11...
Successfully processed and saved output for Exod 31:11 to /Users/joshua/work/strong_number_embedding/sn_within_unv_selfgroup_segmentation/output/Exod/31/11
Processing complete.
Processing Exod 31:12...
Successfully processed and saved output for Exod 31:12 to /Users/joshua/work/strong_number_embedding/sn_within_unv_selfgroup_segmentation/output/Exod/31/12
Processing complete.
Processing Exod 31:13...
Successfully processed and saved output for Exod 31:13 to /Users/joshua/work/strong_number_embedding/sn_within_unv_selfgroup_segmentation/output/Exod/31/13
Processing complete.
Processing Exod 31:14...
Successfully processed and saved output for Exod 31:14 to /Users/joshua/work/strong_number_embedding/sn_within_unv_selfgroup_segmentation/output/Exod/31/14
Processing complete.
Processing Exod 31:15...
Successfully processed and saved output for Exod 31:15 to /Users/joshua/work/strong_number_embedding/sn_within_unv_selfgroup_segmentation/output/Exod/31/15
Processing complete.
Processing Exod 31:16...
Successfully processed and saved output for Exod 31:16 to /Users/joshua/work/strong_number_embedding/sn_within_unv_selfgroup_segmentation/output/Exod/31/16
Processing complete.
Processing Exod 31:17...
Successfully processed and saved output for Exod 31:17 to /Users/joshua/work/strong_number_embedding/sn_within_unv_selfgroup_segmentation/output/Exod/31/17
Processing complete.
Processing Exod 31:18...
Successfully processed and saved output for Exod 31:18 to /Users/joshua/work/strong_number_embedding/sn_within_unv_selfgroup_segmentation/output/Exod/31/18
Processing complete.
Processing Exod 32:1...
Successfully processed and saved output for Exod 32:1 to /Users/joshua/work/strong_number_embedding/sn_within_unv_selfgroup_segmentation/output/Exod/32/1
Processing complete.
Processing Exod 32:2...
Successfully processed and saved output for Exod 32:2 to /Users/joshua/work/strong_number_embedding/sn_within_unv_selfgroup_segmentation/output/Exod/32/2
Processing complete.
Processing Exod 32:3...
Successfully processed and saved output for Exod 32:3 to /Users/joshua/work/strong_number_embedding/sn_within_unv_selfgroup_segmentation/output/Exod/32/3
Processing complete.
Processing Exod 32:4...
Successfully processed and saved output for Exod 32:4 to /Users/joshua/work/strong_number_embedding/sn_within_unv_selfgroup_segmentation/output/Exod/32/4
Processing complete.
Processing Exod 32:5...
Successfully processed and saved output for Exod 32:5 to /Users/joshua/work/strong_number_embedding/sn_within_unv_selfgroup_segmentation/output/Exod/32/5
Processing complete.
Processing Exod 32:6...
Successfully processed and saved output for Exod 32:6 to /Users/joshua/work/strong_number_embedding/sn_within_unv_selfgroup_segmentation/output/Exod/32/6
Processing complete.
Processing Exod 32:7...
Successfully processed and saved output for Exod 32:7 to /Users/joshua/work/strong_number_embedding/sn_within_unv_selfgroup_segmentation/output/Exod/32/7
Processing complete.
Processing Exod 32:8...
Successfully processed and saved output for Exod 32:8 to /Users/joshua/work/strong_number_embedding/sn_within_unv_selfgroup_segmentation/output/Exod/32/8
Processing complete.
Processing Exod 32:9...
Successfully processed and saved output for Exod 32:9 to /Users/joshua/work/strong_number_embedding/sn_within_unv_selfgroup_segmentation/output/Exod/32/9
Processing complete.
Processing Exod 32:10...
Successfully processed and saved output for Exod 32:10 to /Users/joshua/work/strong_number_embedding/sn_within_unv_selfgroup_segmentation/output/Exod/32/10
Processing complete.
Processing Exod 32:11...
Successfully processed and saved output for Exod 32:11 to /Users/joshua/work/strong_number_embedding/sn_within_unv_selfgroup_segmentation/output/Exod/32/11
Processing complete.
Processing Exod 32:12...
Successfully processed and saved output for Exod 32:12 to /Users/joshua/work/strong_number_embedding/sn_within_unv_selfgroup_segmentation/output/Exod/32/12
Processing complete.
Processing Exod 32:13...
Successfully processed and saved output for Exod 32:13 to /Users/joshua/work/strong_number_embedding/sn_within_unv_selfgroup_segmentation/output/Exod/32/13
Processing complete.
Processing Exod 32:14...
Successfully processed and saved output for Exod 32:14 to /Users/joshua/work/strong_number_embedding/sn_within_unv_selfgroup_segmentation/output/Exod/32/14
Processing complete.
Processing Exod 32:15...
Successfully processed and saved output for Exod 32:15 to /Users/joshua/work/strong_number_embedding/sn_within_unv_selfgroup_segmentation/output/Exod/32/15
Processing complete.
Processing Exod 32:16...
Successfully processed and saved output for Exod 32:16 to /Users/joshua/work/strong_number_embedding/sn_within_unv_selfgroup_segmentation/output/Exod/32/16
Processing complete.
Processing Exod 32:17...
Successfully processed and saved output for Exod 32:17 to /Users/joshua/work/strong_number_embedding/sn_within_unv_selfgroup_segmentation/output/Exod/32/17
Processing complete.
Processing Exod 32:18...
Successfully processed and saved output for Exod 32:18 to /Users/joshua/work/strong_number_embedding/sn_within_unv_selfgroup_segmentation/output/Exod/32/18
Processing complete.
Error running parse_verse_v1_6 for Exod 32:19: 'list' object has no attribute 'lstrip'
Failed to process Exod 32:19. Exiting.
Processing Exod 32:19...
Processing Exod 32:20...
Successfully processed and saved output for Exod 32:20 to /Users/joshua/work/strong_number_embedding/sn_within_unv_selfgroup_segmentation/output/Exod/32/20
Processing complete.
Processing Exod 32:21...
Successfully processed and saved output for Exod 32:21 to /Users/joshua/work/strong_number_embedding/sn_within_unv_selfgroup_segmentation/output/Exod/32/21
Processing complete.
Processing Exod 32:22...
Successfully processed and saved output for Exod 32:22 to /Users/joshua/work/strong_number_embedding/sn_within_unv_selfgroup_segmentation/output/Exod/32/22
Processing complete.
Processing Exod 32:23...
Successfully processed and saved output for Exod 32:23 to /Users/joshua/work/strong_number_embedding/sn_within_unv_selfgroup_segmentation/output/Exod/32/23
Processing complete.
Processing Exod 32:24...
Successfully processed and saved output for Exod 32:24 to /Users/joshua/work/strong_number_embedding/sn_within_unv_selfgroup_segmentation/output/Exod/32/24
Processing complete.
Processing Exod 32:25...
Successfully processed and saved output for Exod 32:25 to /Users/joshua/work/strong_number_embedding/sn_within_unv_selfgroup_segmentation/output/Exod/32/25
Processing complete.
Processing Exod 32:26...
Successfully processed and saved output for Exod 32:26 to /Users/joshua/work/strong_number_embedding/sn_within_unv_selfgroup_segmentation/output/Exod/32/26
Processing complete.
Processing Exod 32:27...
Successfully processed and saved output for Exod 32:27 to /Users/joshua/work/strong_number_embedding/sn_within_unv_selfgroup_segmentation/output/Exod/32/27
Processing complete.
Processing Exod 32:28...
Successfully processed and saved output for Exod 32:28 to /Users/joshua/work/strong_number_embedding/sn_within_unv_selfgroup_segmentation/output/Exod/32/28
Processing complete.
Processing Exod 32:29...
Successfully processed and saved output for Exod 32:29 to /Users/joshua/work/strong_number_embedding/sn_within_unv_selfgroup_segmentation/output/Exod/32/29
Processing complete.
Processing Exod 32:30...
Successfully processed and saved output for Exod 32:30 to /Users/joshua/work/strong_number_embedding/sn_within_unv_selfgroup_segmentation/output/Exod/32/30
Processing complete.
Processing Exod 32:31...
Successfully processed and saved output for Exod 32:31 to /Users/joshua/work/strong_number_embedding/sn_within_unv_selfgroup_segmentation/output/Exod/32/31
Processing complete.
Processing Exod 32:32...
Successfully processed and saved output for Exod 32:32 to /Users/joshua/work/strong_number_embedding/sn_within_unv_selfgroup_segmentation/output/Exod/32/32
Processing complete.
Processing Exod 32:33...
Successfully processed and saved output for Exod 32:33 to /Users/joshua/work/strong_number_embedding/sn_within_unv_selfgroup_segmentation/output/Exod/32/33
Processing complete.
Processing Exod 32:34...
Successfully processed and saved output for Exod 32:34 to /Users/joshua/work/strong_number_embedding/sn_within_unv_selfgroup_segmentation/output/Exod/32/34
Processing complete.
Processing Exod 32:35...
Successfully processed and saved output for Exod 32:35 to /Users/joshua/work/strong_number_embedding/sn_within_unv_selfgroup_segmentation/output/Exod/32/35
Processing complete.
Processing Exod 33:1...
Successfully processed and saved output for Exod 33:1 to /Users/joshua/work/strong_number_embedding/sn_within_unv_selfgroup_segmentation/output/Exod/33/1
Processing complete.
Processing Exod 33:2...
Successfully processed and saved output for Exod 33:2 to /Users/joshua/work/strong_number_embedding/sn_within_unv_selfgroup_segmentation/output/Exod/33/2
Processing complete.
Processing Exod 33:3...
Successfully processed and saved output for Exod 33:3 to /Users/joshua/work/strong_number_embedding/sn_within_unv_selfgroup_segmentation/output/Exod/33/3
Processing complete.
Processing Exod 33:4...
Successfully processed and saved output for Exod 33:4 to /Users/joshua/work/strong_number_embedding/sn_within_unv_selfgroup_segmentation/output/Exod/33/4
Processing complete.
Processing Exod 33:5...
Successfully processed and saved output for Exod 33:5 to /Users/joshua/work/strong_number_embedding/sn_within_unv_selfgroup_segmentation/output/Exod/33/5
Processing complete.
Processing Exod 33:6...
Successfully processed and saved output for Exod 33:6 to /Users/joshua/work/strong_number_embedding/sn_within_unv_selfgroup_segmentation/output/Exod/33/6
Processing complete.
Processing Exod 33:7...
Successfully processed and saved output for Exod 33:7 to /Users/joshua/work/strong_number_embedding/sn_within_unv_selfgroup_segmentation/output/Exod/33/7
Processing complete.
Processing Exod 33:8...
Successfully processed and saved output for Exod 33:8 to /Users/joshua/work/strong_number_embedding/sn_within_unv_selfgroup_segmentation/output/Exod/33/8
Processing complete.
Processing Exod 33:9...
Successfully processed and saved output for Exod 33:9 to /Users/joshua/work/strong_number_embedding/sn_within_unv_selfgroup_segmentation/output/Exod/33/9
Processing complete.
Processing Exod 33:10...
Successfully processed and saved output for Exod 33:10 to /Users/joshua/work/strong_number_embedding/sn_within_unv_selfgroup_segmentation/output/Exod/33/10
Processing complete.
Error running parse_verse_v1_6 for Exod 33:11: 'list' object has no attribute 'lstrip'
Failed to process Exod 33:11. Exiting.
Processing Exod 33:11...
Processing Exod 33:12...
Successfully processed and saved output for Exod 33:12 to /Users/joshua/work/strong_number_embedding/sn_within_unv_selfgroup_segmentation/output/Exod/33/12
Processing complete.
Processing Exod 33:13...
Successfully processed and saved output for Exod 33:13 to /Users/joshua/work/strong_number_embedding/sn_within_unv_selfgroup_segmentation/output/Exod/33/13
Processing complete.
Processing Exod 33:14...
Successfully processed and saved output for Exod 33:14 to /Users/joshua/work/strong_number_embedding/sn_within_unv_selfgroup_segmentation/output/Exod/33/14
Processing complete.
Processing Exod 33:15...
Successfully processed and saved output for Exod 33:15 to /Users/joshua/work/strong_number_embedding/sn_within_unv_selfgroup_segmentation/output/Exod/33/15
Processing complete.
Processing Exod 33:16...
Successfully processed and saved output for Exod 33:16 to /Users/joshua/work/strong_number_embedding/sn_within_unv_selfgroup_segmentation/output/Exod/33/16
Processing complete.
Processing Exod 33:17...
Successfully processed and saved output for Exod 33:17 to /Users/joshua/work/strong_number_embedding/sn_within_unv_selfgroup_segmentation/output/Exod/33/17
Processing complete.
Processing Exod 33:18...
Successfully processed and saved output for Exod 33:18 to /Users/joshua/work/strong_number_embedding/sn_within_unv_selfgroup_segmentation/output/Exod/33/18
Processing complete.
Processing Exod 33:19...
Successfully processed and saved output for Exod 33:19 to /Users/joshua/work/strong_number_embedding/sn_within_unv_selfgroup_segmentation/output/Exod/33/19
Processing complete.
Processing Exod 33:20...
Successfully processed and saved output for Exod 33:20 to /Users/joshua/work/strong_number_embedding/sn_within_unv_selfgroup_segmentation/output/Exod/33/20
Processing complete.
Processing Exod 33:21...
Successfully processed and saved output for Exod 33:21 to /Users/joshua/work/strong_number_embedding/sn_within_unv_selfgroup_segmentation/output/Exod/33/21
Processing complete.
Processing Exod 33:22...
Successfully processed and saved output for Exod 33:22 to /Users/joshua/work/strong_number_embedding/sn_within_unv_selfgroup_segmentation/output/Exod/33/22
Processing complete.
Processing Exod 33:23...
Successfully processed and saved output for Exod 33:23 to /Users/joshua/work/strong_number_embedding/sn_within_unv_selfgroup_segmentation/output/Exod/33/23
Processing complete.
Processing Exod 34:1...
Successfully processed and saved output for Exod 34:1 to /Users/joshua/work/strong_number_embedding/sn_within_unv_selfgroup_segmentation/output/Exod/34/1
Processing complete.
Processing Exod 34:2...
Successfully processed and saved output for Exod 34:2 to /Users/joshua/work/strong_number_embedding/sn_within_unv_selfgroup_segmentation/output/Exod/34/2
Processing complete.
Processing Exod 34:3...
Successfully processed and saved output for Exod 34:3 to /Users/joshua/work/strong_number_embedding/sn_within_unv_selfgroup_segmentation/output/Exod/34/3
Processing complete.
Processing Exod 34:4...
Successfully processed and saved output for Exod 34:4 to /Users/joshua/work/strong_number_embedding/sn_within_unv_selfgroup_segmentation/output/Exod/34/4
Processing complete.
Processing Exod 34:5...
Successfully processed and saved output for Exod 34:5 to /Users/joshua/work/strong_number_embedding/sn_within_unv_selfgroup_segmentation/output/Exod/34/5
Processing complete.
Processing Exod 34:6...
Successfully processed and saved output for Exod 34:6 to /Users/joshua/work/strong_number_embedding/sn_within_unv_selfgroup_segmentation/output/Exod/34/6
Processing complete.
Processing Exod 34:7...
Successfully processed and saved output for Exod 34:7 to /Users/joshua/work/strong_number_embedding/sn_within_unv_selfgroup_segmentation/output/Exod/34/7
Processing complete.
Processing Exod 34:8...
Successfully processed and saved output for Exod 34:8 to /Users/joshua/work/strong_number_embedding/sn_within_unv_selfgroup_segmentation/output/Exod/34/8
Processing complete.
Processing Exod 34:9...
Successfully processed and saved output for Exod 34:9 to /Users/joshua/work/strong_number_embedding/sn_within_unv_selfgroup_segmentation/output/Exod/34/9
Processing complete.
Processing Exod 34:10...
Successfully processed and saved output for Exod 34:10 to /Users/joshua/work/strong_number_embedding/sn_within_unv_selfgroup_segmentation/output/Exod/34/10
Processing complete.
Processing Exod 34:11...
Successfully processed and saved output for Exod 34:11 to /Users/joshua/work/strong_number_embedding/sn_within_unv_selfgroup_segmentation/output/Exod/34/11
Processing complete.
Processing Exod 34:12...
Successfully processed and saved output for Exod 34:12 to /Users/joshua/work/strong_number_embedding/sn_within_unv_selfgroup_segmentation/output/Exod/34/12
Processing complete.
Processing Exod 34:13...
Successfully processed and saved output for Exod 34:13 to /Users/joshua/work/strong_number_embedding/sn_within_unv_selfgroup_segmentation/output/Exod/34/13
Processing complete.
Processing Exod 34:14...
Successfully processed and saved output for Exod 34:14 to /Users/joshua/work/strong_number_embedding/sn_within_unv_selfgroup_segmentation/output/Exod/34/14
Processing complete.
Processing Exod 34:15...
Successfully processed and saved output for Exod 34:15 to /Users/joshua/work/strong_number_embedding/sn_within_unv_selfgroup_segmentation/output/Exod/34/15
Processing complete.
Processing Exod 34:16...
Successfully processed and saved output for Exod 34:16 to /Users/joshua/work/strong_number_embedding/sn_within_unv_selfgroup_segmentation/output/Exod/34/16
Processing complete.
Processing Exod 34:17...
Successfully processed and saved output for Exod 34:17 to /Users/joshua/work/strong_number_embedding/sn_within_unv_selfgroup_segmentation/output/Exod/34/17
Processing complete.
Processing Exod 34:18...
Successfully processed and saved output for Exod 34:18 to /Users/joshua/work/strong_number_embedding/sn_within_unv_selfgroup_segmentation/output/Exod/34/18
Processing complete.
Processing Exod 34:19...
Successfully processed and saved output for Exod 34:19 to /Users/joshua/work/strong_number_embedding/sn_within_unv_selfgroup_segmentation/output/Exod/34/19
Processing complete.
Processing Exod 34:20...
Successfully processed and saved output for Exod 34:20 to /Users/joshua/work/strong_number_embedding/sn_within_unv_selfgroup_segmentation/output/Exod/34/20
Processing complete.
Processing Exod 34:21...
Successfully processed and saved output for Exod 34:21 to /Users/joshua/work/strong_number_embedding/sn_within_unv_selfgroup_segmentation/output/Exod/34/21
Processing complete.
Processing Exod 34:22...
Successfully processed and saved output for Exod 34:22 to /Users/joshua/work/strong_number_embedding/sn_within_unv_selfgroup_segmentation/output/Exod/34/22
Processing complete.
Processing Exod 34:23...
Successfully processed and saved output for Exod 34:23 to /Users/joshua/work/strong_number_embedding/sn_within_unv_selfgroup_segmentation/output/Exod/34/23
Processing complete.
Error running parse_verse_v1_6 for Exod 34:24: 'list' object has no attribute 'lstrip'
Failed to process Exod 34:24. Exiting.
Processing Exod 34:24...
Processing Exod 34:25...
Successfully processed and saved output for Exod 34:25 to /Users/joshua/work/strong_number_embedding/sn_within_unv_selfgroup_segmentation/output/Exod/34/25
Processing complete.
Processing Exod 34:26...
Successfully processed and saved output for Exod 34:26 to /Users/joshua/work/strong_number_embedding/sn_within_unv_selfgroup_segmentation/output/Exod/34/26
Processing complete.
Processing Exod 34:27...
Successfully processed and saved output for Exod 34:27 to /Users/joshua/work/strong_number_embedding/sn_within_unv_selfgroup_segmentation/output/Exod/34/27
Processing complete.
Processing Exod 34:28...
Successfully processed and saved output for Exod 34:28 to /Users/joshua/work/strong_number_embedding/sn_within_unv_selfgroup_segmentation/output/Exod/34/28
Processing complete.
Error running parse_verse_v1_6 for Exod 34:29: 'list' object has no attribute 'lstrip'
Failed to process Exod 34:29. Exiting.
Processing Exod 34:29...
Processing Exod 34:30...
Successfully processed and saved output for Exod 34:30 to /Users/joshua/work/strong_number_embedding/sn_within_unv_selfgroup_segmentation/output/Exod/34/30
Processing complete.
Processing Exod 34:31...
Successfully processed and saved output for Exod 34:31 to /Users/joshua/work/strong_number_embedding/sn_within_unv_selfgroup_segmentation/output/Exod/34/31
Processing complete.
Processing Exod 34:32...
Successfully processed and saved output for Exod 34:32 to /Users/joshua/work/strong_number_embedding/sn_within_unv_selfgroup_segmentation/output/Exod/34/32
Processing complete.
Processing Exod 34:33...
Successfully processed and saved output for Exod 34:33 to /Users/joshua/work/strong_number_embedding/sn_within_unv_selfgroup_segmentation/output/Exod/34/33
Processing complete.
Processing Exod 34:34...
Successfully processed and saved output for Exod 34:34 to /Users/joshua/work/strong_number_embedding/sn_within_unv_selfgroup_segmentation/output/Exod/34/34
Processing complete.
Processing Exod 34:35...
Successfully processed and saved output for Exod 34:35 to /Users/joshua/work/strong_number_embedding/sn_within_unv_selfgroup_segmentation/output/Exod/34/35
Processing complete.
Processing Exod 35:1...
Successfully processed and saved output for Exod 35:1 to /Users/joshua/work/strong_number_embedding/sn_within_unv_selfgroup_segmentation/output/Exod/35/1
Processing complete.
Processing Exod 35:2...
Successfully processed and saved output for Exod 35:2 to /Users/joshua/work/strong_number_embedding/sn_within_unv_selfgroup_segmentation/output/Exod/35/2
Processing complete.
Processing Exod 35:3...
Successfully processed and saved output for Exod 35:3 to /Users/joshua/work/strong_number_embedding/sn_within_unv_selfgroup_segmentation/output/Exod/35/3
Processing complete.
Processing Exod 35:4...
Successfully processed and saved output for Exod 35:4 to /Users/joshua/work/strong_number_embedding/sn_within_unv_selfgroup_segmentation/output/Exod/35/4
Processing complete.
Processing Exod 35:5...
Successfully processed and saved output for Exod 35:5 to /Users/joshua/work/strong_number_embedding/sn_within_unv_selfgroup_segmentation/output/Exod/35/5
Processing complete.
Processing Exod 35:6...
Successfully processed and saved output for Exod 35:6 to /Users/joshua/work/strong_number_embedding/sn_within_unv_selfgroup_segmentation/output/Exod/35/6
Processing complete.
Processing Exod 35:7...
Successfully processed and saved output for Exod 35:7 to /Users/joshua/work/strong_number_embedding/sn_within_unv_selfgroup_segmentation/output/Exod/35/7
Processing complete.
Processing Exod 35:8...
Successfully processed and saved output for Exod 35:8 to /Users/joshua/work/strong_number_embedding/sn_within_unv_selfgroup_segmentation/output/Exod/35/8
Processing complete.
Processing Exod 35:9...
Successfully processed and saved output for Exod 35:9 to /Users/joshua/work/strong_number_embedding/sn_within_unv_selfgroup_segmentation/output/Exod/35/9
Processing complete.
Processing Exod 35:10...
Successfully processed and saved output for Exod 35:10 to /Users/joshua/work/strong_number_embedding/sn_within_unv_selfgroup_segmentation/output/Exod/35/10
Processing complete.
Processing Exod 35:11...
Successfully processed and saved output for Exod 35:11 to /Users/joshua/work/strong_number_embedding/sn_within_unv_selfgroup_segmentation/output/Exod/35/11
Processing complete.
Processing Exod 35:12...
Successfully processed and saved output for Exod 35:12 to /Users/joshua/work/strong_number_embedding/sn_within_unv_selfgroup_segmentation/output/Exod/35/12
Processing complete.
Processing Exod 35:13...
Successfully processed and saved output for Exod 35:13 to /Users/joshua/work/strong_number_embedding/sn_within_unv_selfgroup_segmentation/output/Exod/35/13
Processing complete.
Processing Exod 35:14...
Successfully processed and saved output for Exod 35:14 to /Users/joshua/work/strong_number_embedding/sn_within_unv_selfgroup_segmentation/output/Exod/35/14
Processing complete.
Processing Exod 35:15...
Successfully processed and saved output for Exod 35:15 to /Users/joshua/work/strong_number_embedding/sn_within_unv_selfgroup_segmentation/output/Exod/35/15
Processing complete.
Processing Exod 35:16...
Successfully processed and saved output for Exod 35:16 to /Users/joshua/work/strong_number_embedding/sn_within_unv_selfgroup_segmentation/output/Exod/35/16
Processing complete.
Processing Exod 35:17...
Successfully processed and saved output for Exod 35:17 to /Users/joshua/work/strong_number_embedding/sn_within_unv_selfgroup_segmentation/output/Exod/35/17
Processing complete.
Processing Exod 35:18...
Successfully processed and saved output for Exod 35:18 to /Users/joshua/work/strong_number_embedding/sn_within_unv_selfgroup_segmentation/output/Exod/35/18
Processing complete.
Processing Exod 35:19...
Successfully processed and saved output for Exod 35:19 to /Users/joshua/work/strong_number_embedding/sn_within_unv_selfgroup_segmentation/output/Exod/35/19
Processing complete.
Processing Exod 35:20...
Successfully processed and saved output for Exod 35:20 to /Users/joshua/work/strong_number_embedding/sn_within_unv_selfgroup_segmentation/output/Exod/35/20
Processing complete.
Processing Exod 35:21...
Successfully processed and saved output for Exod 35:21 to /Users/joshua/work/strong_number_embedding/sn_within_unv_selfgroup_segmentation/output/Exod/35/21
Processing complete.
Processing Exod 35:22...
Successfully processed and saved output for Exod 35:22 to /Users/joshua/work/strong_number_embedding/sn_within_unv_selfgroup_segmentation/output/Exod/35/22
Processing complete.
Processing Exod 35:23...
Successfully processed and saved output for Exod 35:23 to /Users/joshua/work/strong_number_embedding/sn_within_unv_selfgroup_segmentation/output/Exod/35/23
Processing complete.
Processing Exod 35:24...
Successfully processed and saved output for Exod 35:24 to /Users/joshua/work/strong_number_embedding/sn_within_unv_selfgroup_segmentation/output/Exod/35/24
Processing complete.
Processing Exod 35:25...
Successfully processed and saved output for Exod 35:25 to /Users/joshua/work/strong_number_embedding/sn_within_unv_selfgroup_segmentation/output/Exod/35/25
Processing complete.
Processing Exod 35:26...
Successfully processed and saved output for Exod 35:26 to /Users/joshua/work/strong_number_embedding/sn_within_unv_selfgroup_segmentation/output/Exod/35/26
Processing complete.
Processing Exod 35:27...
Successfully processed and saved output for Exod 35:27 to /Users/joshua/work/strong_number_embedding/sn_within_unv_selfgroup_segmentation/output/Exod/35/27
Processing complete.
Processing Exod 35:28...
Successfully processed and saved output for Exod 35:28 to /Users/joshua/work/strong_number_embedding/sn_within_unv_selfgroup_segmentation/output/Exod/35/28
Processing complete.
Processing Exod 35:29...
Successfully processed and saved output for Exod 35:29 to /Users/joshua/work/strong_number_embedding/sn_within_unv_selfgroup_segmentation/output/Exod/35/29
Processing complete.
Processing Exod 35:30...
Successfully processed and saved output for Exod 35:30 to /Users/joshua/work/strong_number_embedding/sn_within_unv_selfgroup_segmentation/output/Exod/35/30
Processing complete.
Processing Exod 35:31...
Successfully processed and saved output for Exod 35:31 to /Users/joshua/work/strong_number_embedding/sn_within_unv_selfgroup_segmentation/output/Exod/35/31
Processing complete.
Processing Exod 35:32...
Successfully processed and saved output for Exod 35:32 to /Users/joshua/work/strong_number_embedding/sn_within_unv_selfgroup_segmentation/output/Exod/35/32
Processing complete.
Processing Exod 35:33...
Successfully processed and saved output for Exod 35:33 to /Users/joshua/work/strong_number_embedding/sn_within_unv_selfgroup_segmentation/output/Exod/35/33
Processing complete.
Processing Exod 35:34...
Successfully processed and saved output for Exod 35:34 to /Users/joshua/work/strong_number_embedding/sn_within_unv_selfgroup_segmentation/output/Exod/35/34
Processing complete.
Processing Exod 35:35...
Successfully processed and saved output for Exod 35:35 to /Users/joshua/work/strong_number_embedding/sn_within_unv_selfgroup_segmentation/output/Exod/35/35
Processing complete.
Processing Exod 36:1...
Successfully processed and saved output for Exod 36:1 to /Users/joshua/work/strong_number_embedding/sn_within_unv_selfgroup_segmentation/output/Exod/36/1
Processing complete.
Processing Exod 36:2...
Successfully processed and saved output for Exod 36:2 to /Users/joshua/work/strong_number_embedding/sn_within_unv_selfgroup_segmentation/output/Exod/36/2
Processing complete.
Processing Exod 36:3...
Successfully processed and saved output for Exod 36:3 to /Users/joshua/work/strong_number_embedding/sn_within_unv_selfgroup_segmentation/output/Exod/36/3
Processing complete.
Processing Exod 36:4...
Successfully processed and saved output for Exod 36:4 to /Users/joshua/work/strong_number_embedding/sn_within_unv_selfgroup_segmentation/output/Exod/36/4
Processing complete.
Processing Exod 36:5...
Successfully processed and saved output for Exod 36:5 to /Users/joshua/work/strong_number_embedding/sn_within_unv_selfgroup_segmentation/output/Exod/36/5
Processing complete.
Processing Exod 36:6...
Successfully processed and saved output for Exod 36:6 to /Users/joshua/work/strong_number_embedding/sn_within_unv_selfgroup_segmentation/output/Exod/36/6
Processing complete.
Processing Exod 36:7...
Successfully processed and saved output for Exod 36:7 to /Users/joshua/work/strong_number_embedding/sn_within_unv_selfgroup_segmentation/output/Exod/36/7
Processing complete.
Processing Exod 36:8...
Successfully processed and saved output for Exod 36:8 to /Users/joshua/work/strong_number_embedding/sn_within_unv_selfgroup_segmentation/output/Exod/36/8
Processing complete.
Processing Exod 36:9...
Successfully processed and saved output for Exod 36:9 to /Users/joshua/work/strong_number_embedding/sn_within_unv_selfgroup_segmentation/output/Exod/36/9
Processing complete.
Processing Exod 36:10...
Successfully processed and saved output for Exod 36:10 to /Users/joshua/work/strong_number_embedding/sn_within_unv_selfgroup_segmentation/output/Exod/36/10
Processing complete.
Processing Exod 36:11...
Successfully processed and saved output for Exod 36:11 to /Users/joshua/work/strong_number_embedding/sn_within_unv_selfgroup_segmentation/output/Exod/36/11
Processing complete.
Processing Exod 36:12...
Successfully processed and saved output for Exod 36:12 to /Users/joshua/work/strong_number_embedding/sn_within_unv_selfgroup_segmentation/output/Exod/36/12
Processing complete.
Processing Exod 36:13...
Successfully processed and saved output for Exod 36:13 to /Users/joshua/work/strong_number_embedding/sn_within_unv_selfgroup_segmentation/output/Exod/36/13
Processing complete.
Processing Exod 36:14...
Successfully processed and saved output for Exod 36:14 to /Users/joshua/work/strong_number_embedding/sn_within_unv_selfgroup_segmentation/output/Exod/36/14
Processing complete.
Processing Exod 36:15...
Successfully processed and saved output for Exod 36:15 to /Users/joshua/work/strong_number_embedding/sn_within_unv_selfgroup_segmentation/output/Exod/36/15
Processing complete.
Processing Exod 36:16...
Successfully processed and saved output for Exod 36:16 to /Users/joshua/work/strong_number_embedding/sn_within_unv_selfgroup_segmentation/output/Exod/36/16
Processing complete.
Processing Exod 36:17...
Successfully processed and saved output for Exod 36:17 to /Users/joshua/work/strong_number_embedding/sn_within_unv_selfgroup_segmentation/output/Exod/36/17
Processing complete.
Processing Exod 36:18...
Successfully processed and saved output for Exod 36:18 to /Users/joshua/work/strong_number_embedding/sn_within_unv_selfgroup_segmentation/output/Exod/36/18
Processing complete.
Processing Exod 36:19...
Successfully processed and saved output for Exod 36:19 to /Users/joshua/work/strong_number_embedding/sn_within_unv_selfgroup_segmentation/output/Exod/36/19
Processing complete.
Processing Exod 36:20...
Successfully processed and saved output for Exod 36:20 to /Users/joshua/work/strong_number_embedding/sn_within_unv_selfgroup_segmentation/output/Exod/36/20
Processing complete.
Processing Exod 36:21...
Successfully processed and saved output for Exod 36:21 to /Users/joshua/work/strong_number_embedding/sn_within_unv_selfgroup_segmentation/output/Exod/36/21
Processing complete.
Processing Exod 36:22...
Successfully processed and saved output for Exod 36:22 to /Users/joshua/work/strong_number_embedding/sn_within_unv_selfgroup_segmentation/output/Exod/36/22
Processing complete.
Processing Exod 36:23...
Successfully processed and saved output for Exod 36:23 to /Users/joshua/work/strong_number_embedding/sn_within_unv_selfgroup_segmentation/output/Exod/36/23
Processing complete.
Processing Exod 36:24...
Successfully processed and saved output for Exod 36:24 to /Users/joshua/work/strong_number_embedding/sn_within_unv_selfgroup_segmentation/output/Exod/36/24
Processing complete.
Processing Exod 36:25...
Successfully processed and saved output for Exod 36:25 to /Users/joshua/work/strong_number_embedding/sn_within_unv_selfgroup_segmentation/output/Exod/36/25
Processing complete.
Processing Exod 36:26...
Successfully processed and saved output for Exod 36:26 to /Users/joshua/work/strong_number_embedding/sn_within_unv_selfgroup_segmentation/output/Exod/36/26
Processing complete.
Processing Exod 36:27...
Successfully processed and saved output for Exod 36:27 to /Users/joshua/work/strong_number_embedding/sn_within_unv_selfgroup_segmentation/output/Exod/36/27
Processing complete.
Processing Exod 36:28...
Successfully processed and saved output for Exod 36:28 to /Users/joshua/work/strong_number_embedding/sn_within_unv_selfgroup_segmentation/output/Exod/36/28
Processing complete.
Processing Exod 36:29...
Successfully processed and saved output for Exod 36:29 to /Users/joshua/work/strong_number_embedding/sn_within_unv_selfgroup_segmentation/output/Exod/36/29
Processing complete.
Processing Exod 36:30...
Successfully processed and saved output for Exod 36:30 to /Users/joshua/work/strong_number_embedding/sn_within_unv_selfgroup_segmentation/output/Exod/36/30
Processing complete.
Processing Exod 36:31...
Successfully processed and saved output for Exod 36:31 to /Users/joshua/work/strong_number_embedding/sn_within_unv_selfgroup_segmentation/output/Exod/36/31
Processing complete.
Processing Exod 36:32...
Successfully processed and saved output for Exod 36:32 to /Users/joshua/work/strong_number_embedding/sn_within_unv_selfgroup_segmentation/output/Exod/36/32
Processing complete.
Processing Exod 36:33...
Successfully processed and saved output for Exod 36:33 to /Users/joshua/work/strong_number_embedding/sn_within_unv_selfgroup_segmentation/output/Exod/36/33
Processing complete.
Processing Exod 36:34...
Successfully processed and saved output for Exod 36:34 to /Users/joshua/work/strong_number_embedding/sn_within_unv_selfgroup_segmentation/output/Exod/36/34
Processing complete.
Processing Exod 36:35...
Successfully processed and saved output for Exod 36:35 to /Users/joshua/work/strong_number_embedding/sn_within_unv_selfgroup_segmentation/output/Exod/36/35
Processing complete.
Processing Exod 36:36...
Successfully processed and saved output for Exod 36:36 to /Users/joshua/work/strong_number_embedding/sn_within_unv_selfgroup_segmentation/output/Exod/36/36
Processing complete.
Processing Exod 36:37...
Successfully processed and saved output for Exod 36:37 to /Users/joshua/work/strong_number_embedding/sn_within_unv_selfgroup_segmentation/output/Exod/36/37
Processing complete.
Processing Exod 36:38...
Successfully processed and saved output for Exod 36:38 to /Users/joshua/work/strong_number_embedding/sn_within_unv_selfgroup_segmentation/output/Exod/36/38
Processing complete.
Processing Exod 37:1...
Successfully processed and saved output for Exod 37:1 to /Users/joshua/work/strong_number_embedding/sn_within_unv_selfgroup_segmentation/output/Exod/37/1
Processing complete.
Processing Exod 37:2...
Successfully processed and saved output for Exod 37:2 to /Users/joshua/work/strong_number_embedding/sn_within_unv_selfgroup_segmentation/output/Exod/37/2
Processing complete.
Processing Exod 37:3...
Successfully processed and saved output for Exod 37:3 to /Users/joshua/work/strong_number_embedding/sn_within_unv_selfgroup_segmentation/output/Exod/37/3
Processing complete.
Processing Exod 37:4...
Successfully processed and saved output for Exod 37:4 to /Users/joshua/work/strong_number_embedding/sn_within_unv_selfgroup_segmentation/output/Exod/37/4
Processing complete.
Processing Exod 37:5...
Successfully processed and saved output for Exod 37:5 to /Users/joshua/work/strong_number_embedding/sn_within_unv_selfgroup_segmentation/output/Exod/37/5
Processing complete.
Processing Exod 37:6...
Successfully processed and saved output for Exod 37:6 to /Users/joshua/work/strong_number_embedding/sn_within_unv_selfgroup_segmentation/output/Exod/37/6
Processing complete.
Processing Exod 37:7...
Successfully processed and saved output for Exod 37:7 to /Users/joshua/work/strong_number_embedding/sn_within_unv_selfgroup_segmentation/output/Exod/37/7
Processing complete.
Processing Exod 37:8...
Successfully processed and saved output for Exod 37:8 to /Users/joshua/work/strong_number_embedding/sn_within_unv_selfgroup_segmentation/output/Exod/37/8
Processing complete.
Processing Exod 37:9...
Successfully processed and saved output for Exod 37:9 to /Users/joshua/work/strong_number_embedding/sn_within_unv_selfgroup_segmentation/output/Exod/37/9
Processing complete.
Processing Exod 37:10...
Successfully processed and saved output for Exod 37:10 to /Users/joshua/work/strong_number_embedding/sn_within_unv_selfgroup_segmentation/output/Exod/37/10
Processing complete.
Processing Exod 37:11...
Successfully processed and saved output for Exod 37:11 to /Users/joshua/work/strong_number_embedding/sn_within_unv_selfgroup_segmentation/output/Exod/37/11
Processing complete.
Processing Exod 37:12...
Successfully processed and saved output for Exod 37:12 to /Users/joshua/work/strong_number_embedding/sn_within_unv_selfgroup_segmentation/output/Exod/37/12
Processing complete.
Processing Exod 37:13...
Successfully processed and saved output for Exod 37:13 to /Users/joshua/work/strong_number_embedding/sn_within_unv_selfgroup_segmentation/output/Exod/37/13
Processing complete.
Processing Exod 37:14...
Successfully processed and saved output for Exod 37:14 to /Users/joshua/work/strong_number_embedding/sn_within_unv_selfgroup_segmentation/output/Exod/37/14
Processing complete.
Processing Exod 37:15...
Successfully processed and saved output for Exod 37:15 to /Users/joshua/work/strong_number_embedding/sn_within_unv_selfgroup_segmentation/output/Exod/37/15
Processing complete.
Processing Exod 37:16...
Successfully processed and saved output for Exod 37:16 to /Users/joshua/work/strong_number_embedding/sn_within_unv_selfgroup_segmentation/output/Exod/37/16
Processing complete.
Processing Exod 37:17...
Successfully processed and saved output for Exod 37:17 to /Users/joshua/work/strong_number_embedding/sn_within_unv_selfgroup_segmentation/output/Exod/37/17
Processing complete.
Processing Exod 37:18...
Successfully processed and saved output for Exod 37:18 to /Users/joshua/work/strong_number_embedding/sn_within_unv_selfgroup_segmentation/output/Exod/37/18
Processing complete.
Processing Exod 37:19...
Successfully processed and saved output for Exod 37:19 to /Users/joshua/work/strong_number_embedding/sn_within_unv_selfgroup_segmentation/output/Exod/37/19
Processing complete.
Processing Exod 37:20...
Successfully processed and saved output for Exod 37:20 to /Users/joshua/work/strong_number_embedding/sn_within_unv_selfgroup_segmentation/output/Exod/37/20
Processing complete.
Processing Exod 37:21...
Successfully processed and saved output for Exod 37:21 to /Users/joshua/work/strong_number_embedding/sn_within_unv_selfgroup_segmentation/output/Exod/37/21
Processing complete.
Processing Exod 37:22...
Successfully processed and saved output for Exod 37:22 to /Users/joshua/work/strong_number_embedding/sn_within_unv_selfgroup_segmentation/output/Exod/37/22
Processing complete.
Processing Exod 37:23...
Successfully processed and saved output for Exod 37:23 to /Users/joshua/work/strong_number_embedding/sn_within_unv_selfgroup_segmentation/output/Exod/37/23
Processing complete.
Processing Exod 37:24...
Successfully processed and saved output for Exod 37:24 to /Users/joshua/work/strong_number_embedding/sn_within_unv_selfgroup_segmentation/output/Exod/37/24
Processing complete.
Processing Exod 37:25...
Successfully processed and saved output for Exod 37:25 to /Users/joshua/work/strong_number_embedding/sn_within_unv_selfgroup_segmentation/output/Exod/37/25
Processing complete.
Processing Exod 37:26...
Successfully processed and saved output for Exod 37:26 to /Users/joshua/work/strong_number_embedding/sn_within_unv_selfgroup_segmentation/output/Exod/37/26
Processing complete.
Processing Exod 37:27...
Successfully processed and saved output for Exod 37:27 to /Users/joshua/work/strong_number_embedding/sn_within_unv_selfgroup_segmentation/output/Exod/37/27
Processing complete.
Processing Exod 37:28...
Successfully processed and saved output for Exod 37:28 to /Users/joshua/work/strong_number_embedding/sn_within_unv_selfgroup_segmentation/output/Exod/37/28
Processing complete.
Processing Exod 37:29...
Successfully processed and saved output for Exod 37:29 to /Users/joshua/work/strong_number_embedding/sn_within_unv_selfgroup_segmentation/output/Exod/37/29
Processing complete.
Processing Exod 38:1...
Successfully processed and saved output for Exod 38:1 to /Users/joshua/work/strong_number_embedding/sn_within_unv_selfgroup_segmentation/output/Exod/38/1
Processing complete.
Processing Exod 38:2...
Successfully processed and saved output for Exod 38:2 to /Users/joshua/work/strong_number_embedding/sn_within_unv_selfgroup_segmentation/output/Exod/38/2
Processing complete.
Processing Exod 38:3...
Successfully processed and saved output for Exod 38:3 to /Users/joshua/work/strong_number_embedding/sn_within_unv_selfgroup_segmentation/output/Exod/38/3
Processing complete.
Processing Exod 38:4...
Successfully processed and saved output for Exod 38:4 to /Users/joshua/work/strong_number_embedding/sn_within_unv_selfgroup_segmentation/output/Exod/38/4
Processing complete.
Processing Exod 38:5...
Successfully processed and saved output for Exod 38:5 to /Users/joshua/work/strong_number_embedding/sn_within_unv_selfgroup_segmentation/output/Exod/38/5
Processing complete.
Processing Exod 38:6...
Successfully processed and saved output for Exod 38:6 to /Users/joshua/work/strong_number_embedding/sn_within_unv_selfgroup_segmentation/output/Exod/38/6
Processing complete.
Processing Exod 38:7...
Successfully processed and saved output for Exod 38:7 to /Users/joshua/work/strong_number_embedding/sn_within_unv_selfgroup_segmentation/output/Exod/38/7
Processing complete.
Processing Exod 38:8...
Successfully processed and saved output for Exod 38:8 to /Users/joshua/work/strong_number_embedding/sn_within_unv_selfgroup_segmentation/output/Exod/38/8
Processing complete.
Processing Exod 38:9...
Successfully processed and saved output for Exod 38:9 to /Users/joshua/work/strong_number_embedding/sn_within_unv_selfgroup_segmentation/output/Exod/38/9
Processing complete.
Processing Exod 38:10...
Successfully processed and saved output for Exod 38:10 to /Users/joshua/work/strong_number_embedding/sn_within_unv_selfgroup_segmentation/output/Exod/38/10
Processing complete.
Processing Exod 38:11...
Successfully processed and saved output for Exod 38:11 to /Users/joshua/work/strong_number_embedding/sn_within_unv_selfgroup_segmentation/output/Exod/38/11
Processing complete.
Processing Exod 38:12...
Successfully processed and saved output for Exod 38:12 to /Users/joshua/work/strong_number_embedding/sn_within_unv_selfgroup_segmentation/output/Exod/38/12
Processing complete.
Processing Exod 38:13...
Successfully processed and saved output for Exod 38:13 to /Users/joshua/work/strong_number_embedding/sn_within_unv_selfgroup_segmentation/output/Exod/38/13
Processing complete.
Processing Exod 38:14...
Successfully processed and saved output for Exod 38:14 to /Users/joshua/work/strong_number_embedding/sn_within_unv_selfgroup_segmentation/output/Exod/38/14
Processing complete.
Processing Exod 38:15...
Successfully processed and saved output for Exod 38:15 to /Users/joshua/work/strong_number_embedding/sn_within_unv_selfgroup_segmentation/output/Exod/38/15
Processing complete.
Processing Exod 38:16...
Successfully processed and saved output for Exod 38:16 to /Users/joshua/work/strong_number_embedding/sn_within_unv_selfgroup_segmentation/output/Exod/38/16
Processing complete.
Processing Exod 38:17...
Successfully processed and saved output for Exod 38:17 to /Users/joshua/work/strong_number_embedding/sn_within_unv_selfgroup_segmentation/output/Exod/38/17
Processing complete.
Processing Exod 38:18...
Successfully processed and saved output for Exod 38:18 to /Users/joshua/work/strong_number_embedding/sn_within_unv_selfgroup_segmentation/output/Exod/38/18
Processing complete.
Processing Exod 38:19...
Successfully processed and saved output for Exod 38:19 to /Users/joshua/work/strong_number_embedding/sn_within_unv_selfgroup_segmentation/output/Exod/38/19
Processing complete.
Processing Exod 38:20...
Successfully processed and saved output for Exod 38:20 to /Users/joshua/work/strong_number_embedding/sn_within_unv_selfgroup_segmentation/output/Exod/38/20
Processing complete.
Processing Exod 38:21...
Successfully processed and saved output for Exod 38:21 to /Users/joshua/work/strong_number_embedding/sn_within_unv_selfgroup_segmentation/output/Exod/38/21
Processing complete.
Processing Exod 38:22...
Successfully processed and saved output for Exod 38:22 to /Users/joshua/work/strong_number_embedding/sn_within_unv_selfgroup_segmentation/output/Exod/38/22
Processing complete.
Processing Exod 38:23...
Successfully processed and saved output for Exod 38:23 to /Users/joshua/work/strong_number_embedding/sn_within_unv_selfgroup_segmentation/output/Exod/38/23
Processing complete.
Processing Exod 38:24...
Successfully processed and saved output for Exod 38:24 to /Users/joshua/work/strong_number_embedding/sn_within_unv_selfgroup_segmentation/output/Exod/38/24
Processing complete.
Processing Exod 38:25...
Successfully processed and saved output for Exod 38:25 to /Users/joshua/work/strong_number_embedding/sn_within_unv_selfgroup_segmentation/output/Exod/38/25
Processing complete.
Processing Exod 38:26...
Successfully processed and saved output for Exod 38:26 to /Users/joshua/work/strong_number_embedding/sn_within_unv_selfgroup_segmentation/output/Exod/38/26
Processing complete.
Processing Exod 38:27...
Successfully processed and saved output for Exod 38:27 to /Users/joshua/work/strong_number_embedding/sn_within_unv_selfgroup_segmentation/output/Exod/38/27
Processing complete.
Processing Exod 38:28...
Successfully processed and saved output for Exod 38:28 to /Users/joshua/work/strong_number_embedding/sn_within_unv_selfgroup_segmentation/output/Exod/38/28
Processing complete.
Processing Exod 38:29...
Successfully processed and saved output for Exod 38:29 to /Users/joshua/work/strong_number_embedding/sn_within_unv_selfgroup_segmentation/output/Exod/38/29
Processing complete.
Processing Exod 38:30...
Successfully processed and saved output for Exod 38:30 to /Users/joshua/work/strong_number_embedding/sn_within_unv_selfgroup_segmentation/output/Exod/38/30
Processing complete.
Processing Exod 38:31...
Successfully processed and saved output for Exod 38:31 to /Users/joshua/work/strong_number_embedding/sn_within_unv_selfgroup_segmentation/output/Exod/38/31
Processing complete.
Processing Exod 39:1...
Successfully processed and saved output for Exod 39:1 to /Users/joshua/work/strong_number_embedding/sn_within_unv_selfgroup_segmentation/output/Exod/39/1
Processing complete.
Processing Exod 39:2...
Successfully processed and saved output for Exod 39:2 to /Users/joshua/work/strong_number_embedding/sn_within_unv_selfgroup_segmentation/output/Exod/39/2
Processing complete.
Processing Exod 39:3...
Successfully processed and saved output for Exod 39:3 to /Users/joshua/work/strong_number_embedding/sn_within_unv_selfgroup_segmentation/output/Exod/39/3
Processing complete.
Processing Exod 39:4...
Successfully processed and saved output for Exod 39:4 to /Users/joshua/work/strong_number_embedding/sn_within_unv_selfgroup_segmentation/output/Exod/39/4
Processing complete.
Processing Exod 39:5...
Successfully processed and saved output for Exod 39:5 to /Users/joshua/work/strong_number_embedding/sn_within_unv_selfgroup_segmentation/output/Exod/39/5
Processing complete.
Processing Exod 39:6...
Successfully processed and saved output for Exod 39:6 to /Users/joshua/work/strong_number_embedding/sn_within_unv_selfgroup_segmentation/output/Exod/39/6
Processing complete.
Processing Exod 39:7...
Successfully processed and saved output for Exod 39:7 to /Users/joshua/work/strong_number_embedding/sn_within_unv_selfgroup_segmentation/output/Exod/39/7
Processing complete.
Processing Exod 39:8...
Successfully processed and saved output for Exod 39:8 to /Users/joshua/work/strong_number_embedding/sn_within_unv_selfgroup_segmentation/output/Exod/39/8
Processing complete.
Processing Exod 39:9...
Successfully processed and saved output for Exod 39:9 to /Users/joshua/work/strong_number_embedding/sn_within_unv_selfgroup_segmentation/output/Exod/39/9
Processing complete.
Processing Exod 39:10...
Successfully processed and saved output for Exod 39:10 to /Users/joshua/work/strong_number_embedding/sn_within_unv_selfgroup_segmentation/output/Exod/39/10
Processing complete.
Processing Exod 39:11...
Successfully processed and saved output for Exod 39:11 to /Users/joshua/work/strong_number_embedding/sn_within_unv_selfgroup_segmentation/output/Exod/39/11
Processing complete.
Processing Exod 39:12...
Successfully processed and saved output for Exod 39:12 to /Users/joshua/work/strong_number_embedding/sn_within_unv_selfgroup_segmentation/output/Exod/39/12
Processing complete.
Processing Exod 39:13...
Successfully processed and saved output for Exod 39:13 to /Users/joshua/work/strong_number_embedding/sn_within_unv_selfgroup_segmentation/output/Exod/39/13
Processing complete.
Processing Exod 39:14...
Successfully processed and saved output for Exod 39:14 to /Users/joshua/work/strong_number_embedding/sn_within_unv_selfgroup_segmentation/output/Exod/39/14
Processing complete.
Processing Exod 39:15...
Successfully processed and saved output for Exod 39:15 to /Users/joshua/work/strong_number_embedding/sn_within_unv_selfgroup_segmentation/output/Exod/39/15
Processing complete.
Processing Exod 39:16...
Successfully processed and saved output for Exod 39:16 to /Users/joshua/work/strong_number_embedding/sn_within_unv_selfgroup_segmentation/output/Exod/39/16
Processing complete.
Processing Exod 39:17...
Successfully processed and saved output for Exod 39:17 to /Users/joshua/work/strong_number_embedding/sn_within_unv_selfgroup_segmentation/output/Exod/39/17
Processing complete.
Processing Exod 39:18...
Successfully processed and saved output for Exod 39:18 to /Users/joshua/work/strong_number_embedding/sn_within_unv_selfgroup_segmentation/output/Exod/39/18
Processing complete.
Processing Exod 39:19...
Successfully processed and saved output for Exod 39:19 to /Users/joshua/work/strong_number_embedding/sn_within_unv_selfgroup_segmentation/output/Exod/39/19
Processing complete.
Processing Exod 39:20...
Successfully processed and saved output for Exod 39:20 to /Users/joshua/work/strong_number_embedding/sn_within_unv_selfgroup_segmentation/output/Exod/39/20
Processing complete.
Processing Exod 39:21...
Successfully processed and saved output for Exod 39:21 to /Users/joshua/work/strong_number_embedding/sn_within_unv_selfgroup_segmentation/output/Exod/39/21
Processing complete.
Processing Exod 39:22...
Successfully processed and saved output for Exod 39:22 to /Users/joshua/work/strong_number_embedding/sn_within_unv_selfgroup_segmentation/output/Exod/39/22
Processing complete.
Processing Exod 39:23...
Successfully processed and saved output for Exod 39:23 to /Users/joshua/work/strong_number_embedding/sn_within_unv_selfgroup_segmentation/output/Exod/39/23
Processing complete.
Processing Exod 39:24...
Successfully processed and saved output for Exod 39:24 to /Users/joshua/work/strong_number_embedding/sn_within_unv_selfgroup_segmentation/output/Exod/39/24
Processing complete.
Processing Exod 39:25...
Successfully processed and saved output for Exod 39:25 to /Users/joshua/work/strong_number_embedding/sn_within_unv_selfgroup_segmentation/output/Exod/39/25
Processing complete.
Processing Exod 39:26...
Successfully processed and saved output for Exod 39:26 to /Users/joshua/work/strong_number_embedding/sn_within_unv_selfgroup_segmentation/output/Exod/39/26
Processing complete.
Processing Exod 39:27...
Successfully processed and saved output for Exod 39:27 to /Users/joshua/work/strong_number_embedding/sn_within_unv_selfgroup_segmentation/output/Exod/39/27
Processing complete.
Processing Exod 39:28...
Successfully processed and saved output for Exod 39:28 to /Users/joshua/work/strong_number_embedding/sn_within_unv_selfgroup_segmentation/output/Exod/39/28
Processing complete.
Processing Exod 39:29...
Successfully processed and saved output for Exod 39:29 to /Users/joshua/work/strong_number_embedding/sn_within_unv_selfgroup_segmentation/output/Exod/39/29
Processing complete.
Processing Exod 39:30...
Successfully processed and saved output for Exod 39:30 to /Users/joshua/work/strong_number_embedding/sn_within_unv_selfgroup_segmentation/output/Exod/39/30
Processing complete.
Processing Exod 39:31...
Successfully processed and saved output for Exod 39:31 to /Users/joshua/work/strong_number_embedding/sn_within_unv_selfgroup_segmentation/output/Exod/39/31
Processing complete.
Processing Exod 39:32...
Successfully processed and saved output for Exod 39:32 to /Users/joshua/work/strong_number_embedding/sn_within_unv_selfgroup_segmentation/output/Exod/39/32
Processing complete.
Processing Exod 39:33...
Successfully processed and saved output for Exod 39:33 to /Users/joshua/work/strong_number_embedding/sn_within_unv_selfgroup_segmentation/output/Exod/39/33
Processing complete.
Processing Exod 39:34...
Successfully processed and saved output for Exod 39:34 to /Users/joshua/work/strong_number_embedding/sn_within_unv_selfgroup_segmentation/output/Exod/39/34
Processing complete.
Processing Exod 39:35...
Successfully processed and saved output for Exod 39:35 to /Users/joshua/work/strong_number_embedding/sn_within_unv_selfgroup_segmentation/output/Exod/39/35
Processing complete.
Processing Exod 39:36...
Successfully processed and saved output for Exod 39:36 to /Users/joshua/work/strong_number_embedding/sn_within_unv_selfgroup_segmentation/output/Exod/39/36
Processing complete.
Processing Exod 39:37...
Successfully processed and saved output for Exod 39:37 to /Users/joshua/work/strong_number_embedding/sn_within_unv_selfgroup_segmentation/output/Exod/39/37
Processing complete.
Processing Exod 39:38...
Successfully processed and saved output for Exod 39:38 to /Users/joshua/work/strong_number_embedding/sn_within_unv_selfgroup_segmentation/output/Exod/39/38
Processing complete.
Processing Exod 39:39...
Successfully processed and saved output for Exod 39:39 to /Users/joshua/work/strong_number_embedding/sn_within_unv_selfgroup_segmentation/output/Exod/39/39
Processing complete.
Processing Exod 39:40...
Successfully processed and saved output for Exod 39:40 to /Users/joshua/work/strong_number_embedding/sn_within_unv_selfgroup_segmentation/output/Exod/39/40
Processing complete.
Processing Exod 39:41...
Successfully processed and saved output for Exod 39:41 to /Users/joshua/work/strong_number_embedding/sn_within_unv_selfgroup_segmentation/output/Exod/39/41
Processing complete.
Processing Exod 39:42...
Successfully processed and saved output for Exod 39:42 to /Users/joshua/work/strong_number_embedding/sn_within_unv_selfgroup_segmentation/output/Exod/39/42
Processing complete.
Processing Exod 39:43...
Successfully processed and saved output for Exod 39:43 to /Users/joshua/work/strong_number_embedding/sn_within_unv_selfgroup_segmentation/output/Exod/39/43
Processing complete.
Processing Exod 40:1...
Successfully processed and saved output for Exod 40:1 to /Users/joshua/work/strong_number_embedding/sn_within_unv_selfgroup_segmentation/output/Exod/40/1
Processing complete.
Processing Exod 40:2...
Successfully processed and saved output for Exod 40:2 to /Users/joshua/work/strong_number_embedding/sn_within_unv_selfgroup_segmentation/output/Exod/40/2
Processing complete.
Processing Exod 40:3...
Successfully processed and saved output for Exod 40:3 to /Users/joshua/work/strong_number_embedding/sn_within_unv_selfgroup_segmentation/output/Exod/40/3
Processing complete.
Processing Exod 40:4...
Successfully processed and saved output for Exod 40:4 to /Users/joshua/work/strong_number_embedding/sn_within_unv_selfgroup_segmentation/output/Exod/40/4
Processing complete.
Processing Exod 40:5...
Successfully processed and saved output for Exod 40:5 to /Users/joshua/work/strong_number_embedding/sn_within_unv_selfgroup_segmentation/output/Exod/40/5
Processing complete.
Processing Exod 40:6...
Successfully processed and saved output for Exod 40:6 to /Users/joshua/work/strong_number_embedding/sn_within_unv_selfgroup_segmentation/output/Exod/40/6
Processing complete.
Processing Exod 40:7...
Successfully processed and saved output for Exod 40:7 to /Users/joshua/work/strong_number_embedding/sn_within_unv_selfgroup_segmentation/output/Exod/40/7
Processing complete.
Processing Exod 40:8...
Successfully processed and saved output for Exod 40:8 to /Users/joshua/work/strong_number_embedding/sn_within_unv_selfgroup_segmentation/output/Exod/40/8
Processing complete.
Processing Exod 40:9...
Successfully processed and saved output for Exod 40:9 to /Users/joshua/work/strong_number_embedding/sn_within_unv_selfgroup_segmentation/output/Exod/40/9
Processing complete.
Processing Exod 40:10...
Successfully processed and saved output for Exod 40:10 to /Users/joshua/work/strong_number_embedding/sn_within_unv_selfgroup_segmentation/output/Exod/40/10
Processing complete.
Processing Exod 40:11...
Successfully processed and saved output for Exod 40:11 to /Users/joshua/work/strong_number_embedding/sn_within_unv_selfgroup_segmentation/output/Exod/40/11
Processing complete.
Processing Exod 40:12...
Successfully processed and saved output for Exod 40:12 to /Users/joshua/work/strong_number_embedding/sn_within_unv_selfgroup_segmentation/output/Exod/40/12
Processing complete.
Processing Exod 40:13...
Successfully processed and saved output for Exod 40:13 to /Users/joshua/work/strong_number_embedding/sn_within_unv_selfgroup_segmentation/output/Exod/40/13
Processing complete.
Processing Exod 40:14...
Successfully processed and saved output for Exod 40:14 to /Users/joshua/work/strong_number_embedding/sn_within_unv_selfgroup_segmentation/output/Exod/40/14
Processing complete.
Processing Exod 40:15...
Successfully processed and saved output for Exod 40:15 to /Users/joshua/work/strong_number_embedding/sn_within_unv_selfgroup_segmentation/output/Exod/40/15
Processing complete.
Processing Exod 40:16...
Successfully processed and saved output for Exod 40:16 to /Users/joshua/work/strong_number_embedding/sn_within_unv_selfgroup_segmentation/output/Exod/40/16
Processing complete.
Processing Exod 40:17...
Successfully processed and saved output for Exod 40:17 to /Users/joshua/work/strong_number_embedding/sn_within_unv_selfgroup_segmentation/output/Exod/40/17
Processing complete.
Processing Exod 40:18...
Successfully processed and saved output for Exod 40:18 to /Users/joshua/work/strong_number_embedding/sn_within_unv_selfgroup_segmentation/output/Exod/40/18
Processing complete.
Processing Exod 40:19...
Successfully processed and saved output for Exod 40:19 to /Users/joshua/work/strong_number_embedding/sn_within_unv_selfgroup_segmentation/output/Exod/40/19
Processing complete.
Processing Exod 40:20...
Successfully processed and saved output for Exod 40:20 to /Users/joshua/work/strong_number_embedding/sn_within_unv_selfgroup_segmentation/output/Exod/40/20
Processing complete.
Processing Exod 40:21...
Successfully processed and saved output for Exod 40:21 to /Users/joshua/work/strong_number_embedding/sn_within_unv_selfgroup_segmentation/output/Exod/40/21
Processing complete.
Processing Exod 40:22...
Successfully processed and saved output for Exod 40:22 to /Users/joshua/work/strong_number_embedding/sn_within_unv_selfgroup_segmentation/output/Exod/40/22
Processing complete.
Processing Exod 40:23...
Successfully processed and saved output for Exod 40:23 to /Users/joshua/work/strong_number_embedding/sn_within_unv_selfgroup_segmentation/output/Exod/40/23
Processing complete.
Processing Exod 40:24...
Successfully processed and saved output for Exod 40:24 to /Users/joshua/work/strong_number_embedding/sn_within_unv_selfgroup_segmentation/output/Exod/40/24
Processing complete.
Processing Exod 40:25...
Successfully processed and saved output for Exod 40:25 to /Users/joshua/work/strong_number_embedding/sn_within_unv_selfgroup_segmentation/output/Exod/40/25
Processing complete.
Processing Exod 40:26...
Successfully processed and saved output for Exod 40:26 to /Users/joshua/work/strong_number_embedding/sn_within_unv_selfgroup_segmentation/output/Exod/40/26
Processing complete.
Processing Exod 40:27...
Successfully processed and saved output for Exod 40:27 to /Users/joshua/work/strong_number_embedding/sn_within_unv_selfgroup_segmentation/output/Exod/40/27
Processing complete.
Processing Exod 40:28...
Successfully processed and saved output for Exod 40:28 to /Users/joshua/work/strong_number_embedding/sn_within_unv_selfgroup_segmentation/output/Exod/40/28
Processing complete.
Processing Exod 40:29...
Successfully processed and saved output for Exod 40:29 to /Users/joshua/work/strong_number_embedding/sn_within_unv_selfgroup_segmentation/output/Exod/40/29
Processing complete.
Processing Exod 40:30...
Successfully processed and saved output for Exod 40:30 to /Users/joshua/work/strong_number_embedding/sn_within_unv_selfgroup_segmentation/output/Exod/40/30
Processing complete.
Processing Exod 40:31...
Successfully processed and saved output for Exod 40:31 to /Users/joshua/work/strong_number_embedding/sn_within_unv_selfgroup_segmentation/output/Exod/40/31
Processing complete.
Processing Exod 40:32...
Successfully processed and saved output for Exod 40:32 to /Users/joshua/work/strong_number_embedding/sn_within_unv_selfgroup_segmentation/output/Exod/40/32
Processing complete.
Processing Exod 40:33...
Successfully processed and saved output for Exod 40:33 to /Users/joshua/work/strong_number_embedding/sn_within_unv_selfgroup_segmentation/output/Exod/40/33
Processing complete.
Processing Exod 40:34...
Successfully processed and saved output for Exod 40:34 to /Users/joshua/work/strong_number_embedding/sn_within_unv_selfgroup_segmentation/output/Exod/40/34
Processing complete.
Processing Exod 40:35...
Successfully processed and saved output for Exod 40:35 to /Users/joshua/work/strong_number_embedding/sn_within_unv_selfgroup_segmentation/output/Exod/40/35
Processing complete.
Processing Exod 40:36...
Successfully processed and saved output for Exod 40:36 to /Users/joshua/work/strong_number_embedding/sn_within_unv_selfgroup_segmentation/output/Exod/40/36
Processing complete.
Processing Exod 40:37...
Successfully processed and saved output for Exod 40:37 to /Users/joshua/work/strong_number_embedding/sn_within_unv_selfgroup_segmentation/output/Exod/40/37
Processing complete.
Processing Exod 40:38...
Successfully processed and saved output for Exod 40:38 to /Users/joshua/work/strong_number_embedding/sn_within_unv_selfgroup_segmentation/output/Exod/40/38
Processing complete.
