Processing Gen 1:1...
Successfully processed and saved output for Gen 1:1 to /Users/joshua/work/strong_number_embedding/sn_within_unv_selfgroup_segmentation/output/Gen/1/1
Processing complete.
Processing Gen 1:2...
Successfully processed and saved output for Gen 1:2 to /Users/joshua/work/strong_number_embedding/sn_within_unv_selfgroup_segmentation/output/Gen/1/2
Processing complete.
Processing Gen 1:3...
Successfully processed and saved output for Gen 1:3 to /Users/joshua/work/strong_number_embedding/sn_within_unv_selfgroup_segmentation/output/Gen/1/3
Processing complete.
Processing Gen 1:4...
Successfully processed and saved output for Gen 1:4 to /Users/joshua/work/strong_number_embedding/sn_within_unv_selfgroup_segmentation/output/Gen/1/4
Processing complete.
Processing Gen 1:5...
Successfully processed and saved output for Gen 1:5 to /Users/joshua/work/strong_number_embedding/sn_within_unv_selfgroup_segmentation/output/Gen/1/5
Processing complete.
Processing Gen 1:6...
Successfully processed and saved output for Gen 1:6 to /Users/joshua/work/strong_number_embedding/sn_within_unv_selfgroup_segmentation/output/Gen/1/6
Processing complete.
Processing Gen 1:7...
Successfully processed and saved output for Gen 1:7 to /Users/joshua/work/strong_number_embedding/sn_within_unv_selfgroup_segmentation/output/Gen/1/7
Processing complete.
Processing Gen 1:8...
Successfully processed and saved output for Gen 1:8 to /Users/joshua/work/strong_number_embedding/sn_within_unv_selfgroup_segmentation/output/Gen/1/8
Processing complete.
Processing Gen 1:9...
Successfully processed and saved output for Gen 1:9 to /Users/joshua/work/strong_number_embedding/sn_within_unv_selfgroup_segmentation/output/Gen/1/9
Processing complete.
Processing Gen 1:10...
Successfully processed and saved output for Gen 1:10 to /Users/joshua/work/strong_number_embedding/sn_within_unv_selfgroup_segmentation/output/Gen/1/10
Processing complete.
Processing Gen 1:11...
Successfully processed and saved output for Gen 1:11 to /Users/joshua/work/strong_number_embedding/sn_within_unv_selfgroup_segmentation/output/Gen/1/11
Processing complete.
Processing Gen 1:12...
Successfully processed and saved output for Gen 1:12 to /Users/joshua/work/strong_number_embedding/sn_within_unv_selfgroup_segmentation/output/Gen/1/12
Processing complete.
Processing Gen 1:13...
Successfully processed and saved output for Gen 1:13 to /Users/joshua/work/strong_number_embedding/sn_within_unv_selfgroup_segmentation/output/Gen/1/13
Processing complete.
Processing Gen 1:14...
Successfully processed and saved output for Gen 1:14 to /Users/joshua/work/strong_number_embedding/sn_within_unv_selfgroup_segmentation/output/Gen/1/14
Processing complete.
Processing Gen 1:15...
Successfully processed and saved output for Gen 1:15 to /Users/joshua/work/strong_number_embedding/sn_within_unv_selfgroup_segmentation/output/Gen/1/15
Processing complete.
Processing Gen 1:16...
Successfully processed and saved output for Gen 1:16 to /Users/joshua/work/strong_number_embedding/sn_within_unv_selfgroup_segmentation/output/Gen/1/16
Processing complete.
Processing Gen 1:17...
Successfully processed and saved output for Gen 1:17 to /Users/joshua/work/strong_number_embedding/sn_within_unv_selfgroup_segmentation/output/Gen/1/17
Processing complete.
Processing Gen 1:18...
Successfully processed and saved output for Gen 1:18 to /Users/joshua/work/strong_number_embedding/sn_within_unv_selfgroup_segmentation/output/Gen/1/18
Processing complete.
Processing Gen 1:19...
Successfully processed and saved output for Gen 1:19 to /Users/joshua/work/strong_number_embedding/sn_within_unv_selfgroup_segmentation/output/Gen/1/19
Processing complete.
Processing Gen 1:20...
Successfully processed and saved output for Gen 1:20 to /Users/joshua/work/strong_number_embedding/sn_within_unv_selfgroup_segmentation/output/Gen/1/20
Processing complete.
Processing Gen 1:21...
Successfully processed and saved output for Gen 1:21 to /Users/joshua/work/strong_number_embedding/sn_within_unv_selfgroup_segmentation/output/Gen/1/21
Processing complete.
Processing Gen 1:22...
Successfully processed and saved output for Gen 1:22 to /Users/joshua/work/strong_number_embedding/sn_within_unv_selfgroup_segmentation/output/Gen/1/22
Processing complete.
Processing Gen 1:23...
Successfully processed and saved output for Gen 1:23 to /Users/joshua/work/strong_number_embedding/sn_within_unv_selfgroup_segmentation/output/Gen/1/23
Processing complete.
Processing Gen 1:24...
Successfully processed and saved output for Gen 1:24 to /Users/joshua/work/strong_number_embedding/sn_within_unv_selfgroup_segmentation/output/Gen/1/24
Processing complete.
Processing Gen 1:25...
Successfully processed and saved output for Gen 1:25 to /Users/joshua/work/strong_number_embedding/sn_within_unv_selfgroup_segmentation/output/Gen/1/25
Processing complete.
Processing Gen 1:26...
Successfully processed and saved output for Gen 1:26 to /Users/joshua/work/strong_number_embedding/sn_within_unv_selfgroup_segmentation/output/Gen/1/26
Processing complete.
Processing Gen 1:27...
Successfully processed and saved output for Gen 1:27 to /Users/joshua/work/strong_number_embedding/sn_within_unv_selfgroup_segmentation/output/Gen/1/27
Processing complete.
Processing Gen 1:28...
Successfully processed and saved output for Gen 1:28 to /Users/joshua/work/strong_number_embedding/sn_within_unv_selfgroup_segmentation/output/Gen/1/28
Processing complete.
Processing Gen 1:29...
Successfully processed and saved output for Gen 1:29 to /Users/joshua/work/strong_number_embedding/sn_within_unv_selfgroup_segmentation/output/Gen/1/29
Processing complete.
Processing Gen 1:30...
Successfully processed and saved output for Gen 1:30 to /Users/joshua/work/strong_number_embedding/sn_within_unv_selfgroup_segmentation/output/Gen/1/30
Processing complete.
Processing Gen 1:31...
Successfully processed and saved output for Gen 1:31 to /Users/joshua/work/strong_number_embedding/sn_within_unv_selfgroup_segmentation/output/Gen/1/31
Processing complete.
Processing Gen 2:1...
Successfully processed and saved output for Gen 2:1 to /Users/joshua/work/strong_number_embedding/sn_within_unv_selfgroup_segmentation/output/Gen/2/1
Processing complete.
Processing Gen 2:2...
Successfully processed and saved output for Gen 2:2 to /Users/joshua/work/strong_number_embedding/sn_within_unv_selfgroup_segmentation/output/Gen/2/2
Processing complete.
Processing Gen 2:3...
Successfully processed and saved output for Gen 2:3 to /Users/joshua/work/strong_number_embedding/sn_within_unv_selfgroup_segmentation/output/Gen/2/3
Processing complete.
Processing Gen 2:4...
Successfully processed and saved output for Gen 2:4 to /Users/joshua/work/strong_number_embedding/sn_within_unv_selfgroup_segmentation/output/Gen/2/4
Processing complete.
Processing Gen 2:5...
Successfully processed and saved output for Gen 2:5 to /Users/joshua/work/strong_number_embedding/sn_within_unv_selfgroup_segmentation/output/Gen/2/5
Processing complete.
Processing Gen 2:6...
Successfully processed and saved output for Gen 2:6 to /Users/joshua/work/strong_number_embedding/sn_within_unv_selfgroup_segmentation/output/Gen/2/6
Processing complete.
Processing Gen 2:7...
Successfully processed and saved output for Gen 2:7 to /Users/joshua/work/strong_number_embedding/sn_within_unv_selfgroup_segmentation/output/Gen/2/7
Processing complete.
Processing Gen 2:8...
Successfully processed and saved output for Gen 2:8 to /Users/joshua/work/strong_number_embedding/sn_within_unv_selfgroup_segmentation/output/Gen/2/8
Processing complete.
Processing Gen 2:9...
Successfully processed and saved output for Gen 2:9 to /Users/joshua/work/strong_number_embedding/sn_within_unv_selfgroup_segmentation/output/Gen/2/9
Processing complete.
Processing Gen 2:10...
Successfully processed and saved output for Gen 2:10 to /Users/joshua/work/strong_number_embedding/sn_within_unv_selfgroup_segmentation/output/Gen/2/10
Processing complete.
Processing Gen 2:11...
Successfully processed and saved output for Gen 2:11 to /Users/joshua/work/strong_number_embedding/sn_within_unv_selfgroup_segmentation/output/Gen/2/11
Processing complete.
Processing Gen 2:12...
Successfully processed and saved output for Gen 2:12 to /Users/joshua/work/strong_number_embedding/sn_within_unv_selfgroup_segmentation/output/Gen/2/12
Processing complete.
Processing Gen 2:13...
Successfully processed and saved output for Gen 2:13 to /Users/joshua/work/strong_number_embedding/sn_within_unv_selfgroup_segmentation/output/Gen/2/13
Processing complete.
Processing Gen 2:14...
Successfully processed and saved output for Gen 2:14 to /Users/joshua/work/strong_number_embedding/sn_within_unv_selfgroup_segmentation/output/Gen/2/14
Processing complete.
Processing Gen 2:15...
Successfully processed and saved output for Gen 2:15 to /Users/joshua/work/strong_number_embedding/sn_within_unv_selfgroup_segmentation/output/Gen/2/15
Processing complete.
Error running parse_verse_v1_6 for Gen 2:16: 'list' object has no attribute 'lstrip'
Failed to process Gen 2:16. Exiting.
Processing Gen 2:16...
Processing Gen 2:17...
Successfully processed and saved output for Gen 2:17 to /Users/joshua/work/strong_number_embedding/sn_within_unv_selfgroup_segmentation/output/Gen/2/17
Processing complete.
Processing Gen 2:18...
Successfully processed and saved output for Gen 2:18 to /Users/joshua/work/strong_number_embedding/sn_within_unv_selfgroup_segmentation/output/Gen/2/18
Processing complete.
Processing Gen 2:19...
Successfully processed and saved output for Gen 2:19 to /Users/joshua/work/strong_number_embedding/sn_within_unv_selfgroup_segmentation/output/Gen/2/19
Processing complete.
Processing Gen 2:20...
Successfully processed and saved output for Gen 2:20 to /Users/joshua/work/strong_number_embedding/sn_within_unv_selfgroup_segmentation/output/Gen/2/20
Processing complete.
Processing Gen 2:21...
Successfully processed and saved output for Gen 2:21 to /Users/joshua/work/strong_number_embedding/sn_within_unv_selfgroup_segmentation/output/Gen/2/21
Processing complete.
Processing Gen 2:22...
Successfully processed and saved output for Gen 2:22 to /Users/joshua/work/strong_number_embedding/sn_within_unv_selfgroup_segmentation/output/Gen/2/22
Processing complete.
Processing Gen 2:23...
Successfully processed and saved output for Gen 2:23 to /Users/joshua/work/strong_number_embedding/sn_within_unv_selfgroup_segmentation/output/Gen/2/23
Processing complete.
Processing Gen 2:24...
Successfully processed and saved output for Gen 2:24 to /Users/joshua/work/strong_number_embedding/sn_within_unv_selfgroup_segmentation/output/Gen/2/24
Processing complete.
Processing Gen 2:25...
Successfully processed and saved output for Gen 2:25 to /Users/joshua/work/strong_number_embedding/sn_within_unv_selfgroup_segmentation/output/Gen/2/25
Processing complete.
Processing Gen 3:1...
Successfully processed and saved output for Gen 3:1 to /Users/joshua/work/strong_number_embedding/sn_within_unv_selfgroup_segmentation/output/Gen/3/1
Processing complete.
Processing Gen 3:2...
Successfully processed and saved output for Gen 3:2 to /Users/joshua/work/strong_number_embedding/sn_within_unv_selfgroup_segmentation/output/Gen/3/2
Processing complete.
Processing Gen 3:3...
Successfully processed and saved output for Gen 3:3 to /Users/joshua/work/strong_number_embedding/sn_within_unv_selfgroup_segmentation/output/Gen/3/3
Processing complete.
Processing Gen 3:4...
Successfully processed and saved output for Gen 3:4 to /Users/joshua/work/strong_number_embedding/sn_within_unv_selfgroup_segmentation/output/Gen/3/4
Processing complete.
Processing Gen 3:5...
Successfully processed and saved output for Gen 3:5 to /Users/joshua/work/strong_number_embedding/sn_within_unv_selfgroup_segmentation/output/Gen/3/5
Processing complete.
Processing Gen 3:6...
Successfully processed and saved output for Gen 3:6 to /Users/joshua/work/strong_number_embedding/sn_within_unv_selfgroup_segmentation/output/Gen/3/6
Processing complete.
Processing Gen 3:7...
Successfully processed and saved output for Gen 3:7 to /Users/joshua/work/strong_number_embedding/sn_within_unv_selfgroup_segmentation/output/Gen/3/7
Processing complete.
Processing Gen 3:8...
Successfully processed and saved output for Gen 3:8 to /Users/joshua/work/strong_number_embedding/sn_within_unv_selfgroup_segmentation/output/Gen/3/8
Processing complete.
Processing Gen 3:9...
Successfully processed and saved output for Gen 3:9 to /Users/joshua/work/strong_number_embedding/sn_within_unv_selfgroup_segmentation/output/Gen/3/9
Processing complete.
Processing Gen 3:10...
Successfully processed and saved output for Gen 3:10 to /Users/joshua/work/strong_number_embedding/sn_within_unv_selfgroup_segmentation/output/Gen/3/10
Processing complete.
Processing Gen 3:11...
Successfully processed and saved output for Gen 3:11 to /Users/joshua/work/strong_number_embedding/sn_within_unv_selfgroup_segmentation/output/Gen/3/11
Processing complete.
Processing Gen 3:12...
Successfully processed and saved output for Gen 3:12 to /Users/joshua/work/strong_number_embedding/sn_within_unv_selfgroup_segmentation/output/Gen/3/12
Processing complete.
Processing Gen 3:13...
Successfully processed and saved output for Gen 3:13 to /Users/joshua/work/strong_number_embedding/sn_within_unv_selfgroup_segmentation/output/Gen/3/13
Processing complete.
Processing Gen 3:14...
Successfully processed and saved output for Gen 3:14 to /Users/joshua/work/strong_number_embedding/sn_within_unv_selfgroup_segmentation/output/Gen/3/14
Processing complete.
Processing Gen 3:15...
Successfully processed and saved output for Gen 3:15 to /Users/joshua/work/strong_number_embedding/sn_within_unv_selfgroup_segmentation/output/Gen/3/15
Processing complete.
Processing Gen 3:16...
Successfully processed and saved output for Gen 3:16 to /Users/joshua/work/strong_number_embedding/sn_within_unv_selfgroup_segmentation/output/Gen/3/16
Processing complete.
Processing Gen 3:17...
Successfully processed and saved output for Gen 3:17 to /Users/joshua/work/strong_number_embedding/sn_within_unv_selfgroup_segmentation/output/Gen/3/17
Processing complete.
Processing Gen 3:18...
Successfully processed and saved output for Gen 3:18 to /Users/joshua/work/strong_number_embedding/sn_within_unv_selfgroup_segmentation/output/Gen/3/18
Processing complete.
Processing Gen 3:19...
Successfully processed and saved output for Gen 3:19 to /Users/joshua/work/strong_number_embedding/sn_within_unv_selfgroup_segmentation/output/Gen/3/19
Processing complete.
Processing Gen 3:20...
Successfully processed and saved output for Gen 3:20 to /Users/joshua/work/strong_number_embedding/sn_within_unv_selfgroup_segmentation/output/Gen/3/20
Processing complete.
Processing Gen 3:21...
Successfully processed and saved output for Gen 3:21 to /Users/joshua/work/strong_number_embedding/sn_within_unv_selfgroup_segmentation/output/Gen/3/21
Processing complete.
Processing Gen 3:22...
Successfully processed and saved output for Gen 3:22 to /Users/joshua/work/strong_number_embedding/sn_within_unv_selfgroup_segmentation/output/Gen/3/22
Processing complete.
Processing Gen 3:23...
Successfully processed and saved output for Gen 3:23 to /Users/joshua/work/strong_number_embedding/sn_within_unv_selfgroup_segmentation/output/Gen/3/23
Processing complete.
Processing Gen 3:24...
Successfully processed and saved output for Gen 3:24 to /Users/joshua/work/strong_number_embedding/sn_within_unv_selfgroup_segmentation/output/Gen/3/24
Processing complete.
Processing Gen 4:1...
Successfully processed and saved output for Gen 4:1 to /Users/joshua/work/strong_number_embedding/sn_within_unv_selfgroup_segmentation/output/Gen/4/1
Processing complete.
Processing Gen 4:2...
Successfully processed and saved output for Gen 4:2 to /Users/joshua/work/strong_number_embedding/sn_within_unv_selfgroup_segmentation/output/Gen/4/2
Processing complete.
Processing Gen 4:3...
Successfully processed and saved output for Gen 4:3 to /Users/joshua/work/strong_number_embedding/sn_within_unv_selfgroup_segmentation/output/Gen/4/3
Processing complete.
Processing Gen 4:4...
Successfully processed and saved output for Gen 4:4 to /Users/joshua/work/strong_number_embedding/sn_within_unv_selfgroup_segmentation/output/Gen/4/4
Processing complete.
Processing Gen 4:5...
Successfully processed and saved output for Gen 4:5 to /Users/joshua/work/strong_number_embedding/sn_within_unv_selfgroup_segmentation/output/Gen/4/5
Processing complete.
Processing Gen 4:6...
Successfully processed and saved output for Gen 4:6 to /Users/joshua/work/strong_number_embedding/sn_within_unv_selfgroup_segmentation/output/Gen/4/6
Processing complete.
Processing Gen 4:7...
Successfully processed and saved output for Gen 4:7 to /Users/joshua/work/strong_number_embedding/sn_within_unv_selfgroup_segmentation/output/Gen/4/7
Processing complete.
Processing Gen 4:8...
Successfully processed and saved output for Gen 4:8 to /Users/joshua/work/strong_number_embedding/sn_within_unv_selfgroup_segmentation/output/Gen/4/8
Processing complete.
Processing Gen 4:9...
Successfully processed and saved output for Gen 4:9 to /Users/joshua/work/strong_number_embedding/sn_within_unv_selfgroup_segmentation/output/Gen/4/9
Processing complete.
Processing Gen 4:10...
Successfully processed and saved output for Gen 4:10 to /Users/joshua/work/strong_number_embedding/sn_within_unv_selfgroup_segmentation/output/Gen/4/10
Processing complete.
Processing Gen 4:11...
Successfully processed and saved output for Gen 4:11 to /Users/joshua/work/strong_number_embedding/sn_within_unv_selfgroup_segmentation/output/Gen/4/11
Processing complete.
Processing Gen 4:12...
Successfully processed and saved output for Gen 4:12 to /Users/joshua/work/strong_number_embedding/sn_within_unv_selfgroup_segmentation/output/Gen/4/12
Processing complete.
Processing Gen 4:13...
Successfully processed and saved output for Gen 4:13 to /Users/joshua/work/strong_number_embedding/sn_within_unv_selfgroup_segmentation/output/Gen/4/13
Processing complete.
Processing Gen 4:14...
Successfully processed and saved output for Gen 4:14 to /Users/joshua/work/strong_number_embedding/sn_within_unv_selfgroup_segmentation/output/Gen/4/14
Processing complete.
Processing Gen 4:15...
Successfully processed and saved output for Gen 4:15 to /Users/joshua/work/strong_number_embedding/sn_within_unv_selfgroup_segmentation/output/Gen/4/15
Processing complete.
Processing Gen 4:16...
Successfully processed and saved output for Gen 4:16 to /Users/joshua/work/strong_number_embedding/sn_within_unv_selfgroup_segmentation/output/Gen/4/16
Processing complete.
Processing Gen 4:17...
Successfully processed and saved output for Gen 4:17 to /Users/joshua/work/strong_number_embedding/sn_within_unv_selfgroup_segmentation/output/Gen/4/17
Processing complete.
Processing Gen 4:18...
Successfully processed and saved output for Gen 4:18 to /Users/joshua/work/strong_number_embedding/sn_within_unv_selfgroup_segmentation/output/Gen/4/18
Processing complete.
Processing Gen 4:19...
Successfully processed and saved output for Gen 4:19 to /Users/joshua/work/strong_number_embedding/sn_within_unv_selfgroup_segmentation/output/Gen/4/19
Processing complete.
Processing Gen 4:20...
Successfully processed and saved output for Gen 4:20 to /Users/joshua/work/strong_number_embedding/sn_within_unv_selfgroup_segmentation/output/Gen/4/20
Processing complete.
Processing Gen 4:21...
Successfully processed and saved output for Gen 4:21 to /Users/joshua/work/strong_number_embedding/sn_within_unv_selfgroup_segmentation/output/Gen/4/21
Processing complete.
Processing Gen 4:22...
Successfully processed and saved output for Gen 4:22 to /Users/joshua/work/strong_number_embedding/sn_within_unv_selfgroup_segmentation/output/Gen/4/22
Processing complete.
Processing Gen 4:23...
Successfully processed and saved output for Gen 4:23 to /Users/joshua/work/strong_number_embedding/sn_within_unv_selfgroup_segmentation/output/Gen/4/23
Processing complete.
Processing Gen 4:24...
Successfully processed and saved output for Gen 4:24 to /Users/joshua/work/strong_number_embedding/sn_within_unv_selfgroup_segmentation/output/Gen/4/24
Processing complete.
Processing Gen 4:25...
Successfully processed and saved output for Gen 4:25 to /Users/joshua/work/strong_number_embedding/sn_within_unv_selfgroup_segmentation/output/Gen/4/25
Processing complete.
Processing Gen 4:26...
Successfully processed and saved output for Gen 4:26 to /Users/joshua/work/strong_number_embedding/sn_within_unv_selfgroup_segmentation/output/Gen/4/26
Processing complete.
Processing Gen 5:1...
Successfully processed and saved output for Gen 5:1 to /Users/joshua/work/strong_number_embedding/sn_within_unv_selfgroup_segmentation/output/Gen/5/1
Processing complete.
Processing Gen 5:2...
Successfully processed and saved output for Gen 5:2 to /Users/joshua/work/strong_number_embedding/sn_within_unv_selfgroup_segmentation/output/Gen/5/2
Processing complete.
Processing Gen 5:3...
Successfully processed and saved output for Gen 5:3 to /Users/joshua/work/strong_number_embedding/sn_within_unv_selfgroup_segmentation/output/Gen/5/3
Processing complete.
Processing Gen 5:4...
Successfully processed and saved output for Gen 5:4 to /Users/joshua/work/strong_number_embedding/sn_within_unv_selfgroup_segmentation/output/Gen/5/4
Processing complete.
Processing Gen 5:5...
Successfully processed and saved output for Gen 5:5 to /Users/joshua/work/strong_number_embedding/sn_within_unv_selfgroup_segmentation/output/Gen/5/5
Processing complete.
Processing Gen 5:6...
Successfully processed and saved output for Gen 5:6 to /Users/joshua/work/strong_number_embedding/sn_within_unv_selfgroup_segmentation/output/Gen/5/6
Processing complete.
Processing Gen 5:7...
Successfully processed and saved output for Gen 5:7 to /Users/joshua/work/strong_number_embedding/sn_within_unv_selfgroup_segmentation/output/Gen/5/7
Processing complete.
Processing Gen 5:8...
Successfully processed and saved output for Gen 5:8 to /Users/joshua/work/strong_number_embedding/sn_within_unv_selfgroup_segmentation/output/Gen/5/8
Processing complete.
Processing Gen 5:9...
Successfully processed and saved output for Gen 5:9 to /Users/joshua/work/strong_number_embedding/sn_within_unv_selfgroup_segmentation/output/Gen/5/9
Processing complete.
Processing Gen 5:10...
Successfully processed and saved output for Gen 5:10 to /Users/joshua/work/strong_number_embedding/sn_within_unv_selfgroup_segmentation/output/Gen/5/10
Processing complete.
Processing Gen 5:11...
Successfully processed and saved output for Gen 5:11 to /Users/joshua/work/strong_number_embedding/sn_within_unv_selfgroup_segmentation/output/Gen/5/11
Processing complete.
Processing Gen 5:12...
Successfully processed and saved output for Gen 5:12 to /Users/joshua/work/strong_number_embedding/sn_within_unv_selfgroup_segmentation/output/Gen/5/12
Processing complete.
Processing Gen 5:13...
Successfully processed and saved output for Gen 5:13 to /Users/joshua/work/strong_number_embedding/sn_within_unv_selfgroup_segmentation/output/Gen/5/13
Processing complete.
Processing Gen 5:14...
Successfully processed and saved output for Gen 5:14 to /Users/joshua/work/strong_number_embedding/sn_within_unv_selfgroup_segmentation/output/Gen/5/14
Processing complete.
Processing Gen 5:15...
Successfully processed and saved output for Gen 5:15 to /Users/joshua/work/strong_number_embedding/sn_within_unv_selfgroup_segmentation/output/Gen/5/15
Processing complete.
Processing Gen 5:16...
Successfully processed and saved output for Gen 5:16 to /Users/joshua/work/strong_number_embedding/sn_within_unv_selfgroup_segmentation/output/Gen/5/16
Processing complete.
Processing Gen 5:17...
Successfully processed and saved output for Gen 5:17 to /Users/joshua/work/strong_number_embedding/sn_within_unv_selfgroup_segmentation/output/Gen/5/17
Processing complete.
Processing Gen 5:18...
Successfully processed and saved output for Gen 5:18 to /Users/joshua/work/strong_number_embedding/sn_within_unv_selfgroup_segmentation/output/Gen/5/18
Processing complete.
Processing Gen 5:19...
Successfully processed and saved output for Gen 5:19 to /Users/joshua/work/strong_number_embedding/sn_within_unv_selfgroup_segmentation/output/Gen/5/19
Processing complete.
Processing Gen 5:20...
Successfully processed and saved output for Gen 5:20 to /Users/joshua/work/strong_number_embedding/sn_within_unv_selfgroup_segmentation/output/Gen/5/20
Processing complete.
Processing Gen 5:21...
Successfully processed and saved output for Gen 5:21 to /Users/joshua/work/strong_number_embedding/sn_within_unv_selfgroup_segmentation/output/Gen/5/21
Processing complete.
Processing Gen 5:22...
Successfully processed and saved output for Gen 5:22 to /Users/joshua/work/strong_number_embedding/sn_within_unv_selfgroup_segmentation/output/Gen/5/22
Processing complete.
Processing Gen 5:23...
Successfully processed and saved output for Gen 5:23 to /Users/joshua/work/strong_number_embedding/sn_within_unv_selfgroup_segmentation/output/Gen/5/23
Processing complete.
Processing Gen 5:24...
Successfully processed and saved output for Gen 5:24 to /Users/joshua/work/strong_number_embedding/sn_within_unv_selfgroup_segmentation/output/Gen/5/24
Processing complete.
Processing Gen 5:25...
Successfully processed and saved output for Gen 5:25 to /Users/joshua/work/strong_number_embedding/sn_within_unv_selfgroup_segmentation/output/Gen/5/25
Processing complete.
Processing Gen 5:26...
Successfully processed and saved output for Gen 5:26 to /Users/joshua/work/strong_number_embedding/sn_within_unv_selfgroup_segmentation/output/Gen/5/26
Processing complete.
Processing Gen 5:27...
Successfully processed and saved output for Gen 5:27 to /Users/joshua/work/strong_number_embedding/sn_within_unv_selfgroup_segmentation/output/Gen/5/27
Processing complete.
Processing Gen 5:28...
Successfully processed and saved output for Gen 5:28 to /Users/joshua/work/strong_number_embedding/sn_within_unv_selfgroup_segmentation/output/Gen/5/28
Processing complete.
Processing Gen 5:29...
Successfully processed and saved output for Gen 5:29 to /Users/joshua/work/strong_number_embedding/sn_within_unv_selfgroup_segmentation/output/Gen/5/29
Processing complete.
Processing Gen 5:30...
Successfully processed and saved output for Gen 5:30 to /Users/joshua/work/strong_number_embedding/sn_within_unv_selfgroup_segmentation/output/Gen/5/30
Processing complete.
Processing Gen 5:31...
Successfully processed and saved output for Gen 5:31 to /Users/joshua/work/strong_number_embedding/sn_within_unv_selfgroup_segmentation/output/Gen/5/31
Processing complete.
Processing Gen 5:32...
Successfully processed and saved output for Gen 5:32 to /Users/joshua/work/strong_number_embedding/sn_within_unv_selfgroup_segmentation/output/Gen/5/32
Processing complete.
Processing Gen 6:1...
Successfully processed and saved output for Gen 6:1 to /Users/joshua/work/strong_number_embedding/sn_within_unv_selfgroup_segmentation/output/Gen/6/1
Processing complete.
Error running parse_verse_v1_6 for Gen 6:2: 'list' object has no attribute 'lstrip'
Failed to process Gen 6:2. Exiting.
Processing Gen 6:2...
Processing Gen 6:3...
Successfully processed and saved output for Gen 6:3 to /Users/joshua/work/strong_number_embedding/sn_within_unv_selfgroup_segmentation/output/Gen/6/3
Processing complete.
Processing Gen 6:4...
Successfully processed and saved output for Gen 6:4 to /Users/joshua/work/strong_number_embedding/sn_within_unv_selfgroup_segmentation/output/Gen/6/4
Processing complete.
Processing Gen 6:5...
Successfully processed and saved output for Gen 6:5 to /Users/joshua/work/strong_number_embedding/sn_within_unv_selfgroup_segmentation/output/Gen/6/5
Processing complete.
Processing Gen 6:6...
Successfully processed and saved output for Gen 6:6 to /Users/joshua/work/strong_number_embedding/sn_within_unv_selfgroup_segmentation/output/Gen/6/6
Processing complete.
Processing Gen 6:7...
Successfully processed and saved output for Gen 6:7 to /Users/joshua/work/strong_number_embedding/sn_within_unv_selfgroup_segmentation/output/Gen/6/7
Processing complete.
Processing Gen 6:8...
Successfully processed and saved output for Gen 6:8 to /Users/joshua/work/strong_number_embedding/sn_within_unv_selfgroup_segmentation/output/Gen/6/8
Processing complete.
Processing Gen 6:9...
Successfully processed and saved output for Gen 6:9 to /Users/joshua/work/strong_number_embedding/sn_within_unv_selfgroup_segmentation/output/Gen/6/9
Processing complete.
Processing Gen 6:10...
Successfully processed and saved output for Gen 6:10 to /Users/joshua/work/strong_number_embedding/sn_within_unv_selfgroup_segmentation/output/Gen/6/10
Processing complete.
Processing Gen 6:11...
Successfully processed and saved output for Gen 6:11 to /Users/joshua/work/strong_number_embedding/sn_within_unv_selfgroup_segmentation/output/Gen/6/11
Processing complete.
Processing Gen 6:12...
Successfully processed and saved output for Gen 6:12 to /Users/joshua/work/strong_number_embedding/sn_within_unv_selfgroup_segmentation/output/Gen/6/12
Processing complete.
Processing Gen 6:13...
Successfully processed and saved output for Gen 6:13 to /Users/joshua/work/strong_number_embedding/sn_within_unv_selfgroup_segmentation/output/Gen/6/13
Processing complete.
Processing Gen 6:14...
Successfully processed and saved output for Gen 6:14 to /Users/joshua/work/strong_number_embedding/sn_within_unv_selfgroup_segmentation/output/Gen/6/14
Processing complete.
Processing Gen 6:15...
Successfully processed and saved output for Gen 6:15 to /Users/joshua/work/strong_number_embedding/sn_within_unv_selfgroup_segmentation/output/Gen/6/15
Processing complete.
Processing Gen 6:16...
Successfully processed and saved output for Gen 6:16 to /Users/joshua/work/strong_number_embedding/sn_within_unv_selfgroup_segmentation/output/Gen/6/16
Processing complete.
Processing Gen 6:17...
Successfully processed and saved output for Gen 6:17 to /Users/joshua/work/strong_number_embedding/sn_within_unv_selfgroup_segmentation/output/Gen/6/17
Processing complete.
Processing Gen 6:18...
Successfully processed and saved output for Gen 6:18 to /Users/joshua/work/strong_number_embedding/sn_within_unv_selfgroup_segmentation/output/Gen/6/18
Processing complete.
Error running parse_verse_v1_6 for Gen 6:19: 'list' object has no attribute 'lstrip'
Failed to process Gen 6:19. Exiting.
Processing Gen 6:19...
Processing Gen 6:20...
Successfully processed and saved output for Gen 6:20 to /Users/joshua/work/strong_number_embedding/sn_within_unv_selfgroup_segmentation/output/Gen/6/20
Processing complete.
Processing Gen 6:21...
Successfully processed and saved output for Gen 6:21 to /Users/joshua/work/strong_number_embedding/sn_within_unv_selfgroup_segmentation/output/Gen/6/21
Processing complete.
Processing Gen 6:22...
Successfully processed and saved output for Gen 6:22 to /Users/joshua/work/strong_number_embedding/sn_within_unv_selfgroup_segmentation/output/Gen/6/22
Processing complete.
Processing Gen 7:1...
Successfully processed and saved output for Gen 7:1 to /Users/joshua/work/strong_number_embedding/sn_within_unv_selfgroup_segmentation/output/Gen/7/1
Processing complete.
Processing Gen 7:2...
Successfully processed and saved output for Gen 7:2 to /Users/joshua/work/strong_number_embedding/sn_within_unv_selfgroup_segmentation/output/Gen/7/2
Processing complete.
Processing Gen 7:3...
Successfully processed and saved output for Gen 7:3 to /Users/joshua/work/strong_number_embedding/sn_within_unv_selfgroup_segmentation/output/Gen/7/3
Processing complete.
Processing Gen 7:4...
Successfully processed and saved output for Gen 7:4 to /Users/joshua/work/strong_number_embedding/sn_within_unv_selfgroup_segmentation/output/Gen/7/4
Processing complete.
Processing Gen 7:5...
Successfully processed and saved output for Gen 7:5 to /Users/joshua/work/strong_number_embedding/sn_within_unv_selfgroup_segmentation/output/Gen/7/5
Processing complete.
Processing Gen 7:6...
Successfully processed and saved output for Gen 7:6 to /Users/joshua/work/strong_number_embedding/sn_within_unv_selfgroup_segmentation/output/Gen/7/6
Processing complete.
Processing Gen 7:7...
Successfully processed and saved output for Gen 7:7 to /Users/joshua/work/strong_number_embedding/sn_within_unv_selfgroup_segmentation/output/Gen/7/7
Processing complete.
Processing Gen 7:8...
Successfully processed and saved output for Gen 7:8 to /Users/joshua/work/strong_number_embedding/sn_within_unv_selfgroup_segmentation/output/Gen/7/8
Processing complete.
Processing Gen 7:9...
Successfully processed and saved output for Gen 7:9 to /Users/joshua/work/strong_number_embedding/sn_within_unv_selfgroup_segmentation/output/Gen/7/9
Processing complete.
Processing Gen 7:10...
Successfully processed and saved output for Gen 7:10 to /Users/joshua/work/strong_number_embedding/sn_within_unv_selfgroup_segmentation/output/Gen/7/10
Processing complete.
Processing Gen 7:11...
Successfully processed and saved output for Gen 7:11 to /Users/joshua/work/strong_number_embedding/sn_within_unv_selfgroup_segmentation/output/Gen/7/11
Processing complete.
Processing Gen 7:12...
Successfully processed and saved output for Gen 7:12 to /Users/joshua/work/strong_number_embedding/sn_within_unv_selfgroup_segmentation/output/Gen/7/12
Processing complete.
Processing Gen 7:13...
Successfully processed and saved output for Gen 7:13 to /Users/joshua/work/strong_number_embedding/sn_within_unv_selfgroup_segmentation/output/Gen/7/13
Processing complete.
Processing Gen 7:14...
Successfully processed and saved output for Gen 7:14 to /Users/joshua/work/strong_number_embedding/sn_within_unv_selfgroup_segmentation/output/Gen/7/14
Processing complete.
Processing Gen 7:15...
Successfully processed and saved output for Gen 7:15 to /Users/joshua/work/strong_number_embedding/sn_within_unv_selfgroup_segmentation/output/Gen/7/15
Processing complete.
Processing Gen 7:16...
Successfully processed and saved output for Gen 7:16 to /Users/joshua/work/strong_number_embedding/sn_within_unv_selfgroup_segmentation/output/Gen/7/16
Processing complete.
Processing Gen 7:17...
Successfully processed and saved output for Gen 7:17 to /Users/joshua/work/strong_number_embedding/sn_within_unv_selfgroup_segmentation/output/Gen/7/17
Processing complete.
Processing Gen 7:18...
Successfully processed and saved output for Gen 7:18 to /Users/joshua/work/strong_number_embedding/sn_within_unv_selfgroup_segmentation/output/Gen/7/18
Processing complete.
Processing Gen 7:19...
Successfully processed and saved output for Gen 7:19 to /Users/joshua/work/strong_number_embedding/sn_within_unv_selfgroup_segmentation/output/Gen/7/19
Processing complete.
Processing Gen 7:20...
Successfully processed and saved output for Gen 7:20 to /Users/joshua/work/strong_number_embedding/sn_within_unv_selfgroup_segmentation/output/Gen/7/20
Processing complete.
Processing Gen 7:21...
Successfully processed and saved output for Gen 7:21 to /Users/joshua/work/strong_number_embedding/sn_within_unv_selfgroup_segmentation/output/Gen/7/21
Processing complete.
Processing Gen 7:22...
Successfully processed and saved output for Gen 7:22 to /Users/joshua/work/strong_number_embedding/sn_within_unv_selfgroup_segmentation/output/Gen/7/22
Processing complete.
Processing Gen 7:23...
Successfully processed and saved output for Gen 7:23 to /Users/joshua/work/strong_number_embedding/sn_within_unv_selfgroup_segmentation/output/Gen/7/23
Processing complete.
Processing Gen 7:24...
Successfully processed and saved output for Gen 7:24 to /Users/joshua/work/strong_number_embedding/sn_within_unv_selfgroup_segmentation/output/Gen/7/24
Processing complete.
Processing Gen 8:1...
Successfully processed and saved output for Gen 8:1 to /Users/joshua/work/strong_number_embedding/sn_within_unv_selfgroup_segmentation/output/Gen/8/1
Processing complete.
Processing Gen 8:2...
Successfully processed and saved output for Gen 8:2 to /Users/joshua/work/strong_number_embedding/sn_within_unv_selfgroup_segmentation/output/Gen/8/2
Processing complete.
Processing Gen 8:3...
Successfully processed and saved output for Gen 8:3 to /Users/joshua/work/strong_number_embedding/sn_within_unv_selfgroup_segmentation/output/Gen/8/3
Processing complete.
Processing Gen 8:4...
Successfully processed and saved output for Gen 8:4 to /Users/joshua/work/strong_number_embedding/sn_within_unv_selfgroup_segmentation/output/Gen/8/4
Processing complete.
Processing Gen 8:5...
Successfully processed and saved output for Gen 8:5 to /Users/joshua/work/strong_number_embedding/sn_within_unv_selfgroup_segmentation/output/Gen/8/5
Processing complete.
Processing Gen 8:6...
Successfully processed and saved output for Gen 8:6 to /Users/joshua/work/strong_number_embedding/sn_within_unv_selfgroup_segmentation/output/Gen/8/6
Processing complete.
Processing Gen 8:7...
Successfully processed and saved output for Gen 8:7 to /Users/joshua/work/strong_number_embedding/sn_within_unv_selfgroup_segmentation/output/Gen/8/7
Processing complete.
Error running parse_verse_v1_6 for Gen 8:8: 'list' object has no attribute 'lstrip'
Failed to process Gen 8:8. Exiting.
Processing Gen 8:8...
Processing Gen 8:9...
Successfully processed and saved output for Gen 8:9 to /Users/joshua/work/strong_number_embedding/sn_within_unv_selfgroup_segmentation/output/Gen/8/9
Processing complete.
Processing Gen 8:10...
Successfully processed and saved output for Gen 8:10 to /Users/joshua/work/strong_number_embedding/sn_within_unv_selfgroup_segmentation/output/Gen/8/10
Processing complete.
Processing Gen 8:11...
Successfully processed and saved output for Gen 8:11 to /Users/joshua/work/strong_number_embedding/sn_within_unv_selfgroup_segmentation/output/Gen/8/11
Processing complete.
Processing Gen 8:12...
Successfully processed and saved output for Gen 8:12 to /Users/joshua/work/strong_number_embedding/sn_within_unv_selfgroup_segmentation/output/Gen/8/12
Processing complete.
Processing Gen 8:13...
Successfully processed and saved output for Gen 8:13 to /Users/joshua/work/strong_number_embedding/sn_within_unv_selfgroup_segmentation/output/Gen/8/13
Processing complete.
Processing Gen 8:14...
Successfully processed and saved output for Gen 8:14 to /Users/joshua/work/strong_number_embedding/sn_within_unv_selfgroup_segmentation/output/Gen/8/14
Processing complete.
Processing Gen 8:15...
Successfully processed and saved output for Gen 8:15 to /Users/joshua/work/strong_number_embedding/sn_within_unv_selfgroup_segmentation/output/Gen/8/15
Processing complete.
Processing Gen 8:16...
Successfully processed and saved output for Gen 8:16 to /Users/joshua/work/strong_number_embedding/sn_within_unv_selfgroup_segmentation/output/Gen/8/16
Processing complete.
Processing Gen 8:17...
Successfully processed and saved output for Gen 8:17 to /Users/joshua/work/strong_number_embedding/sn_within_unv_selfgroup_segmentation/output/Gen/8/17
Processing complete.
Processing Gen 8:18...
Successfully processed and saved output for Gen 8:18 to /Users/joshua/work/strong_number_embedding/sn_within_unv_selfgroup_segmentation/output/Gen/8/18
Processing complete.
Processing Gen 8:19...
Successfully processed and saved output for Gen 8:19 to /Users/joshua/work/strong_number_embedding/sn_within_unv_selfgroup_segmentation/output/Gen/8/19
Processing complete.
Error running parse_verse_v1_6 for Gen 8:20: 'list' object has no attribute 'lstrip'
Failed to process Gen 8:20. Exiting.
Processing Gen 8:20...
Processing Gen 8:21...
Successfully processed and saved output for Gen 8:21 to /Users/joshua/work/strong_number_embedding/sn_within_unv_selfgroup_segmentation/output/Gen/8/21
Processing complete.
Processing Gen 8:22...
Successfully processed and saved output for Gen 8:22 to /Users/joshua/work/strong_number_embedding/sn_within_unv_selfgroup_segmentation/output/Gen/8/22
Processing complete.
Processing Gen 9:1...
Successfully processed and saved output for Gen 9:1 to /Users/joshua/work/strong_number_embedding/sn_within_unv_selfgroup_segmentation/output/Gen/9/1
Processing complete.
Processing Gen 9:2...
Successfully processed and saved output for Gen 9:2 to /Users/joshua/work/strong_number_embedding/sn_within_unv_selfgroup_segmentation/output/Gen/9/2
Processing complete.
Processing Gen 9:3...
Successfully processed and saved output for Gen 9:3 to /Users/joshua/work/strong_number_embedding/sn_within_unv_selfgroup_segmentation/output/Gen/9/3
Processing complete.
Processing Gen 9:4...
Successfully processed and saved output for Gen 9:4 to /Users/joshua/work/strong_number_embedding/sn_within_unv_selfgroup_segmentation/output/Gen/9/4
Processing complete.
Error running parse_verse_v1_6 for Gen 9:5: 'list' object has no attribute 'lstrip'
Failed to process Gen 9:5. Exiting.
Processing Gen 9:5...
Processing Gen 9:6...
Successfully processed and saved output for Gen 9:6 to /Users/joshua/work/strong_number_embedding/sn_within_unv_selfgroup_segmentation/output/Gen/9/6
Processing complete.
Processing Gen 9:7...
Successfully processed and saved output for Gen 9:7 to /Users/joshua/work/strong_number_embedding/sn_within_unv_selfgroup_segmentation/output/Gen/9/7
Processing complete.
Processing Gen 9:8...
Successfully processed and saved output for Gen 9:8 to /Users/joshua/work/strong_number_embedding/sn_within_unv_selfgroup_segmentation/output/Gen/9/8
Processing complete.
Processing Gen 9:9...
Successfully processed and saved output for Gen 9:9 to /Users/joshua/work/strong_number_embedding/sn_within_unv_selfgroup_segmentation/output/Gen/9/9
Processing complete.
Processing Gen 9:10...
Successfully processed and saved output for Gen 9:10 to /Users/joshua/work/strong_number_embedding/sn_within_unv_selfgroup_segmentation/output/Gen/9/10
Processing complete.
Processing Gen 9:11...
Successfully processed and saved output for Gen 9:11 to /Users/joshua/work/strong_number_embedding/sn_within_unv_selfgroup_segmentation/output/Gen/9/11
Processing complete.
Processing Gen 9:12...
Successfully processed and saved output for Gen 9:12 to /Users/joshua/work/strong_number_embedding/sn_within_unv_selfgroup_segmentation/output/Gen/9/12
Processing complete.
Processing Gen 9:13...
Successfully processed and saved output for Gen 9:13 to /Users/joshua/work/strong_number_embedding/sn_within_unv_selfgroup_segmentation/output/Gen/9/13
Processing complete.
Processing Gen 9:14...
Successfully processed and saved output for Gen 9:14 to /Users/joshua/work/strong_number_embedding/sn_within_unv_selfgroup_segmentation/output/Gen/9/14
Processing complete.
Processing Gen 9:15...
Successfully processed and saved output for Gen 9:15 to /Users/joshua/work/strong_number_embedding/sn_within_unv_selfgroup_segmentation/output/Gen/9/15
Processing complete.
Processing Gen 9:16...
Successfully processed and saved output for Gen 9:16 to /Users/joshua/work/strong_number_embedding/sn_within_unv_selfgroup_segmentation/output/Gen/9/16
Processing complete.
Processing Gen 9:17...
Successfully processed and saved output for Gen 9:17 to /Users/joshua/work/strong_number_embedding/sn_within_unv_selfgroup_segmentation/output/Gen/9/17
Processing complete.
Processing Gen 9:18...
Successfully processed and saved output for Gen 9:18 to /Users/joshua/work/strong_number_embedding/sn_within_unv_selfgroup_segmentation/output/Gen/9/18
Processing complete.
Error running parse_verse_v1_6 for Gen 9:19: 'list' object has no attribute 'lstrip'
Failed to process Gen 9:19. Exiting.
Processing Gen 9:19...
Processing Gen 9:20...
Successfully processed and saved output for Gen 9:20 to /Users/joshua/work/strong_number_embedding/sn_within_unv_selfgroup_segmentation/output/Gen/9/20
Processing complete.
Processing Gen 9:21...
Successfully processed and saved output for Gen 9:21 to /Users/joshua/work/strong_number_embedding/sn_within_unv_selfgroup_segmentation/output/Gen/9/21
Processing complete.
Processing Gen 9:22...
Successfully processed and saved output for Gen 9:22 to /Users/joshua/work/strong_number_embedding/sn_within_unv_selfgroup_segmentation/output/Gen/9/22
Processing complete.
Processing Gen 9:23...
Successfully processed and saved output for Gen 9:23 to /Users/joshua/work/strong_number_embedding/sn_within_unv_selfgroup_segmentation/output/Gen/9/23
Processing complete.
Processing Gen 9:24...
Successfully processed and saved output for Gen 9:24 to /Users/joshua/work/strong_number_embedding/sn_within_unv_selfgroup_segmentation/output/Gen/9/24
Processing complete.
Processing Gen 9:25...
Successfully processed and saved output for Gen 9:25 to /Users/joshua/work/strong_number_embedding/sn_within_unv_selfgroup_segmentation/output/Gen/9/25
Processing complete.
Processing Gen 9:26...
Successfully processed and saved output for Gen 9:26 to /Users/joshua/work/strong_number_embedding/sn_within_unv_selfgroup_segmentation/output/Gen/9/26
Processing complete.
Processing Gen 9:27...
Successfully processed and saved output for Gen 9:27 to /Users/joshua/work/strong_number_embedding/sn_within_unv_selfgroup_segmentation/output/Gen/9/27
Processing complete.
Processing Gen 9:28...
Successfully processed and saved output for Gen 9:28 to /Users/joshua/work/strong_number_embedding/sn_within_unv_selfgroup_segmentation/output/Gen/9/28
Processing complete.
Processing Gen 9:29...
Successfully processed and saved output for Gen 9:29 to /Users/joshua/work/strong_number_embedding/sn_within_unv_selfgroup_segmentation/output/Gen/9/29
Processing complete.
Processing Gen 10:1...
Successfully processed and saved output for Gen 10:1 to /Users/joshua/work/strong_number_embedding/sn_within_unv_selfgroup_segmentation/output/Gen/10/1
Processing complete.
Processing Gen 10:2...
Successfully processed and saved output for Gen 10:2 to /Users/joshua/work/strong_number_embedding/sn_within_unv_selfgroup_segmentation/output/Gen/10/2
Processing complete.
Processing Gen 10:3...
Successfully processed and saved output for Gen 10:3 to /Users/joshua/work/strong_number_embedding/sn_within_unv_selfgroup_segmentation/output/Gen/10/3
Processing complete.
Processing Gen 10:4...
Successfully processed and saved output for Gen 10:4 to /Users/joshua/work/strong_number_embedding/sn_within_unv_selfgroup_segmentation/output/Gen/10/4
Processing complete.
Processing Gen 10:5...
Successfully processed and saved output for Gen 10:5 to /Users/joshua/work/strong_number_embedding/sn_within_unv_selfgroup_segmentation/output/Gen/10/5
Processing complete.
Processing Gen 10:6...
Successfully processed and saved output for Gen 10:6 to /Users/joshua/work/strong_number_embedding/sn_within_unv_selfgroup_segmentation/output/Gen/10/6
Processing complete.
Processing Gen 10:7...
Successfully processed and saved output for Gen 10:7 to /Users/joshua/work/strong_number_embedding/sn_within_unv_selfgroup_segmentation/output/Gen/10/7
Processing complete.
Processing Gen 10:8...
Successfully processed and saved output for Gen 10:8 to /Users/joshua/work/strong_number_embedding/sn_within_unv_selfgroup_segmentation/output/Gen/10/8
Processing complete.
Processing Gen 10:9...
Successfully processed and saved output for Gen 10:9 to /Users/joshua/work/strong_number_embedding/sn_within_unv_selfgroup_segmentation/output/Gen/10/9
Processing complete.
Processing Gen 10:10...
Successfully processed and saved output for Gen 10:10 to /Users/joshua/work/strong_number_embedding/sn_within_unv_selfgroup_segmentation/output/Gen/10/10
Processing complete.
Processing Gen 10:11...
Successfully processed and saved output for Gen 10:11 to /Users/joshua/work/strong_number_embedding/sn_within_unv_selfgroup_segmentation/output/Gen/10/11
Processing complete.
Processing Gen 10:12...
Successfully processed and saved output for Gen 10:12 to /Users/joshua/work/strong_number_embedding/sn_within_unv_selfgroup_segmentation/output/Gen/10/12
Processing complete.
Processing Gen 10:13...
Successfully processed and saved output for Gen 10:13 to /Users/joshua/work/strong_number_embedding/sn_within_unv_selfgroup_segmentation/output/Gen/10/13
Processing complete.
Processing Gen 10:14...
Successfully processed and saved output for Gen 10:14 to /Users/joshua/work/strong_number_embedding/sn_within_unv_selfgroup_segmentation/output/Gen/10/14
Processing complete.
Processing Gen 10:15...
Successfully processed and saved output for Gen 10:15 to /Users/joshua/work/strong_number_embedding/sn_within_unv_selfgroup_segmentation/output/Gen/10/15
Processing complete.
Processing Gen 10:16...
Successfully processed and saved output for Gen 10:16 to /Users/joshua/work/strong_number_embedding/sn_within_unv_selfgroup_segmentation/output/Gen/10/16
Processing complete.
Processing Gen 10:17...
Successfully processed and saved output for Gen 10:17 to /Users/joshua/work/strong_number_embedding/sn_within_unv_selfgroup_segmentation/output/Gen/10/17
Processing complete.
Processing Gen 10:18...
Successfully processed and saved output for Gen 10:18 to /Users/joshua/work/strong_number_embedding/sn_within_unv_selfgroup_segmentation/output/Gen/10/18
Processing complete.
Processing Gen 10:19...
Successfully processed and saved output for Gen 10:19 to /Users/joshua/work/strong_number_embedding/sn_within_unv_selfgroup_segmentation/output/Gen/10/19
Processing complete.
Processing Gen 10:20...
Successfully processed and saved output for Gen 10:20 to /Users/joshua/work/strong_number_embedding/sn_within_unv_selfgroup_segmentation/output/Gen/10/20
Processing complete.
Processing Gen 10:21...
Successfully processed and saved output for Gen 10:21 to /Users/joshua/work/strong_number_embedding/sn_within_unv_selfgroup_segmentation/output/Gen/10/21
Processing complete.
Processing Gen 10:22...
Successfully processed and saved output for Gen 10:22 to /Users/joshua/work/strong_number_embedding/sn_within_unv_selfgroup_segmentation/output/Gen/10/22
Processing complete.
Processing Gen 10:23...
Successfully processed and saved output for Gen 10:23 to /Users/joshua/work/strong_number_embedding/sn_within_unv_selfgroup_segmentation/output/Gen/10/23
Processing complete.
Processing Gen 10:24...
Successfully processed and saved output for Gen 10:24 to /Users/joshua/work/strong_number_embedding/sn_within_unv_selfgroup_segmentation/output/Gen/10/24
Processing complete.
Processing Gen 10:25...
Successfully processed and saved output for Gen 10:25 to /Users/joshua/work/strong_number_embedding/sn_within_unv_selfgroup_segmentation/output/Gen/10/25
Processing complete.
Processing Gen 10:26...
Successfully processed and saved output for Gen 10:26 to /Users/joshua/work/strong_number_embedding/sn_within_unv_selfgroup_segmentation/output/Gen/10/26
Processing complete.
Processing Gen 10:27...
Successfully processed and saved output for Gen 10:27 to /Users/joshua/work/strong_number_embedding/sn_within_unv_selfgroup_segmentation/output/Gen/10/27
Processing complete.
Processing Gen 10:28...
Successfully processed and saved output for Gen 10:28 to /Users/joshua/work/strong_number_embedding/sn_within_unv_selfgroup_segmentation/output/Gen/10/28
Processing complete.
Processing Gen 10:29...
Successfully processed and saved output for Gen 10:29 to /Users/joshua/work/strong_number_embedding/sn_within_unv_selfgroup_segmentation/output/Gen/10/29
Processing complete.
Processing Gen 10:30...
Successfully processed and saved output for Gen 10:30 to /Users/joshua/work/strong_number_embedding/sn_within_unv_selfgroup_segmentation/output/Gen/10/30
Processing complete.
Processing Gen 10:31...
Successfully processed and saved output for Gen 10:31 to /Users/joshua/work/strong_number_embedding/sn_within_unv_selfgroup_segmentation/output/Gen/10/31
Processing complete.
Error running parse_verse_v1_6 for Gen 10:32: 'list' object has no attribute 'lstrip'
Failed to process Gen 10:32. Exiting.
Processing Gen 10:32...
Processing Gen 11:1...
Successfully processed and saved output for Gen 11:1 to /Users/joshua/work/strong_number_embedding/sn_within_unv_selfgroup_segmentation/output/Gen/11/1
Processing complete.
Processing Gen 11:2...
Successfully processed and saved output for Gen 11:2 to /Users/joshua/work/strong_number_embedding/sn_within_unv_selfgroup_segmentation/output/Gen/11/2
Processing complete.
Processing Gen 11:3...
Successfully processed and saved output for Gen 11:3 to /Users/joshua/work/strong_number_embedding/sn_within_unv_selfgroup_segmentation/output/Gen/11/3
Processing complete.
Processing Gen 11:4...
Successfully processed and saved output for Gen 11:4 to /Users/joshua/work/strong_number_embedding/sn_within_unv_selfgroup_segmentation/output/Gen/11/4
Processing complete.
Processing Gen 11:5...
Successfully processed and saved output for Gen 11:5 to /Users/joshua/work/strong_number_embedding/sn_within_unv_selfgroup_segmentation/output/Gen/11/5
Processing complete.
Processing Gen 11:6...
Successfully processed and saved output for Gen 11:6 to /Users/joshua/work/strong_number_embedding/sn_within_unv_selfgroup_segmentation/output/Gen/11/6
Processing complete.
Processing Gen 11:7...
Successfully processed and saved output for Gen 11:7 to /Users/joshua/work/strong_number_embedding/sn_within_unv_selfgroup_segmentation/output/Gen/11/7
Processing complete.
Processing Gen 11:8...
Successfully processed and saved output for Gen 11:8 to /Users/joshua/work/strong_number_embedding/sn_within_unv_selfgroup_segmentation/output/Gen/11/8
Processing complete.
Error running parse_verse_v1_6 for Gen 11:9: 'list' object has no attribute 'lstrip'
Failed to process Gen 11:9. Exiting.
Processing Gen 11:9...
Processing Gen 11:10...
Successfully processed and saved output for Gen 11:10 to /Users/joshua/work/strong_number_embedding/sn_within_unv_selfgroup_segmentation/output/Gen/11/10
Processing complete.
Processing Gen 11:11...
Successfully processed and saved output for Gen 11:11 to /Users/joshua/work/strong_number_embedding/sn_within_unv_selfgroup_segmentation/output/Gen/11/11
Processing complete.
Processing Gen 11:12...
Successfully processed and saved output for Gen 11:12 to /Users/joshua/work/strong_number_embedding/sn_within_unv_selfgroup_segmentation/output/Gen/11/12
Processing complete.
Processing Gen 11:13...
Successfully processed and saved output for Gen 11:13 to /Users/joshua/work/strong_number_embedding/sn_within_unv_selfgroup_segmentation/output/Gen/11/13
Processing complete.
Processing Gen 11:14...
Successfully processed and saved output for Gen 11:14 to /Users/joshua/work/strong_number_embedding/sn_within_unv_selfgroup_segmentation/output/Gen/11/14
Processing complete.
Processing Gen 11:15...
Successfully processed and saved output for Gen 11:15 to /Users/joshua/work/strong_number_embedding/sn_within_unv_selfgroup_segmentation/output/Gen/11/15
Processing complete.
Processing Gen 11:16...
Successfully processed and saved output for Gen 11:16 to /Users/joshua/work/strong_number_embedding/sn_within_unv_selfgroup_segmentation/output/Gen/11/16
Processing complete.
Processing Gen 11:17...
Successfully processed and saved output for Gen 11:17 to /Users/joshua/work/strong_number_embedding/sn_within_unv_selfgroup_segmentation/output/Gen/11/17
Processing complete.
Processing Gen 11:18...
Successfully processed and saved output for Gen 11:18 to /Users/joshua/work/strong_number_embedding/sn_within_unv_selfgroup_segmentation/output/Gen/11/18
Processing complete.
Processing Gen 11:19...
Successfully processed and saved output for Gen 11:19 to /Users/joshua/work/strong_number_embedding/sn_within_unv_selfgroup_segmentation/output/Gen/11/19
Processing complete.
Processing Gen 11:20...
Successfully processed and saved output for Gen 11:20 to /Users/joshua/work/strong_number_embedding/sn_within_unv_selfgroup_segmentation/output/Gen/11/20
Processing complete.
Processing Gen 11:21...
Successfully processed and saved output for Gen 11:21 to /Users/joshua/work/strong_number_embedding/sn_within_unv_selfgroup_segmentation/output/Gen/11/21
Processing complete.
Processing Gen 11:22...
Successfully processed and saved output for Gen 11:22 to /Users/joshua/work/strong_number_embedding/sn_within_unv_selfgroup_segmentation/output/Gen/11/22
Processing complete.
Processing Gen 11:23...
Successfully processed and saved output for Gen 11:23 to /Users/joshua/work/strong_number_embedding/sn_within_unv_selfgroup_segmentation/output/Gen/11/23
Processing complete.
Processing Gen 11:24...
Successfully processed and saved output for Gen 11:24 to /Users/joshua/work/strong_number_embedding/sn_within_unv_selfgroup_segmentation/output/Gen/11/24
Processing complete.
Processing Gen 11:25...
Successfully processed and saved output for Gen 11:25 to /Users/joshua/work/strong_number_embedding/sn_within_unv_selfgroup_segmentation/output/Gen/11/25
Processing complete.
Processing Gen 11:26...
Successfully processed and saved output for Gen 11:26 to /Users/joshua/work/strong_number_embedding/sn_within_unv_selfgroup_segmentation/output/Gen/11/26
Processing complete.
Processing Gen 11:27...
Successfully processed and saved output for Gen 11:27 to /Users/joshua/work/strong_number_embedding/sn_within_unv_selfgroup_segmentation/output/Gen/11/27
Processing complete.
Processing Gen 11:28...
Successfully processed and saved output for Gen 11:28 to /Users/joshua/work/strong_number_embedding/sn_within_unv_selfgroup_segmentation/output/Gen/11/28
Processing complete.
Processing Gen 11:29...
Successfully processed and saved output for Gen 11:29 to /Users/joshua/work/strong_number_embedding/sn_within_unv_selfgroup_segmentation/output/Gen/11/29
Processing complete.
Processing Gen 11:30...
Successfully processed and saved output for Gen 11:30 to /Users/joshua/work/strong_number_embedding/sn_within_unv_selfgroup_segmentation/output/Gen/11/30
Processing complete.
Processing Gen 11:31...
Successfully processed and saved output for Gen 11:31 to /Users/joshua/work/strong_number_embedding/sn_within_unv_selfgroup_segmentation/output/Gen/11/31
Processing complete.
Processing Gen 11:32...
Successfully processed and saved output for Gen 11:32 to /Users/joshua/work/strong_number_embedding/sn_within_unv_selfgroup_segmentation/output/Gen/11/32
Processing complete.
Processing Gen 12:1...
Successfully processed and saved output for Gen 12:1 to /Users/joshua/work/strong_number_embedding/sn_within_unv_selfgroup_segmentation/output/Gen/12/1
Processing complete.
Processing Gen 12:2...
Successfully processed and saved output for Gen 12:2 to /Users/joshua/work/strong_number_embedding/sn_within_unv_selfgroup_segmentation/output/Gen/12/2
Processing complete.
Processing Gen 12:3...
Successfully processed and saved output for Gen 12:3 to /Users/joshua/work/strong_number_embedding/sn_within_unv_selfgroup_segmentation/output/Gen/12/3
Processing complete.
Processing Gen 12:4...
Successfully processed and saved output for Gen 12:4 to /Users/joshua/work/strong_number_embedding/sn_within_unv_selfgroup_segmentation/output/Gen/12/4
Processing complete.
Processing Gen 12:5...
Successfully processed and saved output for Gen 12:5 to /Users/joshua/work/strong_number_embedding/sn_within_unv_selfgroup_segmentation/output/Gen/12/5
Processing complete.
Processing Gen 12:6...
Successfully processed and saved output for Gen 12:6 to /Users/joshua/work/strong_number_embedding/sn_within_unv_selfgroup_segmentation/output/Gen/12/6
Processing complete.
Processing Gen 12:7...
Successfully processed and saved output for Gen 12:7 to /Users/joshua/work/strong_number_embedding/sn_within_unv_selfgroup_segmentation/output/Gen/12/7
Processing complete.
Processing Gen 12:8...
Successfully processed and saved output for Gen 12:8 to /Users/joshua/work/strong_number_embedding/sn_within_unv_selfgroup_segmentation/output/Gen/12/8
Processing complete.
Processing Gen 12:9...
Successfully processed and saved output for Gen 12:9 to /Users/joshua/work/strong_number_embedding/sn_within_unv_selfgroup_segmentation/output/Gen/12/9
Processing complete.
Processing Gen 12:10...
Successfully processed and saved output for Gen 12:10 to /Users/joshua/work/strong_number_embedding/sn_within_unv_selfgroup_segmentation/output/Gen/12/10
Processing complete.
Processing Gen 12:11...
Successfully processed and saved output for Gen 12:11 to /Users/joshua/work/strong_number_embedding/sn_within_unv_selfgroup_segmentation/output/Gen/12/11
Processing complete.
Processing Gen 12:12...
Successfully processed and saved output for Gen 12:12 to /Users/joshua/work/strong_number_embedding/sn_within_unv_selfgroup_segmentation/output/Gen/12/12
Processing complete.
Processing Gen 12:13...
Successfully processed and saved output for Gen 12:13 to /Users/joshua/work/strong_number_embedding/sn_within_unv_selfgroup_segmentation/output/Gen/12/13
Processing complete.
Processing Gen 12:14...
Successfully processed and saved output for Gen 12:14 to /Users/joshua/work/strong_number_embedding/sn_within_unv_selfgroup_segmentation/output/Gen/12/14
Processing complete.
Processing Gen 12:15...
Successfully processed and saved output for Gen 12:15 to /Users/joshua/work/strong_number_embedding/sn_within_unv_selfgroup_segmentation/output/Gen/12/15
Processing complete.
Processing Gen 12:16...
Successfully processed and saved output for Gen 12:16 to /Users/joshua/work/strong_number_embedding/sn_within_unv_selfgroup_segmentation/output/Gen/12/16
Processing complete.
Processing Gen 12:17...
Successfully processed and saved output for Gen 12:17 to /Users/joshua/work/strong_number_embedding/sn_within_unv_selfgroup_segmentation/output/Gen/12/17
Processing complete.
Processing Gen 12:18...
Successfully processed and saved output for Gen 12:18 to /Users/joshua/work/strong_number_embedding/sn_within_unv_selfgroup_segmentation/output/Gen/12/18
Processing complete.
Processing Gen 12:19...
Successfully processed and saved output for Gen 12:19 to /Users/joshua/work/strong_number_embedding/sn_within_unv_selfgroup_segmentation/output/Gen/12/19
Processing complete.
Processing Gen 12:20...
Successfully processed and saved output for Gen 12:20 to /Users/joshua/work/strong_number_embedding/sn_within_unv_selfgroup_segmentation/output/Gen/12/20
Processing complete.
Processing Gen 13:1...
Successfully processed and saved output for Gen 13:1 to /Users/joshua/work/strong_number_embedding/sn_within_unv_selfgroup_segmentation/output/Gen/13/1
Processing complete.
Processing Gen 13:2...
Successfully processed and saved output for Gen 13:2 to /Users/joshua/work/strong_number_embedding/sn_within_unv_selfgroup_segmentation/output/Gen/13/2
Processing complete.
Processing Gen 13:3...
Successfully processed and saved output for Gen 13:3 to /Users/joshua/work/strong_number_embedding/sn_within_unv_selfgroup_segmentation/output/Gen/13/3
Processing complete.
Processing Gen 13:4...
Successfully processed and saved output for Gen 13:4 to /Users/joshua/work/strong_number_embedding/sn_within_unv_selfgroup_segmentation/output/Gen/13/4
Processing complete.
Processing Gen 13:5...
Successfully processed and saved output for Gen 13:5 to /Users/joshua/work/strong_number_embedding/sn_within_unv_selfgroup_segmentation/output/Gen/13/5
Processing complete.
Processing Gen 13:6...
Successfully processed and saved output for Gen 13:6 to /Users/joshua/work/strong_number_embedding/sn_within_unv_selfgroup_segmentation/output/Gen/13/6
Processing complete.
Processing Gen 13:7...
Successfully processed and saved output for Gen 13:7 to /Users/joshua/work/strong_number_embedding/sn_within_unv_selfgroup_segmentation/output/Gen/13/7
Processing complete.
Processing Gen 13:8...
Successfully processed and saved output for Gen 13:8 to /Users/joshua/work/strong_number_embedding/sn_within_unv_selfgroup_segmentation/output/Gen/13/8
Processing complete.
Processing Gen 13:9...
Successfully processed and saved output for Gen 13:9 to /Users/joshua/work/strong_number_embedding/sn_within_unv_selfgroup_segmentation/output/Gen/13/9
Processing complete.
Processing Gen 13:10...
Successfully processed and saved output for Gen 13:10 to /Users/joshua/work/strong_number_embedding/sn_within_unv_selfgroup_segmentation/output/Gen/13/10
Processing complete.
Processing Gen 13:11...
Successfully processed and saved output for Gen 13:11 to /Users/joshua/work/strong_number_embedding/sn_within_unv_selfgroup_segmentation/output/Gen/13/11
Processing complete.
Processing Gen 13:12...
Successfully processed and saved output for Gen 13:12 to /Users/joshua/work/strong_number_embedding/sn_within_unv_selfgroup_segmentation/output/Gen/13/12
Processing complete.
Processing Gen 13:13...
Successfully processed and saved output for Gen 13:13 to /Users/joshua/work/strong_number_embedding/sn_within_unv_selfgroup_segmentation/output/Gen/13/13
Processing complete.
Error running parse_verse_v1_6 for Gen 13:14: 'list' object has no attribute 'lstrip'
Failed to process Gen 13:14. Exiting.
Processing Gen 13:14...
Processing Gen 13:15...
Successfully processed and saved output for Gen 13:15 to /Users/joshua/work/strong_number_embedding/sn_within_unv_selfgroup_segmentation/output/Gen/13/15
Processing complete.
Processing Gen 13:16...
Successfully processed and saved output for Gen 13:16 to /Users/joshua/work/strong_number_embedding/sn_within_unv_selfgroup_segmentation/output/Gen/13/16
Processing complete.
Processing Gen 13:17...
Successfully processed and saved output for Gen 13:17 to /Users/joshua/work/strong_number_embedding/sn_within_unv_selfgroup_segmentation/output/Gen/13/17
Processing complete.
Processing Gen 13:18...
Successfully processed and saved output for Gen 13:18 to /Users/joshua/work/strong_number_embedding/sn_within_unv_selfgroup_segmentation/output/Gen/13/18
Processing complete.
Processing Gen 14:1...
Successfully processed and saved output for Gen 14:1 to /Users/joshua/work/strong_number_embedding/sn_within_unv_selfgroup_segmentation/output/Gen/14/1
Processing complete.
Processing Gen 14:2...
Successfully processed and saved output for Gen 14:2 to /Users/joshua/work/strong_number_embedding/sn_within_unv_selfgroup_segmentation/output/Gen/14/2
Processing complete.
Processing Gen 14:3...
Successfully processed and saved output for Gen 14:3 to /Users/joshua/work/strong_number_embedding/sn_within_unv_selfgroup_segmentation/output/Gen/14/3
Processing complete.
Processing Gen 14:4...
Successfully processed and saved output for Gen 14:4 to /Users/joshua/work/strong_number_embedding/sn_within_unv_selfgroup_segmentation/output/Gen/14/4
Processing complete.
Processing Gen 14:5...
Successfully processed and saved output for Gen 14:5 to /Users/joshua/work/strong_number_embedding/sn_within_unv_selfgroup_segmentation/output/Gen/14/5
Processing complete.
Processing Gen 14:6...
Successfully processed and saved output for Gen 14:6 to /Users/joshua/work/strong_number_embedding/sn_within_unv_selfgroup_segmentation/output/Gen/14/6
Processing complete.
Processing Gen 14:7...
Successfully processed and saved output for Gen 14:7 to /Users/joshua/work/strong_number_embedding/sn_within_unv_selfgroup_segmentation/output/Gen/14/7
Processing complete.
Processing Gen 14:8...
Successfully processed and saved output for Gen 14:8 to /Users/joshua/work/strong_number_embedding/sn_within_unv_selfgroup_segmentation/output/Gen/14/8
Processing complete.
Processing Gen 14:9...
Successfully processed and saved output for Gen 14:9 to /Users/joshua/work/strong_number_embedding/sn_within_unv_selfgroup_segmentation/output/Gen/14/9
Processing complete.
Processing Gen 14:10...
Successfully processed and saved output for Gen 14:10 to /Users/joshua/work/strong_number_embedding/sn_within_unv_selfgroup_segmentation/output/Gen/14/10
Processing complete.
Processing Gen 14:11...
Successfully processed and saved output for Gen 14:11 to /Users/joshua/work/strong_number_embedding/sn_within_unv_selfgroup_segmentation/output/Gen/14/11
Processing complete.
Processing Gen 14:12...
Successfully processed and saved output for Gen 14:12 to /Users/joshua/work/strong_number_embedding/sn_within_unv_selfgroup_segmentation/output/Gen/14/12
Processing complete.
Processing Gen 14:13...
Successfully processed and saved output for Gen 14:13 to /Users/joshua/work/strong_number_embedding/sn_within_unv_selfgroup_segmentation/output/Gen/14/13
Processing complete.
Processing Gen 14:14...
Successfully processed and saved output for Gen 14:14 to /Users/joshua/work/strong_number_embedding/sn_within_unv_selfgroup_segmentation/output/Gen/14/14
Processing complete.
Processing Gen 14:15...
Successfully processed and saved output for Gen 14:15 to /Users/joshua/work/strong_number_embedding/sn_within_unv_selfgroup_segmentation/output/Gen/14/15
Processing complete.
Processing Gen 14:16...
Successfully processed and saved output for Gen 14:16 to /Users/joshua/work/strong_number_embedding/sn_within_unv_selfgroup_segmentation/output/Gen/14/16
Processing complete.
Processing Gen 14:17...
Successfully processed and saved output for Gen 14:17 to /Users/joshua/work/strong_number_embedding/sn_within_unv_selfgroup_segmentation/output/Gen/14/17
Processing complete.
Processing Gen 14:18...
Successfully processed and saved output for Gen 14:18 to /Users/joshua/work/strong_number_embedding/sn_within_unv_selfgroup_segmentation/output/Gen/14/18
Processing complete.
Processing Gen 14:19...
Successfully processed and saved output for Gen 14:19 to /Users/joshua/work/strong_number_embedding/sn_within_unv_selfgroup_segmentation/output/Gen/14/19
Processing complete.
Processing Gen 14:20...
Successfully processed and saved output for Gen 14:20 to /Users/joshua/work/strong_number_embedding/sn_within_unv_selfgroup_segmentation/output/Gen/14/20
Processing complete.
Processing Gen 14:21...
Successfully processed and saved output for Gen 14:21 to /Users/joshua/work/strong_number_embedding/sn_within_unv_selfgroup_segmentation/output/Gen/14/21
Processing complete.
Processing Gen 14:22...
Successfully processed and saved output for Gen 14:22 to /Users/joshua/work/strong_number_embedding/sn_within_unv_selfgroup_segmentation/output/Gen/14/22
Processing complete.
Processing Gen 14:23...
Successfully processed and saved output for Gen 14:23 to /Users/joshua/work/strong_number_embedding/sn_within_unv_selfgroup_segmentation/output/Gen/14/23
Processing complete.
Processing Gen 14:24...
Successfully processed and saved output for Gen 14:24 to /Users/joshua/work/strong_number_embedding/sn_within_unv_selfgroup_segmentation/output/Gen/14/24
Processing complete.
Processing Gen 15:1...
Successfully processed and saved output for Gen 15:1 to /Users/joshua/work/strong_number_embedding/sn_within_unv_selfgroup_segmentation/output/Gen/15/1
Processing complete.
Processing Gen 15:2...
Successfully processed and saved output for Gen 15:2 to /Users/joshua/work/strong_number_embedding/sn_within_unv_selfgroup_segmentation/output/Gen/15/2
Processing complete.
Processing Gen 15:3...
Successfully processed and saved output for Gen 15:3 to /Users/joshua/work/strong_number_embedding/sn_within_unv_selfgroup_segmentation/output/Gen/15/3
Processing complete.
Processing Gen 15:4...
Successfully processed and saved output for Gen 15:4 to /Users/joshua/work/strong_number_embedding/sn_within_unv_selfgroup_segmentation/output/Gen/15/4
Processing complete.
Processing Gen 15:5...
Successfully processed and saved output for Gen 15:5 to /Users/joshua/work/strong_number_embedding/sn_within_unv_selfgroup_segmentation/output/Gen/15/5
Processing complete.
Processing Gen 15:6...
Successfully processed and saved output for Gen 15:6 to /Users/joshua/work/strong_number_embedding/sn_within_unv_selfgroup_segmentation/output/Gen/15/6
Processing complete.
Processing Gen 15:7...
Successfully processed and saved output for Gen 15:7 to /Users/joshua/work/strong_number_embedding/sn_within_unv_selfgroup_segmentation/output/Gen/15/7
Processing complete.
Processing Gen 15:8...
Successfully processed and saved output for Gen 15:8 to /Users/joshua/work/strong_number_embedding/sn_within_unv_selfgroup_segmentation/output/Gen/15/8
Processing complete.
Processing Gen 15:9...
Successfully processed and saved output for Gen 15:9 to /Users/joshua/work/strong_number_embedding/sn_within_unv_selfgroup_segmentation/output/Gen/15/9
Processing complete.
Processing Gen 15:10...
Successfully processed and saved output for Gen 15:10 to /Users/joshua/work/strong_number_embedding/sn_within_unv_selfgroup_segmentation/output/Gen/15/10
Processing complete.
Processing Gen 15:11...
Successfully processed and saved output for Gen 15:11 to /Users/joshua/work/strong_number_embedding/sn_within_unv_selfgroup_segmentation/output/Gen/15/11
Processing complete.
Processing Gen 15:12...
Successfully processed and saved output for Gen 15:12 to /Users/joshua/work/strong_number_embedding/sn_within_unv_selfgroup_segmentation/output/Gen/15/12
Processing complete.
Processing Gen 15:13...
Successfully processed and saved output for Gen 15:13 to /Users/joshua/work/strong_number_embedding/sn_within_unv_selfgroup_segmentation/output/Gen/15/13
Processing complete.
Processing Gen 15:14...
Successfully processed and saved output for Gen 15:14 to /Users/joshua/work/strong_number_embedding/sn_within_unv_selfgroup_segmentation/output/Gen/15/14
Processing complete.
Processing Gen 15:15...
Successfully processed and saved output for Gen 15:15 to /Users/joshua/work/strong_number_embedding/sn_within_unv_selfgroup_segmentation/output/Gen/15/15
Processing complete.
Processing Gen 15:16...
Successfully processed and saved output for Gen 15:16 to /Users/joshua/work/strong_number_embedding/sn_within_unv_selfgroup_segmentation/output/Gen/15/16
Processing complete.
Processing Gen 15:17...
Successfully processed and saved output for Gen 15:17 to /Users/joshua/work/strong_number_embedding/sn_within_unv_selfgroup_segmentation/output/Gen/15/17
Processing complete.
Processing Gen 15:18...
Successfully processed and saved output for Gen 15:18 to /Users/joshua/work/strong_number_embedding/sn_within_unv_selfgroup_segmentation/output/Gen/15/18
Processing complete.
Processing Gen 15:19...
Successfully processed and saved output for Gen 15:19 to /Users/joshua/work/strong_number_embedding/sn_within_unv_selfgroup_segmentation/output/Gen/15/19
Processing complete.
Processing Gen 15:20...
Successfully processed and saved output for Gen 15:20 to /Users/joshua/work/strong_number_embedding/sn_within_unv_selfgroup_segmentation/output/Gen/15/20
Processing complete.
Processing Gen 15:21...
Successfully processed and saved output for Gen 15:21 to /Users/joshua/work/strong_number_embedding/sn_within_unv_selfgroup_segmentation/output/Gen/15/21
Processing complete.
Processing Gen 16:1...
Successfully processed and saved output for Gen 16:1 to /Users/joshua/work/strong_number_embedding/sn_within_unv_selfgroup_segmentation/output/Gen/16/1
Processing complete.
Processing Gen 16:2...
Successfully processed and saved output for Gen 16:2 to /Users/joshua/work/strong_number_embedding/sn_within_unv_selfgroup_segmentation/output/Gen/16/2
Processing complete.
Processing Gen 16:3...
Successfully processed and saved output for Gen 16:3 to /Users/joshua/work/strong_number_embedding/sn_within_unv_selfgroup_segmentation/output/Gen/16/3
Processing complete.
Processing Gen 16:4...
Successfully processed and saved output for Gen 16:4 to /Users/joshua/work/strong_number_embedding/sn_within_unv_selfgroup_segmentation/output/Gen/16/4
Processing complete.
Processing Gen 16:5...
Successfully processed and saved output for Gen 16:5 to /Users/joshua/work/strong_number_embedding/sn_within_unv_selfgroup_segmentation/output/Gen/16/5
Processing complete.
Processing Gen 16:6...
Successfully processed and saved output for Gen 16:6 to /Users/joshua/work/strong_number_embedding/sn_within_unv_selfgroup_segmentation/output/Gen/16/6
Processing complete.
Processing Gen 16:7...
Successfully processed and saved output for Gen 16:7 to /Users/joshua/work/strong_number_embedding/sn_within_unv_selfgroup_segmentation/output/Gen/16/7
Processing complete.
Processing Gen 16:8...
Successfully processed and saved output for Gen 16:8 to /Users/joshua/work/strong_number_embedding/sn_within_unv_selfgroup_segmentation/output/Gen/16/8
Processing complete.
Processing Gen 16:9...
Successfully processed and saved output for Gen 16:9 to /Users/joshua/work/strong_number_embedding/sn_within_unv_selfgroup_segmentation/output/Gen/16/9
Processing complete.
Processing Gen 16:10...
Successfully processed and saved output for Gen 16:10 to /Users/joshua/work/strong_number_embedding/sn_within_unv_selfgroup_segmentation/output/Gen/16/10
Processing complete.
Processing Gen 16:11...
Successfully processed and saved output for Gen 16:11 to /Users/joshua/work/strong_number_embedding/sn_within_unv_selfgroup_segmentation/output/Gen/16/11
Processing complete.
Processing Gen 16:12...
Successfully processed and saved output for Gen 16:12 to /Users/joshua/work/strong_number_embedding/sn_within_unv_selfgroup_segmentation/output/Gen/16/12
Processing complete.
Processing Gen 16:13...
Successfully processed and saved output for Gen 16:13 to /Users/joshua/work/strong_number_embedding/sn_within_unv_selfgroup_segmentation/output/Gen/16/13
Processing complete.
Processing Gen 16:14...
Successfully processed and saved output for Gen 16:14 to /Users/joshua/work/strong_number_embedding/sn_within_unv_selfgroup_segmentation/output/Gen/16/14
Processing complete.
Processing Gen 16:15...
Successfully processed and saved output for Gen 16:15 to /Users/joshua/work/strong_number_embedding/sn_within_unv_selfgroup_segmentation/output/Gen/16/15
Processing complete.
Processing Gen 16:16...
Successfully processed and saved output for Gen 16:16 to /Users/joshua/work/strong_number_embedding/sn_within_unv_selfgroup_segmentation/output/Gen/16/16
Processing complete.
Processing Gen 17:1...
Successfully processed and saved output for Gen 17:1 to /Users/joshua/work/strong_number_embedding/sn_within_unv_selfgroup_segmentation/output/Gen/17/1
Processing complete.
Processing Gen 17:2...
Successfully processed and saved output for Gen 17:2 to /Users/joshua/work/strong_number_embedding/sn_within_unv_selfgroup_segmentation/output/Gen/17/2
Processing complete.
Processing Gen 17:3...
Successfully processed and saved output for Gen 17:3 to /Users/joshua/work/strong_number_embedding/sn_within_unv_selfgroup_segmentation/output/Gen/17/3
Processing complete.
Processing Gen 17:4...
Successfully processed and saved output for Gen 17:4 to /Users/joshua/work/strong_number_embedding/sn_within_unv_selfgroup_segmentation/output/Gen/17/4
Processing complete.
Processing Gen 17:5...
Successfully processed and saved output for Gen 17:5 to /Users/joshua/work/strong_number_embedding/sn_within_unv_selfgroup_segmentation/output/Gen/17/5
Processing complete.
Processing Gen 17:6...
Successfully processed and saved output for Gen 17:6 to /Users/joshua/work/strong_number_embedding/sn_within_unv_selfgroup_segmentation/output/Gen/17/6
Processing complete.
Processing Gen 17:7...
Successfully processed and saved output for Gen 17:7 to /Users/joshua/work/strong_number_embedding/sn_within_unv_selfgroup_segmentation/output/Gen/17/7
Processing complete.
Processing Gen 17:8...
Successfully processed and saved output for Gen 17:8 to /Users/joshua/work/strong_number_embedding/sn_within_unv_selfgroup_segmentation/output/Gen/17/8
Processing complete.
Processing Gen 17:9...
Successfully processed and saved output for Gen 17:9 to /Users/joshua/work/strong_number_embedding/sn_within_unv_selfgroup_segmentation/output/Gen/17/9
Processing complete.
Processing Gen 17:10...
Successfully processed and saved output for Gen 17:10 to /Users/joshua/work/strong_number_embedding/sn_within_unv_selfgroup_segmentation/output/Gen/17/10
Processing complete.
Processing Gen 17:11...
Successfully processed and saved output for Gen 17:11 to /Users/joshua/work/strong_number_embedding/sn_within_unv_selfgroup_segmentation/output/Gen/17/11
Processing complete.
Processing Gen 17:12...
Successfully processed and saved output for Gen 17:12 to /Users/joshua/work/strong_number_embedding/sn_within_unv_selfgroup_segmentation/output/Gen/17/12
Processing complete.
Processing Gen 17:13...
Successfully processed and saved output for Gen 17:13 to /Users/joshua/work/strong_number_embedding/sn_within_unv_selfgroup_segmentation/output/Gen/17/13
Processing complete.
Processing Gen 17:14...
Successfully processed and saved output for Gen 17:14 to /Users/joshua/work/strong_number_embedding/sn_within_unv_selfgroup_segmentation/output/Gen/17/14
Processing complete.
Processing Gen 17:15...
Successfully processed and saved output for Gen 17:15 to /Users/joshua/work/strong_number_embedding/sn_within_unv_selfgroup_segmentation/output/Gen/17/15
Processing complete.
Processing Gen 17:16...
Successfully processed and saved output for Gen 17:16 to /Users/joshua/work/strong_number_embedding/sn_within_unv_selfgroup_segmentation/output/Gen/17/16
Processing complete.
Processing Gen 17:17...
Successfully processed and saved output for Gen 17:17 to /Users/joshua/work/strong_number_embedding/sn_within_unv_selfgroup_segmentation/output/Gen/17/17
Processing complete.
Processing Gen 17:18...
Successfully processed and saved output for Gen 17:18 to /Users/joshua/work/strong_number_embedding/sn_within_unv_selfgroup_segmentation/output/Gen/17/18
Processing complete.
Processing Gen 17:19...
Successfully processed and saved output for Gen 17:19 to /Users/joshua/work/strong_number_embedding/sn_within_unv_selfgroup_segmentation/output/Gen/17/19
Processing complete.
Processing Gen 17:20...
Successfully processed and saved output for Gen 17:20 to /Users/joshua/work/strong_number_embedding/sn_within_unv_selfgroup_segmentation/output/Gen/17/20
Processing complete.
Processing Gen 17:21...
Successfully processed and saved output for Gen 17:21 to /Users/joshua/work/strong_number_embedding/sn_within_unv_selfgroup_segmentation/output/Gen/17/21
Processing complete.
Processing Gen 17:22...
Successfully processed and saved output for Gen 17:22 to /Users/joshua/work/strong_number_embedding/sn_within_unv_selfgroup_segmentation/output/Gen/17/22
Processing complete.
Processing Gen 17:23...
Successfully processed and saved output for Gen 17:23 to /Users/joshua/work/strong_number_embedding/sn_within_unv_selfgroup_segmentation/output/Gen/17/23
Processing complete.
Processing Gen 17:24...
Successfully processed and saved output for Gen 17:24 to /Users/joshua/work/strong_number_embedding/sn_within_unv_selfgroup_segmentation/output/Gen/17/24
Processing complete.
Processing Gen 17:25...
Successfully processed and saved output for Gen 17:25 to /Users/joshua/work/strong_number_embedding/sn_within_unv_selfgroup_segmentation/output/Gen/17/25
Processing complete.
Processing Gen 17:26...
Successfully processed and saved output for Gen 17:26 to /Users/joshua/work/strong_number_embedding/sn_within_unv_selfgroup_segmentation/output/Gen/17/26
Processing complete.
Processing Gen 17:27...
Successfully processed and saved output for Gen 17:27 to /Users/joshua/work/strong_number_embedding/sn_within_unv_selfgroup_segmentation/output/Gen/17/27
Processing complete.
Processing Gen 18:1...
Successfully processed and saved output for Gen 18:1 to /Users/joshua/work/strong_number_embedding/sn_within_unv_selfgroup_segmentation/output/Gen/18/1
Processing complete.
Processing Gen 18:2...
Successfully processed and saved output for Gen 18:2 to /Users/joshua/work/strong_number_embedding/sn_within_unv_selfgroup_segmentation/output/Gen/18/2
Processing complete.
Processing Gen 18:3...
Successfully processed and saved output for Gen 18:3 to /Users/joshua/work/strong_number_embedding/sn_within_unv_selfgroup_segmentation/output/Gen/18/3
Processing complete.
Processing Gen 18:4...
Successfully processed and saved output for Gen 18:4 to /Users/joshua/work/strong_number_embedding/sn_within_unv_selfgroup_segmentation/output/Gen/18/4
Processing complete.
Processing Gen 18:5...
Successfully processed and saved output for Gen 18:5 to /Users/joshua/work/strong_number_embedding/sn_within_unv_selfgroup_segmentation/output/Gen/18/5
Processing complete.
Processing Gen 18:6...
Successfully processed and saved output for Gen 18:6 to /Users/joshua/work/strong_number_embedding/sn_within_unv_selfgroup_segmentation/output/Gen/18/6
Processing complete.
Processing Gen 18:7...
Successfully processed and saved output for Gen 18:7 to /Users/joshua/work/strong_number_embedding/sn_within_unv_selfgroup_segmentation/output/Gen/18/7
Processing complete.
Processing Gen 18:8...
Successfully processed and saved output for Gen 18:8 to /Users/joshua/work/strong_number_embedding/sn_within_unv_selfgroup_segmentation/output/Gen/18/8
Processing complete.
Processing Gen 18:9...
Successfully processed and saved output for Gen 18:9 to /Users/joshua/work/strong_number_embedding/sn_within_unv_selfgroup_segmentation/output/Gen/18/9
Processing complete.
Processing Gen 18:10...
Successfully processed and saved output for Gen 18:10 to /Users/joshua/work/strong_number_embedding/sn_within_unv_selfgroup_segmentation/output/Gen/18/10
Processing complete.
Processing Gen 18:11...
Successfully processed and saved output for Gen 18:11 to /Users/joshua/work/strong_number_embedding/sn_within_unv_selfgroup_segmentation/output/Gen/18/11
Processing complete.
Processing Gen 18:12...
Successfully processed and saved output for Gen 18:12 to /Users/joshua/work/strong_number_embedding/sn_within_unv_selfgroup_segmentation/output/Gen/18/12
Processing complete.
Processing Gen 18:13...
Successfully processed and saved output for Gen 18:13 to /Users/joshua/work/strong_number_embedding/sn_within_unv_selfgroup_segmentation/output/Gen/18/13
Processing complete.
Processing Gen 18:14...
Successfully processed and saved output for Gen 18:14 to /Users/joshua/work/strong_number_embedding/sn_within_unv_selfgroup_segmentation/output/Gen/18/14
Processing complete.
Processing Gen 18:15...
Successfully processed and saved output for Gen 18:15 to /Users/joshua/work/strong_number_embedding/sn_within_unv_selfgroup_segmentation/output/Gen/18/15
Processing complete.
Processing Gen 18:16...
Successfully processed and saved output for Gen 18:16 to /Users/joshua/work/strong_number_embedding/sn_within_unv_selfgroup_segmentation/output/Gen/18/16
Processing complete.
Processing Gen 18:17...
Successfully processed and saved output for Gen 18:17 to /Users/joshua/work/strong_number_embedding/sn_within_unv_selfgroup_segmentation/output/Gen/18/17
Processing complete.
Processing Gen 18:18...
Successfully processed and saved output for Gen 18:18 to /Users/joshua/work/strong_number_embedding/sn_within_unv_selfgroup_segmentation/output/Gen/18/18
Processing complete.
Processing Gen 18:19...
Successfully processed and saved output for Gen 18:19 to /Users/joshua/work/strong_number_embedding/sn_within_unv_selfgroup_segmentation/output/Gen/18/19
Processing complete.
Processing Gen 18:20...
Successfully processed and saved output for Gen 18:20 to /Users/joshua/work/strong_number_embedding/sn_within_unv_selfgroup_segmentation/output/Gen/18/20
Processing complete.
Processing Gen 18:21...
Successfully processed and saved output for Gen 18:21 to /Users/joshua/work/strong_number_embedding/sn_within_unv_selfgroup_segmentation/output/Gen/18/21
Processing complete.
Processing Gen 18:22...
Successfully processed and saved output for Gen 18:22 to /Users/joshua/work/strong_number_embedding/sn_within_unv_selfgroup_segmentation/output/Gen/18/22
Processing complete.
Processing Gen 18:23...
Successfully processed and saved output for Gen 18:23 to /Users/joshua/work/strong_number_embedding/sn_within_unv_selfgroup_segmentation/output/Gen/18/23
Processing complete.
Processing Gen 18:24...
Successfully processed and saved output for Gen 18:24 to /Users/joshua/work/strong_number_embedding/sn_within_unv_selfgroup_segmentation/output/Gen/18/24
Processing complete.
Processing Gen 18:25...
Successfully processed and saved output for Gen 18:25 to /Users/joshua/work/strong_number_embedding/sn_within_unv_selfgroup_segmentation/output/Gen/18/25
Processing complete.
Processing Gen 18:26...
Successfully processed and saved output for Gen 18:26 to /Users/joshua/work/strong_number_embedding/sn_within_unv_selfgroup_segmentation/output/Gen/18/26
Processing complete.
Processing Gen 18:27...
Successfully processed and saved output for Gen 18:27 to /Users/joshua/work/strong_number_embedding/sn_within_unv_selfgroup_segmentation/output/Gen/18/27
Processing complete.
Processing Gen 18:28...
Successfully processed and saved output for Gen 18:28 to /Users/joshua/work/strong_number_embedding/sn_within_unv_selfgroup_segmentation/output/Gen/18/28
Processing complete.
Processing Gen 18:29...
Successfully processed and saved output for Gen 18:29 to /Users/joshua/work/strong_number_embedding/sn_within_unv_selfgroup_segmentation/output/Gen/18/29
Processing complete.
Processing Gen 18:30...
Successfully processed and saved output for Gen 18:30 to /Users/joshua/work/strong_number_embedding/sn_within_unv_selfgroup_segmentation/output/Gen/18/30
Processing complete.
Processing Gen 18:31...
Successfully processed and saved output for Gen 18:31 to /Users/joshua/work/strong_number_embedding/sn_within_unv_selfgroup_segmentation/output/Gen/18/31
Processing complete.
Processing Gen 18:32...
Successfully processed and saved output for Gen 18:32 to /Users/joshua/work/strong_number_embedding/sn_within_unv_selfgroup_segmentation/output/Gen/18/32
Processing complete.
Processing Gen 18:33...
Successfully processed and saved output for Gen 18:33 to /Users/joshua/work/strong_number_embedding/sn_within_unv_selfgroup_segmentation/output/Gen/18/33
Processing complete.
Processing Gen 19:1...
Successfully processed and saved output for Gen 19:1 to /Users/joshua/work/strong_number_embedding/sn_within_unv_selfgroup_segmentation/output/Gen/19/1
Processing complete.
Processing Gen 19:2...
Successfully processed and saved output for Gen 19:2 to /Users/joshua/work/strong_number_embedding/sn_within_unv_selfgroup_segmentation/output/Gen/19/2
Processing complete.
Processing Gen 19:3...
Successfully processed and saved output for Gen 19:3 to /Users/joshua/work/strong_number_embedding/sn_within_unv_selfgroup_segmentation/output/Gen/19/3
Processing complete.
Processing Gen 19:4...
Successfully processed and saved output for Gen 19:4 to /Users/joshua/work/strong_number_embedding/sn_within_unv_selfgroup_segmentation/output/Gen/19/4
Processing complete.
Processing Gen 19:5...
Successfully processed and saved output for Gen 19:5 to /Users/joshua/work/strong_number_embedding/sn_within_unv_selfgroup_segmentation/output/Gen/19/5
Processing complete.
Processing Gen 19:6...
Successfully processed and saved output for Gen 19:6 to /Users/joshua/work/strong_number_embedding/sn_within_unv_selfgroup_segmentation/output/Gen/19/6
Processing complete.
Processing Gen 19:7...
Successfully processed and saved output for Gen 19:7 to /Users/joshua/work/strong_number_embedding/sn_within_unv_selfgroup_segmentation/output/Gen/19/7
Processing complete.
Processing Gen 19:8...
Successfully processed and saved output for Gen 19:8 to /Users/joshua/work/strong_number_embedding/sn_within_unv_selfgroup_segmentation/output/Gen/19/8
Processing complete.
Processing Gen 19:9...
Successfully processed and saved output for Gen 19:9 to /Users/joshua/work/strong_number_embedding/sn_within_unv_selfgroup_segmentation/output/Gen/19/9
Processing complete.
Processing Gen 19:10...
Successfully processed and saved output for Gen 19:10 to /Users/joshua/work/strong_number_embedding/sn_within_unv_selfgroup_segmentation/output/Gen/19/10
Processing complete.
Error running parse_verse_v1_6 for Gen 19:11: 'list' object has no attribute 'lstrip'
Failed to process Gen 19:11. Exiting.
Processing Gen 19:11...
Processing Gen 19:12...
Successfully processed and saved output for Gen 19:12 to /Users/joshua/work/strong_number_embedding/sn_within_unv_selfgroup_segmentation/output/Gen/19/12
Processing complete.
Processing Gen 19:13...
Successfully processed and saved output for Gen 19:13 to /Users/joshua/work/strong_number_embedding/sn_within_unv_selfgroup_segmentation/output/Gen/19/13
Processing complete.
Processing Gen 19:14...
Successfully processed and saved output for Gen 19:14 to /Users/joshua/work/strong_number_embedding/sn_within_unv_selfgroup_segmentation/output/Gen/19/14
Processing complete.
Processing Gen 19:15...
Successfully processed and saved output for Gen 19:15 to /Users/joshua/work/strong_number_embedding/sn_within_unv_selfgroup_segmentation/output/Gen/19/15
Processing complete.
Processing Gen 19:16...
Successfully processed and saved output for Gen 19:16 to /Users/joshua/work/strong_number_embedding/sn_within_unv_selfgroup_segmentation/output/Gen/19/16
Processing complete.
Processing Gen 19:17...
Successfully processed and saved output for Gen 19:17 to /Users/joshua/work/strong_number_embedding/sn_within_unv_selfgroup_segmentation/output/Gen/19/17
Processing complete.
Processing Gen 19:18...
Successfully processed and saved output for Gen 19:18 to /Users/joshua/work/strong_number_embedding/sn_within_unv_selfgroup_segmentation/output/Gen/19/18
Processing complete.
Processing Gen 19:19...
Successfully processed and saved output for Gen 19:19 to /Users/joshua/work/strong_number_embedding/sn_within_unv_selfgroup_segmentation/output/Gen/19/19
Processing complete.
Processing Gen 19:20...
Successfully processed and saved output for Gen 19:20 to /Users/joshua/work/strong_number_embedding/sn_within_unv_selfgroup_segmentation/output/Gen/19/20
Processing complete.
Processing Gen 19:21...
Successfully processed and saved output for Gen 19:21 to /Users/joshua/work/strong_number_embedding/sn_within_unv_selfgroup_segmentation/output/Gen/19/21
Processing complete.
Processing Gen 19:22...
Successfully processed and saved output for Gen 19:22 to /Users/joshua/work/strong_number_embedding/sn_within_unv_selfgroup_segmentation/output/Gen/19/22
Processing complete.
Processing Gen 19:23...
Successfully processed and saved output for Gen 19:23 to /Users/joshua/work/strong_number_embedding/sn_within_unv_selfgroup_segmentation/output/Gen/19/23
Processing complete.
Processing Gen 19:24...
Successfully processed and saved output for Gen 19:24 to /Users/joshua/work/strong_number_embedding/sn_within_unv_selfgroup_segmentation/output/Gen/19/24
Processing complete.
Processing Gen 19:25...
Successfully processed and saved output for Gen 19:25 to /Users/joshua/work/strong_number_embedding/sn_within_unv_selfgroup_segmentation/output/Gen/19/25
Processing complete.
Processing Gen 19:26...
Successfully processed and saved output for Gen 19:26 to /Users/joshua/work/strong_number_embedding/sn_within_unv_selfgroup_segmentation/output/Gen/19/26
Processing complete.
Processing Gen 19:27...
Successfully processed and saved output for Gen 19:27 to /Users/joshua/work/strong_number_embedding/sn_within_unv_selfgroup_segmentation/output/Gen/19/27
Processing complete.
Processing Gen 19:28...
Successfully processed and saved output for Gen 19:28 to /Users/joshua/work/strong_number_embedding/sn_within_unv_selfgroup_segmentation/output/Gen/19/28
Processing complete.
Processing Gen 19:29...
Successfully processed and saved output for Gen 19:29 to /Users/joshua/work/strong_number_embedding/sn_within_unv_selfgroup_segmentation/output/Gen/19/29
Processing complete.
Processing Gen 19:30...
Successfully processed and saved output for Gen 19:30 to /Users/joshua/work/strong_number_embedding/sn_within_unv_selfgroup_segmentation/output/Gen/19/30
Processing complete.
Processing Gen 19:31...
Successfully processed and saved output for Gen 19:31 to /Users/joshua/work/strong_number_embedding/sn_within_unv_selfgroup_segmentation/output/Gen/19/31
Processing complete.
Processing Gen 19:32...
Successfully processed and saved output for Gen 19:32 to /Users/joshua/work/strong_number_embedding/sn_within_unv_selfgroup_segmentation/output/Gen/19/32
Processing complete.
Processing Gen 19:33...
Successfully processed and saved output for Gen 19:33 to /Users/joshua/work/strong_number_embedding/sn_within_unv_selfgroup_segmentation/output/Gen/19/33
Processing complete.
Processing Gen 19:34...
Successfully processed and saved output for Gen 19:34 to /Users/joshua/work/strong_number_embedding/sn_within_unv_selfgroup_segmentation/output/Gen/19/34
Processing complete.
Processing Gen 19:35...
Successfully processed and saved output for Gen 19:35 to /Users/joshua/work/strong_number_embedding/sn_within_unv_selfgroup_segmentation/output/Gen/19/35
Processing complete.
Processing Gen 19:36...
Successfully processed and saved output for Gen 19:36 to /Users/joshua/work/strong_number_embedding/sn_within_unv_selfgroup_segmentation/output/Gen/19/36
Processing complete.
Processing Gen 19:37...
Successfully processed and saved output for Gen 19:37 to /Users/joshua/work/strong_number_embedding/sn_within_unv_selfgroup_segmentation/output/Gen/19/37
Processing complete.
Processing Gen 19:38...
Successfully processed and saved output for Gen 19:38 to /Users/joshua/work/strong_number_embedding/sn_within_unv_selfgroup_segmentation/output/Gen/19/38
Processing complete.
Processing Gen 20:1...
Successfully processed and saved output for Gen 20:1 to /Users/joshua/work/strong_number_embedding/sn_within_unv_selfgroup_segmentation/output/Gen/20/1
Processing complete.
Processing Gen 20:2...
Successfully processed and saved output for Gen 20:2 to /Users/joshua/work/strong_number_embedding/sn_within_unv_selfgroup_segmentation/output/Gen/20/2
Processing complete.
Processing Gen 20:3...
Successfully processed and saved output for Gen 20:3 to /Users/joshua/work/strong_number_embedding/sn_within_unv_selfgroup_segmentation/output/Gen/20/3
Processing complete.
Processing Gen 20:4...
Successfully processed and saved output for Gen 20:4 to /Users/joshua/work/strong_number_embedding/sn_within_unv_selfgroup_segmentation/output/Gen/20/4
Processing complete.
Processing Gen 20:5...
Successfully processed and saved output for Gen 20:5 to /Users/joshua/work/strong_number_embedding/sn_within_unv_selfgroup_segmentation/output/Gen/20/5
Processing complete.
Processing Gen 20:6...
Successfully processed and saved output for Gen 20:6 to /Users/joshua/work/strong_number_embedding/sn_within_unv_selfgroup_segmentation/output/Gen/20/6
Processing complete.
Processing Gen 20:7...
Successfully processed and saved output for Gen 20:7 to /Users/joshua/work/strong_number_embedding/sn_within_unv_selfgroup_segmentation/output/Gen/20/7
Processing complete.
Processing Gen 20:8...
Successfully processed and saved output for Gen 20:8 to /Users/joshua/work/strong_number_embedding/sn_within_unv_selfgroup_segmentation/output/Gen/20/8
Processing complete.
Processing Gen 20:9...
Successfully processed and saved output for Gen 20:9 to /Users/joshua/work/strong_number_embedding/sn_within_unv_selfgroup_segmentation/output/Gen/20/9
Processing complete.
Processing Gen 20:10...
Successfully processed and saved output for Gen 20:10 to /Users/joshua/work/strong_number_embedding/sn_within_unv_selfgroup_segmentation/output/Gen/20/10
Processing complete.
Processing Gen 20:11...
Successfully processed and saved output for Gen 20:11 to /Users/joshua/work/strong_number_embedding/sn_within_unv_selfgroup_segmentation/output/Gen/20/11
Processing complete.
Processing Gen 20:12...
Successfully processed and saved output for Gen 20:12 to /Users/joshua/work/strong_number_embedding/sn_within_unv_selfgroup_segmentation/output/Gen/20/12
Processing complete.
Processing Gen 20:13...
Successfully processed and saved output for Gen 20:13 to /Users/joshua/work/strong_number_embedding/sn_within_unv_selfgroup_segmentation/output/Gen/20/13
Processing complete.
Processing Gen 20:14...
Successfully processed and saved output for Gen 20:14 to /Users/joshua/work/strong_number_embedding/sn_within_unv_selfgroup_segmentation/output/Gen/20/14
Processing complete.
Processing Gen 20:15...
Successfully processed and saved output for Gen 20:15 to /Users/joshua/work/strong_number_embedding/sn_within_unv_selfgroup_segmentation/output/Gen/20/15
Processing complete.
Processing Gen 20:16...
Successfully processed and saved output for Gen 20:16 to /Users/joshua/work/strong_number_embedding/sn_within_unv_selfgroup_segmentation/output/Gen/20/16
Processing complete.
Processing Gen 20:17...
Successfully processed and saved output for Gen 20:17 to /Users/joshua/work/strong_number_embedding/sn_within_unv_selfgroup_segmentation/output/Gen/20/17
Processing complete.
Processing Gen 20:18...
Successfully processed and saved output for Gen 20:18 to /Users/joshua/work/strong_number_embedding/sn_within_unv_selfgroup_segmentation/output/Gen/20/18
Processing complete.
Processing Gen 21:1...
Successfully processed and saved output for Gen 21:1 to /Users/joshua/work/strong_number_embedding/sn_within_unv_selfgroup_segmentation/output/Gen/21/1
Processing complete.
Processing Gen 21:2...
Successfully processed and saved output for Gen 21:2 to /Users/joshua/work/strong_number_embedding/sn_within_unv_selfgroup_segmentation/output/Gen/21/2
Processing complete.
Processing Gen 21:3...
Successfully processed and saved output for Gen 21:3 to /Users/joshua/work/strong_number_embedding/sn_within_unv_selfgroup_segmentation/output/Gen/21/3
Processing complete.
Processing Gen 21:4...
Successfully processed and saved output for Gen 21:4 to /Users/joshua/work/strong_number_embedding/sn_within_unv_selfgroup_segmentation/output/Gen/21/4
Processing complete.
Processing Gen 21:5...
Successfully processed and saved output for Gen 21:5 to /Users/joshua/work/strong_number_embedding/sn_within_unv_selfgroup_segmentation/output/Gen/21/5
Processing complete.
Processing Gen 21:6...
Successfully processed and saved output for Gen 21:6 to /Users/joshua/work/strong_number_embedding/sn_within_unv_selfgroup_segmentation/output/Gen/21/6
Processing complete.
Processing Gen 21:7...
Successfully processed and saved output for Gen 21:7 to /Users/joshua/work/strong_number_embedding/sn_within_unv_selfgroup_segmentation/output/Gen/21/7
Processing complete.
Processing Gen 21:8...
Successfully processed and saved output for Gen 21:8 to /Users/joshua/work/strong_number_embedding/sn_within_unv_selfgroup_segmentation/output/Gen/21/8
Processing complete.
Processing Gen 21:9...
Successfully processed and saved output for Gen 21:9 to /Users/joshua/work/strong_number_embedding/sn_within_unv_selfgroup_segmentation/output/Gen/21/9
Processing complete.
Processing Gen 21:10...
Successfully processed and saved output for Gen 21:10 to /Users/joshua/work/strong_number_embedding/sn_within_unv_selfgroup_segmentation/output/Gen/21/10
Processing complete.
Processing Gen 21:11...
Successfully processed and saved output for Gen 21:11 to /Users/joshua/work/strong_number_embedding/sn_within_unv_selfgroup_segmentation/output/Gen/21/11
Processing complete.
Processing Gen 21:12...
Successfully processed and saved output for Gen 21:12 to /Users/joshua/work/strong_number_embedding/sn_within_unv_selfgroup_segmentation/output/Gen/21/12
Processing complete.
Processing Gen 21:13...
Successfully processed and saved output for Gen 21:13 to /Users/joshua/work/strong_number_embedding/sn_within_unv_selfgroup_segmentation/output/Gen/21/13
Processing complete.
Processing Gen 21:14...
Successfully processed and saved output for Gen 21:14 to /Users/joshua/work/strong_number_embedding/sn_within_unv_selfgroup_segmentation/output/Gen/21/14
Processing complete.
Processing Gen 21:15...
Successfully processed and saved output for Gen 21:15 to /Users/joshua/work/strong_number_embedding/sn_within_unv_selfgroup_segmentation/output/Gen/21/15
Processing complete.
Processing Gen 21:16...
Successfully processed and saved output for Gen 21:16 to /Users/joshua/work/strong_number_embedding/sn_within_unv_selfgroup_segmentation/output/Gen/21/16
Processing complete.
Processing Gen 21:17...
Successfully processed and saved output for Gen 21:17 to /Users/joshua/work/strong_number_embedding/sn_within_unv_selfgroup_segmentation/output/Gen/21/17
Processing complete.
Processing Gen 21:18...
Successfully processed and saved output for Gen 21:18 to /Users/joshua/work/strong_number_embedding/sn_within_unv_selfgroup_segmentation/output/Gen/21/18
Processing complete.
Processing Gen 21:19...
Successfully processed and saved output for Gen 21:19 to /Users/joshua/work/strong_number_embedding/sn_within_unv_selfgroup_segmentation/output/Gen/21/19
Processing complete.
Processing Gen 21:20...
Successfully processed and saved output for Gen 21:20 to /Users/joshua/work/strong_number_embedding/sn_within_unv_selfgroup_segmentation/output/Gen/21/20
Processing complete.
Processing Gen 21:21...
Successfully processed and saved output for Gen 21:21 to /Users/joshua/work/strong_number_embedding/sn_within_unv_selfgroup_segmentation/output/Gen/21/21
Processing complete.
Processing Gen 21:22...
Successfully processed and saved output for Gen 21:22 to /Users/joshua/work/strong_number_embedding/sn_within_unv_selfgroup_segmentation/output/Gen/21/22
Processing complete.
Processing Gen 21:23...
Successfully processed and saved output for Gen 21:23 to /Users/joshua/work/strong_number_embedding/sn_within_unv_selfgroup_segmentation/output/Gen/21/23
Processing complete.
Processing Gen 21:24...
Successfully processed and saved output for Gen 21:24 to /Users/joshua/work/strong_number_embedding/sn_within_unv_selfgroup_segmentation/output/Gen/21/24
Processing complete.
Processing Gen 21:25...
Successfully processed and saved output for Gen 21:25 to /Users/joshua/work/strong_number_embedding/sn_within_unv_selfgroup_segmentation/output/Gen/21/25
Processing complete.
Processing Gen 21:26...
Successfully processed and saved output for Gen 21:26 to /Users/joshua/work/strong_number_embedding/sn_within_unv_selfgroup_segmentation/output/Gen/21/26
Processing complete.
Processing Gen 21:27...
Successfully processed and saved output for Gen 21:27 to /Users/joshua/work/strong_number_embedding/sn_within_unv_selfgroup_segmentation/output/Gen/21/27
Processing complete.
Processing Gen 21:28...
Successfully processed and saved output for Gen 21:28 to /Users/joshua/work/strong_number_embedding/sn_within_unv_selfgroup_segmentation/output/Gen/21/28
Processing complete.
Processing Gen 21:29...
Successfully processed and saved output for Gen 21:29 to /Users/joshua/work/strong_number_embedding/sn_within_unv_selfgroup_segmentation/output/Gen/21/29
Processing complete.
Processing Gen 21:30...
Successfully processed and saved output for Gen 21:30 to /Users/joshua/work/strong_number_embedding/sn_within_unv_selfgroup_segmentation/output/Gen/21/30
Processing complete.
Processing Gen 21:31...
Successfully processed and saved output for Gen 21:31 to /Users/joshua/work/strong_number_embedding/sn_within_unv_selfgroup_segmentation/output/Gen/21/31
Processing complete.
Processing Gen 21:32...
Successfully processed and saved output for Gen 21:32 to /Users/joshua/work/strong_number_embedding/sn_within_unv_selfgroup_segmentation/output/Gen/21/32
Processing complete.
Processing Gen 21:33...
Successfully processed and saved output for Gen 21:33 to /Users/joshua/work/strong_number_embedding/sn_within_unv_selfgroup_segmentation/output/Gen/21/33
Processing complete.
Processing Gen 21:34...
Successfully processed and saved output for Gen 21:34 to /Users/joshua/work/strong_number_embedding/sn_within_unv_selfgroup_segmentation/output/Gen/21/34
Processing complete.
Processing Gen 22:1...
Successfully processed and saved output for Gen 22:1 to /Users/joshua/work/strong_number_embedding/sn_within_unv_selfgroup_segmentation/output/Gen/22/1
Processing complete.
Processing Gen 22:2...
Successfully processed and saved output for Gen 22:2 to /Users/joshua/work/strong_number_embedding/sn_within_unv_selfgroup_segmentation/output/Gen/22/2
Processing complete.
Processing Gen 22:3...
Successfully processed and saved output for Gen 22:3 to /Users/joshua/work/strong_number_embedding/sn_within_unv_selfgroup_segmentation/output/Gen/22/3
Processing complete.
Processing Gen 22:4...
Successfully processed and saved output for Gen 22:4 to /Users/joshua/work/strong_number_embedding/sn_within_unv_selfgroup_segmentation/output/Gen/22/4
Processing complete.
Processing Gen 22:5...
Successfully processed and saved output for Gen 22:5 to /Users/joshua/work/strong_number_embedding/sn_within_unv_selfgroup_segmentation/output/Gen/22/5
Processing complete.
Processing Gen 22:6...
Successfully processed and saved output for Gen 22:6 to /Users/joshua/work/strong_number_embedding/sn_within_unv_selfgroup_segmentation/output/Gen/22/6
Processing complete.
Processing Gen 22:7...
Successfully processed and saved output for Gen 22:7 to /Users/joshua/work/strong_number_embedding/sn_within_unv_selfgroup_segmentation/output/Gen/22/7
Processing complete.
Processing Gen 22:8...
Successfully processed and saved output for Gen 22:8 to /Users/joshua/work/strong_number_embedding/sn_within_unv_selfgroup_segmentation/output/Gen/22/8
Processing complete.
Processing Gen 22:9...
Successfully processed and saved output for Gen 22:9 to /Users/joshua/work/strong_number_embedding/sn_within_unv_selfgroup_segmentation/output/Gen/22/9
Processing complete.
Processing Gen 22:10...
Successfully processed and saved output for Gen 22:10 to /Users/joshua/work/strong_number_embedding/sn_within_unv_selfgroup_segmentation/output/Gen/22/10
Processing complete.
Processing Gen 22:11...
Successfully processed and saved output for Gen 22:11 to /Users/joshua/work/strong_number_embedding/sn_within_unv_selfgroup_segmentation/output/Gen/22/11
Processing complete.
Processing Gen 22:12...
Successfully processed and saved output for Gen 22:12 to /Users/joshua/work/strong_number_embedding/sn_within_unv_selfgroup_segmentation/output/Gen/22/12
Processing complete.
Processing Gen 22:13...
Successfully processed and saved output for Gen 22:13 to /Users/joshua/work/strong_number_embedding/sn_within_unv_selfgroup_segmentation/output/Gen/22/13
Processing complete.
Processing Gen 22:14...
Successfully processed and saved output for Gen 22:14 to /Users/joshua/work/strong_number_embedding/sn_within_unv_selfgroup_segmentation/output/Gen/22/14
Processing complete.
Processing Gen 22:15...
Successfully processed and saved output for Gen 22:15 to /Users/joshua/work/strong_number_embedding/sn_within_unv_selfgroup_segmentation/output/Gen/22/15
Processing complete.
Processing Gen 22:16...
Successfully processed and saved output for Gen 22:16 to /Users/joshua/work/strong_number_embedding/sn_within_unv_selfgroup_segmentation/output/Gen/22/16
Processing complete.
Processing Gen 22:17...
Successfully processed and saved output for Gen 22:17 to /Users/joshua/work/strong_number_embedding/sn_within_unv_selfgroup_segmentation/output/Gen/22/17
Processing complete.
Processing Gen 22:18...
Successfully processed and saved output for Gen 22:18 to /Users/joshua/work/strong_number_embedding/sn_within_unv_selfgroup_segmentation/output/Gen/22/18
Processing complete.
Processing Gen 22:19...
Successfully processed and saved output for Gen 22:19 to /Users/joshua/work/strong_number_embedding/sn_within_unv_selfgroup_segmentation/output/Gen/22/19
Processing complete.
Processing Gen 22:20...
Successfully processed and saved output for Gen 22:20 to /Users/joshua/work/strong_number_embedding/sn_within_unv_selfgroup_segmentation/output/Gen/22/20
Processing complete.
Processing Gen 22:21...
Successfully processed and saved output for Gen 22:21 to /Users/joshua/work/strong_number_embedding/sn_within_unv_selfgroup_segmentation/output/Gen/22/21
Processing complete.
Processing Gen 22:22...
Successfully processed and saved output for Gen 22:22 to /Users/joshua/work/strong_number_embedding/sn_within_unv_selfgroup_segmentation/output/Gen/22/22
Processing complete.
Processing Gen 22:23...
Successfully processed and saved output for Gen 22:23 to /Users/joshua/work/strong_number_embedding/sn_within_unv_selfgroup_segmentation/output/Gen/22/23
Processing complete.
Processing Gen 22:24...
Successfully processed and saved output for Gen 22:24 to /Users/joshua/work/strong_number_embedding/sn_within_unv_selfgroup_segmentation/output/Gen/22/24
Processing complete.
Processing Gen 23:1...
Successfully processed and saved output for Gen 23:1 to /Users/joshua/work/strong_number_embedding/sn_within_unv_selfgroup_segmentation/output/Gen/23/1
Processing complete.
Processing Gen 23:2...
Successfully processed and saved output for Gen 23:2 to /Users/joshua/work/strong_number_embedding/sn_within_unv_selfgroup_segmentation/output/Gen/23/2
Processing complete.
Processing Gen 23:3...
Successfully processed and saved output for Gen 23:3 to /Users/joshua/work/strong_number_embedding/sn_within_unv_selfgroup_segmentation/output/Gen/23/3
Processing complete.
Processing Gen 23:4...
Successfully processed and saved output for Gen 23:4 to /Users/joshua/work/strong_number_embedding/sn_within_unv_selfgroup_segmentation/output/Gen/23/4
Processing complete.
Processing Gen 23:5...
Successfully processed and saved output for Gen 23:5 to /Users/joshua/work/strong_number_embedding/sn_within_unv_selfgroup_segmentation/output/Gen/23/5
Processing complete.
Error running parse_verse_v1_6 for Gen 23:6: 'list' object has no attribute 'lstrip'
Failed to process Gen 23:6. Exiting.
Processing Gen 23:6...
Processing Gen 23:7...
Successfully processed and saved output for Gen 23:7 to /Users/joshua/work/strong_number_embedding/sn_within_unv_selfgroup_segmentation/output/Gen/23/7
Processing complete.
Error running parse_verse_v1_6 for Gen 23:8: 'list' object has no attribute 'lstrip'
Failed to process Gen 23:8. Exiting.
Processing Gen 23:8...
Processing Gen 23:9...
Successfully processed and saved output for Gen 23:9 to /Users/joshua/work/strong_number_embedding/sn_within_unv_selfgroup_segmentation/output/Gen/23/9
Processing complete.
Processing Gen 23:10...
Successfully processed and saved output for Gen 23:10 to /Users/joshua/work/strong_number_embedding/sn_within_unv_selfgroup_segmentation/output/Gen/23/10
Processing complete.
Processing Gen 23:11...
Successfully processed and saved output for Gen 23:11 to /Users/joshua/work/strong_number_embedding/sn_within_unv_selfgroup_segmentation/output/Gen/23/11
Processing complete.
Processing Gen 23:12...
Successfully processed and saved output for Gen 23:12 to /Users/joshua/work/strong_number_embedding/sn_within_unv_selfgroup_segmentation/output/Gen/23/12
Processing complete.
Processing Gen 23:13...
Successfully processed and saved output for Gen 23:13 to /Users/joshua/work/strong_number_embedding/sn_within_unv_selfgroup_segmentation/output/Gen/23/13
Processing complete.
Processing Gen 23:14...
Successfully processed and saved output for Gen 23:14 to /Users/joshua/work/strong_number_embedding/sn_within_unv_selfgroup_segmentation/output/Gen/23/14
Processing complete.
Processing Gen 23:15...
Successfully processed and saved output for Gen 23:15 to /Users/joshua/work/strong_number_embedding/sn_within_unv_selfgroup_segmentation/output/Gen/23/15
Processing complete.
Processing Gen 23:16...
Successfully processed and saved output for Gen 23:16 to /Users/joshua/work/strong_number_embedding/sn_within_unv_selfgroup_segmentation/output/Gen/23/16
Processing complete.
Processing Gen 23:17...
Successfully processed and saved output for Gen 23:17 to /Users/joshua/work/strong_number_embedding/sn_within_unv_selfgroup_segmentation/output/Gen/23/17
Processing complete.
Processing Gen 23:18...
Successfully processed and saved output for Gen 23:18 to /Users/joshua/work/strong_number_embedding/sn_within_unv_selfgroup_segmentation/output/Gen/23/18
Processing complete.
Processing Gen 23:19...
Successfully processed and saved output for Gen 23:19 to /Users/joshua/work/strong_number_embedding/sn_within_unv_selfgroup_segmentation/output/Gen/23/19
Processing complete.
Processing Gen 23:20...
Successfully processed and saved output for Gen 23:20 to /Users/joshua/work/strong_number_embedding/sn_within_unv_selfgroup_segmentation/output/Gen/23/20
Processing complete.
Processing Gen 24:1...
Successfully processed and saved output for Gen 24:1 to /Users/joshua/work/strong_number_embedding/sn_within_unv_selfgroup_segmentation/output/Gen/24/1
Processing complete.
Processing Gen 24:2...
Successfully processed and saved output for Gen 24:2 to /Users/joshua/work/strong_number_embedding/sn_within_unv_selfgroup_segmentation/output/Gen/24/2
Processing complete.
Processing Gen 24:3...
Successfully processed and saved output for Gen 24:3 to /Users/joshua/work/strong_number_embedding/sn_within_unv_selfgroup_segmentation/output/Gen/24/3
Processing complete.
Processing Gen 24:4...
Successfully processed and saved output for Gen 24:4 to /Users/joshua/work/strong_number_embedding/sn_within_unv_selfgroup_segmentation/output/Gen/24/4
Processing complete.
Processing Gen 24:5...
Successfully processed and saved output for Gen 24:5 to /Users/joshua/work/strong_number_embedding/sn_within_unv_selfgroup_segmentation/output/Gen/24/5
Processing complete.
Processing Gen 24:6...
Successfully processed and saved output for Gen 24:6 to /Users/joshua/work/strong_number_embedding/sn_within_unv_selfgroup_segmentation/output/Gen/24/6
Processing complete.
Processing Gen 24:7...
Successfully processed and saved output for Gen 24:7 to /Users/joshua/work/strong_number_embedding/sn_within_unv_selfgroup_segmentation/output/Gen/24/7
Processing complete.
Processing Gen 24:8...
Successfully processed and saved output for Gen 24:8 to /Users/joshua/work/strong_number_embedding/sn_within_unv_selfgroup_segmentation/output/Gen/24/8
Processing complete.
Processing Gen 24:9...
Successfully processed and saved output for Gen 24:9 to /Users/joshua/work/strong_number_embedding/sn_within_unv_selfgroup_segmentation/output/Gen/24/9
Processing complete.
Processing Gen 24:10...
Successfully processed and saved output for Gen 24:10 to /Users/joshua/work/strong_number_embedding/sn_within_unv_selfgroup_segmentation/output/Gen/24/10
Processing complete.
Processing Gen 24:11...
Successfully processed and saved output for Gen 24:11 to /Users/joshua/work/strong_number_embedding/sn_within_unv_selfgroup_segmentation/output/Gen/24/11
Processing complete.
Processing Gen 24:12...
Successfully processed and saved output for Gen 24:12 to /Users/joshua/work/strong_number_embedding/sn_within_unv_selfgroup_segmentation/output/Gen/24/12
Processing complete.
Processing Gen 24:13...
Successfully processed and saved output for Gen 24:13 to /Users/joshua/work/strong_number_embedding/sn_within_unv_selfgroup_segmentation/output/Gen/24/13
Processing complete.
Processing Gen 24:14...
Successfully processed and saved output for Gen 24:14 to /Users/joshua/work/strong_number_embedding/sn_within_unv_selfgroup_segmentation/output/Gen/24/14
Processing complete.
Processing Gen 24:15...
Successfully processed and saved output for Gen 24:15 to /Users/joshua/work/strong_number_embedding/sn_within_unv_selfgroup_segmentation/output/Gen/24/15
Processing complete.
Processing Gen 24:16...
Successfully processed and saved output for Gen 24:16 to /Users/joshua/work/strong_number_embedding/sn_within_unv_selfgroup_segmentation/output/Gen/24/16
Processing complete.
Processing Gen 24:17...
Successfully processed and saved output for Gen 24:17 to /Users/joshua/work/strong_number_embedding/sn_within_unv_selfgroup_segmentation/output/Gen/24/17
Processing complete.
Processing Gen 24:18...
Successfully processed and saved output for Gen 24:18 to /Users/joshua/work/strong_number_embedding/sn_within_unv_selfgroup_segmentation/output/Gen/24/18
Processing complete.
Processing Gen 24:19...
Successfully processed and saved output for Gen 24:19 to /Users/joshua/work/strong_number_embedding/sn_within_unv_selfgroup_segmentation/output/Gen/24/19
Processing complete.
Processing Gen 24:20...
Successfully processed and saved output for Gen 24:20 to /Users/joshua/work/strong_number_embedding/sn_within_unv_selfgroup_segmentation/output/Gen/24/20
Processing complete.
Processing Gen 24:21...
Successfully processed and saved output for Gen 24:21 to /Users/joshua/work/strong_number_embedding/sn_within_unv_selfgroup_segmentation/output/Gen/24/21
Processing complete.
Processing Gen 24:22...
Successfully processed and saved output for Gen 24:22 to /Users/joshua/work/strong_number_embedding/sn_within_unv_selfgroup_segmentation/output/Gen/24/22
Processing complete.
Processing Gen 24:23...
Successfully processed and saved output for Gen 24:23 to /Users/joshua/work/strong_number_embedding/sn_within_unv_selfgroup_segmentation/output/Gen/24/23
Processing complete.
Processing Gen 24:24...
Successfully processed and saved output for Gen 24:24 to /Users/joshua/work/strong_number_embedding/sn_within_unv_selfgroup_segmentation/output/Gen/24/24
Processing complete.
Processing Gen 24:25...
Successfully processed and saved output for Gen 24:25 to /Users/joshua/work/strong_number_embedding/sn_within_unv_selfgroup_segmentation/output/Gen/24/25
Processing complete.
Processing Gen 24:26...
Successfully processed and saved output for Gen 24:26 to /Users/joshua/work/strong_number_embedding/sn_within_unv_selfgroup_segmentation/output/Gen/24/26
Processing complete.
Processing Gen 24:27...
Successfully processed and saved output for Gen 24:27 to /Users/joshua/work/strong_number_embedding/sn_within_unv_selfgroup_segmentation/output/Gen/24/27
Processing complete.
Processing Gen 24:28...
Successfully processed and saved output for Gen 24:28 to /Users/joshua/work/strong_number_embedding/sn_within_unv_selfgroup_segmentation/output/Gen/24/28
Processing complete.
Processing Gen 24:29...
Successfully processed and saved output for Gen 24:29 to /Users/joshua/work/strong_number_embedding/sn_within_unv_selfgroup_segmentation/output/Gen/24/29
Processing complete.
Processing Gen 24:30...
Successfully processed and saved output for Gen 24:30 to /Users/joshua/work/strong_number_embedding/sn_within_unv_selfgroup_segmentation/output/Gen/24/30
Processing complete.
Processing Gen 24:31...
Successfully processed and saved output for Gen 24:31 to /Users/joshua/work/strong_number_embedding/sn_within_unv_selfgroup_segmentation/output/Gen/24/31
Processing complete.
Processing Gen 24:32...
Successfully processed and saved output for Gen 24:32 to /Users/joshua/work/strong_number_embedding/sn_within_unv_selfgroup_segmentation/output/Gen/24/32
Processing complete.
Processing Gen 24:33...
Successfully processed and saved output for Gen 24:33 to /Users/joshua/work/strong_number_embedding/sn_within_unv_selfgroup_segmentation/output/Gen/24/33
Processing complete.
Processing Gen 24:34...
Successfully processed and saved output for Gen 24:34 to /Users/joshua/work/strong_number_embedding/sn_within_unv_selfgroup_segmentation/output/Gen/24/34
Processing complete.
Processing Gen 24:35...
Successfully processed and saved output for Gen 24:35 to /Users/joshua/work/strong_number_embedding/sn_within_unv_selfgroup_segmentation/output/Gen/24/35
Processing complete.
Processing Gen 24:36...
Successfully processed and saved output for Gen 24:36 to /Users/joshua/work/strong_number_embedding/sn_within_unv_selfgroup_segmentation/output/Gen/24/36
Processing complete.
Processing Gen 24:37...
Successfully processed and saved output for Gen 24:37 to /Users/joshua/work/strong_number_embedding/sn_within_unv_selfgroup_segmentation/output/Gen/24/37
Processing complete.
Processing Gen 24:38...
Successfully processed and saved output for Gen 24:38 to /Users/joshua/work/strong_number_embedding/sn_within_unv_selfgroup_segmentation/output/Gen/24/38
Processing complete.
Processing Gen 24:39...
Successfully processed and saved output for Gen 24:39 to /Users/joshua/work/strong_number_embedding/sn_within_unv_selfgroup_segmentation/output/Gen/24/39
Processing complete.
Processing Gen 24:40...
Successfully processed and saved output for Gen 24:40 to /Users/joshua/work/strong_number_embedding/sn_within_unv_selfgroup_segmentation/output/Gen/24/40
Processing complete.
Error running parse_verse_v1_6 for Gen 24:41: 'list' object has no attribute 'lstrip'
Failed to process Gen 24:41. Exiting.
Processing Gen 24:41...
Processing Gen 24:42...
Successfully processed and saved output for Gen 24:42 to /Users/joshua/work/strong_number_embedding/sn_within_unv_selfgroup_segmentation/output/Gen/24/42
Processing complete.
Processing Gen 24:43...
Successfully processed and saved output for Gen 24:43 to /Users/joshua/work/strong_number_embedding/sn_within_unv_selfgroup_segmentation/output/Gen/24/43
Processing complete.
Processing Gen 24:44...
Successfully processed and saved output for Gen 24:44 to /Users/joshua/work/strong_number_embedding/sn_within_unv_selfgroup_segmentation/output/Gen/24/44
Processing complete.
Processing Gen 24:45...
Successfully processed and saved output for Gen 24:45 to /Users/joshua/work/strong_number_embedding/sn_within_unv_selfgroup_segmentation/output/Gen/24/45
Processing complete.
Processing Gen 24:46...
Successfully processed and saved output for Gen 24:46 to /Users/joshua/work/strong_number_embedding/sn_within_unv_selfgroup_segmentation/output/Gen/24/46
Processing complete.
Processing Gen 24:47...
Successfully processed and saved output for Gen 24:47 to /Users/joshua/work/strong_number_embedding/sn_within_unv_selfgroup_segmentation/output/Gen/24/47
Processing complete.
Processing Gen 24:48...
Successfully processed and saved output for Gen 24:48 to /Users/joshua/work/strong_number_embedding/sn_within_unv_selfgroup_segmentation/output/Gen/24/48
Processing complete.
Processing Gen 24:49...
Successfully processed and saved output for Gen 24:49 to /Users/joshua/work/strong_number_embedding/sn_within_unv_selfgroup_segmentation/output/Gen/24/49
Processing complete.
Processing Gen 24:50...
Successfully processed and saved output for Gen 24:50 to /Users/joshua/work/strong_number_embedding/sn_within_unv_selfgroup_segmentation/output/Gen/24/50
Processing complete.
Processing Gen 24:51...
Successfully processed and saved output for Gen 24:51 to /Users/joshua/work/strong_number_embedding/sn_within_unv_selfgroup_segmentation/output/Gen/24/51
Processing complete.
Processing Gen 24:52...
Successfully processed and saved output for Gen 24:52 to /Users/joshua/work/strong_number_embedding/sn_within_unv_selfgroup_segmentation/output/Gen/24/52
Processing complete.
Processing Gen 24:53...
Successfully processed and saved output for Gen 24:53 to /Users/joshua/work/strong_number_embedding/sn_within_unv_selfgroup_segmentation/output/Gen/24/53
Processing complete.
Processing Gen 24:54...
Successfully processed and saved output for Gen 24:54 to /Users/joshua/work/strong_number_embedding/sn_within_unv_selfgroup_segmentation/output/Gen/24/54
Processing complete.
Processing Gen 24:55...
Successfully processed and saved output for Gen 24:55 to /Users/joshua/work/strong_number_embedding/sn_within_unv_selfgroup_segmentation/output/Gen/24/55
Processing complete.
Processing Gen 24:56...
Successfully processed and saved output for Gen 24:56 to /Users/joshua/work/strong_number_embedding/sn_within_unv_selfgroup_segmentation/output/Gen/24/56
Processing complete.
Processing Gen 24:57...
Successfully processed and saved output for Gen 24:57 to /Users/joshua/work/strong_number_embedding/sn_within_unv_selfgroup_segmentation/output/Gen/24/57
Processing complete.
Processing Gen 24:58...
Successfully processed and saved output for Gen 24:58 to /Users/joshua/work/strong_number_embedding/sn_within_unv_selfgroup_segmentation/output/Gen/24/58
Processing complete.
Processing Gen 24:59...
Successfully processed and saved output for Gen 24:59 to /Users/joshua/work/strong_number_embedding/sn_within_unv_selfgroup_segmentation/output/Gen/24/59
Processing complete.
Processing Gen 24:60...
Successfully processed and saved output for Gen 24:60 to /Users/joshua/work/strong_number_embedding/sn_within_unv_selfgroup_segmentation/output/Gen/24/60
Processing complete.
Processing Gen 24:61...
Successfully processed and saved output for Gen 24:61 to /Users/joshua/work/strong_number_embedding/sn_within_unv_selfgroup_segmentation/output/Gen/24/61
Processing complete.
Processing Gen 24:62...
Successfully processed and saved output for Gen 24:62 to /Users/joshua/work/strong_number_embedding/sn_within_unv_selfgroup_segmentation/output/Gen/24/62
Processing complete.
Processing Gen 24:63...
Successfully processed and saved output for Gen 24:63 to /Users/joshua/work/strong_number_embedding/sn_within_unv_selfgroup_segmentation/output/Gen/24/63
Processing complete.
Processing Gen 24:64...
Successfully processed and saved output for Gen 24:64 to /Users/joshua/work/strong_number_embedding/sn_within_unv_selfgroup_segmentation/output/Gen/24/64
Processing complete.
Processing Gen 24:65...
Successfully processed and saved output for Gen 24:65 to /Users/joshua/work/strong_number_embedding/sn_within_unv_selfgroup_segmentation/output/Gen/24/65
Processing complete.
Processing Gen 24:66...
Successfully processed and saved output for Gen 24:66 to /Users/joshua/work/strong_number_embedding/sn_within_unv_selfgroup_segmentation/output/Gen/24/66
Processing complete.
Processing Gen 24:67...
Successfully processed and saved output for Gen 24:67 to /Users/joshua/work/strong_number_embedding/sn_within_unv_selfgroup_segmentation/output/Gen/24/67
Processing complete.
Processing Gen 25:1...
Successfully processed and saved output for Gen 25:1 to /Users/joshua/work/strong_number_embedding/sn_within_unv_selfgroup_segmentation/output/Gen/25/1
Processing complete.
Processing Gen 25:2...
Successfully processed and saved output for Gen 25:2 to /Users/joshua/work/strong_number_embedding/sn_within_unv_selfgroup_segmentation/output/Gen/25/2
Processing complete.
Processing Gen 25:3...
Successfully processed and saved output for Gen 25:3 to /Users/joshua/work/strong_number_embedding/sn_within_unv_selfgroup_segmentation/output/Gen/25/3
Processing complete.
Processing Gen 25:4...
Successfully processed and saved output for Gen 25:4 to /Users/joshua/work/strong_number_embedding/sn_within_unv_selfgroup_segmentation/output/Gen/25/4
Processing complete.
Processing Gen 25:5...
Successfully processed and saved output for Gen 25:5 to /Users/joshua/work/strong_number_embedding/sn_within_unv_selfgroup_segmentation/output/Gen/25/5
Processing complete.
Processing Gen 25:6...
Successfully processed and saved output for Gen 25:6 to /Users/joshua/work/strong_number_embedding/sn_within_unv_selfgroup_segmentation/output/Gen/25/6
Processing complete.
Processing Gen 25:7...
Successfully processed and saved output for Gen 25:7 to /Users/joshua/work/strong_number_embedding/sn_within_unv_selfgroup_segmentation/output/Gen/25/7
Processing complete.
Processing Gen 25:8...
Successfully processed and saved output for Gen 25:8 to /Users/joshua/work/strong_number_embedding/sn_within_unv_selfgroup_segmentation/output/Gen/25/8
Processing complete.
Processing Gen 25:9...
Successfully processed and saved output for Gen 25:9 to /Users/joshua/work/strong_number_embedding/sn_within_unv_selfgroup_segmentation/output/Gen/25/9
Processing complete.
Processing Gen 25:10...
Successfully processed and saved output for Gen 25:10 to /Users/joshua/work/strong_number_embedding/sn_within_unv_selfgroup_segmentation/output/Gen/25/10
Processing complete.
Processing Gen 25:11...
Successfully processed and saved output for Gen 25:11 to /Users/joshua/work/strong_number_embedding/sn_within_unv_selfgroup_segmentation/output/Gen/25/11
Processing complete.
Processing Gen 25:12...
Successfully processed and saved output for Gen 25:12 to /Users/joshua/work/strong_number_embedding/sn_within_unv_selfgroup_segmentation/output/Gen/25/12
Processing complete.
Processing Gen 25:13...
Successfully processed and saved output for Gen 25:13 to /Users/joshua/work/strong_number_embedding/sn_within_unv_selfgroup_segmentation/output/Gen/25/13
Processing complete.
Processing Gen 25:14...
Successfully processed and saved output for Gen 25:14 to /Users/joshua/work/strong_number_embedding/sn_within_unv_selfgroup_segmentation/output/Gen/25/14
Processing complete.
Processing Gen 25:15...
Successfully processed and saved output for Gen 25:15 to /Users/joshua/work/strong_number_embedding/sn_within_unv_selfgroup_segmentation/output/Gen/25/15
Processing complete.
Processing Gen 25:16...
Successfully processed and saved output for Gen 25:16 to /Users/joshua/work/strong_number_embedding/sn_within_unv_selfgroup_segmentation/output/Gen/25/16
Processing complete.
Processing Gen 25:17...
Successfully processed and saved output for Gen 25:17 to /Users/joshua/work/strong_number_embedding/sn_within_unv_selfgroup_segmentation/output/Gen/25/17
Processing complete.
Processing Gen 25:18...
Successfully processed and saved output for Gen 25:18 to /Users/joshua/work/strong_number_embedding/sn_within_unv_selfgroup_segmentation/output/Gen/25/18
Processing complete.
Processing Gen 25:19...
Successfully processed and saved output for Gen 25:19 to /Users/joshua/work/strong_number_embedding/sn_within_unv_selfgroup_segmentation/output/Gen/25/19
Processing complete.
Processing Gen 25:20...
Successfully processed and saved output for Gen 25:20 to /Users/joshua/work/strong_number_embedding/sn_within_unv_selfgroup_segmentation/output/Gen/25/20
Processing complete.
Processing Gen 25:21...
Successfully processed and saved output for Gen 25:21 to /Users/joshua/work/strong_number_embedding/sn_within_unv_selfgroup_segmentation/output/Gen/25/21
Processing complete.
Processing Gen 25:22...
Successfully processed and saved output for Gen 25:22 to /Users/joshua/work/strong_number_embedding/sn_within_unv_selfgroup_segmentation/output/Gen/25/22
Processing complete.
Processing Gen 25:23...
Successfully processed and saved output for Gen 25:23 to /Users/joshua/work/strong_number_embedding/sn_within_unv_selfgroup_segmentation/output/Gen/25/23
Processing complete.
Processing Gen 25:24...
Successfully processed and saved output for Gen 25:24 to /Users/joshua/work/strong_number_embedding/sn_within_unv_selfgroup_segmentation/output/Gen/25/24
Processing complete.
Processing Gen 25:25...
Successfully processed and saved output for Gen 25:25 to /Users/joshua/work/strong_number_embedding/sn_within_unv_selfgroup_segmentation/output/Gen/25/25
Processing complete.
Processing Gen 25:26...
Successfully processed and saved output for Gen 25:26 to /Users/joshua/work/strong_number_embedding/sn_within_unv_selfgroup_segmentation/output/Gen/25/26
Processing complete.
Processing Gen 25:27...
Successfully processed and saved output for Gen 25:27 to /Users/joshua/work/strong_number_embedding/sn_within_unv_selfgroup_segmentation/output/Gen/25/27
Processing complete.
Processing Gen 25:28...
Successfully processed and saved output for Gen 25:28 to /Users/joshua/work/strong_number_embedding/sn_within_unv_selfgroup_segmentation/output/Gen/25/28
Processing complete.
Processing Gen 25:29...
Successfully processed and saved output for Gen 25:29 to /Users/joshua/work/strong_number_embedding/sn_within_unv_selfgroup_segmentation/output/Gen/25/29
Processing complete.
Processing Gen 25:30...
Successfully processed and saved output for Gen 25:30 to /Users/joshua/work/strong_number_embedding/sn_within_unv_selfgroup_segmentation/output/Gen/25/30
Processing complete.
Processing Gen 25:31...
Successfully processed and saved output for Gen 25:31 to /Users/joshua/work/strong_number_embedding/sn_within_unv_selfgroup_segmentation/output/Gen/25/31
Processing complete.
Processing Gen 25:32...
Successfully processed and saved output for Gen 25:32 to /Users/joshua/work/strong_number_embedding/sn_within_unv_selfgroup_segmentation/output/Gen/25/32
Processing complete.
Processing Gen 25:33...
Successfully processed and saved output for Gen 25:33 to /Users/joshua/work/strong_number_embedding/sn_within_unv_selfgroup_segmentation/output/Gen/25/33
Processing complete.
Processing Gen 25:34...
Successfully processed and saved output for Gen 25:34 to /Users/joshua/work/strong_number_embedding/sn_within_unv_selfgroup_segmentation/output/Gen/25/34
Processing complete.
Processing Gen 26:1...
Successfully processed and saved output for Gen 26:1 to /Users/joshua/work/strong_number_embedding/sn_within_unv_selfgroup_segmentation/output/Gen/26/1
Processing complete.
Processing Gen 26:2...
Successfully processed and saved output for Gen 26:2 to /Users/joshua/work/strong_number_embedding/sn_within_unv_selfgroup_segmentation/output/Gen/26/2
Processing complete.
Processing Gen 26:3...
Successfully processed and saved output for Gen 26:3 to /Users/joshua/work/strong_number_embedding/sn_within_unv_selfgroup_segmentation/output/Gen/26/3
Processing complete.
Processing Gen 26:4...
Successfully processed and saved output for Gen 26:4 to /Users/joshua/work/strong_number_embedding/sn_within_unv_selfgroup_segmentation/output/Gen/26/4
Processing complete.
Processing Gen 26:5...
Successfully processed and saved output for Gen 26:5 to /Users/joshua/work/strong_number_embedding/sn_within_unv_selfgroup_segmentation/output/Gen/26/5
Processing complete.
Processing Gen 26:6...
Successfully processed and saved output for Gen 26:6 to /Users/joshua/work/strong_number_embedding/sn_within_unv_selfgroup_segmentation/output/Gen/26/6
Processing complete.
Processing Gen 26:7...
Successfully processed and saved output for Gen 26:7 to /Users/joshua/work/strong_number_embedding/sn_within_unv_selfgroup_segmentation/output/Gen/26/7
Processing complete.
Processing Gen 26:8...
Successfully processed and saved output for Gen 26:8 to /Users/joshua/work/strong_number_embedding/sn_within_unv_selfgroup_segmentation/output/Gen/26/8
Processing complete.
Processing Gen 26:9...
Successfully processed and saved output for Gen 26:9 to /Users/joshua/work/strong_number_embedding/sn_within_unv_selfgroup_segmentation/output/Gen/26/9
Processing complete.
Processing Gen 26:10...
Successfully processed and saved output for Gen 26:10 to /Users/joshua/work/strong_number_embedding/sn_within_unv_selfgroup_segmentation/output/Gen/26/10
Processing complete.
Processing Gen 26:11...
Successfully processed and saved output for Gen 26:11 to /Users/joshua/work/strong_number_embedding/sn_within_unv_selfgroup_segmentation/output/Gen/26/11
Processing complete.
Processing Gen 26:12...
Successfully processed and saved output for Gen 26:12 to /Users/joshua/work/strong_number_embedding/sn_within_unv_selfgroup_segmentation/output/Gen/26/12
Processing complete.
Processing Gen 26:13...
Successfully processed and saved output for Gen 26:13 to /Users/joshua/work/strong_number_embedding/sn_within_unv_selfgroup_segmentation/output/Gen/26/13
Processing complete.
Processing Gen 26:14...
Successfully processed and saved output for Gen 26:14 to /Users/joshua/work/strong_number_embedding/sn_within_unv_selfgroup_segmentation/output/Gen/26/14
Processing complete.
Processing Gen 26:15...
Successfully processed and saved output for Gen 26:15 to /Users/joshua/work/strong_number_embedding/sn_within_unv_selfgroup_segmentation/output/Gen/26/15
Processing complete.
Processing Gen 26:16...
Successfully processed and saved output for Gen 26:16 to /Users/joshua/work/strong_number_embedding/sn_within_unv_selfgroup_segmentation/output/Gen/26/16
Processing complete.
Processing Gen 26:17...
Successfully processed and saved output for Gen 26:17 to /Users/joshua/work/strong_number_embedding/sn_within_unv_selfgroup_segmentation/output/Gen/26/17
Processing complete.
Processing Gen 26:18...
Successfully processed and saved output for Gen 26:18 to /Users/joshua/work/strong_number_embedding/sn_within_unv_selfgroup_segmentation/output/Gen/26/18
Processing complete.
Processing Gen 26:19...
Successfully processed and saved output for Gen 26:19 to /Users/joshua/work/strong_number_embedding/sn_within_unv_selfgroup_segmentation/output/Gen/26/19
Processing complete.
Processing Gen 26:20...
Successfully processed and saved output for Gen 26:20 to /Users/joshua/work/strong_number_embedding/sn_within_unv_selfgroup_segmentation/output/Gen/26/20
Processing complete.
Processing Gen 26:21...
Successfully processed and saved output for Gen 26:21 to /Users/joshua/work/strong_number_embedding/sn_within_unv_selfgroup_segmentation/output/Gen/26/21
Processing complete.
Processing Gen 26:22...
Successfully processed and saved output for Gen 26:22 to /Users/joshua/work/strong_number_embedding/sn_within_unv_selfgroup_segmentation/output/Gen/26/22
Processing complete.
Processing Gen 26:23...
Successfully processed and saved output for Gen 26:23 to /Users/joshua/work/strong_number_embedding/sn_within_unv_selfgroup_segmentation/output/Gen/26/23
Processing complete.
Processing Gen 26:24...
Successfully processed and saved output for Gen 26:24 to /Users/joshua/work/strong_number_embedding/sn_within_unv_selfgroup_segmentation/output/Gen/26/24
Processing complete.
Processing Gen 26:25...
Successfully processed and saved output for Gen 26:25 to /Users/joshua/work/strong_number_embedding/sn_within_unv_selfgroup_segmentation/output/Gen/26/25
Processing complete.
Processing Gen 26:26...
Successfully processed and saved output for Gen 26:26 to /Users/joshua/work/strong_number_embedding/sn_within_unv_selfgroup_segmentation/output/Gen/26/26
Processing complete.
Error running parse_verse_v1_6 for Gen 26:27: 'list' object has no attribute 'lstrip'
Failed to process Gen 26:27. Exiting.
Processing Gen 26:27...
Processing Gen 26:28...
Successfully processed and saved output for Gen 26:28 to /Users/joshua/work/strong_number_embedding/sn_within_unv_selfgroup_segmentation/output/Gen/26/28
Processing complete.
Processing Gen 26:29...
Successfully processed and saved output for Gen 26:29 to /Users/joshua/work/strong_number_embedding/sn_within_unv_selfgroup_segmentation/output/Gen/26/29
Processing complete.
Processing Gen 26:30...
Successfully processed and saved output for Gen 26:30 to /Users/joshua/work/strong_number_embedding/sn_within_unv_selfgroup_segmentation/output/Gen/26/30
Processing complete.
Processing Gen 26:31...
Successfully processed and saved output for Gen 26:31 to /Users/joshua/work/strong_number_embedding/sn_within_unv_selfgroup_segmentation/output/Gen/26/31
Processing complete.
Processing Gen 26:32...
Successfully processed and saved output for Gen 26:32 to /Users/joshua/work/strong_number_embedding/sn_within_unv_selfgroup_segmentation/output/Gen/26/32
Processing complete.
Processing Gen 26:33...
Successfully processed and saved output for Gen 26:33 to /Users/joshua/work/strong_number_embedding/sn_within_unv_selfgroup_segmentation/output/Gen/26/33
Processing complete.
Processing Gen 26:34...
Successfully processed and saved output for Gen 26:34 to /Users/joshua/work/strong_number_embedding/sn_within_unv_selfgroup_segmentation/output/Gen/26/34
Processing complete.
Processing Gen 26:35...
Successfully processed and saved output for Gen 26:35 to /Users/joshua/work/strong_number_embedding/sn_within_unv_selfgroup_segmentation/output/Gen/26/35
Processing complete.
Processing Gen 27:1...
Successfully processed and saved output for Gen 27:1 to /Users/joshua/work/strong_number_embedding/sn_within_unv_selfgroup_segmentation/output/Gen/27/1
Processing complete.
Processing Gen 27:2...
Successfully processed and saved output for Gen 27:2 to /Users/joshua/work/strong_number_embedding/sn_within_unv_selfgroup_segmentation/output/Gen/27/2
Processing complete.
Processing Gen 27:3...
Successfully processed and saved output for Gen 27:3 to /Users/joshua/work/strong_number_embedding/sn_within_unv_selfgroup_segmentation/output/Gen/27/3
Processing complete.
Processing Gen 27:4...
Successfully processed and saved output for Gen 27:4 to /Users/joshua/work/strong_number_embedding/sn_within_unv_selfgroup_segmentation/output/Gen/27/4
Processing complete.
Processing Gen 27:5...
Successfully processed and saved output for Gen 27:5 to /Users/joshua/work/strong_number_embedding/sn_within_unv_selfgroup_segmentation/output/Gen/27/5
Processing complete.
Processing Gen 27:6...
Successfully processed and saved output for Gen 27:6 to /Users/joshua/work/strong_number_embedding/sn_within_unv_selfgroup_segmentation/output/Gen/27/6
Processing complete.
Processing Gen 27:7...
Successfully processed and saved output for Gen 27:7 to /Users/joshua/work/strong_number_embedding/sn_within_unv_selfgroup_segmentation/output/Gen/27/7
Processing complete.
Processing Gen 27:8...
Successfully processed and saved output for Gen 27:8 to /Users/joshua/work/strong_number_embedding/sn_within_unv_selfgroup_segmentation/output/Gen/27/8
Processing complete.
Processing Gen 27:9...
Successfully processed and saved output for Gen 27:9 to /Users/joshua/work/strong_number_embedding/sn_within_unv_selfgroup_segmentation/output/Gen/27/9
Processing complete.
Processing Gen 27:10...
Successfully processed and saved output for Gen 27:10 to /Users/joshua/work/strong_number_embedding/sn_within_unv_selfgroup_segmentation/output/Gen/27/10
Processing complete.
Processing Gen 27:11...
Successfully processed and saved output for Gen 27:11 to /Users/joshua/work/strong_number_embedding/sn_within_unv_selfgroup_segmentation/output/Gen/27/11
Processing complete.
Processing Gen 27:12...
Successfully processed and saved output for Gen 27:12 to /Users/joshua/work/strong_number_embedding/sn_within_unv_selfgroup_segmentation/output/Gen/27/12
Processing complete.
Processing Gen 27:13...
Successfully processed and saved output for Gen 27:13 to /Users/joshua/work/strong_number_embedding/sn_within_unv_selfgroup_segmentation/output/Gen/27/13
Processing complete.
Processing Gen 27:14...
Successfully processed and saved output for Gen 27:14 to /Users/joshua/work/strong_number_embedding/sn_within_unv_selfgroup_segmentation/output/Gen/27/14
Processing complete.
Processing Gen 27:15...
Successfully processed and saved output for Gen 27:15 to /Users/joshua/work/strong_number_embedding/sn_within_unv_selfgroup_segmentation/output/Gen/27/15
Processing complete.
Processing Gen 27:16...
Successfully processed and saved output for Gen 27:16 to /Users/joshua/work/strong_number_embedding/sn_within_unv_selfgroup_segmentation/output/Gen/27/16
Processing complete.
Processing Gen 27:17...
Successfully processed and saved output for Gen 27:17 to /Users/joshua/work/strong_number_embedding/sn_within_unv_selfgroup_segmentation/output/Gen/27/17
Processing complete.
Processing Gen 27:18...
Successfully processed and saved output for Gen 27:18 to /Users/joshua/work/strong_number_embedding/sn_within_unv_selfgroup_segmentation/output/Gen/27/18
Processing complete.
Processing Gen 27:19...
Successfully processed and saved output for Gen 27:19 to /Users/joshua/work/strong_number_embedding/sn_within_unv_selfgroup_segmentation/output/Gen/27/19
Processing complete.
Processing Gen 27:20...
Successfully processed and saved output for Gen 27:20 to /Users/joshua/work/strong_number_embedding/sn_within_unv_selfgroup_segmentation/output/Gen/27/20
Processing complete.
Processing Gen 27:21...
Successfully processed and saved output for Gen 27:21 to /Users/joshua/work/strong_number_embedding/sn_within_unv_selfgroup_segmentation/output/Gen/27/21
Processing complete.
Processing Gen 27:22...
Successfully processed and saved output for Gen 27:22 to /Users/joshua/work/strong_number_embedding/sn_within_unv_selfgroup_segmentation/output/Gen/27/22
Processing complete.
Processing Gen 27:23...
Successfully processed and saved output for Gen 27:23 to /Users/joshua/work/strong_number_embedding/sn_within_unv_selfgroup_segmentation/output/Gen/27/23
Processing complete.
Processing Gen 27:24...
Successfully processed and saved output for Gen 27:24 to /Users/joshua/work/strong_number_embedding/sn_within_unv_selfgroup_segmentation/output/Gen/27/24
Processing complete.
Processing Gen 27:25...
Successfully processed and saved output for Gen 27:25 to /Users/joshua/work/strong_number_embedding/sn_within_unv_selfgroup_segmentation/output/Gen/27/25
Processing complete.
Processing Gen 27:26...
Successfully processed and saved output for Gen 27:26 to /Users/joshua/work/strong_number_embedding/sn_within_unv_selfgroup_segmentation/output/Gen/27/26
Processing complete.
Processing Gen 27:27...
Successfully processed and saved output for Gen 27:27 to /Users/joshua/work/strong_number_embedding/sn_within_unv_selfgroup_segmentation/output/Gen/27/27
Processing complete.
Processing Gen 27:28...
Successfully processed and saved output for Gen 27:28 to /Users/joshua/work/strong_number_embedding/sn_within_unv_selfgroup_segmentation/output/Gen/27/28
Processing complete.
Processing Gen 27:29...
Successfully processed and saved output for Gen 27:29 to /Users/joshua/work/strong_number_embedding/sn_within_unv_selfgroup_segmentation/output/Gen/27/29
Processing complete.
Processing Gen 27:30...
Successfully processed and saved output for Gen 27:30 to /Users/joshua/work/strong_number_embedding/sn_within_unv_selfgroup_segmentation/output/Gen/27/30
Processing complete.
Processing Gen 27:31...
Successfully processed and saved output for Gen 27:31 to /Users/joshua/work/strong_number_embedding/sn_within_unv_selfgroup_segmentation/output/Gen/27/31
Processing complete.
Processing Gen 27:32...
Successfully processed and saved output for Gen 27:32 to /Users/joshua/work/strong_number_embedding/sn_within_unv_selfgroup_segmentation/output/Gen/27/32
Processing complete.
Processing Gen 27:33...
Successfully processed and saved output for Gen 27:33 to /Users/joshua/work/strong_number_embedding/sn_within_unv_selfgroup_segmentation/output/Gen/27/33
Processing complete.
Processing Gen 27:34...
Successfully processed and saved output for Gen 27:34 to /Users/joshua/work/strong_number_embedding/sn_within_unv_selfgroup_segmentation/output/Gen/27/34
Processing complete.
Processing Gen 27:35...
Successfully processed and saved output for Gen 27:35 to /Users/joshua/work/strong_number_embedding/sn_within_unv_selfgroup_segmentation/output/Gen/27/35
Processing complete.
Processing Gen 27:36...
Successfully processed and saved output for Gen 27:36 to /Users/joshua/work/strong_number_embedding/sn_within_unv_selfgroup_segmentation/output/Gen/27/36
Processing complete.
Processing Gen 27:37...
Successfully processed and saved output for Gen 27:37 to /Users/joshua/work/strong_number_embedding/sn_within_unv_selfgroup_segmentation/output/Gen/27/37
Processing complete.
Processing Gen 27:38...
Successfully processed and saved output for Gen 27:38 to /Users/joshua/work/strong_number_embedding/sn_within_unv_selfgroup_segmentation/output/Gen/27/38
Processing complete.
Processing Gen 27:39...
Successfully processed and saved output for Gen 27:39 to /Users/joshua/work/strong_number_embedding/sn_within_unv_selfgroup_segmentation/output/Gen/27/39
Processing complete.
Processing Gen 27:40...
Successfully processed and saved output for Gen 27:40 to /Users/joshua/work/strong_number_embedding/sn_within_unv_selfgroup_segmentation/output/Gen/27/40
Processing complete.
Processing Gen 27:41...
Successfully processed and saved output for Gen 27:41 to /Users/joshua/work/strong_number_embedding/sn_within_unv_selfgroup_segmentation/output/Gen/27/41
Processing complete.
Processing Gen 27:42...
Successfully processed and saved output for Gen 27:42 to /Users/joshua/work/strong_number_embedding/sn_within_unv_selfgroup_segmentation/output/Gen/27/42
Processing complete.
Processing Gen 27:43...
Successfully processed and saved output for Gen 27:43 to /Users/joshua/work/strong_number_embedding/sn_within_unv_selfgroup_segmentation/output/Gen/27/43
Processing complete.
Processing Gen 27:44...
Successfully processed and saved output for Gen 27:44 to /Users/joshua/work/strong_number_embedding/sn_within_unv_selfgroup_segmentation/output/Gen/27/44
Processing complete.
Processing Gen 27:45...
Successfully processed and saved output for Gen 27:45 to /Users/joshua/work/strong_number_embedding/sn_within_unv_selfgroup_segmentation/output/Gen/27/45
Processing complete.
Processing Gen 27:46...
Successfully processed and saved output for Gen 27:46 to /Users/joshua/work/strong_number_embedding/sn_within_unv_selfgroup_segmentation/output/Gen/27/46
Processing complete.
Processing Gen 28:1...
Successfully processed and saved output for Gen 28:1 to /Users/joshua/work/strong_number_embedding/sn_within_unv_selfgroup_segmentation/output/Gen/28/1
Processing complete.
Processing Gen 28:2...
Successfully processed and saved output for Gen 28:2 to /Users/joshua/work/strong_number_embedding/sn_within_unv_selfgroup_segmentation/output/Gen/28/2
Processing complete.
Processing Gen 28:3...
Successfully processed and saved output for Gen 28:3 to /Users/joshua/work/strong_number_embedding/sn_within_unv_selfgroup_segmentation/output/Gen/28/3
Processing complete.
Processing Gen 28:4...
Successfully processed and saved output for Gen 28:4 to /Users/joshua/work/strong_number_embedding/sn_within_unv_selfgroup_segmentation/output/Gen/28/4
Processing complete.
Processing Gen 28:5...
Successfully processed and saved output for Gen 28:5 to /Users/joshua/work/strong_number_embedding/sn_within_unv_selfgroup_segmentation/output/Gen/28/5
Processing complete.
Processing Gen 28:6...
Successfully processed and saved output for Gen 28:6 to /Users/joshua/work/strong_number_embedding/sn_within_unv_selfgroup_segmentation/output/Gen/28/6
Processing complete.
Processing Gen 28:7...
Successfully processed and saved output for Gen 28:7 to /Users/joshua/work/strong_number_embedding/sn_within_unv_selfgroup_segmentation/output/Gen/28/7
Processing complete.
Processing Gen 28:8...
Successfully processed and saved output for Gen 28:8 to /Users/joshua/work/strong_number_embedding/sn_within_unv_selfgroup_segmentation/output/Gen/28/8
Processing complete.
Processing Gen 28:9...
Successfully processed and saved output for Gen 28:9 to /Users/joshua/work/strong_number_embedding/sn_within_unv_selfgroup_segmentation/output/Gen/28/9
Processing complete.
Processing Gen 28:10...
Successfully processed and saved output for Gen 28:10 to /Users/joshua/work/strong_number_embedding/sn_within_unv_selfgroup_segmentation/output/Gen/28/10
Processing complete.
Processing Gen 28:11...
Successfully processed and saved output for Gen 28:11 to /Users/joshua/work/strong_number_embedding/sn_within_unv_selfgroup_segmentation/output/Gen/28/11
Processing complete.
Processing Gen 28:12...
Successfully processed and saved output for Gen 28:12 to /Users/joshua/work/strong_number_embedding/sn_within_unv_selfgroup_segmentation/output/Gen/28/12
Processing complete.
Processing Gen 28:13...
Successfully processed and saved output for Gen 28:13 to /Users/joshua/work/strong_number_embedding/sn_within_unv_selfgroup_segmentation/output/Gen/28/13
Processing complete.
Processing Gen 28:14...
Successfully processed and saved output for Gen 28:14 to /Users/joshua/work/strong_number_embedding/sn_within_unv_selfgroup_segmentation/output/Gen/28/14
Processing complete.
Processing Gen 28:15...
Successfully processed and saved output for Gen 28:15 to /Users/joshua/work/strong_number_embedding/sn_within_unv_selfgroup_segmentation/output/Gen/28/15
Processing complete.
Processing Gen 28:16...
Successfully processed and saved output for Gen 28:16 to /Users/joshua/work/strong_number_embedding/sn_within_unv_selfgroup_segmentation/output/Gen/28/16
Processing complete.
Processing Gen 28:17...
Successfully processed and saved output for Gen 28:17 to /Users/joshua/work/strong_number_embedding/sn_within_unv_selfgroup_segmentation/output/Gen/28/17
Processing complete.
Processing Gen 28:18...
Successfully processed and saved output for Gen 28:18 to /Users/joshua/work/strong_number_embedding/sn_within_unv_selfgroup_segmentation/output/Gen/28/18
Processing complete.
Processing Gen 28:19...
Successfully processed and saved output for Gen 28:19 to /Users/joshua/work/strong_number_embedding/sn_within_unv_selfgroup_segmentation/output/Gen/28/19
Processing complete.
Processing Gen 28:20...
Successfully processed and saved output for Gen 28:20 to /Users/joshua/work/strong_number_embedding/sn_within_unv_selfgroup_segmentation/output/Gen/28/20
Processing complete.
Processing Gen 28:21...
Successfully processed and saved output for Gen 28:21 to /Users/joshua/work/strong_number_embedding/sn_within_unv_selfgroup_segmentation/output/Gen/28/21
Processing complete.
Processing Gen 28:22...
Successfully processed and saved output for Gen 28:22 to /Users/joshua/work/strong_number_embedding/sn_within_unv_selfgroup_segmentation/output/Gen/28/22
Processing complete.
Processing Gen 29:1...
Successfully processed and saved output for Gen 29:1 to /Users/joshua/work/strong_number_embedding/sn_within_unv_selfgroup_segmentation/output/Gen/29/1
Processing complete.
Processing Gen 29:2...
Successfully processed and saved output for Gen 29:2 to /Users/joshua/work/strong_number_embedding/sn_within_unv_selfgroup_segmentation/output/Gen/29/2
Processing complete.
Processing Gen 29:3...
Successfully processed and saved output for Gen 29:3 to /Users/joshua/work/strong_number_embedding/sn_within_unv_selfgroup_segmentation/output/Gen/29/3
Processing complete.
Processing Gen 29:4...
Successfully processed and saved output for Gen 29:4 to /Users/joshua/work/strong_number_embedding/sn_within_unv_selfgroup_segmentation/output/Gen/29/4
Processing complete.
Processing Gen 29:5...
Successfully processed and saved output for Gen 29:5 to /Users/joshua/work/strong_number_embedding/sn_within_unv_selfgroup_segmentation/output/Gen/29/5
Processing complete.
Processing Gen 29:6...
Successfully processed and saved output for Gen 29:6 to /Users/joshua/work/strong_number_embedding/sn_within_unv_selfgroup_segmentation/output/Gen/29/6
Processing complete.
Processing Gen 29:7...
Successfully processed and saved output for Gen 29:7 to /Users/joshua/work/strong_number_embedding/sn_within_unv_selfgroup_segmentation/output/Gen/29/7
Processing complete.
Processing Gen 29:8...
Successfully processed and saved output for Gen 29:8 to /Users/joshua/work/strong_number_embedding/sn_within_unv_selfgroup_segmentation/output/Gen/29/8
Processing complete.
Processing Gen 29:9...
Successfully processed and saved output for Gen 29:9 to /Users/joshua/work/strong_number_embedding/sn_within_unv_selfgroup_segmentation/output/Gen/29/9
Processing complete.
Processing Gen 29:10...
Successfully processed and saved output for Gen 29:10 to /Users/joshua/work/strong_number_embedding/sn_within_unv_selfgroup_segmentation/output/Gen/29/10
Processing complete.
Processing Gen 29:11...
Successfully processed and saved output for Gen 29:11 to /Users/joshua/work/strong_number_embedding/sn_within_unv_selfgroup_segmentation/output/Gen/29/11
Processing complete.
Processing Gen 29:12...
Successfully processed and saved output for Gen 29:12 to /Users/joshua/work/strong_number_embedding/sn_within_unv_selfgroup_segmentation/output/Gen/29/12
Processing complete.
Processing Gen 29:13...
Successfully processed and saved output for Gen 29:13 to /Users/joshua/work/strong_number_embedding/sn_within_unv_selfgroup_segmentation/output/Gen/29/13
Processing complete.
Processing Gen 29:14...
Successfully processed and saved output for Gen 29:14 to /Users/joshua/work/strong_number_embedding/sn_within_unv_selfgroup_segmentation/output/Gen/29/14
Processing complete.
Processing Gen 29:15...
Successfully processed and saved output for Gen 29:15 to /Users/joshua/work/strong_number_embedding/sn_within_unv_selfgroup_segmentation/output/Gen/29/15
Processing complete.
Processing Gen 29:16...
Successfully processed and saved output for Gen 29:16 to /Users/joshua/work/strong_number_embedding/sn_within_unv_selfgroup_segmentation/output/Gen/29/16
Processing complete.
Processing Gen 29:17...
Successfully processed and saved output for Gen 29:17 to /Users/joshua/work/strong_number_embedding/sn_within_unv_selfgroup_segmentation/output/Gen/29/17
Processing complete.
Processing Gen 29:18...
Successfully processed and saved output for Gen 29:18 to /Users/joshua/work/strong_number_embedding/sn_within_unv_selfgroup_segmentation/output/Gen/29/18
Processing complete.
Processing Gen 29:19...
Successfully processed and saved output for Gen 29:19 to /Users/joshua/work/strong_number_embedding/sn_within_unv_selfgroup_segmentation/output/Gen/29/19
Processing complete.
Processing Gen 29:20...
Successfully processed and saved output for Gen 29:20 to /Users/joshua/work/strong_number_embedding/sn_within_unv_selfgroup_segmentation/output/Gen/29/20
Processing complete.
Processing Gen 29:21...
Successfully processed and saved output for Gen 29:21 to /Users/joshua/work/strong_number_embedding/sn_within_unv_selfgroup_segmentation/output/Gen/29/21
Processing complete.
Processing Gen 29:22...
Successfully processed and saved output for Gen 29:22 to /Users/joshua/work/strong_number_embedding/sn_within_unv_selfgroup_segmentation/output/Gen/29/22
Processing complete.
Processing Gen 29:23...
Successfully processed and saved output for Gen 29:23 to /Users/joshua/work/strong_number_embedding/sn_within_unv_selfgroup_segmentation/output/Gen/29/23
Processing complete.
Processing Gen 29:24...
Successfully processed and saved output for Gen 29:24 to /Users/joshua/work/strong_number_embedding/sn_within_unv_selfgroup_segmentation/output/Gen/29/24
Processing complete.
Processing Gen 29:25...
Successfully processed and saved output for Gen 29:25 to /Users/joshua/work/strong_number_embedding/sn_within_unv_selfgroup_segmentation/output/Gen/29/25
Processing complete.
Processing Gen 29:26...
Successfully processed and saved output for Gen 29:26 to /Users/joshua/work/strong_number_embedding/sn_within_unv_selfgroup_segmentation/output/Gen/29/26
Processing complete.
Processing Gen 29:27...
Successfully processed and saved output for Gen 29:27 to /Users/joshua/work/strong_number_embedding/sn_within_unv_selfgroup_segmentation/output/Gen/29/27
Processing complete.
Processing Gen 29:28...
Successfully processed and saved output for Gen 29:28 to /Users/joshua/work/strong_number_embedding/sn_within_unv_selfgroup_segmentation/output/Gen/29/28
Processing complete.
Processing Gen 29:29...
Successfully processed and saved output for Gen 29:29 to /Users/joshua/work/strong_number_embedding/sn_within_unv_selfgroup_segmentation/output/Gen/29/29
Processing complete.
Processing Gen 29:30...
Successfully processed and saved output for Gen 29:30 to /Users/joshua/work/strong_number_embedding/sn_within_unv_selfgroup_segmentation/output/Gen/29/30
Processing complete.
Processing Gen 29:31...
Successfully processed and saved output for Gen 29:31 to /Users/joshua/work/strong_number_embedding/sn_within_unv_selfgroup_segmentation/output/Gen/29/31
Processing complete.
Processing Gen 29:32...
Successfully processed and saved output for Gen 29:32 to /Users/joshua/work/strong_number_embedding/sn_within_unv_selfgroup_segmentation/output/Gen/29/32
Processing complete.
Processing Gen 29:33...
Successfully processed and saved output for Gen 29:33 to /Users/joshua/work/strong_number_embedding/sn_within_unv_selfgroup_segmentation/output/Gen/29/33
Processing complete.
Processing Gen 29:34...
Successfully processed and saved output for Gen 29:34 to /Users/joshua/work/strong_number_embedding/sn_within_unv_selfgroup_segmentation/output/Gen/29/34
Processing complete.
Processing Gen 29:35...
Successfully processed and saved output for Gen 29:35 to /Users/joshua/work/strong_number_embedding/sn_within_unv_selfgroup_segmentation/output/Gen/29/35
Processing complete.
Processing Gen 30:1...
Successfully processed and saved output for Gen 30:1 to /Users/joshua/work/strong_number_embedding/sn_within_unv_selfgroup_segmentation/output/Gen/30/1
Processing complete.
Processing Gen 30:2...
Successfully processed and saved output for Gen 30:2 to /Users/joshua/work/strong_number_embedding/sn_within_unv_selfgroup_segmentation/output/Gen/30/2
Processing complete.
Processing Gen 30:3...
Successfully processed and saved output for Gen 30:3 to /Users/joshua/work/strong_number_embedding/sn_within_unv_selfgroup_segmentation/output/Gen/30/3
Processing complete.
Processing Gen 30:4...
Successfully processed and saved output for Gen 30:4 to /Users/joshua/work/strong_number_embedding/sn_within_unv_selfgroup_segmentation/output/Gen/30/4
Processing complete.
Processing Gen 30:5...
Successfully processed and saved output for Gen 30:5 to /Users/joshua/work/strong_number_embedding/sn_within_unv_selfgroup_segmentation/output/Gen/30/5
Processing complete.
Processing Gen 30:6...
Successfully processed and saved output for Gen 30:6 to /Users/joshua/work/strong_number_embedding/sn_within_unv_selfgroup_segmentation/output/Gen/30/6
Processing complete.
Processing Gen 30:7...
Successfully processed and saved output for Gen 30:7 to /Users/joshua/work/strong_number_embedding/sn_within_unv_selfgroup_segmentation/output/Gen/30/7
Processing complete.
Processing Gen 30:8...
Successfully processed and saved output for Gen 30:8 to /Users/joshua/work/strong_number_embedding/sn_within_unv_selfgroup_segmentation/output/Gen/30/8
Processing complete.
Processing Gen 30:9...
Successfully processed and saved output for Gen 30:9 to /Users/joshua/work/strong_number_embedding/sn_within_unv_selfgroup_segmentation/output/Gen/30/9
Processing complete.
Processing Gen 30:10...
Successfully processed and saved output for Gen 30:10 to /Users/joshua/work/strong_number_embedding/sn_within_unv_selfgroup_segmentation/output/Gen/30/10
Processing complete.
Processing Gen 30:11...
Successfully processed and saved output for Gen 30:11 to /Users/joshua/work/strong_number_embedding/sn_within_unv_selfgroup_segmentation/output/Gen/30/11
Processing complete.
Processing Gen 30:12...
Successfully processed and saved output for Gen 30:12 to /Users/joshua/work/strong_number_embedding/sn_within_unv_selfgroup_segmentation/output/Gen/30/12
Processing complete.
Processing Gen 30:13...
Successfully processed and saved output for Gen 30:13 to /Users/joshua/work/strong_number_embedding/sn_within_unv_selfgroup_segmentation/output/Gen/30/13
Processing complete.
Processing Gen 30:14...
Successfully processed and saved output for Gen 30:14 to /Users/joshua/work/strong_number_embedding/sn_within_unv_selfgroup_segmentation/output/Gen/30/14
Processing complete.
Processing Gen 30:15...
Successfully processed and saved output for Gen 30:15 to /Users/joshua/work/strong_number_embedding/sn_within_unv_selfgroup_segmentation/output/Gen/30/15
Processing complete.
Processing Gen 30:16...
Successfully processed and saved output for Gen 30:16 to /Users/joshua/work/strong_number_embedding/sn_within_unv_selfgroup_segmentation/output/Gen/30/16
Processing complete.
Processing Gen 30:17...
Successfully processed and saved output for Gen 30:17 to /Users/joshua/work/strong_number_embedding/sn_within_unv_selfgroup_segmentation/output/Gen/30/17
Processing complete.
Processing Gen 30:18...
Successfully processed and saved output for Gen 30:18 to /Users/joshua/work/strong_number_embedding/sn_within_unv_selfgroup_segmentation/output/Gen/30/18
Processing complete.
Processing Gen 30:19...
Successfully processed and saved output for Gen 30:19 to /Users/joshua/work/strong_number_embedding/sn_within_unv_selfgroup_segmentation/output/Gen/30/19
Processing complete.
Processing Gen 30:20...
Successfully processed and saved output for Gen 30:20 to /Users/joshua/work/strong_number_embedding/sn_within_unv_selfgroup_segmentation/output/Gen/30/20
Processing complete.
Processing Gen 30:21...
Successfully processed and saved output for Gen 30:21 to /Users/joshua/work/strong_number_embedding/sn_within_unv_selfgroup_segmentation/output/Gen/30/21
Processing complete.
Processing Gen 30:22...
Successfully processed and saved output for Gen 30:22 to /Users/joshua/work/strong_number_embedding/sn_within_unv_selfgroup_segmentation/output/Gen/30/22
Processing complete.
Processing Gen 30:23...
Successfully processed and saved output for Gen 30:23 to /Users/joshua/work/strong_number_embedding/sn_within_unv_selfgroup_segmentation/output/Gen/30/23
Processing complete.
Processing Gen 30:24...
Successfully processed and saved output for Gen 30:24 to /Users/joshua/work/strong_number_embedding/sn_within_unv_selfgroup_segmentation/output/Gen/30/24
Processing complete.
Processing Gen 30:25...
Successfully processed and saved output for Gen 30:25 to /Users/joshua/work/strong_number_embedding/sn_within_unv_selfgroup_segmentation/output/Gen/30/25
Processing complete.
Processing Gen 30:26...
Successfully processed and saved output for Gen 30:26 to /Users/joshua/work/strong_number_embedding/sn_within_unv_selfgroup_segmentation/output/Gen/30/26
Processing complete.
Processing Gen 30:27...
Successfully processed and saved output for Gen 30:27 to /Users/joshua/work/strong_number_embedding/sn_within_unv_selfgroup_segmentation/output/Gen/30/27
Processing complete.
Processing Gen 30:28...
Successfully processed and saved output for Gen 30:28 to /Users/joshua/work/strong_number_embedding/sn_within_unv_selfgroup_segmentation/output/Gen/30/28
Processing complete.
Processing Gen 30:29...
Successfully processed and saved output for Gen 30:29 to /Users/joshua/work/strong_number_embedding/sn_within_unv_selfgroup_segmentation/output/Gen/30/29
Processing complete.
Processing Gen 30:30...
Successfully processed and saved output for Gen 30:30 to /Users/joshua/work/strong_number_embedding/sn_within_unv_selfgroup_segmentation/output/Gen/30/30
Processing complete.
Processing Gen 30:31...
Successfully processed and saved output for Gen 30:31 to /Users/joshua/work/strong_number_embedding/sn_within_unv_selfgroup_segmentation/output/Gen/30/31
Processing complete.
Error running parse_verse_v1_6 for Gen 30:32: 'list' object has no attribute 'lstrip'
Failed to process Gen 30:32. Exiting.
Processing Gen 30:32...
Processing Gen 30:33...
Successfully processed and saved output for Gen 30:33 to /Users/joshua/work/strong_number_embedding/sn_within_unv_selfgroup_segmentation/output/Gen/30/33
Processing complete.
Processing Gen 30:34...
Successfully processed and saved output for Gen 30:34 to /Users/joshua/work/strong_number_embedding/sn_within_unv_selfgroup_segmentation/output/Gen/30/34
Processing complete.
Processing Gen 30:35...
Successfully processed and saved output for Gen 30:35 to /Users/joshua/work/strong_number_embedding/sn_within_unv_selfgroup_segmentation/output/Gen/30/35
Processing complete.
Processing Gen 30:36...
Successfully processed and saved output for Gen 30:36 to /Users/joshua/work/strong_number_embedding/sn_within_unv_selfgroup_segmentation/output/Gen/30/36
Processing complete.
Processing Gen 30:37...
Successfully processed and saved output for Gen 30:37 to /Users/joshua/work/strong_number_embedding/sn_within_unv_selfgroup_segmentation/output/Gen/30/37
Processing complete.
Processing Gen 30:38...
Successfully processed and saved output for Gen 30:38 to /Users/joshua/work/strong_number_embedding/sn_within_unv_selfgroup_segmentation/output/Gen/30/38
Processing complete.
Processing Gen 30:39...
Successfully processed and saved output for Gen 30:39 to /Users/joshua/work/strong_number_embedding/sn_within_unv_selfgroup_segmentation/output/Gen/30/39
Processing complete.
Processing Gen 30:40...
Successfully processed and saved output for Gen 30:40 to /Users/joshua/work/strong_number_embedding/sn_within_unv_selfgroup_segmentation/output/Gen/30/40
Processing complete.
Processing Gen 30:41...
Successfully processed and saved output for Gen 30:41 to /Users/joshua/work/strong_number_embedding/sn_within_unv_selfgroup_segmentation/output/Gen/30/41
Processing complete.
Processing Gen 30:42...
Successfully processed and saved output for Gen 30:42 to /Users/joshua/work/strong_number_embedding/sn_within_unv_selfgroup_segmentation/output/Gen/30/42
Processing complete.
Processing Gen 30:43...
Successfully processed and saved output for Gen 30:43 to /Users/joshua/work/strong_number_embedding/sn_within_unv_selfgroup_segmentation/output/Gen/30/43
Processing complete.
Processing Gen 31:1...
Successfully processed and saved output for Gen 31:1 to /Users/joshua/work/strong_number_embedding/sn_within_unv_selfgroup_segmentation/output/Gen/31/1
Processing complete.
Processing Gen 31:2...
Successfully processed and saved output for Gen 31:2 to /Users/joshua/work/strong_number_embedding/sn_within_unv_selfgroup_segmentation/output/Gen/31/2
Processing complete.
Processing Gen 31:3...
Successfully processed and saved output for Gen 31:3 to /Users/joshua/work/strong_number_embedding/sn_within_unv_selfgroup_segmentation/output/Gen/31/3
Processing complete.
Processing Gen 31:4...
Successfully processed and saved output for Gen 31:4 to /Users/joshua/work/strong_number_embedding/sn_within_unv_selfgroup_segmentation/output/Gen/31/4
Processing complete.
Processing Gen 31:5...
Successfully processed and saved output for Gen 31:5 to /Users/joshua/work/strong_number_embedding/sn_within_unv_selfgroup_segmentation/output/Gen/31/5
Processing complete.
Processing Gen 31:6...
Successfully processed and saved output for Gen 31:6 to /Users/joshua/work/strong_number_embedding/sn_within_unv_selfgroup_segmentation/output/Gen/31/6
Processing complete.
Processing Gen 31:7...
Successfully processed and saved output for Gen 31:7 to /Users/joshua/work/strong_number_embedding/sn_within_unv_selfgroup_segmentation/output/Gen/31/7
Processing complete.
Processing Gen 31:8...
Successfully processed and saved output for Gen 31:8 to /Users/joshua/work/strong_number_embedding/sn_within_unv_selfgroup_segmentation/output/Gen/31/8
Processing complete.
Processing Gen 31:9...
Successfully processed and saved output for Gen 31:9 to /Users/joshua/work/strong_number_embedding/sn_within_unv_selfgroup_segmentation/output/Gen/31/9
Processing complete.
Processing Gen 31:10...
Successfully processed and saved output for Gen 31:10 to /Users/joshua/work/strong_number_embedding/sn_within_unv_selfgroup_segmentation/output/Gen/31/10
Processing complete.
Processing Gen 31:11...
Successfully processed and saved output for Gen 31:11 to /Users/joshua/work/strong_number_embedding/sn_within_unv_selfgroup_segmentation/output/Gen/31/11
Processing complete.
Processing Gen 31:12...
Successfully processed and saved output for Gen 31:12 to /Users/joshua/work/strong_number_embedding/sn_within_unv_selfgroup_segmentation/output/Gen/31/12
Processing complete.
Processing Gen 31:13...
Successfully processed and saved output for Gen 31:13 to /Users/joshua/work/strong_number_embedding/sn_within_unv_selfgroup_segmentation/output/Gen/31/13
Processing complete.
Processing Gen 31:14...
Successfully processed and saved output for Gen 31:14 to /Users/joshua/work/strong_number_embedding/sn_within_unv_selfgroup_segmentation/output/Gen/31/14
Processing complete.
Processing Gen 31:15...
Successfully processed and saved output for Gen 31:15 to /Users/joshua/work/strong_number_embedding/sn_within_unv_selfgroup_segmentation/output/Gen/31/15
Processing complete.
Processing Gen 31:16...
Successfully processed and saved output for Gen 31:16 to /Users/joshua/work/strong_number_embedding/sn_within_unv_selfgroup_segmentation/output/Gen/31/16
Processing complete.
Processing Gen 31:17...
Successfully processed and saved output for Gen 31:17 to /Users/joshua/work/strong_number_embedding/sn_within_unv_selfgroup_segmentation/output/Gen/31/17
Processing complete.
Processing Gen 31:18...
Successfully processed and saved output for Gen 31:18 to /Users/joshua/work/strong_number_embedding/sn_within_unv_selfgroup_segmentation/output/Gen/31/18
Processing complete.
Processing Gen 31:19...
Successfully processed and saved output for Gen 31:19 to /Users/joshua/work/strong_number_embedding/sn_within_unv_selfgroup_segmentation/output/Gen/31/19
Processing complete.
Processing Gen 31:20...
Successfully processed and saved output for Gen 31:20 to /Users/joshua/work/strong_number_embedding/sn_within_unv_selfgroup_segmentation/output/Gen/31/20
Processing complete.
Processing Gen 31:21...
Successfully processed and saved output for Gen 31:21 to /Users/joshua/work/strong_number_embedding/sn_within_unv_selfgroup_segmentation/output/Gen/31/21
Processing complete.
Processing Gen 31:22...
Successfully processed and saved output for Gen 31:22 to /Users/joshua/work/strong_number_embedding/sn_within_unv_selfgroup_segmentation/output/Gen/31/22
Processing complete.
Processing Gen 31:23...
Successfully processed and saved output for Gen 31:23 to /Users/joshua/work/strong_number_embedding/sn_within_unv_selfgroup_segmentation/output/Gen/31/23
Processing complete.
Processing Gen 31:24...
Successfully processed and saved output for Gen 31:24 to /Users/joshua/work/strong_number_embedding/sn_within_unv_selfgroup_segmentation/output/Gen/31/24
Processing complete.
Processing Gen 31:25...
Successfully processed and saved output for Gen 31:25 to /Users/joshua/work/strong_number_embedding/sn_within_unv_selfgroup_segmentation/output/Gen/31/25
Processing complete.
Processing Gen 31:26...
Successfully processed and saved output for Gen 31:26 to /Users/joshua/work/strong_number_embedding/sn_within_unv_selfgroup_segmentation/output/Gen/31/26
Processing complete.
Processing Gen 31:27...
Successfully processed and saved output for Gen 31:27 to /Users/joshua/work/strong_number_embedding/sn_within_unv_selfgroup_segmentation/output/Gen/31/27
Processing complete.
Processing Gen 31:28...
Successfully processed and saved output for Gen 31:28 to /Users/joshua/work/strong_number_embedding/sn_within_unv_selfgroup_segmentation/output/Gen/31/28
Processing complete.
Processing Gen 31:29...
Successfully processed and saved output for Gen 31:29 to /Users/joshua/work/strong_number_embedding/sn_within_unv_selfgroup_segmentation/output/Gen/31/29
Processing complete.
Processing Gen 31:30...
Successfully processed and saved output for Gen 31:30 to /Users/joshua/work/strong_number_embedding/sn_within_unv_selfgroup_segmentation/output/Gen/31/30
Processing complete.
Processing Gen 31:31...
Successfully processed and saved output for Gen 31:31 to /Users/joshua/work/strong_number_embedding/sn_within_unv_selfgroup_segmentation/output/Gen/31/31
Processing complete.
Processing Gen 31:32...
Successfully processed and saved output for Gen 31:32 to /Users/joshua/work/strong_number_embedding/sn_within_unv_selfgroup_segmentation/output/Gen/31/32
Processing complete.
Processing Gen 31:33...
Successfully processed and saved output for Gen 31:33 to /Users/joshua/work/strong_number_embedding/sn_within_unv_selfgroup_segmentation/output/Gen/31/33
Processing complete.
Processing Gen 31:34...
Successfully processed and saved output for Gen 31:34 to /Users/joshua/work/strong_number_embedding/sn_within_unv_selfgroup_segmentation/output/Gen/31/34
Processing complete.
Processing Gen 31:35...
Successfully processed and saved output for Gen 31:35 to /Users/joshua/work/strong_number_embedding/sn_within_unv_selfgroup_segmentation/output/Gen/31/35
Processing complete.
Processing Gen 31:36...
Successfully processed and saved output for Gen 31:36 to /Users/joshua/work/strong_number_embedding/sn_within_unv_selfgroup_segmentation/output/Gen/31/36
Processing complete.
Error running parse_verse_v1_6 for Gen 31:37: 'list' object has no attribute 'lstrip'
Failed to process Gen 31:37. Exiting.
Processing Gen 31:37...
Processing Gen 31:38...
Successfully processed and saved output for Gen 31:38 to /Users/joshua/work/strong_number_embedding/sn_within_unv_selfgroup_segmentation/output/Gen/31/38
Processing complete.
Processing Gen 31:39...
Successfully processed and saved output for Gen 31:39 to /Users/joshua/work/strong_number_embedding/sn_within_unv_selfgroup_segmentation/output/Gen/31/39
Processing complete.
Processing Gen 31:40...
Successfully processed and saved output for Gen 31:40 to /Users/joshua/work/strong_number_embedding/sn_within_unv_selfgroup_segmentation/output/Gen/31/40
Processing complete.
Processing Gen 31:41...
Successfully processed and saved output for Gen 31:41 to /Users/joshua/work/strong_number_embedding/sn_within_unv_selfgroup_segmentation/output/Gen/31/41
Processing complete.
Processing Gen 31:42...
Successfully processed and saved output for Gen 31:42 to /Users/joshua/work/strong_number_embedding/sn_within_unv_selfgroup_segmentation/output/Gen/31/42
Processing complete.
Processing Gen 31:43...
Successfully processed and saved output for Gen 31:43 to /Users/joshua/work/strong_number_embedding/sn_within_unv_selfgroup_segmentation/output/Gen/31/43
Processing complete.
Processing Gen 31:44...
Successfully processed and saved output for Gen 31:44 to /Users/joshua/work/strong_number_embedding/sn_within_unv_selfgroup_segmentation/output/Gen/31/44
Processing complete.
Processing Gen 31:45...
Successfully processed and saved output for Gen 31:45 to /Users/joshua/work/strong_number_embedding/sn_within_unv_selfgroup_segmentation/output/Gen/31/45
Processing complete.
Processing Gen 31:46...
Successfully processed and saved output for Gen 31:46 to /Users/joshua/work/strong_number_embedding/sn_within_unv_selfgroup_segmentation/output/Gen/31/46
Processing complete.
Processing Gen 31:47...
Successfully processed and saved output for Gen 31:47 to /Users/joshua/work/strong_number_embedding/sn_within_unv_selfgroup_segmentation/output/Gen/31/47
Processing complete.
Processing Gen 31:48...
Successfully processed and saved output for Gen 31:48 to /Users/joshua/work/strong_number_embedding/sn_within_unv_selfgroup_segmentation/output/Gen/31/48
Processing complete.
Processing Gen 31:49...
Successfully processed and saved output for Gen 31:49 to /Users/joshua/work/strong_number_embedding/sn_within_unv_selfgroup_segmentation/output/Gen/31/49
Processing complete.
Processing Gen 31:50...
Successfully processed and saved output for Gen 31:50 to /Users/joshua/work/strong_number_embedding/sn_within_unv_selfgroup_segmentation/output/Gen/31/50
Processing complete.
Processing Gen 31:51...
Successfully processed and saved output for Gen 31:51 to /Users/joshua/work/strong_number_embedding/sn_within_unv_selfgroup_segmentation/output/Gen/31/51
Processing complete.
Processing Gen 31:52...
Successfully processed and saved output for Gen 31:52 to /Users/joshua/work/strong_number_embedding/sn_within_unv_selfgroup_segmentation/output/Gen/31/52
Processing complete.
Processing Gen 31:53...
Successfully processed and saved output for Gen 31:53 to /Users/joshua/work/strong_number_embedding/sn_within_unv_selfgroup_segmentation/output/Gen/31/53
Processing complete.
Processing Gen 31:54...
Successfully processed and saved output for Gen 31:54 to /Users/joshua/work/strong_number_embedding/sn_within_unv_selfgroup_segmentation/output/Gen/31/54
Processing complete.
Processing Gen 31:55...
Successfully processed and saved output for Gen 31:55 to /Users/joshua/work/strong_number_embedding/sn_within_unv_selfgroup_segmentation/output/Gen/31/55
Processing complete.
Processing Gen 32:1...
Successfully processed and saved output for Gen 32:1 to /Users/joshua/work/strong_number_embedding/sn_within_unv_selfgroup_segmentation/output/Gen/32/1
Processing complete.
Processing Gen 32:2...
Successfully processed and saved output for Gen 32:2 to /Users/joshua/work/strong_number_embedding/sn_within_unv_selfgroup_segmentation/output/Gen/32/2
Processing complete.
Processing Gen 32:3...
Successfully processed and saved output for Gen 32:3 to /Users/joshua/work/strong_number_embedding/sn_within_unv_selfgroup_segmentation/output/Gen/32/3
Processing complete.
Processing Gen 32:4...
Successfully processed and saved output for Gen 32:4 to /Users/joshua/work/strong_number_embedding/sn_within_unv_selfgroup_segmentation/output/Gen/32/4
Processing complete.
Processing Gen 32:5...
Successfully processed and saved output for Gen 32:5 to /Users/joshua/work/strong_number_embedding/sn_within_unv_selfgroup_segmentation/output/Gen/32/5
Processing complete.
Processing Gen 32:6...
Successfully processed and saved output for Gen 32:6 to /Users/joshua/work/strong_number_embedding/sn_within_unv_selfgroup_segmentation/output/Gen/32/6
Processing complete.
Processing Gen 32:7...
Successfully processed and saved output for Gen 32:7 to /Users/joshua/work/strong_number_embedding/sn_within_unv_selfgroup_segmentation/output/Gen/32/7
Processing complete.
Processing Gen 32:8...
Successfully processed and saved output for Gen 32:8 to /Users/joshua/work/strong_number_embedding/sn_within_unv_selfgroup_segmentation/output/Gen/32/8
Processing complete.
Processing Gen 32:9...
Successfully processed and saved output for Gen 32:9 to /Users/joshua/work/strong_number_embedding/sn_within_unv_selfgroup_segmentation/output/Gen/32/9
Processing complete.
Processing Gen 32:10...
Successfully processed and saved output for Gen 32:10 to /Users/joshua/work/strong_number_embedding/sn_within_unv_selfgroup_segmentation/output/Gen/32/10
Processing complete.
Processing Gen 32:11...
Successfully processed and saved output for Gen 32:11 to /Users/joshua/work/strong_number_embedding/sn_within_unv_selfgroup_segmentation/output/Gen/32/11
Processing complete.
Processing Gen 32:12...
Successfully processed and saved output for Gen 32:12 to /Users/joshua/work/strong_number_embedding/sn_within_unv_selfgroup_segmentation/output/Gen/32/12
Processing complete.
Processing Gen 32:13...
Successfully processed and saved output for Gen 32:13 to /Users/joshua/work/strong_number_embedding/sn_within_unv_selfgroup_segmentation/output/Gen/32/13
Processing complete.
Processing Gen 32:14...
Successfully processed and saved output for Gen 32:14 to /Users/joshua/work/strong_number_embedding/sn_within_unv_selfgroup_segmentation/output/Gen/32/14
Processing complete.
Processing Gen 32:15...
Successfully processed and saved output for Gen 32:15 to /Users/joshua/work/strong_number_embedding/sn_within_unv_selfgroup_segmentation/output/Gen/32/15
Processing complete.
Processing Gen 32:16...
Successfully processed and saved output for Gen 32:16 to /Users/joshua/work/strong_number_embedding/sn_within_unv_selfgroup_segmentation/output/Gen/32/16
Processing complete.
Processing Gen 32:17...
Successfully processed and saved output for Gen 32:17 to /Users/joshua/work/strong_number_embedding/sn_within_unv_selfgroup_segmentation/output/Gen/32/17
Processing complete.
Processing Gen 32:18...
Successfully processed and saved output for Gen 32:18 to /Users/joshua/work/strong_number_embedding/sn_within_unv_selfgroup_segmentation/output/Gen/32/18
Processing complete.
Processing Gen 32:19...
Successfully processed and saved output for Gen 32:19 to /Users/joshua/work/strong_number_embedding/sn_within_unv_selfgroup_segmentation/output/Gen/32/19
Processing complete.
Processing Gen 32:20...
Successfully processed and saved output for Gen 32:20 to /Users/joshua/work/strong_number_embedding/sn_within_unv_selfgroup_segmentation/output/Gen/32/20
Processing complete.
Processing Gen 32:21...
Successfully processed and saved output for Gen 32:21 to /Users/joshua/work/strong_number_embedding/sn_within_unv_selfgroup_segmentation/output/Gen/32/21
Processing complete.
Processing Gen 32:22...
Successfully processed and saved output for Gen 32:22 to /Users/joshua/work/strong_number_embedding/sn_within_unv_selfgroup_segmentation/output/Gen/32/22
Processing complete.
Processing Gen 32:23...
Successfully processed and saved output for Gen 32:23 to /Users/joshua/work/strong_number_embedding/sn_within_unv_selfgroup_segmentation/output/Gen/32/23
Processing complete.
Processing Gen 32:24...
Successfully processed and saved output for Gen 32:24 to /Users/joshua/work/strong_number_embedding/sn_within_unv_selfgroup_segmentation/output/Gen/32/24
Processing complete.
Processing Gen 32:25...
Successfully processed and saved output for Gen 32:25 to /Users/joshua/work/strong_number_embedding/sn_within_unv_selfgroup_segmentation/output/Gen/32/25
Processing complete.
Processing Gen 32:26...
Successfully processed and saved output for Gen 32:26 to /Users/joshua/work/strong_number_embedding/sn_within_unv_selfgroup_segmentation/output/Gen/32/26
Processing complete.
Processing Gen 32:27...
Successfully processed and saved output for Gen 32:27 to /Users/joshua/work/strong_number_embedding/sn_within_unv_selfgroup_segmentation/output/Gen/32/27
Processing complete.
Processing Gen 32:28...
Successfully processed and saved output for Gen 32:28 to /Users/joshua/work/strong_number_embedding/sn_within_unv_selfgroup_segmentation/output/Gen/32/28
Processing complete.
Processing Gen 32:29...
Successfully processed and saved output for Gen 32:29 to /Users/joshua/work/strong_number_embedding/sn_within_unv_selfgroup_segmentation/output/Gen/32/29
Processing complete.
Processing Gen 32:30...
Successfully processed and saved output for Gen 32:30 to /Users/joshua/work/strong_number_embedding/sn_within_unv_selfgroup_segmentation/output/Gen/32/30
Processing complete.
Processing Gen 32:31...
Successfully processed and saved output for Gen 32:31 to /Users/joshua/work/strong_number_embedding/sn_within_unv_selfgroup_segmentation/output/Gen/32/31
Processing complete.
Processing Gen 32:32...
Successfully processed and saved output for Gen 32:32 to /Users/joshua/work/strong_number_embedding/sn_within_unv_selfgroup_segmentation/output/Gen/32/32
Processing complete.
Processing Gen 33:1...
Successfully processed and saved output for Gen 33:1 to /Users/joshua/work/strong_number_embedding/sn_within_unv_selfgroup_segmentation/output/Gen/33/1
Processing complete.
Processing Gen 33:2...
Successfully processed and saved output for Gen 33:2 to /Users/joshua/work/strong_number_embedding/sn_within_unv_selfgroup_segmentation/output/Gen/33/2
Processing complete.
Processing Gen 33:3...
Successfully processed and saved output for Gen 33:3 to /Users/joshua/work/strong_number_embedding/sn_within_unv_selfgroup_segmentation/output/Gen/33/3
Processing complete.
Processing Gen 33:4...
Successfully processed and saved output for Gen 33:4 to /Users/joshua/work/strong_number_embedding/sn_within_unv_selfgroup_segmentation/output/Gen/33/4
Processing complete.
Processing Gen 33:5...
Successfully processed and saved output for Gen 33:5 to /Users/joshua/work/strong_number_embedding/sn_within_unv_selfgroup_segmentation/output/Gen/33/5
Processing complete.
Processing Gen 33:6...
Successfully processed and saved output for Gen 33:6 to /Users/joshua/work/strong_number_embedding/sn_within_unv_selfgroup_segmentation/output/Gen/33/6
Processing complete.
Processing Gen 33:7...
Successfully processed and saved output for Gen 33:7 to /Users/joshua/work/strong_number_embedding/sn_within_unv_selfgroup_segmentation/output/Gen/33/7
Processing complete.
Processing Gen 33:8...
Successfully processed and saved output for Gen 33:8 to /Users/joshua/work/strong_number_embedding/sn_within_unv_selfgroup_segmentation/output/Gen/33/8
Processing complete.
Processing Gen 33:9...
Successfully processed and saved output for Gen 33:9 to /Users/joshua/work/strong_number_embedding/sn_within_unv_selfgroup_segmentation/output/Gen/33/9
Processing complete.
Processing Gen 33:10...
Successfully processed and saved output for Gen 33:10 to /Users/joshua/work/strong_number_embedding/sn_within_unv_selfgroup_segmentation/output/Gen/33/10
Processing complete.
Processing Gen 33:11...
Successfully processed and saved output for Gen 33:11 to /Users/joshua/work/strong_number_embedding/sn_within_unv_selfgroup_segmentation/output/Gen/33/11
Processing complete.
Processing Gen 33:12...
Successfully processed and saved output for Gen 33:12 to /Users/joshua/work/strong_number_embedding/sn_within_unv_selfgroup_segmentation/output/Gen/33/12
Processing complete.
Processing Gen 33:13...
Successfully processed and saved output for Gen 33:13 to /Users/joshua/work/strong_number_embedding/sn_within_unv_selfgroup_segmentation/output/Gen/33/13
Processing complete.
Processing Gen 33:14...
Successfully processed and saved output for Gen 33:14 to /Users/joshua/work/strong_number_embedding/sn_within_unv_selfgroup_segmentation/output/Gen/33/14
Processing complete.
Processing Gen 33:15...
Successfully processed and saved output for Gen 33:15 to /Users/joshua/work/strong_number_embedding/sn_within_unv_selfgroup_segmentation/output/Gen/33/15
Processing complete.
Processing Gen 33:16...
Successfully processed and saved output for Gen 33:16 to /Users/joshua/work/strong_number_embedding/sn_within_unv_selfgroup_segmentation/output/Gen/33/16
Processing complete.
Processing Gen 33:17...
Successfully processed and saved output for Gen 33:17 to /Users/joshua/work/strong_number_embedding/sn_within_unv_selfgroup_segmentation/output/Gen/33/17
Processing complete.
Processing Gen 33:18...
Successfully processed and saved output for Gen 33:18 to /Users/joshua/work/strong_number_embedding/sn_within_unv_selfgroup_segmentation/output/Gen/33/18
Processing complete.
Processing Gen 33:19...
Successfully processed and saved output for Gen 33:19 to /Users/joshua/work/strong_number_embedding/sn_within_unv_selfgroup_segmentation/output/Gen/33/19
Processing complete.
Processing Gen 33:20...
Successfully processed and saved output for Gen 33:20 to /Users/joshua/work/strong_number_embedding/sn_within_unv_selfgroup_segmentation/output/Gen/33/20
Processing complete.
Processing Gen 34:1...
Successfully processed and saved output for Gen 34:1 to /Users/joshua/work/strong_number_embedding/sn_within_unv_selfgroup_segmentation/output/Gen/34/1
Processing complete.
Processing Gen 34:2...
Successfully processed and saved output for Gen 34:2 to /Users/joshua/work/strong_number_embedding/sn_within_unv_selfgroup_segmentation/output/Gen/34/2
Processing complete.
Processing Gen 34:3...
Successfully processed and saved output for Gen 34:3 to /Users/joshua/work/strong_number_embedding/sn_within_unv_selfgroup_segmentation/output/Gen/34/3
Processing complete.
Processing Gen 34:4...
Successfully processed and saved output for Gen 34:4 to /Users/joshua/work/strong_number_embedding/sn_within_unv_selfgroup_segmentation/output/Gen/34/4
Processing complete.
Processing Gen 34:5...
Successfully processed and saved output for Gen 34:5 to /Users/joshua/work/strong_number_embedding/sn_within_unv_selfgroup_segmentation/output/Gen/34/5
Processing complete.
Processing Gen 34:6...
Successfully processed and saved output for Gen 34:6 to /Users/joshua/work/strong_number_embedding/sn_within_unv_selfgroup_segmentation/output/Gen/34/6
Processing complete.
Processing Gen 34:7...
Successfully processed and saved output for Gen 34:7 to /Users/joshua/work/strong_number_embedding/sn_within_unv_selfgroup_segmentation/output/Gen/34/7
Processing complete.
Processing Gen 34:8...
Successfully processed and saved output for Gen 34:8 to /Users/joshua/work/strong_number_embedding/sn_within_unv_selfgroup_segmentation/output/Gen/34/8
Processing complete.
Processing Gen 34:9...
Successfully processed and saved output for Gen 34:9 to /Users/joshua/work/strong_number_embedding/sn_within_unv_selfgroup_segmentation/output/Gen/34/9
Processing complete.
Processing Gen 34:10...
Successfully processed and saved output for Gen 34:10 to /Users/joshua/work/strong_number_embedding/sn_within_unv_selfgroup_segmentation/output/Gen/34/10
Processing complete.
Processing Gen 34:11...
Successfully processed and saved output for Gen 34:11 to /Users/joshua/work/strong_number_embedding/sn_within_unv_selfgroup_segmentation/output/Gen/34/11
Processing complete.
Processing Gen 34:12...
Successfully processed and saved output for Gen 34:12 to /Users/joshua/work/strong_number_embedding/sn_within_unv_selfgroup_segmentation/output/Gen/34/12
Processing complete.
Processing Gen 34:13...
Successfully processed and saved output for Gen 34:13 to /Users/joshua/work/strong_number_embedding/sn_within_unv_selfgroup_segmentation/output/Gen/34/13
Processing complete.
Processing Gen 34:14...
Successfully processed and saved output for Gen 34:14 to /Users/joshua/work/strong_number_embedding/sn_within_unv_selfgroup_segmentation/output/Gen/34/14
Processing complete.
Processing Gen 34:15...
Successfully processed and saved output for Gen 34:15 to /Users/joshua/work/strong_number_embedding/sn_within_unv_selfgroup_segmentation/output/Gen/34/15
Processing complete.
Processing Gen 34:16...
Successfully processed and saved output for Gen 34:16 to /Users/joshua/work/strong_number_embedding/sn_within_unv_selfgroup_segmentation/output/Gen/34/16
Processing complete.
Processing Gen 34:17...
Successfully processed and saved output for Gen 34:17 to /Users/joshua/work/strong_number_embedding/sn_within_unv_selfgroup_segmentation/output/Gen/34/17
Processing complete.
Processing Gen 34:18...
Successfully processed and saved output for Gen 34:18 to /Users/joshua/work/strong_number_embedding/sn_within_unv_selfgroup_segmentation/output/Gen/34/18
Processing complete.
Processing Gen 34:19...
Successfully processed and saved output for Gen 34:19 to /Users/joshua/work/strong_number_embedding/sn_within_unv_selfgroup_segmentation/output/Gen/34/19
Processing complete.
Processing Gen 34:20...
Successfully processed and saved output for Gen 34:20 to /Users/joshua/work/strong_number_embedding/sn_within_unv_selfgroup_segmentation/output/Gen/34/20
Processing complete.
Processing Gen 34:21...
Successfully processed and saved output for Gen 34:21 to /Users/joshua/work/strong_number_embedding/sn_within_unv_selfgroup_segmentation/output/Gen/34/21
Processing complete.
Processing Gen 34:22...
Successfully processed and saved output for Gen 34:22 to /Users/joshua/work/strong_number_embedding/sn_within_unv_selfgroup_segmentation/output/Gen/34/22
Processing complete.
Processing Gen 34:23...
Successfully processed and saved output for Gen 34:23 to /Users/joshua/work/strong_number_embedding/sn_within_unv_selfgroup_segmentation/output/Gen/34/23
Processing complete.
Processing Gen 34:24...
Successfully processed and saved output for Gen 34:24 to /Users/joshua/work/strong_number_embedding/sn_within_unv_selfgroup_segmentation/output/Gen/34/24
Processing complete.
Processing Gen 34:25...
Successfully processed and saved output for Gen 34:25 to /Users/joshua/work/strong_number_embedding/sn_within_unv_selfgroup_segmentation/output/Gen/34/25
Processing complete.
Processing Gen 34:26...
Successfully processed and saved output for Gen 34:26 to /Users/joshua/work/strong_number_embedding/sn_within_unv_selfgroup_segmentation/output/Gen/34/26
Processing complete.
Processing Gen 34:27...
Successfully processed and saved output for Gen 34:27 to /Users/joshua/work/strong_number_embedding/sn_within_unv_selfgroup_segmentation/output/Gen/34/27
Processing complete.
Processing Gen 34:28...
Successfully processed and saved output for Gen 34:28 to /Users/joshua/work/strong_number_embedding/sn_within_unv_selfgroup_segmentation/output/Gen/34/28
Processing complete.
Processing Gen 34:29...
Successfully processed and saved output for Gen 34:29 to /Users/joshua/work/strong_number_embedding/sn_within_unv_selfgroup_segmentation/output/Gen/34/29
Processing complete.
Processing Gen 34:30...
Successfully processed and saved output for Gen 34:30 to /Users/joshua/work/strong_number_embedding/sn_within_unv_selfgroup_segmentation/output/Gen/34/30
Processing complete.
Processing Gen 34:31...
Successfully processed and saved output for Gen 34:31 to /Users/joshua/work/strong_number_embedding/sn_within_unv_selfgroup_segmentation/output/Gen/34/31
Processing complete.
Error running parse_verse_v1_6 for Gen 35:1: 'list' object has no attribute 'lstrip'
Failed to process Gen 35:1. Exiting.
Processing Gen 35:1...
Processing Gen 35:2...
Successfully processed and saved output for Gen 35:2 to /Users/joshua/work/strong_number_embedding/sn_within_unv_selfgroup_segmentation/output/Gen/35/2
Processing complete.
Processing Gen 35:3...
Successfully processed and saved output for Gen 35:3 to /Users/joshua/work/strong_number_embedding/sn_within_unv_selfgroup_segmentation/output/Gen/35/3
Processing complete.
Processing Gen 35:4...
Successfully processed and saved output for Gen 35:4 to /Users/joshua/work/strong_number_embedding/sn_within_unv_selfgroup_segmentation/output/Gen/35/4
Processing complete.
Processing Gen 35:5...
Successfully processed and saved output for Gen 35:5 to /Users/joshua/work/strong_number_embedding/sn_within_unv_selfgroup_segmentation/output/Gen/35/5
Processing complete.
Processing Gen 35:6...
Successfully processed and saved output for Gen 35:6 to /Users/joshua/work/strong_number_embedding/sn_within_unv_selfgroup_segmentation/output/Gen/35/6
Processing complete.
Processing Gen 35:7...
Successfully processed and saved output for Gen 35:7 to /Users/joshua/work/strong_number_embedding/sn_within_unv_selfgroup_segmentation/output/Gen/35/7
Processing complete.
Processing Gen 35:8...
Successfully processed and saved output for Gen 35:8 to /Users/joshua/work/strong_number_embedding/sn_within_unv_selfgroup_segmentation/output/Gen/35/8
Processing complete.
Processing Gen 35:9...
Successfully processed and saved output for Gen 35:9 to /Users/joshua/work/strong_number_embedding/sn_within_unv_selfgroup_segmentation/output/Gen/35/9
Processing complete.
Processing Gen 35:10...
Successfully processed and saved output for Gen 35:10 to /Users/joshua/work/strong_number_embedding/sn_within_unv_selfgroup_segmentation/output/Gen/35/10
Processing complete.
Processing Gen 35:11...
Successfully processed and saved output for Gen 35:11 to /Users/joshua/work/strong_number_embedding/sn_within_unv_selfgroup_segmentation/output/Gen/35/11
Processing complete.
Processing Gen 35:12...
Successfully processed and saved output for Gen 35:12 to /Users/joshua/work/strong_number_embedding/sn_within_unv_selfgroup_segmentation/output/Gen/35/12
Processing complete.
Processing Gen 35:13...
Successfully processed and saved output for Gen 35:13 to /Users/joshua/work/strong_number_embedding/sn_within_unv_selfgroup_segmentation/output/Gen/35/13
Processing complete.
Processing Gen 35:14...
Successfully processed and saved output for Gen 35:14 to /Users/joshua/work/strong_number_embedding/sn_within_unv_selfgroup_segmentation/output/Gen/35/14
Processing complete.
Processing Gen 35:15...
Successfully processed and saved output for Gen 35:15 to /Users/joshua/work/strong_number_embedding/sn_within_unv_selfgroup_segmentation/output/Gen/35/15
Processing complete.
Processing Gen 35:16...
Successfully processed and saved output for Gen 35:16 to /Users/joshua/work/strong_number_embedding/sn_within_unv_selfgroup_segmentation/output/Gen/35/16
Processing complete.
Processing Gen 35:17...
Successfully processed and saved output for Gen 35:17 to /Users/joshua/work/strong_number_embedding/sn_within_unv_selfgroup_segmentation/output/Gen/35/17
Processing complete.
Processing Gen 35:18...
Successfully processed and saved output for Gen 35:18 to /Users/joshua/work/strong_number_embedding/sn_within_unv_selfgroup_segmentation/output/Gen/35/18
Processing complete.
Processing Gen 35:19...
Successfully processed and saved output for Gen 35:19 to /Users/joshua/work/strong_number_embedding/sn_within_unv_selfgroup_segmentation/output/Gen/35/19
Processing complete.
Processing Gen 35:20...
Successfully processed and saved output for Gen 35:20 to /Users/joshua/work/strong_number_embedding/sn_within_unv_selfgroup_segmentation/output/Gen/35/20
Processing complete.
Processing Gen 35:21...
Successfully processed and saved output for Gen 35:21 to /Users/joshua/work/strong_number_embedding/sn_within_unv_selfgroup_segmentation/output/Gen/35/21
Processing complete.
Processing Gen 35:22...
Successfully processed and saved output for Gen 35:22 to /Users/joshua/work/strong_number_embedding/sn_within_unv_selfgroup_segmentation/output/Gen/35/22
Processing complete.
Processing Gen 35:23...
Successfully processed and saved output for Gen 35:23 to /Users/joshua/work/strong_number_embedding/sn_within_unv_selfgroup_segmentation/output/Gen/35/23
Processing complete.
Processing Gen 35:24...
Successfully processed and saved output for Gen 35:24 to /Users/joshua/work/strong_number_embedding/sn_within_unv_selfgroup_segmentation/output/Gen/35/24
Processing complete.
Processing Gen 35:25...
Successfully processed and saved output for Gen 35:25 to /Users/joshua/work/strong_number_embedding/sn_within_unv_selfgroup_segmentation/output/Gen/35/25
Processing complete.
Processing Gen 35:26...
Successfully processed and saved output for Gen 35:26 to /Users/joshua/work/strong_number_embedding/sn_within_unv_selfgroup_segmentation/output/Gen/35/26
Processing complete.
Processing Gen 35:27...
Successfully processed and saved output for Gen 35:27 to /Users/joshua/work/strong_number_embedding/sn_within_unv_selfgroup_segmentation/output/Gen/35/27
Processing complete.
Processing Gen 35:28...
Successfully processed and saved output for Gen 35:28 to /Users/joshua/work/strong_number_embedding/sn_within_unv_selfgroup_segmentation/output/Gen/35/28
Processing complete.
Processing Gen 35:29...
Successfully processed and saved output for Gen 35:29 to /Users/joshua/work/strong_number_embedding/sn_within_unv_selfgroup_segmentation/output/Gen/35/29
Processing complete.
Processing Gen 36:1...
Successfully processed and saved output for Gen 36:1 to /Users/joshua/work/strong_number_embedding/sn_within_unv_selfgroup_segmentation/output/Gen/36/1
Processing complete.
Processing Gen 36:2...
Successfully processed and saved output for Gen 36:2 to /Users/joshua/work/strong_number_embedding/sn_within_unv_selfgroup_segmentation/output/Gen/36/2
Processing complete.
Processing Gen 36:3...
Successfully processed and saved output for Gen 36:3 to /Users/joshua/work/strong_number_embedding/sn_within_unv_selfgroup_segmentation/output/Gen/36/3
Processing complete.
Processing Gen 36:4...
Successfully processed and saved output for Gen 36:4 to /Users/joshua/work/strong_number_embedding/sn_within_unv_selfgroup_segmentation/output/Gen/36/4
Processing complete.
Processing Gen 36:5...
Successfully processed and saved output for Gen 36:5 to /Users/joshua/work/strong_number_embedding/sn_within_unv_selfgroup_segmentation/output/Gen/36/5
Processing complete.
Processing Gen 36:6...
Successfully processed and saved output for Gen 36:6 to /Users/joshua/work/strong_number_embedding/sn_within_unv_selfgroup_segmentation/output/Gen/36/6
Processing complete.
Error running parse_verse_v1_6 for Gen 36:7: 'list' object has no attribute 'lstrip'
Failed to process Gen 36:7. Exiting.
Processing Gen 36:7...
Processing Gen 36:8...
Successfully processed and saved output for Gen 36:8 to /Users/joshua/work/strong_number_embedding/sn_within_unv_selfgroup_segmentation/output/Gen/36/8
Processing complete.
Processing Gen 36:9...
Successfully processed and saved output for Gen 36:9 to /Users/joshua/work/strong_number_embedding/sn_within_unv_selfgroup_segmentation/output/Gen/36/9
Processing complete.
Processing Gen 36:10...
Successfully processed and saved output for Gen 36:10 to /Users/joshua/work/strong_number_embedding/sn_within_unv_selfgroup_segmentation/output/Gen/36/10
Processing complete.
Processing Gen 36:11...
Successfully processed and saved output for Gen 36:11 to /Users/joshua/work/strong_number_embedding/sn_within_unv_selfgroup_segmentation/output/Gen/36/11
Processing complete.
Processing Gen 36:12...
Successfully processed and saved output for Gen 36:12 to /Users/joshua/work/strong_number_embedding/sn_within_unv_selfgroup_segmentation/output/Gen/36/12
Processing complete.
Processing Gen 36:13...
Successfully processed and saved output for Gen 36:13 to /Users/joshua/work/strong_number_embedding/sn_within_unv_selfgroup_segmentation/output/Gen/36/13
Processing complete.
Processing Gen 36:14...
Successfully processed and saved output for Gen 36:14 to /Users/joshua/work/strong_number_embedding/sn_within_unv_selfgroup_segmentation/output/Gen/36/14
Processing complete.
Processing Gen 36:15...
Successfully processed and saved output for Gen 36:15 to /Users/joshua/work/strong_number_embedding/sn_within_unv_selfgroup_segmentation/output/Gen/36/15
Processing complete.
Processing Gen 36:16...
Successfully processed and saved output for Gen 36:16 to /Users/joshua/work/strong_number_embedding/sn_within_unv_selfgroup_segmentation/output/Gen/36/16
Processing complete.
Processing Gen 36:17...
Successfully processed and saved output for Gen 36:17 to /Users/joshua/work/strong_number_embedding/sn_within_unv_selfgroup_segmentation/output/Gen/36/17
Processing complete.
Processing Gen 36:18...
Successfully processed and saved output for Gen 36:18 to /Users/joshua/work/strong_number_embedding/sn_within_unv_selfgroup_segmentation/output/Gen/36/18
Processing complete.
Processing Gen 36:19...
Successfully processed and saved output for Gen 36:19 to /Users/joshua/work/strong_number_embedding/sn_within_unv_selfgroup_segmentation/output/Gen/36/19
Processing complete.
Processing Gen 36:20...
Successfully processed and saved output for Gen 36:20 to /Users/joshua/work/strong_number_embedding/sn_within_unv_selfgroup_segmentation/output/Gen/36/20
Processing complete.
Processing Gen 36:21...
Successfully processed and saved output for Gen 36:21 to /Users/joshua/work/strong_number_embedding/sn_within_unv_selfgroup_segmentation/output/Gen/36/21
Processing complete.
Processing Gen 36:22...
Successfully processed and saved output for Gen 36:22 to /Users/joshua/work/strong_number_embedding/sn_within_unv_selfgroup_segmentation/output/Gen/36/22
Processing complete.
Processing Gen 36:23...
Successfully processed and saved output for Gen 36:23 to /Users/joshua/work/strong_number_embedding/sn_within_unv_selfgroup_segmentation/output/Gen/36/23
Processing complete.
Processing Gen 36:24...
Successfully processed and saved output for Gen 36:24 to /Users/joshua/work/strong_number_embedding/sn_within_unv_selfgroup_segmentation/output/Gen/36/24
Processing complete.
Processing Gen 36:25...
Successfully processed and saved output for Gen 36:25 to /Users/joshua/work/strong_number_embedding/sn_within_unv_selfgroup_segmentation/output/Gen/36/25
Processing complete.
Processing Gen 36:26...
Successfully processed and saved output for Gen 36:26 to /Users/joshua/work/strong_number_embedding/sn_within_unv_selfgroup_segmentation/output/Gen/36/26
Processing complete.
Processing Gen 36:27...
Successfully processed and saved output for Gen 36:27 to /Users/joshua/work/strong_number_embedding/sn_within_unv_selfgroup_segmentation/output/Gen/36/27
Processing complete.
Processing Gen 36:28...
Successfully processed and saved output for Gen 36:28 to /Users/joshua/work/strong_number_embedding/sn_within_unv_selfgroup_segmentation/output/Gen/36/28
Processing complete.
Processing Gen 36:29...
Successfully processed and saved output for Gen 36:29 to /Users/joshua/work/strong_number_embedding/sn_within_unv_selfgroup_segmentation/output/Gen/36/29
Processing complete.
Processing Gen 36:30...
Successfully processed and saved output for Gen 36:30 to /Users/joshua/work/strong_number_embedding/sn_within_unv_selfgroup_segmentation/output/Gen/36/30
Processing complete.
Processing Gen 36:31...
Successfully processed and saved output for Gen 36:31 to /Users/joshua/work/strong_number_embedding/sn_within_unv_selfgroup_segmentation/output/Gen/36/31
Processing complete.
Processing Gen 36:32...
Successfully processed and saved output for Gen 36:32 to /Users/joshua/work/strong_number_embedding/sn_within_unv_selfgroup_segmentation/output/Gen/36/32
Processing complete.
Processing Gen 36:33...
Successfully processed and saved output for Gen 36:33 to /Users/joshua/work/strong_number_embedding/sn_within_unv_selfgroup_segmentation/output/Gen/36/33
Processing complete.
Processing Gen 36:34...
Successfully processed and saved output for Gen 36:34 to /Users/joshua/work/strong_number_embedding/sn_within_unv_selfgroup_segmentation/output/Gen/36/34
Processing complete.
Processing Gen 36:35...
Successfully processed and saved output for Gen 36:35 to /Users/joshua/work/strong_number_embedding/sn_within_unv_selfgroup_segmentation/output/Gen/36/35
Processing complete.
Processing Gen 36:36...
Successfully processed and saved output for Gen 36:36 to /Users/joshua/work/strong_number_embedding/sn_within_unv_selfgroup_segmentation/output/Gen/36/36
Processing complete.
Processing Gen 36:37...
Successfully processed and saved output for Gen 36:37 to /Users/joshua/work/strong_number_embedding/sn_within_unv_selfgroup_segmentation/output/Gen/36/37
Processing complete.
Processing Gen 36:38...
Successfully processed and saved output for Gen 36:38 to /Users/joshua/work/strong_number_embedding/sn_within_unv_selfgroup_segmentation/output/Gen/36/38
Processing complete.
Processing Gen 36:39...
Successfully processed and saved output for Gen 36:39 to /Users/joshua/work/strong_number_embedding/sn_within_unv_selfgroup_segmentation/output/Gen/36/39
Processing complete.
Processing Gen 36:40...
Successfully processed and saved output for Gen 36:40 to /Users/joshua/work/strong_number_embedding/sn_within_unv_selfgroup_segmentation/output/Gen/36/40
Processing complete.
Processing Gen 36:41...
Successfully processed and saved output for Gen 36:41 to /Users/joshua/work/strong_number_embedding/sn_within_unv_selfgroup_segmentation/output/Gen/36/41
Processing complete.
Processing Gen 36:42...
Successfully processed and saved output for Gen 36:42 to /Users/joshua/work/strong_number_embedding/sn_within_unv_selfgroup_segmentation/output/Gen/36/42
Processing complete.
Processing Gen 36:43...
Successfully processed and saved output for Gen 36:43 to /Users/joshua/work/strong_number_embedding/sn_within_unv_selfgroup_segmentation/output/Gen/36/43
Processing complete.
Processing Gen 37:1...
Successfully processed and saved output for Gen 37:1 to /Users/joshua/work/strong_number_embedding/sn_within_unv_selfgroup_segmentation/output/Gen/37/1
Processing complete.
Processing Gen 37:2...
Successfully processed and saved output for Gen 37:2 to /Users/joshua/work/strong_number_embedding/sn_within_unv_selfgroup_segmentation/output/Gen/37/2
Processing complete.
Processing Gen 37:3...
Successfully processed and saved output for Gen 37:3 to /Users/joshua/work/strong_number_embedding/sn_within_unv_selfgroup_segmentation/output/Gen/37/3
Processing complete.
Processing Gen 37:4...
Successfully processed and saved output for Gen 37:4 to /Users/joshua/work/strong_number_embedding/sn_within_unv_selfgroup_segmentation/output/Gen/37/4
Processing complete.
Processing Gen 37:5...
Successfully processed and saved output for Gen 37:5 to /Users/joshua/work/strong_number_embedding/sn_within_unv_selfgroup_segmentation/output/Gen/37/5
Processing complete.
Processing Gen 37:6...
Successfully processed and saved output for Gen 37:6 to /Users/joshua/work/strong_number_embedding/sn_within_unv_selfgroup_segmentation/output/Gen/37/6
Processing complete.
Processing Gen 37:7...
Successfully processed and saved output for Gen 37:7 to /Users/joshua/work/strong_number_embedding/sn_within_unv_selfgroup_segmentation/output/Gen/37/7
Processing complete.
Processing Gen 37:8...
Successfully processed and saved output for Gen 37:8 to /Users/joshua/work/strong_number_embedding/sn_within_unv_selfgroup_segmentation/output/Gen/37/8
Processing complete.
Processing Gen 37:9...
Successfully processed and saved output for Gen 37:9 to /Users/joshua/work/strong_number_embedding/sn_within_unv_selfgroup_segmentation/output/Gen/37/9
Processing complete.
Processing Gen 37:10...
Successfully processed and saved output for Gen 37:10 to /Users/joshua/work/strong_number_embedding/sn_within_unv_selfgroup_segmentation/output/Gen/37/10
Processing complete.
Processing Gen 37:11...
Successfully processed and saved output for Gen 37:11 to /Users/joshua/work/strong_number_embedding/sn_within_unv_selfgroup_segmentation/output/Gen/37/11
Processing complete.
Processing Gen 37:12...
Successfully processed and saved output for Gen 37:12 to /Users/joshua/work/strong_number_embedding/sn_within_unv_selfgroup_segmentation/output/Gen/37/12
Processing complete.
Processing Gen 37:13...
Successfully processed and saved output for Gen 37:13 to /Users/joshua/work/strong_number_embedding/sn_within_unv_selfgroup_segmentation/output/Gen/37/13
Processing complete.
Processing Gen 37:14...
Successfully processed and saved output for Gen 37:14 to /Users/joshua/work/strong_number_embedding/sn_within_unv_selfgroup_segmentation/output/Gen/37/14
Processing complete.
Processing Gen 37:15...
Successfully processed and saved output for Gen 37:15 to /Users/joshua/work/strong_number_embedding/sn_within_unv_selfgroup_segmentation/output/Gen/37/15
Processing complete.
Processing Gen 37:16...
Successfully processed and saved output for Gen 37:16 to /Users/joshua/work/strong_number_embedding/sn_within_unv_selfgroup_segmentation/output/Gen/37/16
Processing complete.
Error running parse_verse_v1_6 for Gen 37:17: 'list' object has no attribute 'lstrip'
Failed to process Gen 37:17. Exiting.
Processing Gen 37:17...
Processing Gen 37:18...
Successfully processed and saved output for Gen 37:18 to /Users/joshua/work/strong_number_embedding/sn_within_unv_selfgroup_segmentation/output/Gen/37/18
Processing complete.
Processing Gen 37:19...
Successfully processed and saved output for Gen 37:19 to /Users/joshua/work/strong_number_embedding/sn_within_unv_selfgroup_segmentation/output/Gen/37/19
Processing complete.
Processing Gen 37:20...
Successfully processed and saved output for Gen 37:20 to /Users/joshua/work/strong_number_embedding/sn_within_unv_selfgroup_segmentation/output/Gen/37/20
Processing complete.
Processing Gen 37:21...
Successfully processed and saved output for Gen 37:21 to /Users/joshua/work/strong_number_embedding/sn_within_unv_selfgroup_segmentation/output/Gen/37/21
Processing complete.
Processing Gen 37:22...
Successfully processed and saved output for Gen 37:22 to /Users/joshua/work/strong_number_embedding/sn_within_unv_selfgroup_segmentation/output/Gen/37/22
Processing complete.
Processing Gen 37:23...
Successfully processed and saved output for Gen 37:23 to /Users/joshua/work/strong_number_embedding/sn_within_unv_selfgroup_segmentation/output/Gen/37/23
Processing complete.
Processing Gen 37:24...
Successfully processed and saved output for Gen 37:24 to /Users/joshua/work/strong_number_embedding/sn_within_unv_selfgroup_segmentation/output/Gen/37/24
Processing complete.
Processing Gen 37:25...
Successfully processed and saved output for Gen 37:25 to /Users/joshua/work/strong_number_embedding/sn_within_unv_selfgroup_segmentation/output/Gen/37/25
Processing complete.
Processing Gen 37:26...
Successfully processed and saved output for Gen 37:26 to /Users/joshua/work/strong_number_embedding/sn_within_unv_selfgroup_segmentation/output/Gen/37/26
Processing complete.
Processing Gen 37:27...
Successfully processed and saved output for Gen 37:27 to /Users/joshua/work/strong_number_embedding/sn_within_unv_selfgroup_segmentation/output/Gen/37/27
Processing complete.
Processing Gen 37:28...
Successfully processed and saved output for Gen 37:28 to /Users/joshua/work/strong_number_embedding/sn_within_unv_selfgroup_segmentation/output/Gen/37/28
Processing complete.
Processing Gen 37:29...
Successfully processed and saved output for Gen 37:29 to /Users/joshua/work/strong_number_embedding/sn_within_unv_selfgroup_segmentation/output/Gen/37/29
Processing complete.
Processing Gen 37:30...
Successfully processed and saved output for Gen 37:30 to /Users/joshua/work/strong_number_embedding/sn_within_unv_selfgroup_segmentation/output/Gen/37/30
Processing complete.
Processing Gen 37:31...
Successfully processed and saved output for Gen 37:31 to /Users/joshua/work/strong_number_embedding/sn_within_unv_selfgroup_segmentation/output/Gen/37/31
Processing complete.
Processing Gen 37:32...
Successfully processed and saved output for Gen 37:32 to /Users/joshua/work/strong_number_embedding/sn_within_unv_selfgroup_segmentation/output/Gen/37/32
Processing complete.
Processing Gen 37:33...
Successfully processed and saved output for Gen 37:33 to /Users/joshua/work/strong_number_embedding/sn_within_unv_selfgroup_segmentation/output/Gen/37/33
Processing complete.
Processing Gen 37:34...
Successfully processed and saved output for Gen 37:34 to /Users/joshua/work/strong_number_embedding/sn_within_unv_selfgroup_segmentation/output/Gen/37/34
Processing complete.
Processing Gen 37:35...
Successfully processed and saved output for Gen 37:35 to /Users/joshua/work/strong_number_embedding/sn_within_unv_selfgroup_segmentation/output/Gen/37/35
Processing complete.
Processing Gen 37:36...
Successfully processed and saved output for Gen 37:36 to /Users/joshua/work/strong_number_embedding/sn_within_unv_selfgroup_segmentation/output/Gen/37/36
Processing complete.
Processing Gen 38:1...
Successfully processed and saved output for Gen 38:1 to /Users/joshua/work/strong_number_embedding/sn_within_unv_selfgroup_segmentation/output/Gen/38/1
Processing complete.
Processing Gen 38:2...
Successfully processed and saved output for Gen 38:2 to /Users/joshua/work/strong_number_embedding/sn_within_unv_selfgroup_segmentation/output/Gen/38/2
Processing complete.
Processing Gen 38:3...
Successfully processed and saved output for Gen 38:3 to /Users/joshua/work/strong_number_embedding/sn_within_unv_selfgroup_segmentation/output/Gen/38/3
Processing complete.
Processing Gen 38:4...
Successfully processed and saved output for Gen 38:4 to /Users/joshua/work/strong_number_embedding/sn_within_unv_selfgroup_segmentation/output/Gen/38/4
Processing complete.
Processing Gen 38:5...
Successfully processed and saved output for Gen 38:5 to /Users/joshua/work/strong_number_embedding/sn_within_unv_selfgroup_segmentation/output/Gen/38/5
Processing complete.
Processing Gen 38:6...
Successfully processed and saved output for Gen 38:6 to /Users/joshua/work/strong_number_embedding/sn_within_unv_selfgroup_segmentation/output/Gen/38/6
Processing complete.
Processing Gen 38:7...
Successfully processed and saved output for Gen 38:7 to /Users/joshua/work/strong_number_embedding/sn_within_unv_selfgroup_segmentation/output/Gen/38/7
Processing complete.
Processing Gen 38:8...
Successfully processed and saved output for Gen 38:8 to /Users/joshua/work/strong_number_embedding/sn_within_unv_selfgroup_segmentation/output/Gen/38/8
Processing complete.
Processing Gen 38:9...
Successfully processed and saved output for Gen 38:9 to /Users/joshua/work/strong_number_embedding/sn_within_unv_selfgroup_segmentation/output/Gen/38/9
Processing complete.
Processing Gen 38:10...
Successfully processed and saved output for Gen 38:10 to /Users/joshua/work/strong_number_embedding/sn_within_unv_selfgroup_segmentation/output/Gen/38/10
Processing complete.
Processing Gen 38:11...
Successfully processed and saved output for Gen 38:11 to /Users/joshua/work/strong_number_embedding/sn_within_unv_selfgroup_segmentation/output/Gen/38/11
Processing complete.
Processing Gen 38:12...
Successfully processed and saved output for Gen 38:12 to /Users/joshua/work/strong_number_embedding/sn_within_unv_selfgroup_segmentation/output/Gen/38/12
Processing complete.
Processing Gen 38:13...
Successfully processed and saved output for Gen 38:13 to /Users/joshua/work/strong_number_embedding/sn_within_unv_selfgroup_segmentation/output/Gen/38/13
Processing complete.
Processing Gen 38:14...
Successfully processed and saved output for Gen 38:14 to /Users/joshua/work/strong_number_embedding/sn_within_unv_selfgroup_segmentation/output/Gen/38/14
Processing complete.
Processing Gen 38:15...
Successfully processed and saved output for Gen 38:15 to /Users/joshua/work/strong_number_embedding/sn_within_unv_selfgroup_segmentation/output/Gen/38/15
Processing complete.
Processing Gen 38:16...
Successfully processed and saved output for Gen 38:16 to /Users/joshua/work/strong_number_embedding/sn_within_unv_selfgroup_segmentation/output/Gen/38/16
Processing complete.
Processing Gen 38:17...
Successfully processed and saved output for Gen 38:17 to /Users/joshua/work/strong_number_embedding/sn_within_unv_selfgroup_segmentation/output/Gen/38/17
Processing complete.
Processing Gen 38:18...
Successfully processed and saved output for Gen 38:18 to /Users/joshua/work/strong_number_embedding/sn_within_unv_selfgroup_segmentation/output/Gen/38/18
Processing complete.
Processing Gen 38:19...
Successfully processed and saved output for Gen 38:19 to /Users/joshua/work/strong_number_embedding/sn_within_unv_selfgroup_segmentation/output/Gen/38/19
Processing complete.
Processing Gen 38:20...
Successfully processed and saved output for Gen 38:20 to /Users/joshua/work/strong_number_embedding/sn_within_unv_selfgroup_segmentation/output/Gen/38/20
Processing complete.
Processing Gen 38:21...
Successfully processed and saved output for Gen 38:21 to /Users/joshua/work/strong_number_embedding/sn_within_unv_selfgroup_segmentation/output/Gen/38/21
Processing complete.
Processing Gen 38:22...
Successfully processed and saved output for Gen 38:22 to /Users/joshua/work/strong_number_embedding/sn_within_unv_selfgroup_segmentation/output/Gen/38/22
Processing complete.
Processing Gen 38:23...
Successfully processed and saved output for Gen 38:23 to /Users/joshua/work/strong_number_embedding/sn_within_unv_selfgroup_segmentation/output/Gen/38/23
Processing complete.
Processing Gen 38:24...
Successfully processed and saved output for Gen 38:24 to /Users/joshua/work/strong_number_embedding/sn_within_unv_selfgroup_segmentation/output/Gen/38/24
Processing complete.
Processing Gen 38:25...
Successfully processed and saved output for Gen 38:25 to /Users/joshua/work/strong_number_embedding/sn_within_unv_selfgroup_segmentation/output/Gen/38/25
Processing complete.
Processing Gen 38:26...
Successfully processed and saved output for Gen 38:26 to /Users/joshua/work/strong_number_embedding/sn_within_unv_selfgroup_segmentation/output/Gen/38/26
Processing complete.
Processing Gen 38:27...
Successfully processed and saved output for Gen 38:27 to /Users/joshua/work/strong_number_embedding/sn_within_unv_selfgroup_segmentation/output/Gen/38/27
Processing complete.
Processing Gen 38:28...
Successfully processed and saved output for Gen 38:28 to /Users/joshua/work/strong_number_embedding/sn_within_unv_selfgroup_segmentation/output/Gen/38/28
Processing complete.
Processing Gen 38:29...
Successfully processed and saved output for Gen 38:29 to /Users/joshua/work/strong_number_embedding/sn_within_unv_selfgroup_segmentation/output/Gen/38/29
Processing complete.
Processing Gen 38:30...
Successfully processed and saved output for Gen 38:30 to /Users/joshua/work/strong_number_embedding/sn_within_unv_selfgroup_segmentation/output/Gen/38/30
Processing complete.
Processing Gen 39:1...
Successfully processed and saved output for Gen 39:1 to /Users/joshua/work/strong_number_embedding/sn_within_unv_selfgroup_segmentation/output/Gen/39/1
Processing complete.
Processing Gen 39:2...
Successfully processed and saved output for Gen 39:2 to /Users/joshua/work/strong_number_embedding/sn_within_unv_selfgroup_segmentation/output/Gen/39/2
Processing complete.
Processing Gen 39:3...
Successfully processed and saved output for Gen 39:3 to /Users/joshua/work/strong_number_embedding/sn_within_unv_selfgroup_segmentation/output/Gen/39/3
Processing complete.
Processing Gen 39:4...
Successfully processed and saved output for Gen 39:4 to /Users/joshua/work/strong_number_embedding/sn_within_unv_selfgroup_segmentation/output/Gen/39/4
Processing complete.
Processing Gen 39:5...
Successfully processed and saved output for Gen 39:5 to /Users/joshua/work/strong_number_embedding/sn_within_unv_selfgroup_segmentation/output/Gen/39/5
Processing complete.
Processing Gen 39:6...
Successfully processed and saved output for Gen 39:6 to /Users/joshua/work/strong_number_embedding/sn_within_unv_selfgroup_segmentation/output/Gen/39/6
Processing complete.
Processing Gen 39:7...
Successfully processed and saved output for Gen 39:7 to /Users/joshua/work/strong_number_embedding/sn_within_unv_selfgroup_segmentation/output/Gen/39/7
Processing complete.
Processing Gen 39:8...
Successfully processed and saved output for Gen 39:8 to /Users/joshua/work/strong_number_embedding/sn_within_unv_selfgroup_segmentation/output/Gen/39/8
Processing complete.
Processing Gen 39:9...
Successfully processed and saved output for Gen 39:9 to /Users/joshua/work/strong_number_embedding/sn_within_unv_selfgroup_segmentation/output/Gen/39/9
Processing complete.
Processing Gen 39:10...
Successfully processed and saved output for Gen 39:10 to /Users/joshua/work/strong_number_embedding/sn_within_unv_selfgroup_segmentation/output/Gen/39/10
Processing complete.
Processing Gen 39:11...
Successfully processed and saved output for Gen 39:11 to /Users/joshua/work/strong_number_embedding/sn_within_unv_selfgroup_segmentation/output/Gen/39/11
Processing complete.
Processing Gen 39:12...
Successfully processed and saved output for Gen 39:12 to /Users/joshua/work/strong_number_embedding/sn_within_unv_selfgroup_segmentation/output/Gen/39/12
Processing complete.
Processing Gen 39:13...
Successfully processed and saved output for Gen 39:13 to /Users/joshua/work/strong_number_embedding/sn_within_unv_selfgroup_segmentation/output/Gen/39/13
Processing complete.
Processing Gen 39:14...
Successfully processed and saved output for Gen 39:14 to /Users/joshua/work/strong_number_embedding/sn_within_unv_selfgroup_segmentation/output/Gen/39/14
Processing complete.
Processing Gen 39:15...
Successfully processed and saved output for Gen 39:15 to /Users/joshua/work/strong_number_embedding/sn_within_unv_selfgroup_segmentation/output/Gen/39/15
Processing complete.
Processing Gen 39:16...
Successfully processed and saved output for Gen 39:16 to /Users/joshua/work/strong_number_embedding/sn_within_unv_selfgroup_segmentation/output/Gen/39/16
Processing complete.
Processing Gen 39:17...
Successfully processed and saved output for Gen 39:17 to /Users/joshua/work/strong_number_embedding/sn_within_unv_selfgroup_segmentation/output/Gen/39/17
Processing complete.
Processing Gen 39:18...
Successfully processed and saved output for Gen 39:18 to /Users/joshua/work/strong_number_embedding/sn_within_unv_selfgroup_segmentation/output/Gen/39/18
Processing complete.
Processing Gen 39:19...
Successfully processed and saved output for Gen 39:19 to /Users/joshua/work/strong_number_embedding/sn_within_unv_selfgroup_segmentation/output/Gen/39/19
Processing complete.
Processing Gen 39:20...
Successfully processed and saved output for Gen 39:20 to /Users/joshua/work/strong_number_embedding/sn_within_unv_selfgroup_segmentation/output/Gen/39/20
Processing complete.
Processing Gen 39:21...
Successfully processed and saved output for Gen 39:21 to /Users/joshua/work/strong_number_embedding/sn_within_unv_selfgroup_segmentation/output/Gen/39/21
Processing complete.
Processing Gen 39:22...
Successfully processed and saved output for Gen 39:22 to /Users/joshua/work/strong_number_embedding/sn_within_unv_selfgroup_segmentation/output/Gen/39/22
Processing complete.
Processing Gen 39:23...
Successfully processed and saved output for Gen 39:23 to /Users/joshua/work/strong_number_embedding/sn_within_unv_selfgroup_segmentation/output/Gen/39/23
Processing complete.
Processing Gen 40:1...
Successfully processed and saved output for Gen 40:1 to /Users/joshua/work/strong_number_embedding/sn_within_unv_selfgroup_segmentation/output/Gen/40/1
Processing complete.
Processing Gen 40:2...
Successfully processed and saved output for Gen 40:2 to /Users/joshua/work/strong_number_embedding/sn_within_unv_selfgroup_segmentation/output/Gen/40/2
Processing complete.
Processing Gen 40:3...
Successfully processed and saved output for Gen 40:3 to /Users/joshua/work/strong_number_embedding/sn_within_unv_selfgroup_segmentation/output/Gen/40/3
Processing complete.
Processing Gen 40:4...
Successfully processed and saved output for Gen 40:4 to /Users/joshua/work/strong_number_embedding/sn_within_unv_selfgroup_segmentation/output/Gen/40/4
Processing complete.
Processing Gen 40:5...
Successfully processed and saved output for Gen 40:5 to /Users/joshua/work/strong_number_embedding/sn_within_unv_selfgroup_segmentation/output/Gen/40/5
Processing complete.
Processing Gen 40:6...
Successfully processed and saved output for Gen 40:6 to /Users/joshua/work/strong_number_embedding/sn_within_unv_selfgroup_segmentation/output/Gen/40/6
Processing complete.
Processing Gen 40:7...
Successfully processed and saved output for Gen 40:7 to /Users/joshua/work/strong_number_embedding/sn_within_unv_selfgroup_segmentation/output/Gen/40/7
Processing complete.
Processing Gen 40:8...
Successfully processed and saved output for Gen 40:8 to /Users/joshua/work/strong_number_embedding/sn_within_unv_selfgroup_segmentation/output/Gen/40/8
Processing complete.
Processing Gen 40:9...
Successfully processed and saved output for Gen 40:9 to /Users/joshua/work/strong_number_embedding/sn_within_unv_selfgroup_segmentation/output/Gen/40/9
Processing complete.
Processing Gen 40:10...
Successfully processed and saved output for Gen 40:10 to /Users/joshua/work/strong_number_embedding/sn_within_unv_selfgroup_segmentation/output/Gen/40/10
Processing complete.
Processing Gen 40:11...
Successfully processed and saved output for Gen 40:11 to /Users/joshua/work/strong_number_embedding/sn_within_unv_selfgroup_segmentation/output/Gen/40/11
Processing complete.
Processing Gen 40:12...
Successfully processed and saved output for Gen 40:12 to /Users/joshua/work/strong_number_embedding/sn_within_unv_selfgroup_segmentation/output/Gen/40/12
Processing complete.
Processing Gen 40:13...
Successfully processed and saved output for Gen 40:13 to /Users/joshua/work/strong_number_embedding/sn_within_unv_selfgroup_segmentation/output/Gen/40/13
Processing complete.
Processing Gen 40:14...
Successfully processed and saved output for Gen 40:14 to /Users/joshua/work/strong_number_embedding/sn_within_unv_selfgroup_segmentation/output/Gen/40/14
Processing complete.
Processing Gen 40:15...
Successfully processed and saved output for Gen 40:15 to /Users/joshua/work/strong_number_embedding/sn_within_unv_selfgroup_segmentation/output/Gen/40/15
Processing complete.
Processing Gen 40:16...
Successfully processed and saved output for Gen 40:16 to /Users/joshua/work/strong_number_embedding/sn_within_unv_selfgroup_segmentation/output/Gen/40/16
Processing complete.
Processing Gen 40:17...
Successfully processed and saved output for Gen 40:17 to /Users/joshua/work/strong_number_embedding/sn_within_unv_selfgroup_segmentation/output/Gen/40/17
Processing complete.
Processing Gen 40:18...
Successfully processed and saved output for Gen 40:18 to /Users/joshua/work/strong_number_embedding/sn_within_unv_selfgroup_segmentation/output/Gen/40/18
Processing complete.
Error running parse_verse_v1_6 for Gen 40:19: 'list' object has no attribute 'lstrip'
Failed to process Gen 40:19. Exiting.
Processing Gen 40:19...
Processing Gen 40:20...
Successfully processed and saved output for Gen 40:20 to /Users/joshua/work/strong_number_embedding/sn_within_unv_selfgroup_segmentation/output/Gen/40/20
Processing complete.
Processing Gen 40:21...
Successfully processed and saved output for Gen 40:21 to /Users/joshua/work/strong_number_embedding/sn_within_unv_selfgroup_segmentation/output/Gen/40/21
Processing complete.
Processing Gen 40:22...
Successfully processed and saved output for Gen 40:22 to /Users/joshua/work/strong_number_embedding/sn_within_unv_selfgroup_segmentation/output/Gen/40/22
Processing complete.
Processing Gen 40:23...
Successfully processed and saved output for Gen 40:23 to /Users/joshua/work/strong_number_embedding/sn_within_unv_selfgroup_segmentation/output/Gen/40/23
Processing complete.
Processing Gen 41:1...
Successfully processed and saved output for Gen 41:1 to /Users/joshua/work/strong_number_embedding/sn_within_unv_selfgroup_segmentation/output/Gen/41/1
Processing complete.
Processing Gen 41:2...
Successfully processed and saved output for Gen 41:2 to /Users/joshua/work/strong_number_embedding/sn_within_unv_selfgroup_segmentation/output/Gen/41/2
Processing complete.
Processing Gen 41:3...
Successfully processed and saved output for Gen 41:3 to /Users/joshua/work/strong_number_embedding/sn_within_unv_selfgroup_segmentation/output/Gen/41/3
Processing complete.
Processing Gen 41:4...
Successfully processed and saved output for Gen 41:4 to /Users/joshua/work/strong_number_embedding/sn_within_unv_selfgroup_segmentation/output/Gen/41/4
Processing complete.
Processing Gen 41:5...
Successfully processed and saved output for Gen 41:5 to /Users/joshua/work/strong_number_embedding/sn_within_unv_selfgroup_segmentation/output/Gen/41/5
Processing complete.
Processing Gen 41:6...
Successfully processed and saved output for Gen 41:6 to /Users/joshua/work/strong_number_embedding/sn_within_unv_selfgroup_segmentation/output/Gen/41/6
Processing complete.
Processing Gen 41:7...
Successfully processed and saved output for Gen 41:7 to /Users/joshua/work/strong_number_embedding/sn_within_unv_selfgroup_segmentation/output/Gen/41/7
Processing complete.
Processing Gen 41:8...
Successfully processed and saved output for Gen 41:8 to /Users/joshua/work/strong_number_embedding/sn_within_unv_selfgroup_segmentation/output/Gen/41/8
Processing complete.
Processing Gen 41:9...
Successfully processed and saved output for Gen 41:9 to /Users/joshua/work/strong_number_embedding/sn_within_unv_selfgroup_segmentation/output/Gen/41/9
Processing complete.
Processing Gen 41:10...
Successfully processed and saved output for Gen 41:10 to /Users/joshua/work/strong_number_embedding/sn_within_unv_selfgroup_segmentation/output/Gen/41/10
Processing complete.
Processing Gen 41:11...
Successfully processed and saved output for Gen 41:11 to /Users/joshua/work/strong_number_embedding/sn_within_unv_selfgroup_segmentation/output/Gen/41/11
Processing complete.
Processing Gen 41:12...
Successfully processed and saved output for Gen 41:12 to /Users/joshua/work/strong_number_embedding/sn_within_unv_selfgroup_segmentation/output/Gen/41/12
Processing complete.
Processing Gen 41:13...
Successfully processed and saved output for Gen 41:13 to /Users/joshua/work/strong_number_embedding/sn_within_unv_selfgroup_segmentation/output/Gen/41/13
Processing complete.
Processing Gen 41:14...
Successfully processed and saved output for Gen 41:14 to /Users/joshua/work/strong_number_embedding/sn_within_unv_selfgroup_segmentation/output/Gen/41/14
Processing complete.
Processing Gen 41:15...
Successfully processed and saved output for Gen 41:15 to /Users/joshua/work/strong_number_embedding/sn_within_unv_selfgroup_segmentation/output/Gen/41/15
Processing complete.
Processing Gen 41:16...
Successfully processed and saved output for Gen 41:16 to /Users/joshua/work/strong_number_embedding/sn_within_unv_selfgroup_segmentation/output/Gen/41/16
Processing complete.
Processing Gen 41:17...
Successfully processed and saved output for Gen 41:17 to /Users/joshua/work/strong_number_embedding/sn_within_unv_selfgroup_segmentation/output/Gen/41/17
Processing complete.
Processing Gen 41:18...
Successfully processed and saved output for Gen 41:18 to /Users/joshua/work/strong_number_embedding/sn_within_unv_selfgroup_segmentation/output/Gen/41/18
Processing complete.
Processing Gen 41:19...
Successfully processed and saved output for Gen 41:19 to /Users/joshua/work/strong_number_embedding/sn_within_unv_selfgroup_segmentation/output/Gen/41/19
Processing complete.
Processing Gen 41:20...
Successfully processed and saved output for Gen 41:20 to /Users/joshua/work/strong_number_embedding/sn_within_unv_selfgroup_segmentation/output/Gen/41/20
Processing complete.
Processing Gen 41:21...
Successfully processed and saved output for Gen 41:21 to /Users/joshua/work/strong_number_embedding/sn_within_unv_selfgroup_segmentation/output/Gen/41/21
Processing complete.
Processing Gen 41:22...
Successfully processed and saved output for Gen 41:22 to /Users/joshua/work/strong_number_embedding/sn_within_unv_selfgroup_segmentation/output/Gen/41/22
Processing complete.
Processing Gen 41:23...
Successfully processed and saved output for Gen 41:23 to /Users/joshua/work/strong_number_embedding/sn_within_unv_selfgroup_segmentation/output/Gen/41/23
Processing complete.
Processing Gen 41:24...
Successfully processed and saved output for Gen 41:24 to /Users/joshua/work/strong_number_embedding/sn_within_unv_selfgroup_segmentation/output/Gen/41/24
Processing complete.
Processing Gen 41:25...
Successfully processed and saved output for Gen 41:25 to /Users/joshua/work/strong_number_embedding/sn_within_unv_selfgroup_segmentation/output/Gen/41/25
Processing complete.
Processing Gen 41:26...
Successfully processed and saved output for Gen 41:26 to /Users/joshua/work/strong_number_embedding/sn_within_unv_selfgroup_segmentation/output/Gen/41/26
Processing complete.
Processing Gen 41:27...
Successfully processed and saved output for Gen 41:27 to /Users/joshua/work/strong_number_embedding/sn_within_unv_selfgroup_segmentation/output/Gen/41/27
Processing complete.
Processing Gen 41:28...
Successfully processed and saved output for Gen 41:28 to /Users/joshua/work/strong_number_embedding/sn_within_unv_selfgroup_segmentation/output/Gen/41/28
Processing complete.
Processing Gen 41:29...
Successfully processed and saved output for Gen 41:29 to /Users/joshua/work/strong_number_embedding/sn_within_unv_selfgroup_segmentation/output/Gen/41/29
Processing complete.
Processing Gen 41:30...
Successfully processed and saved output for Gen 41:30 to /Users/joshua/work/strong_number_embedding/sn_within_unv_selfgroup_segmentation/output/Gen/41/30
Processing complete.
Processing Gen 41:31...
Successfully processed and saved output for Gen 41:31 to /Users/joshua/work/strong_number_embedding/sn_within_unv_selfgroup_segmentation/output/Gen/41/31
Processing complete.
Processing Gen 41:32...
Successfully processed and saved output for Gen 41:32 to /Users/joshua/work/strong_number_embedding/sn_within_unv_selfgroup_segmentation/output/Gen/41/32
Processing complete.
Processing Gen 41:33...
Successfully processed and saved output for Gen 41:33 to /Users/joshua/work/strong_number_embedding/sn_within_unv_selfgroup_segmentation/output/Gen/41/33
Processing complete.
Processing Gen 41:34...
Successfully processed and saved output for Gen 41:34 to /Users/joshua/work/strong_number_embedding/sn_within_unv_selfgroup_segmentation/output/Gen/41/34
Processing complete.
Processing Gen 41:35...
Successfully processed and saved output for Gen 41:35 to /Users/joshua/work/strong_number_embedding/sn_within_unv_selfgroup_segmentation/output/Gen/41/35
Processing complete.
Processing Gen 41:36...
Successfully processed and saved output for Gen 41:36 to /Users/joshua/work/strong_number_embedding/sn_within_unv_selfgroup_segmentation/output/Gen/41/36
Processing complete.
Processing Gen 41:37...
Successfully processed and saved output for Gen 41:37 to /Users/joshua/work/strong_number_embedding/sn_within_unv_selfgroup_segmentation/output/Gen/41/37
Processing complete.
Processing Gen 41:38...
Successfully processed and saved output for Gen 41:38 to /Users/joshua/work/strong_number_embedding/sn_within_unv_selfgroup_segmentation/output/Gen/41/38
Processing complete.
Processing Gen 41:39...
Successfully processed and saved output for Gen 41:39 to /Users/joshua/work/strong_number_embedding/sn_within_unv_selfgroup_segmentation/output/Gen/41/39
Processing complete.
Processing Gen 41:40...
Successfully processed and saved output for Gen 41:40 to /Users/joshua/work/strong_number_embedding/sn_within_unv_selfgroup_segmentation/output/Gen/41/40
Processing complete.
Processing Gen 41:41...
Successfully processed and saved output for Gen 41:41 to /Users/joshua/work/strong_number_embedding/sn_within_unv_selfgroup_segmentation/output/Gen/41/41
Processing complete.
Error running parse_verse_v1_6 for Gen 41:42: 'list' object has no attribute 'lstrip'
Failed to process Gen 41:42. Exiting.
Processing Gen 41:42...
Processing Gen 41:43...
Successfully processed and saved output for Gen 41:43 to /Users/joshua/work/strong_number_embedding/sn_within_unv_selfgroup_segmentation/output/Gen/41/43
Processing complete.
Processing Gen 41:44...
Successfully processed and saved output for Gen 41:44 to /Users/joshua/work/strong_number_embedding/sn_within_unv_selfgroup_segmentation/output/Gen/41/44
Processing complete.
Processing Gen 41:45...
Successfully processed and saved output for Gen 41:45 to /Users/joshua/work/strong_number_embedding/sn_within_unv_selfgroup_segmentation/output/Gen/41/45
Processing complete.
Processing Gen 41:46...
Successfully processed and saved output for Gen 41:46 to /Users/joshua/work/strong_number_embedding/sn_within_unv_selfgroup_segmentation/output/Gen/41/46
Processing complete.
Processing Gen 41:47...
Successfully processed and saved output for Gen 41:47 to /Users/joshua/work/strong_number_embedding/sn_within_unv_selfgroup_segmentation/output/Gen/41/47
Processing complete.
Processing Gen 41:48...
Successfully processed and saved output for Gen 41:48 to /Users/joshua/work/strong_number_embedding/sn_within_unv_selfgroup_segmentation/output/Gen/41/48
Processing complete.
Processing Gen 41:49...
Successfully processed and saved output for Gen 41:49 to /Users/joshua/work/strong_number_embedding/sn_within_unv_selfgroup_segmentation/output/Gen/41/49
Processing complete.
Processing Gen 41:50...
Successfully processed and saved output for Gen 41:50 to /Users/joshua/work/strong_number_embedding/sn_within_unv_selfgroup_segmentation/output/Gen/41/50
Processing complete.
Processing Gen 41:51...
Successfully processed and saved output for Gen 41:51 to /Users/joshua/work/strong_number_embedding/sn_within_unv_selfgroup_segmentation/output/Gen/41/51
Processing complete.
Processing Gen 41:52...
Successfully processed and saved output for Gen 41:52 to /Users/joshua/work/strong_number_embedding/sn_within_unv_selfgroup_segmentation/output/Gen/41/52
Processing complete.
Processing Gen 41:53...
Successfully processed and saved output for Gen 41:53 to /Users/joshua/work/strong_number_embedding/sn_within_unv_selfgroup_segmentation/output/Gen/41/53
Processing complete.
Processing Gen 41:54...
Successfully processed and saved output for Gen 41:54 to /Users/joshua/work/strong_number_embedding/sn_within_unv_selfgroup_segmentation/output/Gen/41/54
Processing complete.
Processing Gen 41:55...
Successfully processed and saved output for Gen 41:55 to /Users/joshua/work/strong_number_embedding/sn_within_unv_selfgroup_segmentation/output/Gen/41/55
Processing complete.
Processing Gen 41:56...
Successfully processed and saved output for Gen 41:56 to /Users/joshua/work/strong_number_embedding/sn_within_unv_selfgroup_segmentation/output/Gen/41/56
Processing complete.
Processing Gen 41:57...
Successfully processed and saved output for Gen 41:57 to /Users/joshua/work/strong_number_embedding/sn_within_unv_selfgroup_segmentation/output/Gen/41/57
Processing complete.
Processing Gen 42:1...
Successfully processed and saved output for Gen 42:1 to /Users/joshua/work/strong_number_embedding/sn_within_unv_selfgroup_segmentation/output/Gen/42/1
Processing complete.
Processing Gen 42:2...
Successfully processed and saved output for Gen 42:2 to /Users/joshua/work/strong_number_embedding/sn_within_unv_selfgroup_segmentation/output/Gen/42/2
Processing complete.
Processing Gen 42:3...
Successfully processed and saved output for Gen 42:3 to /Users/joshua/work/strong_number_embedding/sn_within_unv_selfgroup_segmentation/output/Gen/42/3
Processing complete.
Processing Gen 42:4...
Successfully processed and saved output for Gen 42:4 to /Users/joshua/work/strong_number_embedding/sn_within_unv_selfgroup_segmentation/output/Gen/42/4
Processing complete.
Processing Gen 42:5...
Successfully processed and saved output for Gen 42:5 to /Users/joshua/work/strong_number_embedding/sn_within_unv_selfgroup_segmentation/output/Gen/42/5
Processing complete.
Processing Gen 42:6...
Successfully processed and saved output for Gen 42:6 to /Users/joshua/work/strong_number_embedding/sn_within_unv_selfgroup_segmentation/output/Gen/42/6
Processing complete.
Processing Gen 42:7...
Successfully processed and saved output for Gen 42:7 to /Users/joshua/work/strong_number_embedding/sn_within_unv_selfgroup_segmentation/output/Gen/42/7
Processing complete.
Processing Gen 42:8...
Successfully processed and saved output for Gen 42:8 to /Users/joshua/work/strong_number_embedding/sn_within_unv_selfgroup_segmentation/output/Gen/42/8
Processing complete.
Processing Gen 42:9...
Successfully processed and saved output for Gen 42:9 to /Users/joshua/work/strong_number_embedding/sn_within_unv_selfgroup_segmentation/output/Gen/42/9
Processing complete.
Processing Gen 42:10...
Successfully processed and saved output for Gen 42:10 to /Users/joshua/work/strong_number_embedding/sn_within_unv_selfgroup_segmentation/output/Gen/42/10
Processing complete.
Processing Gen 42:11...
Successfully processed and saved output for Gen 42:11 to /Users/joshua/work/strong_number_embedding/sn_within_unv_selfgroup_segmentation/output/Gen/42/11
Processing complete.
Processing Gen 42:12...
Successfully processed and saved output for Gen 42:12 to /Users/joshua/work/strong_number_embedding/sn_within_unv_selfgroup_segmentation/output/Gen/42/12
Processing complete.
Processing Gen 42:13...
Successfully processed and saved output for Gen 42:13 to /Users/joshua/work/strong_number_embedding/sn_within_unv_selfgroup_segmentation/output/Gen/42/13
Processing complete.
Processing Gen 42:14...
Successfully processed and saved output for Gen 42:14 to /Users/joshua/work/strong_number_embedding/sn_within_unv_selfgroup_segmentation/output/Gen/42/14
Processing complete.
Processing Gen 42:15...
Successfully processed and saved output for Gen 42:15 to /Users/joshua/work/strong_number_embedding/sn_within_unv_selfgroup_segmentation/output/Gen/42/15
Processing complete.
Processing Gen 42:16...
Successfully processed and saved output for Gen 42:16 to /Users/joshua/work/strong_number_embedding/sn_within_unv_selfgroup_segmentation/output/Gen/42/16
Processing complete.
Processing Gen 42:17...
Successfully processed and saved output for Gen 42:17 to /Users/joshua/work/strong_number_embedding/sn_within_unv_selfgroup_segmentation/output/Gen/42/17
Processing complete.
Processing Gen 42:18...
Successfully processed and saved output for Gen 42:18 to /Users/joshua/work/strong_number_embedding/sn_within_unv_selfgroup_segmentation/output/Gen/42/18
Processing complete.
Processing Gen 42:19...
Successfully processed and saved output for Gen 42:19 to /Users/joshua/work/strong_number_embedding/sn_within_unv_selfgroup_segmentation/output/Gen/42/19
Processing complete.
Processing Gen 42:20...
Successfully processed and saved output for Gen 42:20 to /Users/joshua/work/strong_number_embedding/sn_within_unv_selfgroup_segmentation/output/Gen/42/20
Processing complete.
Processing Gen 42:21...
Successfully processed and saved output for Gen 42:21 to /Users/joshua/work/strong_number_embedding/sn_within_unv_selfgroup_segmentation/output/Gen/42/21
Processing complete.
Processing Gen 42:22...
Successfully processed and saved output for Gen 42:22 to /Users/joshua/work/strong_number_embedding/sn_within_unv_selfgroup_segmentation/output/Gen/42/22
Processing complete.
Processing Gen 42:23...
Successfully processed and saved output for Gen 42:23 to /Users/joshua/work/strong_number_embedding/sn_within_unv_selfgroup_segmentation/output/Gen/42/23
Processing complete.
Processing Gen 42:24...
Successfully processed and saved output for Gen 42:24 to /Users/joshua/work/strong_number_embedding/sn_within_unv_selfgroup_segmentation/output/Gen/42/24
Processing complete.
Processing Gen 42:25...
Successfully processed and saved output for Gen 42:25 to /Users/joshua/work/strong_number_embedding/sn_within_unv_selfgroup_segmentation/output/Gen/42/25
Processing complete.
Processing Gen 42:26...
Successfully processed and saved output for Gen 42:26 to /Users/joshua/work/strong_number_embedding/sn_within_unv_selfgroup_segmentation/output/Gen/42/26
Processing complete.
Processing Gen 42:27...
Successfully processed and saved output for Gen 42:27 to /Users/joshua/work/strong_number_embedding/sn_within_unv_selfgroup_segmentation/output/Gen/42/27
Processing complete.
Processing Gen 42:28...
Successfully processed and saved output for Gen 42:28 to /Users/joshua/work/strong_number_embedding/sn_within_unv_selfgroup_segmentation/output/Gen/42/28
Processing complete.
Processing Gen 42:29...
Successfully processed and saved output for Gen 42:29 to /Users/joshua/work/strong_number_embedding/sn_within_unv_selfgroup_segmentation/output/Gen/42/29
Processing complete.
Processing Gen 42:30...
Successfully processed and saved output for Gen 42:30 to /Users/joshua/work/strong_number_embedding/sn_within_unv_selfgroup_segmentation/output/Gen/42/30
Processing complete.
Processing Gen 42:31...
Successfully processed and saved output for Gen 42:31 to /Users/joshua/work/strong_number_embedding/sn_within_unv_selfgroup_segmentation/output/Gen/42/31
Processing complete.
Processing Gen 42:32...
Successfully processed and saved output for Gen 42:32 to /Users/joshua/work/strong_number_embedding/sn_within_unv_selfgroup_segmentation/output/Gen/42/32
Processing complete.
Processing Gen 42:33...
Successfully processed and saved output for Gen 42:33 to /Users/joshua/work/strong_number_embedding/sn_within_unv_selfgroup_segmentation/output/Gen/42/33
Processing complete.
Processing Gen 42:34...
Successfully processed and saved output for Gen 42:34 to /Users/joshua/work/strong_number_embedding/sn_within_unv_selfgroup_segmentation/output/Gen/42/34
Processing complete.
Processing Gen 42:35...
Successfully processed and saved output for Gen 42:35 to /Users/joshua/work/strong_number_embedding/sn_within_unv_selfgroup_segmentation/output/Gen/42/35
Processing complete.
Processing Gen 42:36...
Successfully processed and saved output for Gen 42:36 to /Users/joshua/work/strong_number_embedding/sn_within_unv_selfgroup_segmentation/output/Gen/42/36
Processing complete.
Processing Gen 42:37...
Successfully processed and saved output for Gen 42:37 to /Users/joshua/work/strong_number_embedding/sn_within_unv_selfgroup_segmentation/output/Gen/42/37
Processing complete.
Processing Gen 42:38...
Successfully processed and saved output for Gen 42:38 to /Users/joshua/work/strong_number_embedding/sn_within_unv_selfgroup_segmentation/output/Gen/42/38
Processing complete.
Processing Gen 43:1...
Successfully processed and saved output for Gen 43:1 to /Users/joshua/work/strong_number_embedding/sn_within_unv_selfgroup_segmentation/output/Gen/43/1
Processing complete.
Processing Gen 43:2...
Successfully processed and saved output for Gen 43:2 to /Users/joshua/work/strong_number_embedding/sn_within_unv_selfgroup_segmentation/output/Gen/43/2
Processing complete.
Processing Gen 43:3...
Successfully processed and saved output for Gen 43:3 to /Users/joshua/work/strong_number_embedding/sn_within_unv_selfgroup_segmentation/output/Gen/43/3
Processing complete.
Processing Gen 43:4...
Successfully processed and saved output for Gen 43:4 to /Users/joshua/work/strong_number_embedding/sn_within_unv_selfgroup_segmentation/output/Gen/43/4
Processing complete.
Processing Gen 43:5...
Successfully processed and saved output for Gen 43:5 to /Users/joshua/work/strong_number_embedding/sn_within_unv_selfgroup_segmentation/output/Gen/43/5
Processing complete.
Processing Gen 43:6...
Successfully processed and saved output for Gen 43:6 to /Users/joshua/work/strong_number_embedding/sn_within_unv_selfgroup_segmentation/output/Gen/43/6
Processing complete.
Processing Gen 43:7...
Successfully processed and saved output for Gen 43:7 to /Users/joshua/work/strong_number_embedding/sn_within_unv_selfgroup_segmentation/output/Gen/43/7
Processing complete.
Processing Gen 43:8...
Successfully processed and saved output for Gen 43:8 to /Users/joshua/work/strong_number_embedding/sn_within_unv_selfgroup_segmentation/output/Gen/43/8
Processing complete.
Processing Gen 43:9...
Successfully processed and saved output for Gen 43:9 to /Users/joshua/work/strong_number_embedding/sn_within_unv_selfgroup_segmentation/output/Gen/43/9
Processing complete.
Processing Gen 43:10...
Successfully processed and saved output for Gen 43:10 to /Users/joshua/work/strong_number_embedding/sn_within_unv_selfgroup_segmentation/output/Gen/43/10
Processing complete.
Processing Gen 43:11...
Successfully processed and saved output for Gen 43:11 to /Users/joshua/work/strong_number_embedding/sn_within_unv_selfgroup_segmentation/output/Gen/43/11
Processing complete.
Processing Gen 43:12...
Successfully processed and saved output for Gen 43:12 to /Users/joshua/work/strong_number_embedding/sn_within_unv_selfgroup_segmentation/output/Gen/43/12
Processing complete.
Processing Gen 43:13...
Successfully processed and saved output for Gen 43:13 to /Users/joshua/work/strong_number_embedding/sn_within_unv_selfgroup_segmentation/output/Gen/43/13
Processing complete.
Processing Gen 43:14...
Successfully processed and saved output for Gen 43:14 to /Users/joshua/work/strong_number_embedding/sn_within_unv_selfgroup_segmentation/output/Gen/43/14
Processing complete.
Processing Gen 43:15...
Successfully processed and saved output for Gen 43:15 to /Users/joshua/work/strong_number_embedding/sn_within_unv_selfgroup_segmentation/output/Gen/43/15
Processing complete.
Processing Gen 43:16...
Successfully processed and saved output for Gen 43:16 to /Users/joshua/work/strong_number_embedding/sn_within_unv_selfgroup_segmentation/output/Gen/43/16
Processing complete.
Processing Gen 43:17...
Successfully processed and saved output for Gen 43:17 to /Users/joshua/work/strong_number_embedding/sn_within_unv_selfgroup_segmentation/output/Gen/43/17
Processing complete.
Processing Gen 43:18...
Successfully processed and saved output for Gen 43:18 to /Users/joshua/work/strong_number_embedding/sn_within_unv_selfgroup_segmentation/output/Gen/43/18
Processing complete.
Processing Gen 43:19...
Successfully processed and saved output for Gen 43:19 to /Users/joshua/work/strong_number_embedding/sn_within_unv_selfgroup_segmentation/output/Gen/43/19
Processing complete.
Processing Gen 43:20...
Successfully processed and saved output for Gen 43:20 to /Users/joshua/work/strong_number_embedding/sn_within_unv_selfgroup_segmentation/output/Gen/43/20
Processing complete.
Processing Gen 43:21...
Successfully processed and saved output for Gen 43:21 to /Users/joshua/work/strong_number_embedding/sn_within_unv_selfgroup_segmentation/output/Gen/43/21
Processing complete.
Processing Gen 43:22...
Successfully processed and saved output for Gen 43:22 to /Users/joshua/work/strong_number_embedding/sn_within_unv_selfgroup_segmentation/output/Gen/43/22
Processing complete.
Processing Gen 43:23...
Successfully processed and saved output for Gen 43:23 to /Users/joshua/work/strong_number_embedding/sn_within_unv_selfgroup_segmentation/output/Gen/43/23
Processing complete.
Processing Gen 43:24...
Successfully processed and saved output for Gen 43:24 to /Users/joshua/work/strong_number_embedding/sn_within_unv_selfgroup_segmentation/output/Gen/43/24
Processing complete.
Processing Gen 43:25...
Successfully processed and saved output for Gen 43:25 to /Users/joshua/work/strong_number_embedding/sn_within_unv_selfgroup_segmentation/output/Gen/43/25
Processing complete.
Processing Gen 43:26...
Successfully processed and saved output for Gen 43:26 to /Users/joshua/work/strong_number_embedding/sn_within_unv_selfgroup_segmentation/output/Gen/43/26
Processing complete.
Processing Gen 43:27...
Successfully processed and saved output for Gen 43:27 to /Users/joshua/work/strong_number_embedding/sn_within_unv_selfgroup_segmentation/output/Gen/43/27
Processing complete.
Processing Gen 43:28...
Successfully processed and saved output for Gen 43:28 to /Users/joshua/work/strong_number_embedding/sn_within_unv_selfgroup_segmentation/output/Gen/43/28
Processing complete.
Processing Gen 43:29...
Successfully processed and saved output for Gen 43:29 to /Users/joshua/work/strong_number_embedding/sn_within_unv_selfgroup_segmentation/output/Gen/43/29
Processing complete.
Processing Gen 43:30...
Successfully processed and saved output for Gen 43:30 to /Users/joshua/work/strong_number_embedding/sn_within_unv_selfgroup_segmentation/output/Gen/43/30
Processing complete.
Processing Gen 43:31...
Successfully processed and saved output for Gen 43:31 to /Users/joshua/work/strong_number_embedding/sn_within_unv_selfgroup_segmentation/output/Gen/43/31
Processing complete.
Processing Gen 43:32...
Successfully processed and saved output for Gen 43:32 to /Users/joshua/work/strong_number_embedding/sn_within_unv_selfgroup_segmentation/output/Gen/43/32
Processing complete.
Processing Gen 43:33...
Successfully processed and saved output for Gen 43:33 to /Users/joshua/work/strong_number_embedding/sn_within_unv_selfgroup_segmentation/output/Gen/43/33
Processing complete.
Processing Gen 43:34...
Successfully processed and saved output for Gen 43:34 to /Users/joshua/work/strong_number_embedding/sn_within_unv_selfgroup_segmentation/output/Gen/43/34
Processing complete.
Processing Gen 44:1...
Successfully processed and saved output for Gen 44:1 to /Users/joshua/work/strong_number_embedding/sn_within_unv_selfgroup_segmentation/output/Gen/44/1
Processing complete.
Processing Gen 44:2...
Successfully processed and saved output for Gen 44:2 to /Users/joshua/work/strong_number_embedding/sn_within_unv_selfgroup_segmentation/output/Gen/44/2
Processing complete.
Processing Gen 44:3...
Successfully processed and saved output for Gen 44:3 to /Users/joshua/work/strong_number_embedding/sn_within_unv_selfgroup_segmentation/output/Gen/44/3
Processing complete.
Processing Gen 44:4...
Successfully processed and saved output for Gen 44:4 to /Users/joshua/work/strong_number_embedding/sn_within_unv_selfgroup_segmentation/output/Gen/44/4
Processing complete.
Processing Gen 44:5...
Successfully processed and saved output for Gen 44:5 to /Users/joshua/work/strong_number_embedding/sn_within_unv_selfgroup_segmentation/output/Gen/44/5
Processing complete.
Processing Gen 44:6...
Successfully processed and saved output for Gen 44:6 to /Users/joshua/work/strong_number_embedding/sn_within_unv_selfgroup_segmentation/output/Gen/44/6
Processing complete.
Processing Gen 44:7...
Successfully processed and saved output for Gen 44:7 to /Users/joshua/work/strong_number_embedding/sn_within_unv_selfgroup_segmentation/output/Gen/44/7
Processing complete.
Processing Gen 44:8...
Successfully processed and saved output for Gen 44:8 to /Users/joshua/work/strong_number_embedding/sn_within_unv_selfgroup_segmentation/output/Gen/44/8
Processing complete.
Processing Gen 44:9...
Successfully processed and saved output for Gen 44:9 to /Users/joshua/work/strong_number_embedding/sn_within_unv_selfgroup_segmentation/output/Gen/44/9
Processing complete.
Processing Gen 44:10...
Successfully processed and saved output for Gen 44:10 to /Users/joshua/work/strong_number_embedding/sn_within_unv_selfgroup_segmentation/output/Gen/44/10
Processing complete.
Processing Gen 44:11...
Successfully processed and saved output for Gen 44:11 to /Users/joshua/work/strong_number_embedding/sn_within_unv_selfgroup_segmentation/output/Gen/44/11
Processing complete.
Processing Gen 44:12...
Successfully processed and saved output for Gen 44:12 to /Users/joshua/work/strong_number_embedding/sn_within_unv_selfgroup_segmentation/output/Gen/44/12
Processing complete.
Processing Gen 44:13...
Successfully processed and saved output for Gen 44:13 to /Users/joshua/work/strong_number_embedding/sn_within_unv_selfgroup_segmentation/output/Gen/44/13
Processing complete.
Processing Gen 44:14...
Successfully processed and saved output for Gen 44:14 to /Users/joshua/work/strong_number_embedding/sn_within_unv_selfgroup_segmentation/output/Gen/44/14
Processing complete.
Processing Gen 44:15...
Successfully processed and saved output for Gen 44:15 to /Users/joshua/work/strong_number_embedding/sn_within_unv_selfgroup_segmentation/output/Gen/44/15
Processing complete.
Processing Gen 44:16...
Successfully processed and saved output for Gen 44:16 to /Users/joshua/work/strong_number_embedding/sn_within_unv_selfgroup_segmentation/output/Gen/44/16
Processing complete.
Processing Gen 44:17...
Successfully processed and saved output for Gen 44:17 to /Users/joshua/work/strong_number_embedding/sn_within_unv_selfgroup_segmentation/output/Gen/44/17
Processing complete.
Processing Gen 44:18...
Successfully processed and saved output for Gen 44:18 to /Users/joshua/work/strong_number_embedding/sn_within_unv_selfgroup_segmentation/output/Gen/44/18
Processing complete.
Processing Gen 44:19...
Successfully processed and saved output for Gen 44:19 to /Users/joshua/work/strong_number_embedding/sn_within_unv_selfgroup_segmentation/output/Gen/44/19
Processing complete.
Processing Gen 44:20...
Successfully processed and saved output for Gen 44:20 to /Users/joshua/work/strong_number_embedding/sn_within_unv_selfgroup_segmentation/output/Gen/44/20
Processing complete.
Processing Gen 44:21...
Successfully processed and saved output for Gen 44:21 to /Users/joshua/work/strong_number_embedding/sn_within_unv_selfgroup_segmentation/output/Gen/44/21
Processing complete.
Processing Gen 44:22...
Successfully processed and saved output for Gen 44:22 to /Users/joshua/work/strong_number_embedding/sn_within_unv_selfgroup_segmentation/output/Gen/44/22
Processing complete.
Processing Gen 44:23...
Successfully processed and saved output for Gen 44:23 to /Users/joshua/work/strong_number_embedding/sn_within_unv_selfgroup_segmentation/output/Gen/44/23
Processing complete.
Processing Gen 44:24...
Successfully processed and saved output for Gen 44:24 to /Users/joshua/work/strong_number_embedding/sn_within_unv_selfgroup_segmentation/output/Gen/44/24
Processing complete.
Processing Gen 44:25...
Successfully processed and saved output for Gen 44:25 to /Users/joshua/work/strong_number_embedding/sn_within_unv_selfgroup_segmentation/output/Gen/44/25
Processing complete.
Processing Gen 44:26...
Successfully processed and saved output for Gen 44:26 to /Users/joshua/work/strong_number_embedding/sn_within_unv_selfgroup_segmentation/output/Gen/44/26
Processing complete.
Processing Gen 44:27...
Successfully processed and saved output for Gen 44:27 to /Users/joshua/work/strong_number_embedding/sn_within_unv_selfgroup_segmentation/output/Gen/44/27
Processing complete.
Processing Gen 44:28...
Successfully processed and saved output for Gen 44:28 to /Users/joshua/work/strong_number_embedding/sn_within_unv_selfgroup_segmentation/output/Gen/44/28
Processing complete.
Processing Gen 44:29...
Successfully processed and saved output for Gen 44:29 to /Users/joshua/work/strong_number_embedding/sn_within_unv_selfgroup_segmentation/output/Gen/44/29
Processing complete.
Processing Gen 44:30...
Successfully processed and saved output for Gen 44:30 to /Users/joshua/work/strong_number_embedding/sn_within_unv_selfgroup_segmentation/output/Gen/44/30
Processing complete.
Processing Gen 44:31...
Successfully processed and saved output for Gen 44:31 to /Users/joshua/work/strong_number_embedding/sn_within_unv_selfgroup_segmentation/output/Gen/44/31
Processing complete.
Processing Gen 44:32...
Successfully processed and saved output for Gen 44:32 to /Users/joshua/work/strong_number_embedding/sn_within_unv_selfgroup_segmentation/output/Gen/44/32
Processing complete.
Processing Gen 44:33...
Successfully processed and saved output for Gen 44:33 to /Users/joshua/work/strong_number_embedding/sn_within_unv_selfgroup_segmentation/output/Gen/44/33
Processing complete.
Processing Gen 44:34...
Successfully processed and saved output for Gen 44:34 to /Users/joshua/work/strong_number_embedding/sn_within_unv_selfgroup_segmentation/output/Gen/44/34
Processing complete.
Processing Gen 45:1...
Successfully processed and saved output for Gen 45:1 to /Users/joshua/work/strong_number_embedding/sn_within_unv_selfgroup_segmentation/output/Gen/45/1
Processing complete.
Processing Gen 45:2...
Successfully processed and saved output for Gen 45:2 to /Users/joshua/work/strong_number_embedding/sn_within_unv_selfgroup_segmentation/output/Gen/45/2
Processing complete.
Processing Gen 45:3...
Successfully processed and saved output for Gen 45:3 to /Users/joshua/work/strong_number_embedding/sn_within_unv_selfgroup_segmentation/output/Gen/45/3
Processing complete.
Processing Gen 45:4...
Successfully processed and saved output for Gen 45:4 to /Users/joshua/work/strong_number_embedding/sn_within_unv_selfgroup_segmentation/output/Gen/45/4
Processing complete.
Processing Gen 45:5...
Successfully processed and saved output for Gen 45:5 to /Users/joshua/work/strong_number_embedding/sn_within_unv_selfgroup_segmentation/output/Gen/45/5
Processing complete.
Processing Gen 45:6...
Successfully processed and saved output for Gen 45:6 to /Users/joshua/work/strong_number_embedding/sn_within_unv_selfgroup_segmentation/output/Gen/45/6
Processing complete.
Processing Gen 45:7...
Successfully processed and saved output for Gen 45:7 to /Users/joshua/work/strong_number_embedding/sn_within_unv_selfgroup_segmentation/output/Gen/45/7
Processing complete.
Processing Gen 45:8...
Successfully processed and saved output for Gen 45:8 to /Users/joshua/work/strong_number_embedding/sn_within_unv_selfgroup_segmentation/output/Gen/45/8
Processing complete.
Processing Gen 45:9...
Successfully processed and saved output for Gen 45:9 to /Users/joshua/work/strong_number_embedding/sn_within_unv_selfgroup_segmentation/output/Gen/45/9
Processing complete.
Processing Gen 45:10...
Successfully processed and saved output for Gen 45:10 to /Users/joshua/work/strong_number_embedding/sn_within_unv_selfgroup_segmentation/output/Gen/45/10
Processing complete.
Processing Gen 45:11...
Successfully processed and saved output for Gen 45:11 to /Users/joshua/work/strong_number_embedding/sn_within_unv_selfgroup_segmentation/output/Gen/45/11
Processing complete.
Processing Gen 45:12...
Successfully processed and saved output for Gen 45:12 to /Users/joshua/work/strong_number_embedding/sn_within_unv_selfgroup_segmentation/output/Gen/45/12
Processing complete.
Processing Gen 45:13...
Successfully processed and saved output for Gen 45:13 to /Users/joshua/work/strong_number_embedding/sn_within_unv_selfgroup_segmentation/output/Gen/45/13
Processing complete.
Processing Gen 45:14...
Successfully processed and saved output for Gen 45:14 to /Users/joshua/work/strong_number_embedding/sn_within_unv_selfgroup_segmentation/output/Gen/45/14
Processing complete.
Processing Gen 45:15...
Successfully processed and saved output for Gen 45:15 to /Users/joshua/work/strong_number_embedding/sn_within_unv_selfgroup_segmentation/output/Gen/45/15
Processing complete.
Processing Gen 45:16...
Successfully processed and saved output for Gen 45:16 to /Users/joshua/work/strong_number_embedding/sn_within_unv_selfgroup_segmentation/output/Gen/45/16
Processing complete.
Processing Gen 45:17...
Successfully processed and saved output for Gen 45:17 to /Users/joshua/work/strong_number_embedding/sn_within_unv_selfgroup_segmentation/output/Gen/45/17
Processing complete.
Processing Gen 45:18...
Successfully processed and saved output for Gen 45:18 to /Users/joshua/work/strong_number_embedding/sn_within_unv_selfgroup_segmentation/output/Gen/45/18
Processing complete.
Processing Gen 45:19...
Successfully processed and saved output for Gen 45:19 to /Users/joshua/work/strong_number_embedding/sn_within_unv_selfgroup_segmentation/output/Gen/45/19
Processing complete.
Processing Gen 45:20...
Successfully processed and saved output for Gen 45:20 to /Users/joshua/work/strong_number_embedding/sn_within_unv_selfgroup_segmentation/output/Gen/45/20
Processing complete.
Processing Gen 45:21...
Successfully processed and saved output for Gen 45:21 to /Users/joshua/work/strong_number_embedding/sn_within_unv_selfgroup_segmentation/output/Gen/45/21
Processing complete.
Processing Gen 45:22...
Successfully processed and saved output for Gen 45:22 to /Users/joshua/work/strong_number_embedding/sn_within_unv_selfgroup_segmentation/output/Gen/45/22
Processing complete.
Processing Gen 45:23...
Successfully processed and saved output for Gen 45:23 to /Users/joshua/work/strong_number_embedding/sn_within_unv_selfgroup_segmentation/output/Gen/45/23
Processing complete.
Processing Gen 45:24...
Successfully processed and saved output for Gen 45:24 to /Users/joshua/work/strong_number_embedding/sn_within_unv_selfgroup_segmentation/output/Gen/45/24
Processing complete.
Processing Gen 45:25...
Successfully processed and saved output for Gen 45:25 to /Users/joshua/work/strong_number_embedding/sn_within_unv_selfgroup_segmentation/output/Gen/45/25
Processing complete.
Processing Gen 45:26...
Successfully processed and saved output for Gen 45:26 to /Users/joshua/work/strong_number_embedding/sn_within_unv_selfgroup_segmentation/output/Gen/45/26
Processing complete.
Processing Gen 45:27...
Successfully processed and saved output for Gen 45:27 to /Users/joshua/work/strong_number_embedding/sn_within_unv_selfgroup_segmentation/output/Gen/45/27
Processing complete.
Processing Gen 45:28...
Successfully processed and saved output for Gen 45:28 to /Users/joshua/work/strong_number_embedding/sn_within_unv_selfgroup_segmentation/output/Gen/45/28
Processing complete.
Processing Gen 46:1...
Successfully processed and saved output for Gen 46:1 to /Users/joshua/work/strong_number_embedding/sn_within_unv_selfgroup_segmentation/output/Gen/46/1
Processing complete.
Processing Gen 46:2...
Successfully processed and saved output for Gen 46:2 to /Users/joshua/work/strong_number_embedding/sn_within_unv_selfgroup_segmentation/output/Gen/46/2
Processing complete.
Processing Gen 46:3...
Successfully processed and saved output for Gen 46:3 to /Users/joshua/work/strong_number_embedding/sn_within_unv_selfgroup_segmentation/output/Gen/46/3
Processing complete.
Processing Gen 46:4...
Successfully processed and saved output for Gen 46:4 to /Users/joshua/work/strong_number_embedding/sn_within_unv_selfgroup_segmentation/output/Gen/46/4
Processing complete.
Processing Gen 46:5...
Successfully processed and saved output for Gen 46:5 to /Users/joshua/work/strong_number_embedding/sn_within_unv_selfgroup_segmentation/output/Gen/46/5
Processing complete.
Processing Gen 46:6...
Successfully processed and saved output for Gen 46:6 to /Users/joshua/work/strong_number_embedding/sn_within_unv_selfgroup_segmentation/output/Gen/46/6
Processing complete.
Processing Gen 46:7...
Successfully processed and saved output for Gen 46:7 to /Users/joshua/work/strong_number_embedding/sn_within_unv_selfgroup_segmentation/output/Gen/46/7
Processing complete.
Processing Gen 46:8...
Successfully processed and saved output for Gen 46:8 to /Users/joshua/work/strong_number_embedding/sn_within_unv_selfgroup_segmentation/output/Gen/46/8
Processing complete.
Processing Gen 46:9...
Successfully processed and saved output for Gen 46:9 to /Users/joshua/work/strong_number_embedding/sn_within_unv_selfgroup_segmentation/output/Gen/46/9
Processing complete.
Processing Gen 46:10...
Successfully processed and saved output for Gen 46:10 to /Users/joshua/work/strong_number_embedding/sn_within_unv_selfgroup_segmentation/output/Gen/46/10
Processing complete.
Processing Gen 46:11...
Successfully processed and saved output for Gen 46:11 to /Users/joshua/work/strong_number_embedding/sn_within_unv_selfgroup_segmentation/output/Gen/46/11
Processing complete.
Processing Gen 46:12...
Successfully processed and saved output for Gen 46:12 to /Users/joshua/work/strong_number_embedding/sn_within_unv_selfgroup_segmentation/output/Gen/46/12
Processing complete.
Processing Gen 46:13...
Successfully processed and saved output for Gen 46:13 to /Users/joshua/work/strong_number_embedding/sn_within_unv_selfgroup_segmentation/output/Gen/46/13
Processing complete.
Processing Gen 46:14...
Successfully processed and saved output for Gen 46:14 to /Users/joshua/work/strong_number_embedding/sn_within_unv_selfgroup_segmentation/output/Gen/46/14
Processing complete.
Processing Gen 46:15...
Successfully processed and saved output for Gen 46:15 to /Users/joshua/work/strong_number_embedding/sn_within_unv_selfgroup_segmentation/output/Gen/46/15
Processing complete.
Processing Gen 46:16...
Successfully processed and saved output for Gen 46:16 to /Users/joshua/work/strong_number_embedding/sn_within_unv_selfgroup_segmentation/output/Gen/46/16
Processing complete.
Processing Gen 46:17...
Successfully processed and saved output for Gen 46:17 to /Users/joshua/work/strong_number_embedding/sn_within_unv_selfgroup_segmentation/output/Gen/46/17
Processing complete.
Processing Gen 46:18...
Successfully processed and saved output for Gen 46:18 to /Users/joshua/work/strong_number_embedding/sn_within_unv_selfgroup_segmentation/output/Gen/46/18
Processing complete.
Processing Gen 46:19...
Successfully processed and saved output for Gen 46:19 to /Users/joshua/work/strong_number_embedding/sn_within_unv_selfgroup_segmentation/output/Gen/46/19
Processing complete.
Processing Gen 46:20...
Successfully processed and saved output for Gen 46:20 to /Users/joshua/work/strong_number_embedding/sn_within_unv_selfgroup_segmentation/output/Gen/46/20
Processing complete.
Processing Gen 46:21...
Successfully processed and saved output for Gen 46:21 to /Users/joshua/work/strong_number_embedding/sn_within_unv_selfgroup_segmentation/output/Gen/46/21
Processing complete.
Processing Gen 46:22...
Successfully processed and saved output for Gen 46:22 to /Users/joshua/work/strong_number_embedding/sn_within_unv_selfgroup_segmentation/output/Gen/46/22
Processing complete.
Processing Gen 46:23...
Successfully processed and saved output for Gen 46:23 to /Users/joshua/work/strong_number_embedding/sn_within_unv_selfgroup_segmentation/output/Gen/46/23
Processing complete.
Processing Gen 46:24...
Successfully processed and saved output for Gen 46:24 to /Users/joshua/work/strong_number_embedding/sn_within_unv_selfgroup_segmentation/output/Gen/46/24
Processing complete.
Processing Gen 46:25...
Successfully processed and saved output for Gen 46:25 to /Users/joshua/work/strong_number_embedding/sn_within_unv_selfgroup_segmentation/output/Gen/46/25
Processing complete.
Processing Gen 46:26...
Successfully processed and saved output for Gen 46:26 to /Users/joshua/work/strong_number_embedding/sn_within_unv_selfgroup_segmentation/output/Gen/46/26
Processing complete.
Processing Gen 46:27...
Successfully processed and saved output for Gen 46:27 to /Users/joshua/work/strong_number_embedding/sn_within_unv_selfgroup_segmentation/output/Gen/46/27
Processing complete.
Processing Gen 46:28...
Successfully processed and saved output for Gen 46:28 to /Users/joshua/work/strong_number_embedding/sn_within_unv_selfgroup_segmentation/output/Gen/46/28
Processing complete.
Processing Gen 46:29...
Successfully processed and saved output for Gen 46:29 to /Users/joshua/work/strong_number_embedding/sn_within_unv_selfgroup_segmentation/output/Gen/46/29
Processing complete.
Processing Gen 46:30...
Successfully processed and saved output for Gen 46:30 to /Users/joshua/work/strong_number_embedding/sn_within_unv_selfgroup_segmentation/output/Gen/46/30
Processing complete.
Processing Gen 46:31...
Successfully processed and saved output for Gen 46:31 to /Users/joshua/work/strong_number_embedding/sn_within_unv_selfgroup_segmentation/output/Gen/46/31
Processing complete.
Processing Gen 46:32...
Successfully processed and saved output for Gen 46:32 to /Users/joshua/work/strong_number_embedding/sn_within_unv_selfgroup_segmentation/output/Gen/46/32
Processing complete.
Processing Gen 46:33...
Successfully processed and saved output for Gen 46:33 to /Users/joshua/work/strong_number_embedding/sn_within_unv_selfgroup_segmentation/output/Gen/46/33
Processing complete.
Processing Gen 46:34...
Successfully processed and saved output for Gen 46:34 to /Users/joshua/work/strong_number_embedding/sn_within_unv_selfgroup_segmentation/output/Gen/46/34
Processing complete.
Processing Gen 47:1...
Successfully processed and saved output for Gen 47:1 to /Users/joshua/work/strong_number_embedding/sn_within_unv_selfgroup_segmentation/output/Gen/47/1
Processing complete.
Processing Gen 47:2...
Successfully processed and saved output for Gen 47:2 to /Users/joshua/work/strong_number_embedding/sn_within_unv_selfgroup_segmentation/output/Gen/47/2
Processing complete.
Processing Gen 47:3...
Successfully processed and saved output for Gen 47:3 to /Users/joshua/work/strong_number_embedding/sn_within_unv_selfgroup_segmentation/output/Gen/47/3
Processing complete.
Processing Gen 47:4...
Successfully processed and saved output for Gen 47:4 to /Users/joshua/work/strong_number_embedding/sn_within_unv_selfgroup_segmentation/output/Gen/47/4
Processing complete.
Processing Gen 47:5...
Successfully processed and saved output for Gen 47:5 to /Users/joshua/work/strong_number_embedding/sn_within_unv_selfgroup_segmentation/output/Gen/47/5
Processing complete.
Processing Gen 47:6...
Successfully processed and saved output for Gen 47:6 to /Users/joshua/work/strong_number_embedding/sn_within_unv_selfgroup_segmentation/output/Gen/47/6
Processing complete.
Processing Gen 47:7...
Successfully processed and saved output for Gen 47:7 to /Users/joshua/work/strong_number_embedding/sn_within_unv_selfgroup_segmentation/output/Gen/47/7
Processing complete.
Processing Gen 47:8...
Successfully processed and saved output for Gen 47:8 to /Users/joshua/work/strong_number_embedding/sn_within_unv_selfgroup_segmentation/output/Gen/47/8
Processing complete.
Processing Gen 47:9...
Successfully processed and saved output for Gen 47:9 to /Users/joshua/work/strong_number_embedding/sn_within_unv_selfgroup_segmentation/output/Gen/47/9
Processing complete.
Processing Gen 47:10...
Successfully processed and saved output for Gen 47:10 to /Users/joshua/work/strong_number_embedding/sn_within_unv_selfgroup_segmentation/output/Gen/47/10
Processing complete.
Processing Gen 47:11...
Successfully processed and saved output for Gen 47:11 to /Users/joshua/work/strong_number_embedding/sn_within_unv_selfgroup_segmentation/output/Gen/47/11
Processing complete.
Processing Gen 47:12...
Successfully processed and saved output for Gen 47:12 to /Users/joshua/work/strong_number_embedding/sn_within_unv_selfgroup_segmentation/output/Gen/47/12
Processing complete.
Processing Gen 47:13...
Successfully processed and saved output for Gen 47:13 to /Users/joshua/work/strong_number_embedding/sn_within_unv_selfgroup_segmentation/output/Gen/47/13
Processing complete.
Processing Gen 47:14...
Successfully processed and saved output for Gen 47:14 to /Users/joshua/work/strong_number_embedding/sn_within_unv_selfgroup_segmentation/output/Gen/47/14
Processing complete.
Processing Gen 47:15...
Successfully processed and saved output for Gen 47:15 to /Users/joshua/work/strong_number_embedding/sn_within_unv_selfgroup_segmentation/output/Gen/47/15
Processing complete.
Processing Gen 47:16...
Successfully processed and saved output for Gen 47:16 to /Users/joshua/work/strong_number_embedding/sn_within_unv_selfgroup_segmentation/output/Gen/47/16
Processing complete.
Processing Gen 47:17...
Successfully processed and saved output for Gen 47:17 to /Users/joshua/work/strong_number_embedding/sn_within_unv_selfgroup_segmentation/output/Gen/47/17
Processing complete.
Processing Gen 47:18...
Successfully processed and saved output for Gen 47:18 to /Users/joshua/work/strong_number_embedding/sn_within_unv_selfgroup_segmentation/output/Gen/47/18
Processing complete.
Processing Gen 47:19...
Successfully processed and saved output for Gen 47:19 to /Users/joshua/work/strong_number_embedding/sn_within_unv_selfgroup_segmentation/output/Gen/47/19
Processing complete.
Processing Gen 47:20...
Successfully processed and saved output for Gen 47:20 to /Users/joshua/work/strong_number_embedding/sn_within_unv_selfgroup_segmentation/output/Gen/47/20
Processing complete.
Processing Gen 47:21...
Successfully processed and saved output for Gen 47:21 to /Users/joshua/work/strong_number_embedding/sn_within_unv_selfgroup_segmentation/output/Gen/47/21
Processing complete.
Processing Gen 47:22...
Successfully processed and saved output for Gen 47:22 to /Users/joshua/work/strong_number_embedding/sn_within_unv_selfgroup_segmentation/output/Gen/47/22
Processing complete.
Processing Gen 47:23...
Successfully processed and saved output for Gen 47:23 to /Users/joshua/work/strong_number_embedding/sn_within_unv_selfgroup_segmentation/output/Gen/47/23
Processing complete.
Processing Gen 47:24...
Successfully processed and saved output for Gen 47:24 to /Users/joshua/work/strong_number_embedding/sn_within_unv_selfgroup_segmentation/output/Gen/47/24
Processing complete.
Processing Gen 47:25...
Successfully processed and saved output for Gen 47:25 to /Users/joshua/work/strong_number_embedding/sn_within_unv_selfgroup_segmentation/output/Gen/47/25
Processing complete.
Processing Gen 47:26...
Successfully processed and saved output for Gen 47:26 to /Users/joshua/work/strong_number_embedding/sn_within_unv_selfgroup_segmentation/output/Gen/47/26
Processing complete.
Processing Gen 47:27...
Successfully processed and saved output for Gen 47:27 to /Users/joshua/work/strong_number_embedding/sn_within_unv_selfgroup_segmentation/output/Gen/47/27
Processing complete.
Processing Gen 47:28...
Successfully processed and saved output for Gen 47:28 to /Users/joshua/work/strong_number_embedding/sn_within_unv_selfgroup_segmentation/output/Gen/47/28
Processing complete.
Processing Gen 47:29...
Successfully processed and saved output for Gen 47:29 to /Users/joshua/work/strong_number_embedding/sn_within_unv_selfgroup_segmentation/output/Gen/47/29
Processing complete.
Processing Gen 47:30...
Successfully processed and saved output for Gen 47:30 to /Users/joshua/work/strong_number_embedding/sn_within_unv_selfgroup_segmentation/output/Gen/47/30
Processing complete.
Processing Gen 47:31...
Successfully processed and saved output for Gen 47:31 to /Users/joshua/work/strong_number_embedding/sn_within_unv_selfgroup_segmentation/output/Gen/47/31
Processing complete.
Processing Gen 48:1...
Successfully processed and saved output for Gen 48:1 to /Users/joshua/work/strong_number_embedding/sn_within_unv_selfgroup_segmentation/output/Gen/48/1
Processing complete.
Processing Gen 48:2...
Successfully processed and saved output for Gen 48:2 to /Users/joshua/work/strong_number_embedding/sn_within_unv_selfgroup_segmentation/output/Gen/48/2
Processing complete.
Processing Gen 48:3...
Successfully processed and saved output for Gen 48:3 to /Users/joshua/work/strong_number_embedding/sn_within_unv_selfgroup_segmentation/output/Gen/48/3
Processing complete.
Processing Gen 48:4...
Successfully processed and saved output for Gen 48:4 to /Users/joshua/work/strong_number_embedding/sn_within_unv_selfgroup_segmentation/output/Gen/48/4
Processing complete.
Processing Gen 48:5...
Successfully processed and saved output for Gen 48:5 to /Users/joshua/work/strong_number_embedding/sn_within_unv_selfgroup_segmentation/output/Gen/48/5
Processing complete.
Processing Gen 48:6...
Successfully processed and saved output for Gen 48:6 to /Users/joshua/work/strong_number_embedding/sn_within_unv_selfgroup_segmentation/output/Gen/48/6
Processing complete.
Processing Gen 48:7...
Successfully processed and saved output for Gen 48:7 to /Users/joshua/work/strong_number_embedding/sn_within_unv_selfgroup_segmentation/output/Gen/48/7
Processing complete.
Processing Gen 48:8...
Successfully processed and saved output for Gen 48:8 to /Users/joshua/work/strong_number_embedding/sn_within_unv_selfgroup_segmentation/output/Gen/48/8
Processing complete.
Processing Gen 48:9...
Successfully processed and saved output for Gen 48:9 to /Users/joshua/work/strong_number_embedding/sn_within_unv_selfgroup_segmentation/output/Gen/48/9
Processing complete.
Processing Gen 48:10...
Successfully processed and saved output for Gen 48:10 to /Users/joshua/work/strong_number_embedding/sn_within_unv_selfgroup_segmentation/output/Gen/48/10
Processing complete.
Processing Gen 48:11...
Successfully processed and saved output for Gen 48:11 to /Users/joshua/work/strong_number_embedding/sn_within_unv_selfgroup_segmentation/output/Gen/48/11
Processing complete.
Processing Gen 48:12...
Successfully processed and saved output for Gen 48:12 to /Users/joshua/work/strong_number_embedding/sn_within_unv_selfgroup_segmentation/output/Gen/48/12
Processing complete.
Error running parse_verse_v1_6 for Gen 48:13: 'list' object has no attribute 'lstrip'
Failed to process Gen 48:13. Exiting.
Processing Gen 48:13...
Processing Gen 48:14...
Successfully processed and saved output for Gen 48:14 to /Users/joshua/work/strong_number_embedding/sn_within_unv_selfgroup_segmentation/output/Gen/48/14
Processing complete.
Processing Gen 48:15...
Successfully processed and saved output for Gen 48:15 to /Users/joshua/work/strong_number_embedding/sn_within_unv_selfgroup_segmentation/output/Gen/48/15
Processing complete.
Processing Gen 48:16...
Successfully processed and saved output for Gen 48:16 to /Users/joshua/work/strong_number_embedding/sn_within_unv_selfgroup_segmentation/output/Gen/48/16
Processing complete.
Processing Gen 48:17...
Successfully processed and saved output for Gen 48:17 to /Users/joshua/work/strong_number_embedding/sn_within_unv_selfgroup_segmentation/output/Gen/48/17
Processing complete.
Processing Gen 48:18...
Successfully processed and saved output for Gen 48:18 to /Users/joshua/work/strong_number_embedding/sn_within_unv_selfgroup_segmentation/output/Gen/48/18
Processing complete.
Processing Gen 48:19...
Successfully processed and saved output for Gen 48:19 to /Users/joshua/work/strong_number_embedding/sn_within_unv_selfgroup_segmentation/output/Gen/48/19
Processing complete.
Processing Gen 48:20...
Successfully processed and saved output for Gen 48:20 to /Users/joshua/work/strong_number_embedding/sn_within_unv_selfgroup_segmentation/output/Gen/48/20
Processing complete.
Processing Gen 48:21...
Successfully processed and saved output for Gen 48:21 to /Users/joshua/work/strong_number_embedding/sn_within_unv_selfgroup_segmentation/output/Gen/48/21
Processing complete.
Processing Gen 48:22...
Successfully processed and saved output for Gen 48:22 to /Users/joshua/work/strong_number_embedding/sn_within_unv_selfgroup_segmentation/output/Gen/48/22
Processing complete.
Processing Gen 49:1...
Successfully processed and saved output for Gen 49:1 to /Users/joshua/work/strong_number_embedding/sn_within_unv_selfgroup_segmentation/output/Gen/49/1
Processing complete.
Processing Gen 49:2...
Successfully processed and saved output for Gen 49:2 to /Users/joshua/work/strong_number_embedding/sn_within_unv_selfgroup_segmentation/output/Gen/49/2
Processing complete.
Processing Gen 49:3...
Successfully processed and saved output for Gen 49:3 to /Users/joshua/work/strong_number_embedding/sn_within_unv_selfgroup_segmentation/output/Gen/49/3
Processing complete.
Processing Gen 49:4...
Successfully processed and saved output for Gen 49:4 to /Users/joshua/work/strong_number_embedding/sn_within_unv_selfgroup_segmentation/output/Gen/49/4
Processing complete.
Processing Gen 49:5...
Successfully processed and saved output for Gen 49:5 to /Users/joshua/work/strong_number_embedding/sn_within_unv_selfgroup_segmentation/output/Gen/49/5
Processing complete.
Processing Gen 49:6...
Successfully processed and saved output for Gen 49:6 to /Users/joshua/work/strong_number_embedding/sn_within_unv_selfgroup_segmentation/output/Gen/49/6
Processing complete.
Processing Gen 49:7...
Successfully processed and saved output for Gen 49:7 to /Users/joshua/work/strong_number_embedding/sn_within_unv_selfgroup_segmentation/output/Gen/49/7
Processing complete.
Processing Gen 49:8...
Successfully processed and saved output for Gen 49:8 to /Users/joshua/work/strong_number_embedding/sn_within_unv_selfgroup_segmentation/output/Gen/49/8
Processing complete.
Processing Gen 49:9...
Successfully processed and saved output for Gen 49:9 to /Users/joshua/work/strong_number_embedding/sn_within_unv_selfgroup_segmentation/output/Gen/49/9
Processing complete.
Processing Gen 49:10...
Successfully processed and saved output for Gen 49:10 to /Users/joshua/work/strong_number_embedding/sn_within_unv_selfgroup_segmentation/output/Gen/49/10
Processing complete.
Processing Gen 49:11...
Successfully processed and saved output for Gen 49:11 to /Users/joshua/work/strong_number_embedding/sn_within_unv_selfgroup_segmentation/output/Gen/49/11
Processing complete.
Processing Gen 49:12...
Successfully processed and saved output for Gen 49:12 to /Users/joshua/work/strong_number_embedding/sn_within_unv_selfgroup_segmentation/output/Gen/49/12
Processing complete.
Processing Gen 49:13...
Successfully processed and saved output for Gen 49:13 to /Users/joshua/work/strong_number_embedding/sn_within_unv_selfgroup_segmentation/output/Gen/49/13
Processing complete.
Processing Gen 49:14...
Successfully processed and saved output for Gen 49:14 to /Users/joshua/work/strong_number_embedding/sn_within_unv_selfgroup_segmentation/output/Gen/49/14
Processing complete.
Processing Gen 49:15...
Successfully processed and saved output for Gen 49:15 to /Users/joshua/work/strong_number_embedding/sn_within_unv_selfgroup_segmentation/output/Gen/49/15
Processing complete.
Processing Gen 49:16...
Successfully processed and saved output for Gen 49:16 to /Users/joshua/work/strong_number_embedding/sn_within_unv_selfgroup_segmentation/output/Gen/49/16
Processing complete.
Processing Gen 49:17...
Successfully processed and saved output for Gen 49:17 to /Users/joshua/work/strong_number_embedding/sn_within_unv_selfgroup_segmentation/output/Gen/49/17
Processing complete.
Processing Gen 49:18...
Successfully processed and saved output for Gen 49:18 to /Users/joshua/work/strong_number_embedding/sn_within_unv_selfgroup_segmentation/output/Gen/49/18
Processing complete.
Processing Gen 49:19...
Successfully processed and saved output for Gen 49:19 to /Users/joshua/work/strong_number_embedding/sn_within_unv_selfgroup_segmentation/output/Gen/49/19
Processing complete.
Processing Gen 49:20...
Successfully processed and saved output for Gen 49:20 to /Users/joshua/work/strong_number_embedding/sn_within_unv_selfgroup_segmentation/output/Gen/49/20
Processing complete.
Processing Gen 49:21...
Successfully processed and saved output for Gen 49:21 to /Users/joshua/work/strong_number_embedding/sn_within_unv_selfgroup_segmentation/output/Gen/49/21
Processing complete.
Processing Gen 49:22...
Successfully processed and saved output for Gen 49:22 to /Users/joshua/work/strong_number_embedding/sn_within_unv_selfgroup_segmentation/output/Gen/49/22
Processing complete.
Processing Gen 49:23...
Successfully processed and saved output for Gen 49:23 to /Users/joshua/work/strong_number_embedding/sn_within_unv_selfgroup_segmentation/output/Gen/49/23
Processing complete.
Processing Gen 49:24...
Successfully processed and saved output for Gen 49:24 to /Users/joshua/work/strong_number_embedding/sn_within_unv_selfgroup_segmentation/output/Gen/49/24
Processing complete.
Processing Gen 49:25...
Successfully processed and saved output for Gen 49:25 to /Users/joshua/work/strong_number_embedding/sn_within_unv_selfgroup_segmentation/output/Gen/49/25
Processing complete.
Processing Gen 49:26...
Successfully processed and saved output for Gen 49:26 to /Users/joshua/work/strong_number_embedding/sn_within_unv_selfgroup_segmentation/output/Gen/49/26
Processing complete.
Processing Gen 49:27...
Successfully processed and saved output for Gen 49:27 to /Users/joshua/work/strong_number_embedding/sn_within_unv_selfgroup_segmentation/output/Gen/49/27
Processing complete.
Processing Gen 49:28...
Successfully processed and saved output for Gen 49:28 to /Users/joshua/work/strong_number_embedding/sn_within_unv_selfgroup_segmentation/output/Gen/49/28
Processing complete.
Processing Gen 49:29...
Successfully processed and saved output for Gen 49:29 to /Users/joshua/work/strong_number_embedding/sn_within_unv_selfgroup_segmentation/output/Gen/49/29
Processing complete.
Processing Gen 49:30...
Successfully processed and saved output for Gen 49:30 to /Users/joshua/work/strong_number_embedding/sn_within_unv_selfgroup_segmentation/output/Gen/49/30
Processing complete.
Processing Gen 49:31...
Successfully processed and saved output for Gen 49:31 to /Users/joshua/work/strong_number_embedding/sn_within_unv_selfgroup_segmentation/output/Gen/49/31
Processing complete.
Processing Gen 49:32...
Successfully processed and saved output for Gen 49:32 to /Users/joshua/work/strong_number_embedding/sn_within_unv_selfgroup_segmentation/output/Gen/49/32
Processing complete.
Processing Gen 49:33...
Successfully processed and saved output for Gen 49:33 to /Users/joshua/work/strong_number_embedding/sn_within_unv_selfgroup_segmentation/output/Gen/49/33
Processing complete.
Processing Gen 50:1...
Successfully processed and saved output for Gen 50:1 to /Users/joshua/work/strong_number_embedding/sn_within_unv_selfgroup_segmentation/output/Gen/50/1
Processing complete.
Processing Gen 50:2...
Successfully processed and saved output for Gen 50:2 to /Users/joshua/work/strong_number_embedding/sn_within_unv_selfgroup_segmentation/output/Gen/50/2
Processing complete.
Processing Gen 50:3...
Successfully processed and saved output for Gen 50:3 to /Users/joshua/work/strong_number_embedding/sn_within_unv_selfgroup_segmentation/output/Gen/50/3
Processing complete.
Processing Gen 50:4...
Successfully processed and saved output for Gen 50:4 to /Users/joshua/work/strong_number_embedding/sn_within_unv_selfgroup_segmentation/output/Gen/50/4
Processing complete.
Processing Gen 50:5...
Successfully processed and saved output for Gen 50:5 to /Users/joshua/work/strong_number_embedding/sn_within_unv_selfgroup_segmentation/output/Gen/50/5
Processing complete.
Processing Gen 50:6...
Successfully processed and saved output for Gen 50:6 to /Users/joshua/work/strong_number_embedding/sn_within_unv_selfgroup_segmentation/output/Gen/50/6
Processing complete.
Processing Gen 50:7...
Successfully processed and saved output for Gen 50:7 to /Users/joshua/work/strong_number_embedding/sn_within_unv_selfgroup_segmentation/output/Gen/50/7
Processing complete.
Processing Gen 50:8...
Successfully processed and saved output for Gen 50:8 to /Users/joshua/work/strong_number_embedding/sn_within_unv_selfgroup_segmentation/output/Gen/50/8
Processing complete.
Processing Gen 50:9...
Successfully processed and saved output for Gen 50:9 to /Users/joshua/work/strong_number_embedding/sn_within_unv_selfgroup_segmentation/output/Gen/50/9
Processing complete.
Processing Gen 50:10...
Successfully processed and saved output for Gen 50:10 to /Users/joshua/work/strong_number_embedding/sn_within_unv_selfgroup_segmentation/output/Gen/50/10
Processing complete.
Processing Gen 50:11...
Successfully processed and saved output for Gen 50:11 to /Users/joshua/work/strong_number_embedding/sn_within_unv_selfgroup_segmentation/output/Gen/50/11
Processing complete.
Processing Gen 50:12...
Successfully processed and saved output for Gen 50:12 to /Users/joshua/work/strong_number_embedding/sn_within_unv_selfgroup_segmentation/output/Gen/50/12
Processing complete.
Processing Gen 50:13...
Successfully processed and saved output for Gen 50:13 to /Users/joshua/work/strong_number_embedding/sn_within_unv_selfgroup_segmentation/output/Gen/50/13
Processing complete.
Processing Gen 50:14...
Successfully processed and saved output for Gen 50:14 to /Users/joshua/work/strong_number_embedding/sn_within_unv_selfgroup_segmentation/output/Gen/50/14
Processing complete.
Processing Gen 50:15...
Successfully processed and saved output for Gen 50:15 to /Users/joshua/work/strong_number_embedding/sn_within_unv_selfgroup_segmentation/output/Gen/50/15
Processing complete.
Processing Gen 50:16...
Successfully processed and saved output for Gen 50:16 to /Users/joshua/work/strong_number_embedding/sn_within_unv_selfgroup_segmentation/output/Gen/50/16
Processing complete.
Processing Gen 50:17...
Successfully processed and saved output for Gen 50:17 to /Users/joshua/work/strong_number_embedding/sn_within_unv_selfgroup_segmentation/output/Gen/50/17
Processing complete.
Processing Gen 50:18...
Successfully processed and saved output for Gen 50:18 to /Users/joshua/work/strong_number_embedding/sn_within_unv_selfgroup_segmentation/output/Gen/50/18
Processing complete.
Processing Gen 50:19...
Successfully processed and saved output for Gen 50:19 to /Users/joshua/work/strong_number_embedding/sn_within_unv_selfgroup_segmentation/output/Gen/50/19
Processing complete.
Processing Gen 50:20...
Successfully processed and saved output for Gen 50:20 to /Users/joshua/work/strong_number_embedding/sn_within_unv_selfgroup_segmentation/output/Gen/50/20
Processing complete.
Processing Gen 50:21...
Successfully processed and saved output for Gen 50:21 to /Users/joshua/work/strong_number_embedding/sn_within_unv_selfgroup_segmentation/output/Gen/50/21
Processing complete.
Processing Gen 50:22...
Successfully processed and saved output for Gen 50:22 to /Users/joshua/work/strong_number_embedding/sn_within_unv_selfgroup_segmentation/output/Gen/50/22
Processing complete.
Processing Gen 50:23...
Successfully processed and saved output for Gen 50:23 to /Users/joshua/work/strong_number_embedding/sn_within_unv_selfgroup_segmentation/output/Gen/50/23
Processing complete.
Processing Gen 50:24...
Successfully processed and saved output for Gen 50:24 to /Users/joshua/work/strong_number_embedding/sn_within_unv_selfgroup_segmentation/output/Gen/50/24
Processing complete.
Processing Gen 50:25...
Successfully processed and saved output for Gen 50:25 to /Users/joshua/work/strong_number_embedding/sn_within_unv_selfgroup_segmentation/output/Gen/50/25
Processing complete.
Processing Gen 50:26...
Successfully processed and saved output for Gen 50:26 to /Users/joshua/work/strong_number_embedding/sn_within_unv_selfgroup_segmentation/output/Gen/50/26
Processing complete.
