[2025-11-24 23:44:15] ==========================================
[2025-11-24 23:44:15] Starting Pentateuch (First Three Books) Batch Parse
[2025-11-24 23:44:15] Books: Genesis, Exodus, Leviticus
[2025-11-24 23:44:15] ==========================================
[2025-11-24 23:44:15] 
[2025-11-24 23:44:15] ==========================================
[2025-11-24 23:44:15] Starting to parse book: Gen
[2025-11-24 23:44:15] Total chapters: 50
[2025-11-24 23:44:15] ==========================================
[2025-11-24 23:44:15] Processing Gen chapter 1 (31 verses)...
[2025-11-24 23:44:15]   Parsing Gen 1:1...
Processing Gen 1:1...
Successfully processed and saved output for Gen 1:1 to /Users/joshua/work/strong_number_embedding/sn_within_unv_selfgroup_segmentation/output/Gen/1/1
Processing complete.
[2025-11-24 23:44:16]     ✓ Successfully parsed: Gen 1:1
[2025-11-24 23:44:16]   Parsing Gen 1:2...
Processing Gen 1:2...
Successfully processed and saved output for Gen 1:2 to /Users/joshua/work/strong_number_embedding/sn_within_unv_selfgroup_segmentation/output/Gen/1/2
Processing complete.
[2025-11-24 23:44:16]     ✓ Successfully parsed: Gen 1:2
[2025-11-24 23:44:17]   Parsing Gen 1:3...
Processing Gen 1:3...
Successfully processed and saved output for Gen 1:3 to /Users/joshua/work/strong_number_embedding/sn_within_unv_selfgroup_segmentation/output/Gen/1/3
Processing complete.
[2025-11-24 23:44:17]     ✓ Successfully parsed: Gen 1:3
[2025-11-24 23:44:18]   Parsing Gen 1:4...
Processing Gen 1:4...
Successfully processed and saved output for Gen 1:4 to /Users/joshua/work/strong_number_embedding/sn_within_unv_selfgroup_segmentation/output/Gen/1/4
Processing complete.
[2025-11-24 23:44:18]     ✓ Successfully parsed: Gen 1:4
[2025-11-24 23:44:18]   Parsing Gen 1:5...
Processing Gen 1:5...
Successfully processed and saved output for Gen 1:5 to /Users/joshua/work/strong_number_embedding/sn_within_unv_selfgroup_segmentation/output/Gen/1/5
Processing complete.
[2025-11-24 23:44:19]     ✓ Successfully parsed: Gen 1:5
[2025-11-24 23:44:19]   Parsing Gen 1:6...
Processing Gen 1:6...
Successfully processed and saved output for Gen 1:6 to /Users/joshua/work/strong_number_embedding/sn_within_unv_selfgroup_segmentation/output/Gen/1/6
Processing complete.
[2025-11-24 23:44:19]     ✓ Successfully parsed: Gen 1:6
[2025-11-24 23:44:20]   Parsing Gen 1:7...
Processing Gen 1:7...
Successfully processed and saved output for Gen 1:7 to /Users/joshua/work/strong_number_embedding/sn_within_unv_selfgroup_segmentation/output/Gen/1/7
Processing complete.
[2025-11-24 23:44:20]     ✓ Successfully parsed: Gen 1:7
[2025-11-24 23:44:21]   Parsing Gen 1:8...
Processing Gen 1:8...
Successfully processed and saved output for Gen 1:8 to /Users/joshua/work/strong_number_embedding/sn_within_unv_selfgroup_segmentation/output/Gen/1/8
Processing complete.
[2025-11-24 23:44:21]     ✓ Successfully parsed: Gen 1:8
[2025-11-24 23:44:21]   Parsing Gen 1:9...
Processing Gen 1:9...
Successfully processed and saved output for Gen 1:9 to /Users/joshua/work/strong_number_embedding/sn_within_unv_selfgroup_segmentation/output/Gen/1/9
Processing complete.
[2025-11-24 23:44:22]     ✓ Successfully parsed: Gen 1:9
[2025-11-24 23:44:22]   Parsing Gen 1:10...
Processing Gen 1:10...
Successfully processed and saved output for Gen 1:10 to /Users/joshua/work/strong_number_embedding/sn_within_unv_selfgroup_segmentation/output/Gen/1/10
Processing complete.
[2025-11-24 23:44:22]     ✓ Successfully parsed: Gen 1:10
[2025-11-24 23:44:23]   Parsing Gen 1:11...
Processing Gen 1:11...
Successfully processed and saved output for Gen 1:11 to /Users/joshua/work/strong_number_embedding/sn_within_unv_selfgroup_segmentation/output/Gen/1/11
Processing complete.
[2025-11-24 23:44:23]     ✓ Successfully parsed: Gen 1:11
[2025-11-24 23:44:23]   Parsing Gen 1:12...
Processing Gen 1:12...
Successfully processed and saved output for Gen 1:12 to /Users/joshua/work/strong_number_embedding/sn_within_unv_selfgroup_segmentation/output/Gen/1/12
Processing complete.
[2025-11-24 23:44:24]     ✓ Successfully parsed: Gen 1:12
[2025-11-24 23:44:24]   Parsing Gen 1:13...
Processing Gen 1:13...
Successfully processed and saved output for Gen 1:13 to /Users/joshua/work/strong_number_embedding/sn_within_unv_selfgroup_segmentation/output/Gen/1/13
Processing complete.
[2025-11-24 23:44:24]     ✓ Successfully parsed: Gen 1:13
[2025-11-24 23:44:25]   Parsing Gen 1:14...
Processing Gen 1:14...
Successfully processed and saved output for Gen 1:14 to /Users/joshua/work/strong_number_embedding/sn_within_unv_selfgroup_segmentation/output/Gen/1/14
Processing complete.
[2025-11-24 23:44:25]     ✓ Successfully parsed: Gen 1:14
[2025-11-24 23:44:26]   Parsing Gen 1:15...
Processing Gen 1:15...
Successfully processed and saved output for Gen 1:15 to /Users/joshua/work/strong_number_embedding/sn_within_unv_selfgroup_segmentation/output/Gen/1/15
Processing complete.
[2025-11-24 23:44:26]     ✓ Successfully parsed: Gen 1:15
[2025-11-24 23:44:26]   Parsing Gen 1:16...
Processing Gen 1:16...
Successfully processed and saved output for Gen 1:16 to /Users/joshua/work/strong_number_embedding/sn_within_unv_selfgroup_segmentation/output/Gen/1/16
Processing complete.
[2025-11-24 23:44:27]     ✓ Successfully parsed: Gen 1:16
[2025-11-24 23:44:27]   Parsing Gen 1:17...
Processing Gen 1:17...
Successfully processed and saved output for Gen 1:17 to /Users/joshua/work/strong_number_embedding/sn_within_unv_selfgroup_segmentation/output/Gen/1/17
Processing complete.
[2025-11-24 23:44:27]     ✓ Successfully parsed: Gen 1:17
[2025-11-24 23:44:28]   Parsing Gen 1:18...
Processing Gen 1:18...
Successfully processed and saved output for Gen 1:18 to /Users/joshua/work/strong_number_embedding/sn_within_unv_selfgroup_segmentation/output/Gen/1/18
Processing complete.
[2025-11-24 23:44:28]     ✓ Successfully parsed: Gen 1:18
[2025-11-24 23:44:29]   Parsing Gen 1:19...
Processing Gen 1:19...
Successfully processed and saved output for Gen 1:19 to /Users/joshua/work/strong_number_embedding/sn_within_unv_selfgroup_segmentation/output/Gen/1/19
Processing complete.
[2025-11-24 23:44:29]     ✓ Successfully parsed: Gen 1:19
[2025-11-24 23:44:29]   Parsing Gen 1:20...
Processing Gen 1:20...
Successfully processed and saved output for Gen 1:20 to /Users/joshua/work/strong_number_embedding/sn_within_unv_selfgroup_segmentation/output/Gen/1/20
Processing complete.
[2025-11-24 23:44:30]     ✓ Successfully parsed: Gen 1:20
[2025-11-24 23:44:30]   Parsing Gen 1:21...
Processing Gen 1:21...
Successfully processed and saved output for Gen 1:21 to /Users/joshua/work/strong_number_embedding/sn_within_unv_selfgroup_segmentation/output/Gen/1/21
Processing complete.
[2025-11-24 23:44:30]     ✓ Successfully parsed: Gen 1:21
[2025-11-24 23:44:31]   Parsing Gen 1:22...
Processing Gen 1:22...
Successfully processed and saved output for Gen 1:22 to /Users/joshua/work/strong_number_embedding/sn_within_unv_selfgroup_segmentation/output/Gen/1/22
Processing complete.
[2025-11-24 23:44:31]     ✓ Successfully parsed: Gen 1:22
[2025-11-24 23:44:32]   Parsing Gen 1:23...
Processing Gen 1:23...
Successfully processed and saved output for Gen 1:23 to /Users/joshua/work/strong_number_embedding/sn_within_unv_selfgroup_segmentation/output/Gen/1/23
Processing complete.
[2025-11-24 23:44:32]     ✓ Successfully parsed: Gen 1:23
[2025-11-24 23:44:32]   Parsing Gen 1:24...
Processing Gen 1:24...
Successfully processed and saved output for Gen 1:24 to /Users/joshua/work/strong_number_embedding/sn_within_unv_selfgroup_segmentation/output/Gen/1/24
Processing complete.
[2025-11-24 23:44:32]     ✓ Successfully parsed: Gen 1:24
[2025-11-24 23:44:33]   Parsing Gen 1:25...
Processing Gen 1:25...
Successfully processed and saved output for Gen 1:25 to /Users/joshua/work/strong_number_embedding/sn_within_unv_selfgroup_segmentation/output/Gen/1/25
Processing complete.
[2025-11-24 23:44:33]     ✓ Successfully parsed: Gen 1:25
[2025-11-24 23:44:34]   Parsing Gen 1:26...
Processing Gen 1:26...
Successfully processed and saved output for Gen 1:26 to /Users/joshua/work/strong_number_embedding/sn_within_unv_selfgroup_segmentation/output/Gen/1/26
Processing complete.
[2025-11-24 23:44:34]     ✓ Successfully parsed: Gen 1:26
[2025-11-24 23:44:34]   Parsing Gen 1:27...
Processing Gen 1:27...
Successfully processed and saved output for Gen 1:27 to /Users/joshua/work/strong_number_embedding/sn_within_unv_selfgroup_segmentation/output/Gen/1/27
Processing complete.
[2025-11-24 23:44:35]     ✓ Successfully parsed: Gen 1:27
[2025-11-24 23:44:35]   Parsing Gen 1:28...
Processing Gen 1:28...
Successfully processed and saved output for Gen 1:28 to /Users/joshua/work/strong_number_embedding/sn_within_unv_selfgroup_segmentation/output/Gen/1/28
Processing complete.
[2025-11-24 23:44:35]     ✓ Successfully parsed: Gen 1:28
[2025-11-24 23:44:36]   Parsing Gen 1:29...
Processing Gen 1:29...
Successfully processed and saved output for Gen 1:29 to /Users/joshua/work/strong_number_embedding/sn_within_unv_selfgroup_segmentation/output/Gen/1/29
Processing complete.
[2025-11-24 23:44:36]     ✓ Successfully parsed: Gen 1:29
[2025-11-24 23:44:37]   Parsing Gen 1:30...
Processing Gen 1:30...
Successfully processed and saved output for Gen 1:30 to /Users/joshua/work/strong_number_embedding/sn_within_unv_selfgroup_segmentation/output/Gen/1/30
Processing complete.
[2025-11-24 23:44:37]     ✓ Successfully parsed: Gen 1:30
[2025-11-24 23:44:37]   Parsing Gen 1:31...
Processing Gen 1:31...
Successfully processed and saved output for Gen 1:31 to /Users/joshua/work/strong_number_embedding/sn_within_unv_selfgroup_segmentation/output/Gen/1/31
Processing complete.
[2025-11-24 23:44:38]     ✓ Successfully parsed: Gen 1:31
[2025-11-24 23:44:38]   Completed Gen chapter 1
[2025-11-24 23:44:38] Processing Gen chapter 2 (25 verses)...
[2025-11-24 23:44:38]   Parsing Gen 2:1...
Processing Gen 2:1...
Successfully processed and saved output for Gen 2:1 to /Users/joshua/work/strong_number_embedding/sn_within_unv_selfgroup_segmentation/output/Gen/2/1
Processing complete.
[2025-11-24 23:44:38]     ✓ Successfully parsed: Gen 2:1
[2025-11-24 23:44:39]   Parsing Gen 2:2...
Processing Gen 2:2...
Successfully processed and saved output for Gen 2:2 to /Users/joshua/work/strong_number_embedding/sn_within_unv_selfgroup_segmentation/output/Gen/2/2
Processing complete.
[2025-11-24 23:44:39]     ✓ Successfully parsed: Gen 2:2
[2025-11-24 23:44:40]   Parsing Gen 2:3...
Processing Gen 2:3...
Successfully processed and saved output for Gen 2:3 to /Users/joshua/work/strong_number_embedding/sn_within_unv_selfgroup_segmentation/output/Gen/2/3
Processing complete.
[2025-11-24 23:44:40]     ✓ Successfully parsed: Gen 2:3
[2025-11-24 23:44:40]   Parsing Gen 2:4...
Processing Gen 2:4...
Successfully processed and saved output for Gen 2:4 to /Users/joshua/work/strong_number_embedding/sn_within_unv_selfgroup_segmentation/output/Gen/2/4
Processing complete.
[2025-11-24 23:44:41]     ✓ Successfully parsed: Gen 2:4
[2025-11-24 23:44:41]   Parsing Gen 2:5...
Processing Gen 2:5...
Successfully processed and saved output for Gen 2:5 to /Users/joshua/work/strong_number_embedding/sn_within_unv_selfgroup_segmentation/output/Gen/2/5
Processing complete.
[2025-11-24 23:44:41]     ✓ Successfully parsed: Gen 2:5
[2025-11-24 23:44:42]   Parsing Gen 2:6...
Processing Gen 2:6...
Successfully processed and saved output for Gen 2:6 to /Users/joshua/work/strong_number_embedding/sn_within_unv_selfgroup_segmentation/output/Gen/2/6
Processing complete.
[2025-11-24 23:44:42]     ✓ Successfully parsed: Gen 2:6
[2025-11-24 23:44:43]   Parsing Gen 2:7...
Processing Gen 2:7...
Successfully processed and saved output for Gen 2:7 to /Users/joshua/work/strong_number_embedding/sn_within_unv_selfgroup_segmentation/output/Gen/2/7
Processing complete.
[2025-11-24 23:44:43]     ✓ Successfully parsed: Gen 2:7
[2025-11-24 23:44:43]   Parsing Gen 2:8...
Processing Gen 2:8...
Successfully processed and saved output for Gen 2:8 to /Users/joshua/work/strong_number_embedding/sn_within_unv_selfgroup_segmentation/output/Gen/2/8
Processing complete.
[2025-11-24 23:44:44]     ✓ Successfully parsed: Gen 2:8
[2025-11-24 23:44:44]   Parsing Gen 2:9...
Processing Gen 2:9...
Successfully processed and saved output for Gen 2:9 to /Users/joshua/work/strong_number_embedding/sn_within_unv_selfgroup_segmentation/output/Gen/2/9
Processing complete.
[2025-11-24 23:44:44]     ✓ Successfully parsed: Gen 2:9
[2025-11-24 23:44:45]   Parsing Gen 2:10...
Processing Gen 2:10...
Successfully processed and saved output for Gen 2:10 to /Users/joshua/work/strong_number_embedding/sn_within_unv_selfgroup_segmentation/output/Gen/2/10
Processing complete.
[2025-11-24 23:44:45]     ✓ Successfully parsed: Gen 2:10
[2025-11-24 23:44:46]   Parsing Gen 2:11...
Processing Gen 2:11...
Successfully processed and saved output for Gen 2:11 to /Users/joshua/work/strong_number_embedding/sn_within_unv_selfgroup_segmentation/output/Gen/2/11
Processing complete.
[2025-11-24 23:44:46]     ✓ Successfully parsed: Gen 2:11
[2025-11-24 23:44:46]   Parsing Gen 2:12...
Processing Gen 2:12...
Successfully processed and saved output for Gen 2:12 to /Users/joshua/work/strong_number_embedding/sn_within_unv_selfgroup_segmentation/output/Gen/2/12
Processing complete.
[2025-11-24 23:44:47]     ✓ Successfully parsed: Gen 2:12
[2025-11-24 23:44:47]   Parsing Gen 2:13...
Processing Gen 2:13...
Successfully processed and saved output for Gen 2:13 to /Users/joshua/work/strong_number_embedding/sn_within_unv_selfgroup_segmentation/output/Gen/2/13
Processing complete.
[2025-11-24 23:44:47]     ✓ Successfully parsed: Gen 2:13
[2025-11-24 23:44:48]   Parsing Gen 2:14...
Processing Gen 2:14...
Successfully processed and saved output for Gen 2:14 to /Users/joshua/work/strong_number_embedding/sn_within_unv_selfgroup_segmentation/output/Gen/2/14
Processing complete.
[2025-11-24 23:44:48]     ✓ Successfully parsed: Gen 2:14
[2025-11-24 23:44:49]   Parsing Gen 2:15...
Processing Gen 2:15...
Successfully processed and saved output for Gen 2:15 to /Users/joshua/work/strong_number_embedding/sn_within_unv_selfgroup_segmentation/output/Gen/2/15
Processing complete.
[2025-11-24 23:44:49]     ✓ Successfully parsed: Gen 2:15
[2025-11-24 23:44:49]   Parsing Gen 2:16...
Processing Gen 2:16...
Successfully processed and saved output for Gen 2:16 to /Users/joshua/work/strong_number_embedding/sn_within_unv_selfgroup_segmentation/output/Gen/2/16
Processing complete.
[2025-11-24 23:44:50]     ✓ Successfully parsed: Gen 2:16
[2025-11-24 23:44:50]   Parsing Gen 2:17...
Processing Gen 2:17...
Successfully processed and saved output for Gen 2:17 to /Users/joshua/work/strong_number_embedding/sn_within_unv_selfgroup_segmentation/output/Gen/2/17
Processing complete.
[2025-11-24 23:44:50]     ✓ Successfully parsed: Gen 2:17
[2025-11-24 23:44:51]   Parsing Gen 2:18...
Processing Gen 2:18...
Successfully processed and saved output for Gen 2:18 to /Users/joshua/work/strong_number_embedding/sn_within_unv_selfgroup_segmentation/output/Gen/2/18
Processing complete.
[2025-11-24 23:44:51]     ✓ Successfully parsed: Gen 2:18
[2025-11-24 23:44:52]   Parsing Gen 2:19...
Processing Gen 2:19...
Successfully processed and saved output for Gen 2:19 to /Users/joshua/work/strong_number_embedding/sn_within_unv_selfgroup_segmentation/output/Gen/2/19
Processing complete.
[2025-11-24 23:44:52]     ✓ Successfully parsed: Gen 2:19
[2025-11-24 23:44:52]   Parsing Gen 2:20...
Processing Gen 2:20...
Successfully processed and saved output for Gen 2:20 to /Users/joshua/work/strong_number_embedding/sn_within_unv_selfgroup_segmentation/output/Gen/2/20
Processing complete.
[2025-11-24 23:44:52]     ✓ Successfully parsed: Gen 2:20
[2025-11-24 23:44:53]   Parsing Gen 2:21...
Processing Gen 2:21...
Successfully processed and saved output for Gen 2:21 to /Users/joshua/work/strong_number_embedding/sn_within_unv_selfgroup_segmentation/output/Gen/2/21
Processing complete.
[2025-11-24 23:44:53]     ✓ Successfully parsed: Gen 2:21
[2025-11-24 23:44:54]   Parsing Gen 2:22...
Processing Gen 2:22...
Successfully processed and saved output for Gen 2:22 to /Users/joshua/work/strong_number_embedding/sn_within_unv_selfgroup_segmentation/output/Gen/2/22
Processing complete.
[2025-11-24 23:44:54]     ✓ Successfully parsed: Gen 2:22
[2025-11-24 23:44:54]   Parsing Gen 2:23...
Processing Gen 2:23...
Successfully processed and saved output for Gen 2:23 to /Users/joshua/work/strong_number_embedding/sn_within_unv_selfgroup_segmentation/output/Gen/2/23
Processing complete.
[2025-11-24 23:44:55]     ✓ Successfully parsed: Gen 2:23
[2025-11-24 23:44:55]   Parsing Gen 2:24...
Processing Gen 2:24...
Successfully processed and saved output for Gen 2:24 to /Users/joshua/work/strong_number_embedding/sn_within_unv_selfgroup_segmentation/output/Gen/2/24
Processing complete.
[2025-11-24 23:44:55]     ✓ Successfully parsed: Gen 2:24
[2025-11-24 23:44:56]   Parsing Gen 2:25...
Processing Gen 2:25...
Successfully processed and saved output for Gen 2:25 to /Users/joshua/work/strong_number_embedding/sn_within_unv_selfgroup_segmentation/output/Gen/2/25
Processing complete.
[2025-11-24 23:44:56]     ✓ Successfully parsed: Gen 2:25
[2025-11-24 23:44:57]   Completed Gen chapter 2
[2025-11-24 23:44:57] Processing Gen chapter 3 (24 verses)...
[2025-11-24 23:44:57]   Parsing Gen 3:1...
Processing Gen 3:1...
Successfully processed and saved output for Gen 3:1 to /Users/joshua/work/strong_number_embedding/sn_within_unv_selfgroup_segmentation/output/Gen/3/1
Processing complete.
[2025-11-24 23:44:57]     ✓ Successfully parsed: Gen 3:1
[2025-11-24 23:44:57]   Parsing Gen 3:2...
Processing Gen 3:2...
Successfully processed and saved output for Gen 3:2 to /Users/joshua/work/strong_number_embedding/sn_within_unv_selfgroup_segmentation/output/Gen/3/2
Processing complete.
[2025-11-24 23:44:58]     ✓ Successfully parsed: Gen 3:2
[2025-11-24 23:44:58]   Parsing Gen 3:3...
Processing Gen 3:3...
Successfully processed and saved output for Gen 3:3 to /Users/joshua/work/strong_number_embedding/sn_within_unv_selfgroup_segmentation/output/Gen/3/3
Processing complete.
[2025-11-24 23:44:58]     ✓ Successfully parsed: Gen 3:3
[2025-11-24 23:44:59]   Parsing Gen 3:4...
Processing Gen 3:4...
Successfully processed and saved output for Gen 3:4 to /Users/joshua/work/strong_number_embedding/sn_within_unv_selfgroup_segmentation/output/Gen/3/4
Processing complete.
[2025-11-24 23:44:59]     ✓ Successfully parsed: Gen 3:4
[2025-11-24 23:45:00]   Parsing Gen 3:5...
Processing Gen 3:5...
Successfully processed and saved output for Gen 3:5 to /Users/joshua/work/strong_number_embedding/sn_within_unv_selfgroup_segmentation/output/Gen/3/5
Processing complete.
[2025-11-24 23:45:00]     ✓ Successfully parsed: Gen 3:5
[2025-11-24 23:45:00]   Parsing Gen 3:6...
Processing Gen 3:6...
Successfully processed and saved output for Gen 3:6 to /Users/joshua/work/strong_number_embedding/sn_within_unv_selfgroup_segmentation/output/Gen/3/6
Processing complete.
[2025-11-24 23:45:01]     ✓ Successfully parsed: Gen 3:6
[2025-11-24 23:45:01]   Parsing Gen 3:7...
Processing Gen 3:7...
Successfully processed and saved output for Gen 3:7 to /Users/joshua/work/strong_number_embedding/sn_within_unv_selfgroup_segmentation/output/Gen/3/7
Processing complete.
[2025-11-24 23:45:01]     ✓ Successfully parsed: Gen 3:7
[2025-11-24 23:45:02]   Parsing Gen 3:8...
Processing Gen 3:8...
Successfully processed and saved output for Gen 3:8 to /Users/joshua/work/strong_number_embedding/sn_within_unv_selfgroup_segmentation/output/Gen/3/8
Processing complete.
[2025-11-24 23:45:02]     ✓ Successfully parsed: Gen 3:8
[2025-11-24 23:45:03]   Parsing Gen 3:9...
Processing Gen 3:9...
Successfully processed and saved output for Gen 3:9 to /Users/joshua/work/strong_number_embedding/sn_within_unv_selfgroup_segmentation/output/Gen/3/9
Processing complete.
[2025-11-24 23:45:03]     ✓ Successfully parsed: Gen 3:9
[2025-11-24 23:45:03]   Parsing Gen 3:10...
Processing Gen 3:10...
Successfully processed and saved output for Gen 3:10 to /Users/joshua/work/strong_number_embedding/sn_within_unv_selfgroup_segmentation/output/Gen/3/10
Processing complete.
[2025-11-24 23:45:04]     ✓ Successfully parsed: Gen 3:10
[2025-11-24 23:45:04]   Parsing Gen 3:11...
Processing Gen 3:11...
Successfully processed and saved output for Gen 3:11 to /Users/joshua/work/strong_number_embedding/sn_within_unv_selfgroup_segmentation/output/Gen/3/11
Processing complete.
[2025-11-24 23:45:04]     ✓ Successfully parsed: Gen 3:11
[2025-11-24 23:45:05]   Parsing Gen 3:12...
Processing Gen 3:12...
Successfully processed and saved output for Gen 3:12 to /Users/joshua/work/strong_number_embedding/sn_within_unv_selfgroup_segmentation/output/Gen/3/12
Processing complete.
[2025-11-24 23:45:05]     ✓ Successfully parsed: Gen 3:12
[2025-11-24 23:45:06]   Parsing Gen 3:13...
Processing Gen 3:13...
Successfully processed and saved output for Gen 3:13 to /Users/joshua/work/strong_number_embedding/sn_within_unv_selfgroup_segmentation/output/Gen/3/13
Processing complete.
[2025-11-24 23:45:06]     ✓ Successfully parsed: Gen 3:13
[2025-11-24 23:45:06]   Parsing Gen 3:14...
Processing Gen 3:14...
Successfully processed and saved output for Gen 3:14 to /Users/joshua/work/strong_number_embedding/sn_within_unv_selfgroup_segmentation/output/Gen/3/14
Processing complete.
[2025-11-24 23:45:07]     ✓ Successfully parsed: Gen 3:14
[2025-11-24 23:45:07]   Parsing Gen 3:15...
Processing Gen 3:15...
Successfully processed and saved output for Gen 3:15 to /Users/joshua/work/strong_number_embedding/sn_within_unv_selfgroup_segmentation/output/Gen/3/15
Processing complete.
[2025-11-24 23:45:07]     ✓ Successfully parsed: Gen 3:15
[2025-11-24 23:45:08]   Parsing Gen 3:16...
Processing Gen 3:16...
Successfully processed and saved output for Gen 3:16 to /Users/joshua/work/strong_number_embedding/sn_within_unv_selfgroup_segmentation/output/Gen/3/16
Processing complete.
[2025-11-24 23:45:08]     ✓ Successfully parsed: Gen 3:16
[2025-11-24 23:45:09]   Parsing Gen 3:17...
Processing Gen 3:17...
Successfully processed and saved output for Gen 3:17 to /Users/joshua/work/strong_number_embedding/sn_within_unv_selfgroup_segmentation/output/Gen/3/17
Processing complete.
[2025-11-24 23:45:09]     ✓ Successfully parsed: Gen 3:17
[2025-11-24 23:45:09]   Parsing Gen 3:18...
Processing Gen 3:18...
Successfully processed and saved output for Gen 3:18 to /Users/joshua/work/strong_number_embedding/sn_within_unv_selfgroup_segmentation/output/Gen/3/18
Processing complete.
[2025-11-24 23:45:10]     ✓ Successfully parsed: Gen 3:18
[2025-11-24 23:45:10]   Parsing Gen 3:19...
Processing Gen 3:19...
Successfully processed and saved output for Gen 3:19 to /Users/joshua/work/strong_number_embedding/sn_within_unv_selfgroup_segmentation/output/Gen/3/19
Processing complete.
[2025-11-24 23:45:10]     ✓ Successfully parsed: Gen 3:19
[2025-11-24 23:45:11]   Parsing Gen 3:20...
Processing Gen 3:20...
Successfully processed and saved output for Gen 3:20 to /Users/joshua/work/strong_number_embedding/sn_within_unv_selfgroup_segmentation/output/Gen/3/20
Processing complete.
[2025-11-24 23:45:11]     ✓ Successfully parsed: Gen 3:20
[2025-11-24 23:45:12]   Parsing Gen 3:21...
Processing Gen 3:21...
Successfully processed and saved output for Gen 3:21 to /Users/joshua/work/strong_number_embedding/sn_within_unv_selfgroup_segmentation/output/Gen/3/21
Processing complete.
[2025-11-24 23:45:12]     ✓ Successfully parsed: Gen 3:21
[2025-11-24 23:45:12]   Parsing Gen 3:22...
Processing Gen 3:22...
Successfully processed and saved output for Gen 3:22 to /Users/joshua/work/strong_number_embedding/sn_within_unv_selfgroup_segmentation/output/Gen/3/22
Processing complete.
[2025-11-24 23:45:12]     ✓ Successfully parsed: Gen 3:22
[2025-11-24 23:45:13]   Parsing Gen 3:23...
Processing Gen 3:23...
Successfully processed and saved output for Gen 3:23 to /Users/joshua/work/strong_number_embedding/sn_within_unv_selfgroup_segmentation/output/Gen/3/23
Processing complete.
[2025-11-24 23:45:13]     ✓ Successfully parsed: Gen 3:23
[2025-11-24 23:45:14]   Parsing Gen 3:24...
Processing Gen 3:24...
Successfully processed and saved output for Gen 3:24 to /Users/joshua/work/strong_number_embedding/sn_within_unv_selfgroup_segmentation/output/Gen/3/24
Processing complete.
[2025-11-24 23:45:14]     ✓ Successfully parsed: Gen 3:24
[2025-11-24 23:45:14]   Completed Gen chapter 3
[2025-11-24 23:45:14] Processing Gen chapter 4 (26 verses)...
[2025-11-24 23:45:14]   Parsing Gen 4:1...
Processing Gen 4:1...
Successfully processed and saved output for Gen 4:1 to /Users/joshua/work/strong_number_embedding/sn_within_unv_selfgroup_segmentation/output/Gen/4/1
Processing complete.
[2025-11-24 23:45:15]     ✓ Successfully parsed: Gen 4:1
[2025-11-24 23:45:15]   Parsing Gen 4:2...
Processing Gen 4:2...
Successfully processed and saved output for Gen 4:2 to /Users/joshua/work/strong_number_embedding/sn_within_unv_selfgroup_segmentation/output/Gen/4/2
Processing complete.
[2025-11-24 23:45:15]     ✓ Successfully parsed: Gen 4:2
[2025-11-24 23:45:16]   Parsing Gen 4:3...
Processing Gen 4:3...
Successfully processed and saved output for Gen 4:3 to /Users/joshua/work/strong_number_embedding/sn_within_unv_selfgroup_segmentation/output/Gen/4/3
Processing complete.
[2025-11-24 23:45:16]     ✓ Successfully parsed: Gen 4:3
[2025-11-24 23:45:17]   Parsing Gen 4:4...
Processing Gen 4:4...
Successfully processed and saved output for Gen 4:4 to /Users/joshua/work/strong_number_embedding/sn_within_unv_selfgroup_segmentation/output/Gen/4/4
Processing complete.
[2025-11-24 23:45:17]     ✓ Successfully parsed: Gen 4:4
[2025-11-24 23:45:17]   Parsing Gen 4:5...
Processing Gen 4:5...
Successfully processed and saved output for Gen 4:5 to /Users/joshua/work/strong_number_embedding/sn_within_unv_selfgroup_segmentation/output/Gen/4/5
Processing complete.
[2025-11-24 23:45:18]     ✓ Successfully parsed: Gen 4:5
[2025-11-24 23:45:18]   Parsing Gen 4:6...
Processing Gen 4:6...
Successfully processed and saved output for Gen 4:6 to /Users/joshua/work/strong_number_embedding/sn_within_unv_selfgroup_segmentation/output/Gen/4/6
Processing complete.
[2025-11-24 23:45:18]     ✓ Successfully parsed: Gen 4:6
[2025-11-24 23:45:19]   Parsing Gen 4:7...
Processing Gen 4:7...
Successfully processed and saved output for Gen 4:7 to /Users/joshua/work/strong_number_embedding/sn_within_unv_selfgroup_segmentation/output/Gen/4/7
Processing complete.
[2025-11-24 23:45:19]     ✓ Successfully parsed: Gen 4:7
[2025-11-24 23:45:20]   Parsing Gen 4:8...
Processing Gen 4:8...
Successfully processed and saved output for Gen 4:8 to /Users/joshua/work/strong_number_embedding/sn_within_unv_selfgroup_segmentation/output/Gen/4/8
Processing complete.
[2025-11-24 23:45:20]     ✓ Successfully parsed: Gen 4:8
[2025-11-24 23:45:20]   Parsing Gen 4:9...
Processing Gen 4:9...
Successfully processed and saved output for Gen 4:9 to /Users/joshua/work/strong_number_embedding/sn_within_unv_selfgroup_segmentation/output/Gen/4/9
Processing complete.
[2025-11-24 23:45:21]     ✓ Successfully parsed: Gen 4:9
[2025-11-24 23:45:21]   Parsing Gen 4:10...
Processing Gen 4:10...
Successfully processed and saved output for Gen 4:10 to /Users/joshua/work/strong_number_embedding/sn_within_unv_selfgroup_segmentation/output/Gen/4/10
Processing complete.
[2025-11-24 23:45:21]     ✓ Successfully parsed: Gen 4:10
[2025-11-24 23:45:22]   Parsing Gen 4:11...
Processing Gen 4:11...
Successfully processed and saved output for Gen 4:11 to /Users/joshua/work/strong_number_embedding/sn_within_unv_selfgroup_segmentation/output/Gen/4/11
Processing complete.
[2025-11-24 23:45:22]     ✓ Successfully parsed: Gen 4:11
[2025-11-24 23:45:23]   Parsing Gen 4:12...
Processing Gen 4:12...
Successfully processed and saved output for Gen 4:12 to /Users/joshua/work/strong_number_embedding/sn_within_unv_selfgroup_segmentation/output/Gen/4/12
Processing complete.
[2025-11-24 23:45:23]     ✓ Successfully parsed: Gen 4:12
[2025-11-24 23:45:23]   Parsing Gen 4:13...
Processing Gen 4:13...
Successfully processed and saved output for Gen 4:13 to /Users/joshua/work/strong_number_embedding/sn_within_unv_selfgroup_segmentation/output/Gen/4/13
Processing complete.
[2025-11-24 23:45:24]     ✓ Successfully parsed: Gen 4:13
[2025-11-24 23:45:24]   Parsing Gen 4:14...
Processing Gen 4:14...
Successfully processed and saved output for Gen 4:14 to /Users/joshua/work/strong_number_embedding/sn_within_unv_selfgroup_segmentation/output/Gen/4/14
Processing complete.
[2025-11-24 23:45:24]     ✓ Successfully parsed: Gen 4:14
[2025-11-24 23:45:25]   Parsing Gen 4:15...
Processing Gen 4:15...
Successfully processed and saved output for Gen 4:15 to /Users/joshua/work/strong_number_embedding/sn_within_unv_selfgroup_segmentation/output/Gen/4/15
Processing complete.
[2025-11-24 23:45:25]     ✓ Successfully parsed: Gen 4:15
[2025-11-24 23:45:26]   Parsing Gen 4:16...
Processing Gen 4:16...
Successfully processed and saved output for Gen 4:16 to /Users/joshua/work/strong_number_embedding/sn_within_unv_selfgroup_segmentation/output/Gen/4/16
Processing complete.
[2025-11-24 23:45:26]     ✓ Successfully parsed: Gen 4:16
[2025-11-24 23:45:26]   Parsing Gen 4:17...
Processing Gen 4:17...
Successfully processed and saved output for Gen 4:17 to /Users/joshua/work/strong_number_embedding/sn_within_unv_selfgroup_segmentation/output/Gen/4/17
Processing complete.
[2025-11-24 23:45:26]     ✓ Successfully parsed: Gen 4:17
[2025-11-24 23:45:27]   Parsing Gen 4:18...
Processing Gen 4:18...
Successfully processed and saved output for Gen 4:18 to /Users/joshua/work/strong_number_embedding/sn_within_unv_selfgroup_segmentation/output/Gen/4/18
Processing complete.
[2025-11-24 23:45:27]     ✓ Successfully parsed: Gen 4:18
[2025-11-24 23:45:28]   Parsing Gen 4:19...
Processing Gen 4:19...
Successfully processed and saved output for Gen 4:19 to /Users/joshua/work/strong_number_embedding/sn_within_unv_selfgroup_segmentation/output/Gen/4/19
Processing complete.
[2025-11-24 23:45:28]     ✓ Successfully parsed: Gen 4:19
[2025-11-24 23:45:28]   Parsing Gen 4:20...
Processing Gen 4:20...
Successfully processed and saved output for Gen 4:20 to /Users/joshua/work/strong_number_embedding/sn_within_unv_selfgroup_segmentation/output/Gen/4/20
Processing complete.
[2025-11-24 23:45:29]     ✓ Successfully parsed: Gen 4:20
[2025-11-24 23:45:29]   Parsing Gen 4:21...
Processing Gen 4:21...
Successfully processed and saved output for Gen 4:21 to /Users/joshua/work/strong_number_embedding/sn_within_unv_selfgroup_segmentation/output/Gen/4/21
Processing complete.
[2025-11-24 23:45:29]     ✓ Successfully parsed: Gen 4:21
[2025-11-24 23:45:30]   Parsing Gen 4:22...
Processing Gen 4:22...
Successfully processed and saved output for Gen 4:22 to /Users/joshua/work/strong_number_embedding/sn_within_unv_selfgroup_segmentation/output/Gen/4/22
Processing complete.
[2025-11-24 23:45:30]     ✓ Successfully parsed: Gen 4:22
[2025-11-24 23:45:31]   Parsing Gen 4:23...
Processing Gen 4:23...
Successfully processed and saved output for Gen 4:23 to /Users/joshua/work/strong_number_embedding/sn_within_unv_selfgroup_segmentation/output/Gen/4/23
Processing complete.
[2025-11-24 23:45:31]     ✓ Successfully parsed: Gen 4:23
[2025-11-24 23:45:31]   Parsing Gen 4:24...
Processing Gen 4:24...
Successfully processed and saved output for Gen 4:24 to /Users/joshua/work/strong_number_embedding/sn_within_unv_selfgroup_segmentation/output/Gen/4/24
Processing complete.
[2025-11-24 23:45:32]     ✓ Successfully parsed: Gen 4:24
[2025-11-24 23:45:32]   Parsing Gen 4:25...
Processing Gen 4:25...
Successfully processed and saved output for Gen 4:25 to /Users/joshua/work/strong_number_embedding/sn_within_unv_selfgroup_segmentation/output/Gen/4/25
Processing complete.
[2025-11-24 23:45:32]     ✓ Successfully parsed: Gen 4:25
[2025-11-24 23:45:33]   Parsing Gen 4:26...
Processing Gen 4:26...
Successfully processed and saved output for Gen 4:26 to /Users/joshua/work/strong_number_embedding/sn_within_unv_selfgroup_segmentation/output/Gen/4/26
Processing complete.
[2025-11-24 23:45:33]     ✓ Successfully parsed: Gen 4:26
[2025-11-24 23:45:34]   Completed Gen chapter 4
[2025-11-24 23:45:34] Processing Gen chapter 5 (32 verses)...
[2025-11-24 23:45:34]   Parsing Gen 5:1...
Processing Gen 5:1...
Successfully processed and saved output for Gen 5:1 to /Users/joshua/work/strong_number_embedding/sn_within_unv_selfgroup_segmentation/output/Gen/5/1
Processing complete.
[2025-11-24 23:45:34]     ✓ Successfully parsed: Gen 5:1
[2025-11-24 23:45:34]   Parsing Gen 5:2...
Processing Gen 5:2...
Successfully processed and saved output for Gen 5:2 to /Users/joshua/work/strong_number_embedding/sn_within_unv_selfgroup_segmentation/output/Gen/5/2
Processing complete.
[2025-11-24 23:45:35]     ✓ Successfully parsed: Gen 5:2
[2025-11-24 23:45:35]   Parsing Gen 5:3...
Processing Gen 5:3...
Successfully processed and saved output for Gen 5:3 to /Users/joshua/work/strong_number_embedding/sn_within_unv_selfgroup_segmentation/output/Gen/5/3
Processing complete.
[2025-11-24 23:45:35]     ✓ Successfully parsed: Gen 5:3
[2025-11-24 23:45:36]   Parsing Gen 5:4...
Processing Gen 5:4...
Successfully processed and saved output for Gen 5:4 to /Users/joshua/work/strong_number_embedding/sn_within_unv_selfgroup_segmentation/output/Gen/5/4
Processing complete.
[2025-11-24 23:45:36]     ✓ Successfully parsed: Gen 5:4
[2025-11-24 23:45:37]   Parsing Gen 5:5...
Processing Gen 5:5...
Successfully processed and saved output for Gen 5:5 to /Users/joshua/work/strong_number_embedding/sn_within_unv_selfgroup_segmentation/output/Gen/5/5
Processing complete.
[2025-11-24 23:45:37]     ✓ Successfully parsed: Gen 5:5
[2025-11-24 23:45:37]   Parsing Gen 5:6...
Processing Gen 5:6...
Successfully processed and saved output for Gen 5:6 to /Users/joshua/work/strong_number_embedding/sn_within_unv_selfgroup_segmentation/output/Gen/5/6
Processing complete.
[2025-11-24 23:45:38]     ✓ Successfully parsed: Gen 5:6
[2025-11-24 23:45:38]   Parsing Gen 5:7...
Processing Gen 5:7...
Successfully processed and saved output for Gen 5:7 to /Users/joshua/work/strong_number_embedding/sn_within_unv_selfgroup_segmentation/output/Gen/5/7
Processing complete.
[2025-11-24 23:45:38]     ✓ Successfully parsed: Gen 5:7
[2025-11-24 23:45:39]   Parsing Gen 5:8...
Processing Gen 5:8...
Successfully processed and saved output for Gen 5:8 to /Users/joshua/work/strong_number_embedding/sn_within_unv_selfgroup_segmentation/output/Gen/5/8
Processing complete.
[2025-11-24 23:45:39]     ✓ Successfully parsed: Gen 5:8
[2025-11-24 23:45:40]   Parsing Gen 5:9...
Processing Gen 5:9...
Successfully processed and saved output for Gen 5:9 to /Users/joshua/work/strong_number_embedding/sn_within_unv_selfgroup_segmentation/output/Gen/5/9
Processing complete.
[2025-11-24 23:45:40]     ✓ Successfully parsed: Gen 5:9
[2025-11-24 23:45:40]   Parsing Gen 5:10...
Processing Gen 5:10...
Successfully processed and saved output for Gen 5:10 to /Users/joshua/work/strong_number_embedding/sn_within_unv_selfgroup_segmentation/output/Gen/5/10
Processing complete.
[2025-11-24 23:45:41]     ✓ Successfully parsed: Gen 5:10
[2025-11-24 23:45:41]   Parsing Gen 5:11...
Processing Gen 5:11...
Successfully processed and saved output for Gen 5:11 to /Users/joshua/work/strong_number_embedding/sn_within_unv_selfgroup_segmentation/output/Gen/5/11
Processing complete.
[2025-11-24 23:45:41]     ✓ Successfully parsed: Gen 5:11
[2025-11-24 23:45:42]   Parsing Gen 5:12...
Processing Gen 5:12...
Successfully processed and saved output for Gen 5:12 to /Users/joshua/work/strong_number_embedding/sn_within_unv_selfgroup_segmentation/output/Gen/5/12
Processing complete.
[2025-11-24 23:45:42]     ✓ Successfully parsed: Gen 5:12
[2025-11-24 23:45:43]   Parsing Gen 5:13...
Processing Gen 5:13...
Successfully processed and saved output for Gen 5:13 to /Users/joshua/work/strong_number_embedding/sn_within_unv_selfgroup_segmentation/output/Gen/5/13
Processing complete.
[2025-11-24 23:45:43]     ✓ Successfully parsed: Gen 5:13
[2025-11-24 23:45:43]   Parsing Gen 5:14...
Processing Gen 5:14...
Successfully processed and saved output for Gen 5:14 to /Users/joshua/work/strong_number_embedding/sn_within_unv_selfgroup_segmentation/output/Gen/5/14
Processing complete.
[2025-11-24 23:45:44]     ✓ Successfully parsed: Gen 5:14
[2025-11-24 23:45:44]   Parsing Gen 5:15...
Processing Gen 5:15...
Successfully processed and saved output for Gen 5:15 to /Users/joshua/work/strong_number_embedding/sn_within_unv_selfgroup_segmentation/output/Gen/5/15
Processing complete.
[2025-11-24 23:45:44]     ✓ Successfully parsed: Gen 5:15
[2025-11-24 23:45:45]   Parsing Gen 5:16...
Processing Gen 5:16...
Successfully processed and saved output for Gen 5:16 to /Users/joshua/work/strong_number_embedding/sn_within_unv_selfgroup_segmentation/output/Gen/5/16
Processing complete.
[2025-11-24 23:45:45]     ✓ Successfully parsed: Gen 5:16
[2025-11-24 23:45:46]   Parsing Gen 5:17...
Processing Gen 5:17...
Successfully processed and saved output for Gen 5:17 to /Users/joshua/work/strong_number_embedding/sn_within_unv_selfgroup_segmentation/output/Gen/5/17
Processing complete.
[2025-11-24 23:45:46]     ✓ Successfully parsed: Gen 5:17
[2025-11-24 23:45:46]   Parsing Gen 5:18...
Processing Gen 5:18...
Successfully processed and saved output for Gen 5:18 to /Users/joshua/work/strong_number_embedding/sn_within_unv_selfgroup_segmentation/output/Gen/5/18
Processing complete.
[2025-11-24 23:45:47]     ✓ Successfully parsed: Gen 5:18
[2025-11-24 23:45:47]   Parsing Gen 5:19...
Processing Gen 5:19...
Successfully processed and saved output for Gen 5:19 to /Users/joshua/work/strong_number_embedding/sn_within_unv_selfgroup_segmentation/output/Gen/5/19
Processing complete.
[2025-11-24 23:45:47]     ✓ Successfully parsed: Gen 5:19
[2025-11-24 23:45:48]   Parsing Gen 5:20...
Processing Gen 5:20...
Successfully processed and saved output for Gen 5:20 to /Users/joshua/work/strong_number_embedding/sn_within_unv_selfgroup_segmentation/output/Gen/5/20
Processing complete.
[2025-11-24 23:45:48]     ✓ Successfully parsed: Gen 5:20
[2025-11-24 23:45:49]   Parsing Gen 5:21...
Processing Gen 5:21...
Successfully processed and saved output for Gen 5:21 to /Users/joshua/work/strong_number_embedding/sn_within_unv_selfgroup_segmentation/output/Gen/5/21
Processing complete.
[2025-11-24 23:45:49]     ✓ Successfully parsed: Gen 5:21
[2025-11-24 23:45:50]   Parsing Gen 5:22...
Processing Gen 5:22...
Successfully processed and saved output for Gen 5:22 to /Users/joshua/work/strong_number_embedding/sn_within_unv_selfgroup_segmentation/output/Gen/5/22
Processing complete.
[2025-11-24 23:45:50]     ✓ Successfully parsed: Gen 5:22
[2025-11-24 23:45:50]   Parsing Gen 5:23...
Processing Gen 5:23...
Successfully processed and saved output for Gen 5:23 to /Users/joshua/work/strong_number_embedding/sn_within_unv_selfgroup_segmentation/output/Gen/5/23
Processing complete.
[2025-11-24 23:45:51]     ✓ Successfully parsed: Gen 5:23
[2025-11-24 23:45:51]   Parsing Gen 5:24...
Processing Gen 5:24...
Successfully processed and saved output for Gen 5:24 to /Users/joshua/work/strong_number_embedding/sn_within_unv_selfgroup_segmentation/output/Gen/5/24
Processing complete.
[2025-11-24 23:45:51]     ✓ Successfully parsed: Gen 5:24
[2025-11-24 23:45:52]   Parsing Gen 5:25...
Processing Gen 5:25...
Successfully processed and saved output for Gen 5:25 to /Users/joshua/work/strong_number_embedding/sn_within_unv_selfgroup_segmentation/output/Gen/5/25
Processing complete.
[2025-11-24 23:45:52]     ✓ Successfully parsed: Gen 5:25
[2025-11-24 23:45:53]   Parsing Gen 5:26...
Processing Gen 5:26...
Successfully processed and saved output for Gen 5:26 to /Users/joshua/work/strong_number_embedding/sn_within_unv_selfgroup_segmentation/output/Gen/5/26
Processing complete.
[2025-11-24 23:45:53]     ✓ Successfully parsed: Gen 5:26
[2025-11-24 23:45:53]   Parsing Gen 5:27...
Processing Gen 5:27...
Successfully processed and saved output for Gen 5:27 to /Users/joshua/work/strong_number_embedding/sn_within_unv_selfgroup_segmentation/output/Gen/5/27
Processing complete.
[2025-11-24 23:45:53]     ✓ Successfully parsed: Gen 5:27
[2025-11-24 23:45:54]   Parsing Gen 5:28...
Processing Gen 5:28...
Successfully processed and saved output for Gen 5:28 to /Users/joshua/work/strong_number_embedding/sn_within_unv_selfgroup_segmentation/output/Gen/5/28
Processing complete.
[2025-11-24 23:45:54]     ✓ Successfully parsed: Gen 5:28
[2025-11-24 23:45:55]   Parsing Gen 5:29...
Processing Gen 5:29...
Successfully processed and saved output for Gen 5:29 to /Users/joshua/work/strong_number_embedding/sn_within_unv_selfgroup_segmentation/output/Gen/5/29
Processing complete.
[2025-11-24 23:45:55]     ✓ Successfully parsed: Gen 5:29
[2025-11-24 23:45:55]   Parsing Gen 5:30...
Processing Gen 5:30...
Successfully processed and saved output for Gen 5:30 to /Users/joshua/work/strong_number_embedding/sn_within_unv_selfgroup_segmentation/output/Gen/5/30
Processing complete.
[2025-11-24 23:45:56]     ✓ Successfully parsed: Gen 5:30
[2025-11-24 23:45:56]   Parsing Gen 5:31...
Processing Gen 5:31...
Successfully processed and saved output for Gen 5:31 to /Users/joshua/work/strong_number_embedding/sn_within_unv_selfgroup_segmentation/output/Gen/5/31
Processing complete.
[2025-11-24 23:45:56]     ✓ Successfully parsed: Gen 5:31
[2025-11-24 23:45:57]   Parsing Gen 5:32...
Processing Gen 5:32...
Successfully processed and saved output for Gen 5:32 to /Users/joshua/work/strong_number_embedding/sn_within_unv_selfgroup_segmentation/output/Gen/5/32
Processing complete.
[2025-11-24 23:45:57]     ✓ Successfully parsed: Gen 5:32
[2025-11-24 23:45:58]   Completed Gen chapter 5
[2025-11-24 23:45:58] Processing Gen chapter 6 (22 verses)...
[2025-11-24 23:45:58]   Parsing Gen 6:1...
Processing Gen 6:1...
Successfully processed and saved output for Gen 6:1 to /Users/joshua/work/strong_number_embedding/sn_within_unv_selfgroup_segmentation/output/Gen/6/1
Processing complete.
[2025-11-24 23:45:58]     ✓ Successfully parsed: Gen 6:1
[2025-11-24 23:45:58]   Parsing Gen 6:2...
Processing Gen 6:2...
Successfully processed and saved output for Gen 6:2 to /Users/joshua/work/strong_number_embedding/sn_within_unv_selfgroup_segmentation/output/Gen/6/2
Processing complete.
[2025-11-24 23:45:59]     ✓ Successfully parsed: Gen 6:2
[2025-11-24 23:45:59]   Parsing Gen 6:3...
Processing Gen 6:3...
Successfully processed and saved output for Gen 6:3 to /Users/joshua/work/strong_number_embedding/sn_within_unv_selfgroup_segmentation/output/Gen/6/3
Processing complete.
[2025-11-24 23:45:59]     ✓ Successfully parsed: Gen 6:3
[2025-11-24 23:46:00]   Parsing Gen 6:4...
Processing Gen 6:4...
Successfully processed and saved output for Gen 6:4 to /Users/joshua/work/strong_number_embedding/sn_within_unv_selfgroup_segmentation/output/Gen/6/4
Processing complete.
[2025-11-24 23:46:00]     ✓ Successfully parsed: Gen 6:4
[2025-11-24 23:46:01]   Parsing Gen 6:5...
Processing Gen 6:5...
Successfully processed and saved output for Gen 6:5 to /Users/joshua/work/strong_number_embedding/sn_within_unv_selfgroup_segmentation/output/Gen/6/5
Processing complete.
[2025-11-24 23:46:01]     ✓ Successfully parsed: Gen 6:5
[2025-11-24 23:46:01]   Parsing Gen 6:6...
Processing Gen 6:6...
Successfully processed and saved output for Gen 6:6 to /Users/joshua/work/strong_number_embedding/sn_within_unv_selfgroup_segmentation/output/Gen/6/6
Processing complete.
[2025-11-24 23:46:02]     ✓ Successfully parsed: Gen 6:6
[2025-11-24 23:46:02]   Parsing Gen 6:7...
Processing Gen 6:7...
Successfully processed and saved output for Gen 6:7 to /Users/joshua/work/strong_number_embedding/sn_within_unv_selfgroup_segmentation/output/Gen/6/7
Processing complete.
[2025-11-24 23:46:02]     ✓ Successfully parsed: Gen 6:7
[2025-11-24 23:46:03]   Parsing Gen 6:8...
Processing Gen 6:8...
Successfully processed and saved output for Gen 6:8 to /Users/joshua/work/strong_number_embedding/sn_within_unv_selfgroup_segmentation/output/Gen/6/8
Processing complete.
[2025-11-24 23:46:03]     ✓ Successfully parsed: Gen 6:8
[2025-11-24 23:46:04]   Parsing Gen 6:9...
Processing Gen 6:9...
Successfully processed and saved output for Gen 6:9 to /Users/joshua/work/strong_number_embedding/sn_within_unv_selfgroup_segmentation/output/Gen/6/9
Processing complete.
[2025-11-24 23:46:04]     ✓ Successfully parsed: Gen 6:9
[2025-11-24 23:46:04]   Parsing Gen 6:10...
Processing Gen 6:10...
Successfully processed and saved output for Gen 6:10 to /Users/joshua/work/strong_number_embedding/sn_within_unv_selfgroup_segmentation/output/Gen/6/10
Processing complete.
[2025-11-24 23:46:05]     ✓ Successfully parsed: Gen 6:10
[2025-11-24 23:46:05]   Parsing Gen 6:11...
Processing Gen 6:11...
Successfully processed and saved output for Gen 6:11 to /Users/joshua/work/strong_number_embedding/sn_within_unv_selfgroup_segmentation/output/Gen/6/11
Processing complete.
[2025-11-24 23:46:05]     ✓ Successfully parsed: Gen 6:11
[2025-11-24 23:46:06]   Parsing Gen 6:12...
Processing Gen 6:12...
Successfully processed and saved output for Gen 6:12 to /Users/joshua/work/strong_number_embedding/sn_within_unv_selfgroup_segmentation/output/Gen/6/12
Processing complete.
[2025-11-24 23:46:06]     ✓ Successfully parsed: Gen 6:12
[2025-11-24 23:46:07]   Parsing Gen 6:13...
Processing Gen 6:13...
Successfully processed and saved output for Gen 6:13 to /Users/joshua/work/strong_number_embedding/sn_within_unv_selfgroup_segmentation/output/Gen/6/13
Processing complete.
[2025-11-24 23:46:07]     ✓ Successfully parsed: Gen 6:13
[2025-11-24 23:46:07]   Parsing Gen 6:14...
Processing Gen 6:14...
Successfully processed and saved output for Gen 6:14 to /Users/joshua/work/strong_number_embedding/sn_within_unv_selfgroup_segmentation/output/Gen/6/14
Processing complete.
[2025-11-24 23:46:08]     ✓ Successfully parsed: Gen 6:14
[2025-11-24 23:46:08]   Parsing Gen 6:15...
Processing Gen 6:15...
Successfully processed and saved output for Gen 6:15 to /Users/joshua/work/strong_number_embedding/sn_within_unv_selfgroup_segmentation/output/Gen/6/15
Processing complete.
[2025-11-24 23:46:08]     ✓ Successfully parsed: Gen 6:15
[2025-11-24 23:46:09]   Parsing Gen 6:16...
Processing Gen 6:16...
Successfully processed and saved output for Gen 6:16 to /Users/joshua/work/strong_number_embedding/sn_within_unv_selfgroup_segmentation/output/Gen/6/16
Processing complete.
[2025-11-24 23:46:09]     ✓ Successfully parsed: Gen 6:16
[2025-11-24 23:46:10]   Parsing Gen 6:17...
Processing Gen 6:17...
Successfully processed and saved output for Gen 6:17 to /Users/joshua/work/strong_number_embedding/sn_within_unv_selfgroup_segmentation/output/Gen/6/17
Processing complete.
[2025-11-24 23:46:10]     ✓ Successfully parsed: Gen 6:17
[2025-11-24 23:46:10]   Parsing Gen 6:18...
Processing Gen 6:18...
Successfully processed and saved output for Gen 6:18 to /Users/joshua/work/strong_number_embedding/sn_within_unv_selfgroup_segmentation/output/Gen/6/18
Processing complete.
[2025-11-24 23:46:11]     ✓ Successfully parsed: Gen 6:18
[2025-11-24 23:46:11]   Parsing Gen 6:19...
Processing Gen 6:19...
Successfully processed and saved output for Gen 6:19 to /Users/joshua/work/strong_number_embedding/sn_within_unv_selfgroup_segmentation/output/Gen/6/19
Processing complete.
[2025-11-24 23:46:11]     ✓ Successfully parsed: Gen 6:19
[2025-11-24 23:46:12]   Parsing Gen 6:20...
Processing Gen 6:20...
Successfully processed and saved output for Gen 6:20 to /Users/joshua/work/strong_number_embedding/sn_within_unv_selfgroup_segmentation/output/Gen/6/20
Processing complete.
[2025-11-24 23:46:12]     ✓ Successfully parsed: Gen 6:20
[2025-11-24 23:46:13]   Parsing Gen 6:21...
Processing Gen 6:21...
Successfully processed and saved output for Gen 6:21 to /Users/joshua/work/strong_number_embedding/sn_within_unv_selfgroup_segmentation/output/Gen/6/21
Processing complete.
[2025-11-24 23:46:13]     ✓ Successfully parsed: Gen 6:21
[2025-11-24 23:46:13]   Parsing Gen 6:22...
Processing Gen 6:22...
Successfully processed and saved output for Gen 6:22 to /Users/joshua/work/strong_number_embedding/sn_within_unv_selfgroup_segmentation/output/Gen/6/22
Processing complete.
[2025-11-24 23:46:14]     ✓ Successfully parsed: Gen 6:22
[2025-11-24 23:46:14]   Completed Gen chapter 6
[2025-11-24 23:46:14] Processing Gen chapter 7 (24 verses)...
[2025-11-24 23:46:14]   Parsing Gen 7:1...
Processing Gen 7:1...
Successfully processed and saved output for Gen 7:1 to /Users/joshua/work/strong_number_embedding/sn_within_unv_selfgroup_segmentation/output/Gen/7/1
Processing complete.
[2025-11-24 23:46:14]     ✓ Successfully parsed: Gen 7:1
[2025-11-24 23:46:15]   Parsing Gen 7:2...
Processing Gen 7:2...
Successfully processed and saved output for Gen 7:2 to /Users/joshua/work/strong_number_embedding/sn_within_unv_selfgroup_segmentation/output/Gen/7/2
Processing complete.
[2025-11-24 23:46:15]     ✓ Successfully parsed: Gen 7:2
[2025-11-24 23:46:16]   Parsing Gen 7:3...
Processing Gen 7:3...
Successfully processed and saved output for Gen 7:3 to /Users/joshua/work/strong_number_embedding/sn_within_unv_selfgroup_segmentation/output/Gen/7/3
Processing complete.
[2025-11-24 23:46:16]     ✓ Successfully parsed: Gen 7:3
[2025-11-24 23:46:16]   Parsing Gen 7:4...
Processing Gen 7:4...
Successfully processed and saved output for Gen 7:4 to /Users/joshua/work/strong_number_embedding/sn_within_unv_selfgroup_segmentation/output/Gen/7/4
Processing complete.
[2025-11-24 23:46:17]     ✓ Successfully parsed: Gen 7:4
[2025-11-24 23:46:17]   Parsing Gen 7:5...
Processing Gen 7:5...
Successfully processed and saved output for Gen 7:5 to /Users/joshua/work/strong_number_embedding/sn_within_unv_selfgroup_segmentation/output/Gen/7/5
Processing complete.
[2025-11-24 23:46:17]     ✓ Successfully parsed: Gen 7:5
[2025-11-24 23:46:18]   Parsing Gen 7:6...
Processing Gen 7:6...
Successfully processed and saved output for Gen 7:6 to /Users/joshua/work/strong_number_embedding/sn_within_unv_selfgroup_segmentation/output/Gen/7/6
Processing complete.
[2025-11-24 23:46:18]     ✓ Successfully parsed: Gen 7:6
[2025-11-24 23:46:19]   Parsing Gen 7:7...
Processing Gen 7:7...
Successfully processed and saved output for Gen 7:7 to /Users/joshua/work/strong_number_embedding/sn_within_unv_selfgroup_segmentation/output/Gen/7/7
Processing complete.
[2025-11-24 23:46:19]     ✓ Successfully parsed: Gen 7:7
[2025-11-24 23:46:19]   Parsing Gen 7:8...
Processing Gen 7:8...
Successfully processed and saved output for Gen 7:8 to /Users/joshua/work/strong_number_embedding/sn_within_unv_selfgroup_segmentation/output/Gen/7/8
Processing complete.
[2025-11-24 23:46:20]     ✓ Successfully parsed: Gen 7:8
[2025-11-24 23:46:20]   Parsing Gen 7:9...
Processing Gen 7:9...
Successfully processed and saved output for Gen 7:9 to /Users/joshua/work/strong_number_embedding/sn_within_unv_selfgroup_segmentation/output/Gen/7/9
Processing complete.
[2025-11-24 23:46:20]     ✓ Successfully parsed: Gen 7:9
[2025-11-24 23:46:21]   Parsing Gen 7:10...
Processing Gen 7:10...
Successfully processed and saved output for Gen 7:10 to /Users/joshua/work/strong_number_embedding/sn_within_unv_selfgroup_segmentation/output/Gen/7/10
Processing complete.
[2025-11-24 23:46:21]     ✓ Successfully parsed: Gen 7:10
[2025-11-24 23:46:22]   Parsing Gen 7:11...
Processing Gen 7:11...
Successfully processed and saved output for Gen 7:11 to /Users/joshua/work/strong_number_embedding/sn_within_unv_selfgroup_segmentation/output/Gen/7/11
Processing complete.
[2025-11-24 23:46:22]     ✓ Successfully parsed: Gen 7:11
[2025-11-24 23:46:22]   Parsing Gen 7:12...
Processing Gen 7:12...
Successfully processed and saved output for Gen 7:12 to /Users/joshua/work/strong_number_embedding/sn_within_unv_selfgroup_segmentation/output/Gen/7/12
Processing complete.
[2025-11-24 23:46:22]     ✓ Successfully parsed: Gen 7:12
[2025-11-24 23:46:23]   Parsing Gen 7:13...
Processing Gen 7:13...
Successfully processed and saved output for Gen 7:13 to /Users/joshua/work/strong_number_embedding/sn_within_unv_selfgroup_segmentation/output/Gen/7/13
Processing complete.
[2025-11-24 23:46:23]     ✓ Successfully parsed: Gen 7:13
[2025-11-24 23:46:24]   Parsing Gen 7:14...
Processing Gen 7:14...
Successfully processed and saved output for Gen 7:14 to /Users/joshua/work/strong_number_embedding/sn_within_unv_selfgroup_segmentation/output/Gen/7/14
Processing complete.
[2025-11-24 23:46:24]     ✓ Successfully parsed: Gen 7:14
[2025-11-24 23:46:24]   Parsing Gen 7:15...
Processing Gen 7:15...
Successfully processed and saved output for Gen 7:15 to /Users/joshua/work/strong_number_embedding/sn_within_unv_selfgroup_segmentation/output/Gen/7/15
Processing complete.
[2025-11-24 23:46:25]     ✓ Successfully parsed: Gen 7:15
[2025-11-24 23:46:25]   Parsing Gen 7:16...
Processing Gen 7:16...
Successfully processed and saved output for Gen 7:16 to /Users/joshua/work/strong_number_embedding/sn_within_unv_selfgroup_segmentation/output/Gen/7/16
Processing complete.
[2025-11-24 23:46:25]     ✓ Successfully parsed: Gen 7:16
[2025-11-24 23:46:26]   Parsing Gen 7:17...
Processing Gen 7:17...
Successfully processed and saved output for Gen 7:17 to /Users/joshua/work/strong_number_embedding/sn_within_unv_selfgroup_segmentation/output/Gen/7/17
Processing complete.
[2025-11-24 23:46:26]     ✓ Successfully parsed: Gen 7:17
[2025-11-24 23:46:27]   Parsing Gen 7:18...
Processing Gen 7:18...
Successfully processed and saved output for Gen 7:18 to /Users/joshua/work/strong_number_embedding/sn_within_unv_selfgroup_segmentation/output/Gen/7/18
Processing complete.
[2025-11-24 23:46:27]     ✓ Successfully parsed: Gen 7:18
[2025-11-24 23:46:27]   Parsing Gen 7:19...
Processing Gen 7:19...
Successfully processed and saved output for Gen 7:19 to /Users/joshua/work/strong_number_embedding/sn_within_unv_selfgroup_segmentation/output/Gen/7/19
Processing complete.
[2025-11-24 23:46:28]     ✓ Successfully parsed: Gen 7:19
[2025-11-24 23:46:28]   Parsing Gen 7:20...
Processing Gen 7:20...
Successfully processed and saved output for Gen 7:20 to /Users/joshua/work/strong_number_embedding/sn_within_unv_selfgroup_segmentation/output/Gen/7/20
Processing complete.
[2025-11-24 23:46:28]     ✓ Successfully parsed: Gen 7:20
[2025-11-24 23:46:29]   Parsing Gen 7:21...
Processing Gen 7:21...
Successfully processed and saved output for Gen 7:21 to /Users/joshua/work/strong_number_embedding/sn_within_unv_selfgroup_segmentation/output/Gen/7/21
Processing complete.
[2025-11-24 23:46:29]     ✓ Successfully parsed: Gen 7:21
[2025-11-24 23:46:30]   Parsing Gen 7:22...
Processing Gen 7:22...
Successfully processed and saved output for Gen 7:22 to /Users/joshua/work/strong_number_embedding/sn_within_unv_selfgroup_segmentation/output/Gen/7/22
Processing complete.
[2025-11-24 23:46:30]     ✓ Successfully parsed: Gen 7:22
[2025-11-24 23:46:30]   Parsing Gen 7:23...
Processing Gen 7:23...
Successfully processed and saved output for Gen 7:23 to /Users/joshua/work/strong_number_embedding/sn_within_unv_selfgroup_segmentation/output/Gen/7/23
Processing complete.
[2025-11-24 23:46:31]     ✓ Successfully parsed: Gen 7:23
[2025-11-24 23:46:31]   Parsing Gen 7:24...
Processing Gen 7:24...
Successfully processed and saved output for Gen 7:24 to /Users/joshua/work/strong_number_embedding/sn_within_unv_selfgroup_segmentation/output/Gen/7/24
Processing complete.
[2025-11-24 23:46:31]     ✓ Successfully parsed: Gen 7:24
[2025-11-24 23:46:32]   Completed Gen chapter 7
[2025-11-24 23:46:32] Processing Gen chapter 8 (22 verses)...
[2025-11-24 23:46:32]   Parsing Gen 8:1...
Processing Gen 8:1...
Successfully processed and saved output for Gen 8:1 to /Users/joshua/work/strong_number_embedding/sn_within_unv_selfgroup_segmentation/output/Gen/8/1
Processing complete.
[2025-11-24 23:46:32]     ✓ Successfully parsed: Gen 8:1
[2025-11-24 23:46:33]   Parsing Gen 8:2...
Processing Gen 8:2...
Successfully processed and saved output for Gen 8:2 to /Users/joshua/work/strong_number_embedding/sn_within_unv_selfgroup_segmentation/output/Gen/8/2
Processing complete.
[2025-11-24 23:46:33]     ✓ Successfully parsed: Gen 8:2
[2025-11-24 23:46:33]   Parsing Gen 8:3...
Processing Gen 8:3...
Successfully processed and saved output for Gen 8:3 to /Users/joshua/work/strong_number_embedding/sn_within_unv_selfgroup_segmentation/output/Gen/8/3
Processing complete.
[2025-11-24 23:46:34]     ✓ Successfully parsed: Gen 8:3
[2025-11-24 23:46:34]   Parsing Gen 8:4...
Processing Gen 8:4...
Successfully processed and saved output for Gen 8:4 to /Users/joshua/work/strong_number_embedding/sn_within_unv_selfgroup_segmentation/output/Gen/8/4
Processing complete.
[2025-11-24 23:46:34]     ✓ Successfully parsed: Gen 8:4
[2025-11-24 23:46:35]   Parsing Gen 8:5...
Processing Gen 8:5...
Successfully processed and saved output for Gen 8:5 to /Users/joshua/work/strong_number_embedding/sn_within_unv_selfgroup_segmentation/output/Gen/8/5
Processing complete.
[2025-11-24 23:46:35]     ✓ Successfully parsed: Gen 8:5
[2025-11-24 23:46:36]   Parsing Gen 8:6...
Processing Gen 8:6...
Successfully processed and saved output for Gen 8:6 to /Users/joshua/work/strong_number_embedding/sn_within_unv_selfgroup_segmentation/output/Gen/8/6
Processing complete.
[2025-11-24 23:46:36]     ✓ Successfully parsed: Gen 8:6
[2025-11-24 23:46:36]   Parsing Gen 8:7...
Processing Gen 8:7...
Successfully processed and saved output for Gen 8:7 to /Users/joshua/work/strong_number_embedding/sn_within_unv_selfgroup_segmentation/output/Gen/8/7
Processing complete.
[2025-11-24 23:46:37]     ✓ Successfully parsed: Gen 8:7
[2025-11-24 23:46:37]   Parsing Gen 8:8...
Processing Gen 8:8...
Successfully processed and saved output for Gen 8:8 to /Users/joshua/work/strong_number_embedding/sn_within_unv_selfgroup_segmentation/output/Gen/8/8
Processing complete.
[2025-11-24 23:46:37]     ✓ Successfully parsed: Gen 8:8
[2025-11-24 23:46:38]   Parsing Gen 8:9...
Processing Gen 8:9...
Successfully processed and saved output for Gen 8:9 to /Users/joshua/work/strong_number_embedding/sn_within_unv_selfgroup_segmentation/output/Gen/8/9
Processing complete.
[2025-11-24 23:46:38]     ✓ Successfully parsed: Gen 8:9
[2025-11-24 23:46:39]   Parsing Gen 8:10...
Processing Gen 8:10...
Successfully processed and saved output for Gen 8:10 to /Users/joshua/work/strong_number_embedding/sn_within_unv_selfgroup_segmentation/output/Gen/8/10
Processing complete.
[2025-11-24 23:46:39]     ✓ Successfully parsed: Gen 8:10
[2025-11-24 23:46:39]   Parsing Gen 8:11...
Processing Gen 8:11...
Successfully processed and saved output for Gen 8:11 to /Users/joshua/work/strong_number_embedding/sn_within_unv_selfgroup_segmentation/output/Gen/8/11
Processing complete.
[2025-11-24 23:46:40]     ✓ Successfully parsed: Gen 8:11
[2025-11-24 23:46:40]   Parsing Gen 8:12...
Processing Gen 8:12...
Successfully processed and saved output for Gen 8:12 to /Users/joshua/work/strong_number_embedding/sn_within_unv_selfgroup_segmentation/output/Gen/8/12
Processing complete.
[2025-11-24 23:46:40]     ✓ Successfully parsed: Gen 8:12
[2025-11-24 23:46:41]   Parsing Gen 8:13...
Processing Gen 8:13...
Successfully processed and saved output for Gen 8:13 to /Users/joshua/work/strong_number_embedding/sn_within_unv_selfgroup_segmentation/output/Gen/8/13
Processing complete.
[2025-11-24 23:46:41]     ✓ Successfully parsed: Gen 8:13
[2025-11-24 23:46:42]   Parsing Gen 8:14...
Processing Gen 8:14...
Successfully processed and saved output for Gen 8:14 to /Users/joshua/work/strong_number_embedding/sn_within_unv_selfgroup_segmentation/output/Gen/8/14
Processing complete.
[2025-11-24 23:46:42]     ✓ Successfully parsed: Gen 8:14
[2025-11-24 23:46:42]   Parsing Gen 8:15...
Processing Gen 8:15...
Successfully processed and saved output for Gen 8:15 to /Users/joshua/work/strong_number_embedding/sn_within_unv_selfgroup_segmentation/output/Gen/8/15
Processing complete.
[2025-11-24 23:46:42]     ✓ Successfully parsed: Gen 8:15
[2025-11-24 23:46:43]   Parsing Gen 8:16...
Processing Gen 8:16...
Successfully processed and saved output for Gen 8:16 to /Users/joshua/work/strong_number_embedding/sn_within_unv_selfgroup_segmentation/output/Gen/8/16
Processing complete.
[2025-11-24 23:46:43]     ✓ Successfully parsed: Gen 8:16
[2025-11-24 23:46:44]   Parsing Gen 8:17...
Processing Gen 8:17...
Successfully processed and saved output for Gen 8:17 to /Users/joshua/work/strong_number_embedding/sn_within_unv_selfgroup_segmentation/output/Gen/8/17
Processing complete.
[2025-11-24 23:46:44]     ✓ Successfully parsed: Gen 8:17
[2025-11-24 23:46:44]   Parsing Gen 8:18...
Processing Gen 8:18...
Successfully processed and saved output for Gen 8:18 to /Users/joshua/work/strong_number_embedding/sn_within_unv_selfgroup_segmentation/output/Gen/8/18
Processing complete.
[2025-11-24 23:46:45]     ✓ Successfully parsed: Gen 8:18
[2025-11-24 23:46:45]   Parsing Gen 8:19...
Processing Gen 8:19...
Successfully processed and saved output for Gen 8:19 to /Users/joshua/work/strong_number_embedding/sn_within_unv_selfgroup_segmentation/output/Gen/8/19
Processing complete.
[2025-11-24 23:46:45]     ✓ Successfully parsed: Gen 8:19
[2025-11-24 23:46:46]   Parsing Gen 8:20...
Processing Gen 8:20...
Successfully processed and saved output for Gen 8:20 to /Users/joshua/work/strong_number_embedding/sn_within_unv_selfgroup_segmentation/output/Gen/8/20
Processing complete.
[2025-11-24 23:46:46]     ✓ Successfully parsed: Gen 8:20
[2025-11-24 23:46:47]   Parsing Gen 8:21...
Processing Gen 8:21...
Successfully processed and saved output for Gen 8:21 to /Users/joshua/work/strong_number_embedding/sn_within_unv_selfgroup_segmentation/output/Gen/8/21
Processing complete.
[2025-11-24 23:46:47]     ✓ Successfully parsed: Gen 8:21
[2025-11-24 23:46:47]   Parsing Gen 8:22...
Processing Gen 8:22...
Successfully processed and saved output for Gen 8:22 to /Users/joshua/work/strong_number_embedding/sn_within_unv_selfgroup_segmentation/output/Gen/8/22
Processing complete.
[2025-11-24 23:46:48]     ✓ Successfully parsed: Gen 8:22
[2025-11-24 23:46:48]   Completed Gen chapter 8
[2025-11-24 23:46:48] Processing Gen chapter 9 (29 verses)...
[2025-11-24 23:46:48]   Parsing Gen 9:1...
Processing Gen 9:1...
Successfully processed and saved output for Gen 9:1 to /Users/joshua/work/strong_number_embedding/sn_within_unv_selfgroup_segmentation/output/Gen/9/1
Processing complete.
[2025-11-24 23:46:48]     ✓ Successfully parsed: Gen 9:1
[2025-11-24 23:46:49]   Parsing Gen 9:2...
Processing Gen 9:2...
Successfully processed and saved output for Gen 9:2 to /Users/joshua/work/strong_number_embedding/sn_within_unv_selfgroup_segmentation/output/Gen/9/2
Processing complete.
[2025-11-24 23:46:49]     ✓ Successfully parsed: Gen 9:2
[2025-11-24 23:46:50]   Parsing Gen 9:3...
Processing Gen 9:3...
Successfully processed and saved output for Gen 9:3 to /Users/joshua/work/strong_number_embedding/sn_within_unv_selfgroup_segmentation/output/Gen/9/3
Processing complete.
[2025-11-24 23:46:50]     ✓ Successfully parsed: Gen 9:3
[2025-11-24 23:46:50]   Parsing Gen 9:4...
Processing Gen 9:4...
Successfully processed and saved output for Gen 9:4 to /Users/joshua/work/strong_number_embedding/sn_within_unv_selfgroup_segmentation/output/Gen/9/4
Processing complete.
[2025-11-24 23:46:51]     ✓ Successfully parsed: Gen 9:4
[2025-11-24 23:46:51]   Parsing Gen 9:5...
Processing Gen 9:5...
Successfully processed and saved output for Gen 9:5 to /Users/joshua/work/strong_number_embedding/sn_within_unv_selfgroup_segmentation/output/Gen/9/5
Processing complete.
[2025-11-24 23:46:51]     ✓ Successfully parsed: Gen 9:5
[2025-11-24 23:46:52]   Parsing Gen 9:6...
Processing Gen 9:6...
Successfully processed and saved output for Gen 9:6 to /Users/joshua/work/strong_number_embedding/sn_within_unv_selfgroup_segmentation/output/Gen/9/6
Processing complete.
[2025-11-24 23:46:52]     ✓ Successfully parsed: Gen 9:6
[2025-11-24 23:46:53]   Parsing Gen 9:7...
Processing Gen 9:7...
Successfully processed and saved output for Gen 9:7 to /Users/joshua/work/strong_number_embedding/sn_within_unv_selfgroup_segmentation/output/Gen/9/7
Processing complete.
[2025-11-24 23:46:53]     ✓ Successfully parsed: Gen 9:7
[2025-11-24 23:46:53]   Parsing Gen 9:8...
Processing Gen 9:8...
Successfully processed and saved output for Gen 9:8 to /Users/joshua/work/strong_number_embedding/sn_within_unv_selfgroup_segmentation/output/Gen/9/8
Processing complete.
[2025-11-24 23:46:54]     ✓ Successfully parsed: Gen 9:8
[2025-11-24 23:46:54]   Parsing Gen 9:9...
Processing Gen 9:9...
Successfully processed and saved output for Gen 9:9 to /Users/joshua/work/strong_number_embedding/sn_within_unv_selfgroup_segmentation/output/Gen/9/9
Processing complete.
[2025-11-24 23:46:54]     ✓ Successfully parsed: Gen 9:9
[2025-11-24 23:46:55]   Parsing Gen 9:10...
Processing Gen 9:10...
Successfully processed and saved output for Gen 9:10 to /Users/joshua/work/strong_number_embedding/sn_within_unv_selfgroup_segmentation/output/Gen/9/10
Processing complete.
[2025-11-24 23:46:55]     ✓ Successfully parsed: Gen 9:10
[2025-11-24 23:46:56]   Parsing Gen 9:11...
Processing Gen 9:11...
Successfully processed and saved output for Gen 9:11 to /Users/joshua/work/strong_number_embedding/sn_within_unv_selfgroup_segmentation/output/Gen/9/11
Processing complete.
[2025-11-24 23:46:56]     ✓ Successfully parsed: Gen 9:11
[2025-11-24 23:46:56]   Parsing Gen 9:12...
Processing Gen 9:12...
Successfully processed and saved output for Gen 9:12 to /Users/joshua/work/strong_number_embedding/sn_within_unv_selfgroup_segmentation/output/Gen/9/12
Processing complete.
[2025-11-24 23:46:57]     ✓ Successfully parsed: Gen 9:12
[2025-11-24 23:46:57]   Parsing Gen 9:13...
Processing Gen 9:13...
Successfully processed and saved output for Gen 9:13 to /Users/joshua/work/strong_number_embedding/sn_within_unv_selfgroup_segmentation/output/Gen/9/13
Processing complete.
[2025-11-24 23:46:57]     ✓ Successfully parsed: Gen 9:13
[2025-11-24 23:46:58]   Parsing Gen 9:14...
Processing Gen 9:14...
Successfully processed and saved output for Gen 9:14 to /Users/joshua/work/strong_number_embedding/sn_within_unv_selfgroup_segmentation/output/Gen/9/14
Processing complete.
[2025-11-24 23:46:58]     ✓ Successfully parsed: Gen 9:14
[2025-11-24 23:46:59]   Parsing Gen 9:15...
Processing Gen 9:15...
Successfully processed and saved output for Gen 9:15 to /Users/joshua/work/strong_number_embedding/sn_within_unv_selfgroup_segmentation/output/Gen/9/15
Processing complete.
[2025-11-24 23:46:59]     ✓ Successfully parsed: Gen 9:15
[2025-11-24 23:46:59]   Parsing Gen 9:16...
Processing Gen 9:16...
Successfully processed and saved output for Gen 9:16 to /Users/joshua/work/strong_number_embedding/sn_within_unv_selfgroup_segmentation/output/Gen/9/16
Processing complete.
[2025-11-24 23:47:00]     ✓ Successfully parsed: Gen 9:16
[2025-11-24 23:47:00]   Parsing Gen 9:17...
Processing Gen 9:17...
Successfully processed and saved output for Gen 9:17 to /Users/joshua/work/strong_number_embedding/sn_within_unv_selfgroup_segmentation/output/Gen/9/17
Processing complete.
[2025-11-24 23:47:00]     ✓ Successfully parsed: Gen 9:17
[2025-11-24 23:47:01]   Parsing Gen 9:18...
Processing Gen 9:18...
Successfully processed and saved output for Gen 9:18 to /Users/joshua/work/strong_number_embedding/sn_within_unv_selfgroup_segmentation/output/Gen/9/18
Processing complete.
[2025-11-24 23:47:01]     ✓ Successfully parsed: Gen 9:18
[2025-11-24 23:47:02]   Parsing Gen 9:19...
Processing Gen 9:19...
Successfully processed and saved output for Gen 9:19 to /Users/joshua/work/strong_number_embedding/sn_within_unv_selfgroup_segmentation/output/Gen/9/19
Processing complete.
[2025-11-24 23:47:02]     ✓ Successfully parsed: Gen 9:19
[2025-11-24 23:47:02]   Parsing Gen 9:20...
Processing Gen 9:20...
Successfully processed and saved output for Gen 9:20 to /Users/joshua/work/strong_number_embedding/sn_within_unv_selfgroup_segmentation/output/Gen/9/20
Processing complete.
[2025-11-24 23:47:03]     ✓ Successfully parsed: Gen 9:20
[2025-11-24 23:47:03]   Parsing Gen 9:21...
Processing Gen 9:21...
Successfully processed and saved output for Gen 9:21 to /Users/joshua/work/strong_number_embedding/sn_within_unv_selfgroup_segmentation/output/Gen/9/21
Processing complete.
[2025-11-24 23:47:03]     ✓ Successfully parsed: Gen 9:21
[2025-11-24 23:47:04]   Parsing Gen 9:22...
Processing Gen 9:22...
Successfully processed and saved output for Gen 9:22 to /Users/joshua/work/strong_number_embedding/sn_within_unv_selfgroup_segmentation/output/Gen/9/22
Processing complete.
[2025-11-24 23:47:04]     ✓ Successfully parsed: Gen 9:22
[2025-11-24 23:47:05]   Parsing Gen 9:23...
Processing Gen 9:23...
Successfully processed and saved output for Gen 9:23 to /Users/joshua/work/strong_number_embedding/sn_within_unv_selfgroup_segmentation/output/Gen/9/23
Processing complete.
[2025-11-24 23:47:05]     ✓ Successfully parsed: Gen 9:23
[2025-11-24 23:47:05]   Parsing Gen 9:24...
Processing Gen 9:24...
Successfully processed and saved output for Gen 9:24 to /Users/joshua/work/strong_number_embedding/sn_within_unv_selfgroup_segmentation/output/Gen/9/24
Processing complete.
[2025-11-24 23:47:05]     ✓ Successfully parsed: Gen 9:24
[2025-11-24 23:47:06]   Parsing Gen 9:25...
Processing Gen 9:25...
Successfully processed and saved output for Gen 9:25 to /Users/joshua/work/strong_number_embedding/sn_within_unv_selfgroup_segmentation/output/Gen/9/25
Processing complete.
[2025-11-24 23:47:06]     ✓ Successfully parsed: Gen 9:25
[2025-11-24 23:47:07]   Parsing Gen 9:26...
Processing Gen 9:26...
Successfully processed and saved output for Gen 9:26 to /Users/joshua/work/strong_number_embedding/sn_within_unv_selfgroup_segmentation/output/Gen/9/26
Processing complete.
[2025-11-24 23:47:07]     ✓ Successfully parsed: Gen 9:26
[2025-11-24 23:47:07]   Parsing Gen 9:27...
Processing Gen 9:27...
Successfully processed and saved output for Gen 9:27 to /Users/joshua/work/strong_number_embedding/sn_within_unv_selfgroup_segmentation/output/Gen/9/27
Processing complete.
[2025-11-24 23:47:08]     ✓ Successfully parsed: Gen 9:27
[2025-11-24 23:47:08]   Parsing Gen 9:28...
Processing Gen 9:28...
Successfully processed and saved output for Gen 9:28 to /Users/joshua/work/strong_number_embedding/sn_within_unv_selfgroup_segmentation/output/Gen/9/28
Processing complete.
[2025-11-24 23:47:09]     ✓ Successfully parsed: Gen 9:28
[2025-11-24 23:47:09]   Parsing Gen 9:29...
Processing Gen 9:29...
Successfully processed and saved output for Gen 9:29 to /Users/joshua/work/strong_number_embedding/sn_within_unv_selfgroup_segmentation/output/Gen/9/29
Processing complete.
[2025-11-24 23:47:09]     ✓ Successfully parsed: Gen 9:29
[2025-11-24 23:47:10]   Completed Gen chapter 9
[2025-11-24 23:47:10] Processing Gen chapter 10 (32 verses)...
[2025-11-24 23:47:10]   Parsing Gen 10:1...
Processing Gen 10:1...
Successfully processed and saved output for Gen 10:1 to /Users/joshua/work/strong_number_embedding/sn_within_unv_selfgroup_segmentation/output/Gen/10/1
Processing complete.
[2025-11-24 23:47:10]     ✓ Successfully parsed: Gen 10:1
[2025-11-24 23:47:11]   Parsing Gen 10:2...
Processing Gen 10:2...
Successfully processed and saved output for Gen 10:2 to /Users/joshua/work/strong_number_embedding/sn_within_unv_selfgroup_segmentation/output/Gen/10/2
Processing complete.
[2025-11-24 23:47:11]     ✓ Successfully parsed: Gen 10:2
[2025-11-24 23:47:11]   Parsing Gen 10:3...
Processing Gen 10:3...
Successfully processed and saved output for Gen 10:3 to /Users/joshua/work/strong_number_embedding/sn_within_unv_selfgroup_segmentation/output/Gen/10/3
Processing complete.
[2025-11-24 23:47:12]     ✓ Successfully parsed: Gen 10:3
[2025-11-24 23:47:12]   Parsing Gen 10:4...
Processing Gen 10:4...
Successfully processed and saved output for Gen 10:4 to /Users/joshua/work/strong_number_embedding/sn_within_unv_selfgroup_segmentation/output/Gen/10/4
Processing complete.
[2025-11-24 23:47:12]     ✓ Successfully parsed: Gen 10:4
[2025-11-24 23:47:13]   Parsing Gen 10:5...
Processing Gen 10:5...
Successfully processed and saved output for Gen 10:5 to /Users/joshua/work/strong_number_embedding/sn_within_unv_selfgroup_segmentation/output/Gen/10/5
Processing complete.
[2025-11-24 23:47:13]     ✓ Successfully parsed: Gen 10:5
[2025-11-24 23:47:14]   Parsing Gen 10:6...
Processing Gen 10:6...
Successfully processed and saved output for Gen 10:6 to /Users/joshua/work/strong_number_embedding/sn_within_unv_selfgroup_segmentation/output/Gen/10/6
Processing complete.
[2025-11-24 23:47:14]     ✓ Successfully parsed: Gen 10:6
[2025-11-24 23:47:14]   Parsing Gen 10:7...
Processing Gen 10:7...
Successfully processed and saved output for Gen 10:7 to /Users/joshua/work/strong_number_embedding/sn_within_unv_selfgroup_segmentation/output/Gen/10/7
Processing complete.
[2025-11-24 23:47:14]     ✓ Successfully parsed: Gen 10:7
[2025-11-24 23:47:15]   Parsing Gen 10:8...
Processing Gen 10:8...
Successfully processed and saved output for Gen 10:8 to /Users/joshua/work/strong_number_embedding/sn_within_unv_selfgroup_segmentation/output/Gen/10/8
Processing complete.
[2025-11-24 23:47:15]     ✓ Successfully parsed: Gen 10:8
[2025-11-24 23:47:16]   Parsing Gen 10:9...
Processing Gen 10:9...
Successfully processed and saved output for Gen 10:9 to /Users/joshua/work/strong_number_embedding/sn_within_unv_selfgroup_segmentation/output/Gen/10/9
Processing complete.
[2025-11-24 23:47:16]     ✓ Successfully parsed: Gen 10:9
[2025-11-24 23:47:16]   Parsing Gen 10:10...
Processing Gen 10:10...
Successfully processed and saved output for Gen 10:10 to /Users/joshua/work/strong_number_embedding/sn_within_unv_selfgroup_segmentation/output/Gen/10/10
Processing complete.
[2025-11-24 23:47:17]     ✓ Successfully parsed: Gen 10:10
[2025-11-24 23:47:17]   Parsing Gen 10:11...
Processing Gen 10:11...
Successfully processed and saved output for Gen 10:11 to /Users/joshua/work/strong_number_embedding/sn_within_unv_selfgroup_segmentation/output/Gen/10/11
Processing complete.
[2025-11-24 23:47:17]     ✓ Successfully parsed: Gen 10:11
[2025-11-24 23:47:18]   Parsing Gen 10:12...
Processing Gen 10:12...
Successfully processed and saved output for Gen 10:12 to /Users/joshua/work/strong_number_embedding/sn_within_unv_selfgroup_segmentation/output/Gen/10/12
Processing complete.
[2025-11-24 23:47:18]     ✓ Successfully parsed: Gen 10:12
[2025-11-24 23:47:19]   Parsing Gen 10:13...
Processing Gen 10:13...
Successfully processed and saved output for Gen 10:13 to /Users/joshua/work/strong_number_embedding/sn_within_unv_selfgroup_segmentation/output/Gen/10/13
Processing complete.
[2025-11-24 23:47:19]     ✓ Successfully parsed: Gen 10:13
[2025-11-24 23:47:19]   Parsing Gen 10:14...
Processing Gen 10:14...
Successfully processed and saved output for Gen 10:14 to /Users/joshua/work/strong_number_embedding/sn_within_unv_selfgroup_segmentation/output/Gen/10/14
Processing complete.
[2025-11-24 23:47:20]     ✓ Successfully parsed: Gen 10:14
[2025-11-24 23:47:20]   Parsing Gen 10:15...
Processing Gen 10:15...
Successfully processed and saved output for Gen 10:15 to /Users/joshua/work/strong_number_embedding/sn_within_unv_selfgroup_segmentation/output/Gen/10/15
Processing complete.
[2025-11-24 23:47:20]     ✓ Successfully parsed: Gen 10:15
[2025-11-24 23:47:21]   Parsing Gen 10:16...
Processing Gen 10:16...
Successfully processed and saved output for Gen 10:16 to /Users/joshua/work/strong_number_embedding/sn_within_unv_selfgroup_segmentation/output/Gen/10/16
Processing complete.
[2025-11-24 23:47:21]     ✓ Successfully parsed: Gen 10:16
[2025-11-24 23:47:22]   Parsing Gen 10:17...
Processing Gen 10:17...
Successfully processed and saved output for Gen 10:17 to /Users/joshua/work/strong_number_embedding/sn_within_unv_selfgroup_segmentation/output/Gen/10/17
Processing complete.
[2025-11-24 23:47:22]     ✓ Successfully parsed: Gen 10:17
[2025-11-24 23:47:23]   Parsing Gen 10:18...
Processing Gen 10:18...
Successfully processed and saved output for Gen 10:18 to /Users/joshua/work/strong_number_embedding/sn_within_unv_selfgroup_segmentation/output/Gen/10/18
Processing complete.
[2025-11-24 23:47:23]     ✓ Successfully parsed: Gen 10:18
[2025-11-24 23:47:23]   Parsing Gen 10:19...
Processing Gen 10:19...
Successfully processed and saved output for Gen 10:19 to /Users/joshua/work/strong_number_embedding/sn_within_unv_selfgroup_segmentation/output/Gen/10/19
Processing complete.
[2025-11-24 23:47:24]     ✓ Successfully parsed: Gen 10:19
[2025-11-24 23:47:24]   Parsing Gen 10:20...
Processing Gen 10:20...
Successfully processed and saved output for Gen 10:20 to /Users/joshua/work/strong_number_embedding/sn_within_unv_selfgroup_segmentation/output/Gen/10/20
Processing complete.
[2025-11-24 23:47:24]     ✓ Successfully parsed: Gen 10:20
[2025-11-24 23:47:25]   Parsing Gen 10:21...
Processing Gen 10:21...
Successfully processed and saved output for Gen 10:21 to /Users/joshua/work/strong_number_embedding/sn_within_unv_selfgroup_segmentation/output/Gen/10/21
Processing complete.
[2025-11-24 23:47:25]     ✓ Successfully parsed: Gen 10:21
[2025-11-24 23:47:26]   Parsing Gen 10:22...
Processing Gen 10:22...
Successfully processed and saved output for Gen 10:22 to /Users/joshua/work/strong_number_embedding/sn_within_unv_selfgroup_segmentation/output/Gen/10/22
Processing complete.
[2025-11-24 23:47:26]     ✓ Successfully parsed: Gen 10:22
[2025-11-24 23:47:26]   Parsing Gen 10:23...
Processing Gen 10:23...
Successfully processed and saved output for Gen 10:23 to /Users/joshua/work/strong_number_embedding/sn_within_unv_selfgroup_segmentation/output/Gen/10/23
Processing complete.
[2025-11-24 23:47:27]     ✓ Successfully parsed: Gen 10:23
[2025-11-24 23:47:27]   Parsing Gen 10:24...
Processing Gen 10:24...
Successfully processed and saved output for Gen 10:24 to /Users/joshua/work/strong_number_embedding/sn_within_unv_selfgroup_segmentation/output/Gen/10/24
Processing complete.
[2025-11-24 23:47:27]     ✓ Successfully parsed: Gen 10:24
[2025-11-24 23:47:28]   Parsing Gen 10:25...
Processing Gen 10:25...
Successfully processed and saved output for Gen 10:25 to /Users/joshua/work/strong_number_embedding/sn_within_unv_selfgroup_segmentation/output/Gen/10/25
Processing complete.
[2025-11-24 23:47:28]     ✓ Successfully parsed: Gen 10:25
[2025-11-24 23:47:29]   Parsing Gen 10:26...
Processing Gen 10:26...
Successfully processed and saved output for Gen 10:26 to /Users/joshua/work/strong_number_embedding/sn_within_unv_selfgroup_segmentation/output/Gen/10/26
Processing complete.
[2025-11-24 23:47:29]     ✓ Successfully parsed: Gen 10:26
[2025-11-24 23:47:29]   Parsing Gen 10:27...
Processing Gen 10:27...
Successfully processed and saved output for Gen 10:27 to /Users/joshua/work/strong_number_embedding/sn_within_unv_selfgroup_segmentation/output/Gen/10/27
Processing complete.
[2025-11-24 23:47:30]     ✓ Successfully parsed: Gen 10:27
[2025-11-24 23:47:30]   Parsing Gen 10:28...
Processing Gen 10:28...
Successfully processed and saved output for Gen 10:28 to /Users/joshua/work/strong_number_embedding/sn_within_unv_selfgroup_segmentation/output/Gen/10/28
Processing complete.
[2025-11-24 23:47:30]     ✓ Successfully parsed: Gen 10:28
[2025-11-24 23:47:31]   Parsing Gen 10:29...
Processing Gen 10:29...
Successfully processed and saved output for Gen 10:29 to /Users/joshua/work/strong_number_embedding/sn_within_unv_selfgroup_segmentation/output/Gen/10/29
Processing complete.
[2025-11-24 23:47:31]     ✓ Successfully parsed: Gen 10:29
[2025-11-24 23:47:32]   Parsing Gen 10:30...
Processing Gen 10:30...
Successfully processed and saved output for Gen 10:30 to /Users/joshua/work/strong_number_embedding/sn_within_unv_selfgroup_segmentation/output/Gen/10/30
Processing complete.
[2025-11-24 23:47:32]     ✓ Successfully parsed: Gen 10:30
[2025-11-24 23:47:32]   Parsing Gen 10:31...
Processing Gen 10:31...
Successfully processed and saved output for Gen 10:31 to /Users/joshua/work/strong_number_embedding/sn_within_unv_selfgroup_segmentation/output/Gen/10/31
Processing complete.
[2025-11-24 23:47:33]     ✓ Successfully parsed: Gen 10:31
[2025-11-24 23:47:33]   Parsing Gen 10:32...
Processing Gen 10:32...
Successfully processed and saved output for Gen 10:32 to /Users/joshua/work/strong_number_embedding/sn_within_unv_selfgroup_segmentation/output/Gen/10/32
Processing complete.
[2025-11-24 23:47:33]     ✓ Successfully parsed: Gen 10:32
[2025-11-24 23:47:34]   Completed Gen chapter 10
[2025-11-24 23:47:34] Processing Gen chapter 11 (32 verses)...
[2025-11-24 23:47:34]   Parsing Gen 11:1...
Processing Gen 11:1...
Successfully processed and saved output for Gen 11:1 to /Users/joshua/work/strong_number_embedding/sn_within_unv_selfgroup_segmentation/output/Gen/11/1
Processing complete.
[2025-11-24 23:47:34]     ✓ Successfully parsed: Gen 11:1
[2025-11-24 23:47:34]   Parsing Gen 11:2...
Processing Gen 11:2...
Successfully processed and saved output for Gen 11:2 to /Users/joshua/work/strong_number_embedding/sn_within_unv_selfgroup_segmentation/output/Gen/11/2
Processing complete.
[2025-11-24 23:47:35]     ✓ Successfully parsed: Gen 11:2
[2025-11-24 23:47:35]   Parsing Gen 11:3...
Processing Gen 11:3...
Successfully processed and saved output for Gen 11:3 to /Users/joshua/work/strong_number_embedding/sn_within_unv_selfgroup_segmentation/output/Gen/11/3
Processing complete.
[2025-11-24 23:47:35]     ✓ Successfully parsed: Gen 11:3
[2025-11-24 23:47:36]   Parsing Gen 11:4...
Processing Gen 11:4...
Successfully processed and saved output for Gen 11:4 to /Users/joshua/work/strong_number_embedding/sn_within_unv_selfgroup_segmentation/output/Gen/11/4
Processing complete.
[2025-11-24 23:47:36]     ✓ Successfully parsed: Gen 11:4
[2025-11-24 23:47:37]   Parsing Gen 11:5...
Processing Gen 11:5...
Successfully processed and saved output for Gen 11:5 to /Users/joshua/work/strong_number_embedding/sn_within_unv_selfgroup_segmentation/output/Gen/11/5
Processing complete.
[2025-11-24 23:47:37]     ✓ Successfully parsed: Gen 11:5
[2025-11-24 23:47:37]   Parsing Gen 11:6...
Processing Gen 11:6...
Successfully processed and saved output for Gen 11:6 to /Users/joshua/work/strong_number_embedding/sn_within_unv_selfgroup_segmentation/output/Gen/11/6
Processing complete.
[2025-11-24 23:47:38]     ✓ Successfully parsed: Gen 11:6
[2025-11-24 23:47:38]   Parsing Gen 11:7...
Processing Gen 11:7...
Successfully processed and saved output for Gen 11:7 to /Users/joshua/work/strong_number_embedding/sn_within_unv_selfgroup_segmentation/output/Gen/11/7
Processing complete.
[2025-11-24 23:47:39]     ✓ Successfully parsed: Gen 11:7
[2025-11-24 23:47:39]   Parsing Gen 11:8...
Processing Gen 11:8...
Successfully processed and saved output for Gen 11:8 to /Users/joshua/work/strong_number_embedding/sn_within_unv_selfgroup_segmentation/output/Gen/11/8
Processing complete.
[2025-11-24 23:47:39]     ✓ Successfully parsed: Gen 11:8
[2025-11-24 23:47:40]   Parsing Gen 11:9...
Processing Gen 11:9...
Successfully processed and saved output for Gen 11:9 to /Users/joshua/work/strong_number_embedding/sn_within_unv_selfgroup_segmentation/output/Gen/11/9
Processing complete.
[2025-11-24 23:47:40]     ✓ Successfully parsed: Gen 11:9
[2025-11-24 23:47:41]   Parsing Gen 11:10...
Processing Gen 11:10...
Successfully processed and saved output for Gen 11:10 to /Users/joshua/work/strong_number_embedding/sn_within_unv_selfgroup_segmentation/output/Gen/11/10
Processing complete.
[2025-11-24 23:47:41]     ✓ Successfully parsed: Gen 11:10
[2025-11-24 23:47:41]   Parsing Gen 11:11...
Processing Gen 11:11...
Successfully processed and saved output for Gen 11:11 to /Users/joshua/work/strong_number_embedding/sn_within_unv_selfgroup_segmentation/output/Gen/11/11
Processing complete.
[2025-11-24 23:47:42]     ✓ Successfully parsed: Gen 11:11
[2025-11-24 23:47:42]   Parsing Gen 11:12...
Processing Gen 11:12...
Successfully processed and saved output for Gen 11:12 to /Users/joshua/work/strong_number_embedding/sn_within_unv_selfgroup_segmentation/output/Gen/11/12
Processing complete.
[2025-11-24 23:47:42]     ✓ Successfully parsed: Gen 11:12
[2025-11-24 23:47:43]   Parsing Gen 11:13...
Processing Gen 11:13...
Successfully processed and saved output for Gen 11:13 to /Users/joshua/work/strong_number_embedding/sn_within_unv_selfgroup_segmentation/output/Gen/11/13
Processing complete.
[2025-11-24 23:47:43]     ✓ Successfully parsed: Gen 11:13
[2025-11-24 23:47:44]   Parsing Gen 11:14...
Processing Gen 11:14...
Successfully processed and saved output for Gen 11:14 to /Users/joshua/work/strong_number_embedding/sn_within_unv_selfgroup_segmentation/output/Gen/11/14
Processing complete.
[2025-11-24 23:47:44]     ✓ Successfully parsed: Gen 11:14
[2025-11-24 23:47:44]   Parsing Gen 11:15...
Processing Gen 11:15...
Successfully processed and saved output for Gen 11:15 to /Users/joshua/work/strong_number_embedding/sn_within_unv_selfgroup_segmentation/output/Gen/11/15
Processing complete.
[2025-11-24 23:47:45]     ✓ Successfully parsed: Gen 11:15
[2025-11-24 23:47:45]   Parsing Gen 11:16...
Processing Gen 11:16...
Successfully processed and saved output for Gen 11:16 to /Users/joshua/work/strong_number_embedding/sn_within_unv_selfgroup_segmentation/output/Gen/11/16
Processing complete.
[2025-11-24 23:47:45]     ✓ Successfully parsed: Gen 11:16
[2025-11-24 23:47:46]   Parsing Gen 11:17...
Processing Gen 11:17...
Successfully processed and saved output for Gen 11:17 to /Users/joshua/work/strong_number_embedding/sn_within_unv_selfgroup_segmentation/output/Gen/11/17
Processing complete.
[2025-11-24 23:47:46]     ✓ Successfully parsed: Gen 11:17
[2025-11-24 23:47:47]   Parsing Gen 11:18...
Processing Gen 11:18...
Successfully processed and saved output for Gen 11:18 to /Users/joshua/work/strong_number_embedding/sn_within_unv_selfgroup_segmentation/output/Gen/11/18
Processing complete.
[2025-11-24 23:47:47]     ✓ Successfully parsed: Gen 11:18
[2025-11-25 00:05:22] ==========================================
[2025-11-25 00:05:22] Starting Pentateuch (First Three Books) Batch Parse
[2025-11-25 00:05:22] Books: Genesis, Exodus, Leviticus
[2025-11-25 00:05:22] ==========================================
[2025-11-25 00:05:22] 
[2025-11-25 00:05:22] ==========================================
[2025-11-25 00:05:22] Starting to parse book: Gen
[2025-11-25 00:05:22] Total chapters: 50
[2025-11-25 00:05:22] ==========================================
[2025-11-25 00:05:22] Processing Gen chapter 1 (31 verses)...
[2025-11-25 00:05:22]   Parsing Gen 1:1...
Processing Gen 1:1...
Successfully processed and saved output for Gen 1:1 to /Users/joshua/work/strong_number_embedding/sn_within_unv_selfgroup_segmentation/output/Gen/1/1
Processing complete.
[2025-11-25 00:05:23]     ✓ Successfully parsed: Gen 1:1
[2025-11-25 00:05:23]   Parsing Gen 1:2...
Processing Gen 1:2...
Successfully processed and saved output for Gen 1:2 to /Users/joshua/work/strong_number_embedding/sn_within_unv_selfgroup_segmentation/output/Gen/1/2
Processing complete.
[2025-11-25 00:05:23]     ✓ Successfully parsed: Gen 1:2
[2025-11-25 00:05:24]   Parsing Gen 1:3...
Processing Gen 1:3...
Successfully processed and saved output for Gen 1:3 to /Users/joshua/work/strong_number_embedding/sn_within_unv_selfgroup_segmentation/output/Gen/1/3
Processing complete.
[2025-11-25 00:05:24]     ✓ Successfully parsed: Gen 1:3
[2025-11-25 00:05:25]   Parsing Gen 1:4...
Processing Gen 1:4...
Successfully processed and saved output for Gen 1:4 to /Users/joshua/work/strong_number_embedding/sn_within_unv_selfgroup_segmentation/output/Gen/1/4
Processing complete.
[2025-11-25 00:05:25]     ✓ Successfully parsed: Gen 1:4
[2025-11-25 00:05:25]   Parsing Gen 1:5...
Processing Gen 1:5...
Successfully processed and saved output for Gen 1:5 to /Users/joshua/work/strong_number_embedding/sn_within_unv_selfgroup_segmentation/output/Gen/1/5
Processing complete.
[2025-11-25 00:05:26]     ✓ Successfully parsed: Gen 1:5
[2025-11-25 00:05:26]   Parsing Gen 1:6...
Processing Gen 1:6...
Successfully processed and saved output for Gen 1:6 to /Users/joshua/work/strong_number_embedding/sn_within_unv_selfgroup_segmentation/output/Gen/1/6
Processing complete.
[2025-11-25 00:05:26]     ✓ Successfully parsed: Gen 1:6
[2025-11-25 00:05:27]   Parsing Gen 1:7...
Processing Gen 1:7...
Successfully processed and saved output for Gen 1:7 to /Users/joshua/work/strong_number_embedding/sn_within_unv_selfgroup_segmentation/output/Gen/1/7
Processing complete.
[2025-11-25 00:05:27]     ✓ Successfully parsed: Gen 1:7
[2025-11-25 00:05:28]   Parsing Gen 1:8...
Processing Gen 1:8...
Successfully processed and saved output for Gen 1:8 to /Users/joshua/work/strong_number_embedding/sn_within_unv_selfgroup_segmentation/output/Gen/1/8
Processing complete.
[2025-11-25 00:05:28]     ✓ Successfully parsed: Gen 1:8
[2025-11-25 00:05:28]   Parsing Gen 1:9...
Processing Gen 1:9...
Successfully processed and saved output for Gen 1:9 to /Users/joshua/work/strong_number_embedding/sn_within_unv_selfgroup_segmentation/output/Gen/1/9
Processing complete.
[2025-11-25 00:05:29]     ✓ Successfully parsed: Gen 1:9
[2025-11-25 00:05:29]   Parsing Gen 1:10...
Processing Gen 1:10...
Successfully processed and saved output for Gen 1:10 to /Users/joshua/work/strong_number_embedding/sn_within_unv_selfgroup_segmentation/output/Gen/1/10
Processing complete.
[2025-11-25 00:05:29]     ✓ Successfully parsed: Gen 1:10
[2025-11-25 00:05:30]   Parsing Gen 1:11...
Processing Gen 1:11...
Successfully processed and saved output for Gen 1:11 to /Users/joshua/work/strong_number_embedding/sn_within_unv_selfgroup_segmentation/output/Gen/1/11
Processing complete.
[2025-11-25 00:05:30]     ✓ Successfully parsed: Gen 1:11
[2025-11-25 00:05:31]   Parsing Gen 1:12...
Processing Gen 1:12...
Successfully processed and saved output for Gen 1:12 to /Users/joshua/work/strong_number_embedding/sn_within_unv_selfgroup_segmentation/output/Gen/1/12
Processing complete.
[2025-11-25 00:05:31]     ✓ Successfully parsed: Gen 1:12
[2025-11-25 00:05:31]   Parsing Gen 1:13...
Processing Gen 1:13...
Successfully processed and saved output for Gen 1:13 to /Users/joshua/work/strong_number_embedding/sn_within_unv_selfgroup_segmentation/output/Gen/1/13
Processing complete.
[2025-11-25 00:05:32]     ✓ Successfully parsed: Gen 1:13
[2025-11-25 00:05:32]   Parsing Gen 1:14...
Processing Gen 1:14...
Successfully processed and saved output for Gen 1:14 to /Users/joshua/work/strong_number_embedding/sn_within_unv_selfgroup_segmentation/output/Gen/1/14
Processing complete.
[2025-11-25 00:05:32]     ✓ Successfully parsed: Gen 1:14
[2025-11-25 00:05:33]   Parsing Gen 1:15...
Processing Gen 1:15...
Successfully processed and saved output for Gen 1:15 to /Users/joshua/work/strong_number_embedding/sn_within_unv_selfgroup_segmentation/output/Gen/1/15
Processing complete.
[2025-11-25 00:05:33]     ✓ Successfully parsed: Gen 1:15
[2025-11-25 00:05:34]   Parsing Gen 1:16...
Processing Gen 1:16...
Successfully processed and saved output for Gen 1:16 to /Users/joshua/work/strong_number_embedding/sn_within_unv_selfgroup_segmentation/output/Gen/1/16
Processing complete.
[2025-11-25 00:05:34]     ✓ Successfully parsed: Gen 1:16
[2025-11-25 00:05:34]   Parsing Gen 1:17...
Processing Gen 1:17...
Successfully processed and saved output for Gen 1:17 to /Users/joshua/work/strong_number_embedding/sn_within_unv_selfgroup_segmentation/output/Gen/1/17
Processing complete.
[2025-11-25 00:05:35]     ✓ Successfully parsed: Gen 1:17
[2025-11-25 00:05:35]   Parsing Gen 1:18...
Processing Gen 1:18...
Successfully processed and saved output for Gen 1:18 to /Users/joshua/work/strong_number_embedding/sn_within_unv_selfgroup_segmentation/output/Gen/1/18
Processing complete.
[2025-11-25 00:05:35]     ✓ Successfully parsed: Gen 1:18
[2025-11-25 00:05:36]   Parsing Gen 1:19...
Processing Gen 1:19...
Successfully processed and saved output for Gen 1:19 to /Users/joshua/work/strong_number_embedding/sn_within_unv_selfgroup_segmentation/output/Gen/1/19
Processing complete.
[2025-11-25 00:05:36]     ✓ Successfully parsed: Gen 1:19
[2025-11-25 00:05:37]   Parsing Gen 1:20...
Processing Gen 1:20...
Successfully processed and saved output for Gen 1:20 to /Users/joshua/work/strong_number_embedding/sn_within_unv_selfgroup_segmentation/output/Gen/1/20
Processing complete.
[2025-11-25 00:05:37]     ✓ Successfully parsed: Gen 1:20
[2025-11-25 00:05:37]   Parsing Gen 1:21...
Processing Gen 1:21...
Successfully processed and saved output for Gen 1:21 to /Users/joshua/work/strong_number_embedding/sn_within_unv_selfgroup_segmentation/output/Gen/1/21
Processing complete.
[2025-11-25 00:05:38]     ✓ Successfully parsed: Gen 1:21
[2025-11-25 00:05:38]   Parsing Gen 1:22...
Processing Gen 1:22...
Successfully processed and saved output for Gen 1:22 to /Users/joshua/work/strong_number_embedding/sn_within_unv_selfgroup_segmentation/output/Gen/1/22
Processing complete.
[2025-11-25 00:05:38]     ✓ Successfully parsed: Gen 1:22
[2025-11-25 00:05:39]   Parsing Gen 1:23...
Processing Gen 1:23...
Successfully processed and saved output for Gen 1:23 to /Users/joshua/work/strong_number_embedding/sn_within_unv_selfgroup_segmentation/output/Gen/1/23
Processing complete.
[2025-11-25 00:05:39]     ✓ Successfully parsed: Gen 1:23
[2025-11-25 00:05:40]   Parsing Gen 1:24...
Processing Gen 1:24...
Successfully processed and saved output for Gen 1:24 to /Users/joshua/work/strong_number_embedding/sn_within_unv_selfgroup_segmentation/output/Gen/1/24
Processing complete.
[2025-11-25 00:05:40]     ✓ Successfully parsed: Gen 1:24
[2025-11-25 00:05:40]   Parsing Gen 1:25...
Processing Gen 1:25...
Successfully processed and saved output for Gen 1:25 to /Users/joshua/work/strong_number_embedding/sn_within_unv_selfgroup_segmentation/output/Gen/1/25
Processing complete.
[2025-11-25 00:05:41]     ✓ Successfully parsed: Gen 1:25
[2025-11-25 00:05:41]   Parsing Gen 1:26...
Processing Gen 1:26...
Successfully processed and saved output for Gen 1:26 to /Users/joshua/work/strong_number_embedding/sn_within_unv_selfgroup_segmentation/output/Gen/1/26
Processing complete.
[2025-11-25 00:05:41]     ✓ Successfully parsed: Gen 1:26
[2025-11-25 00:05:42]   Parsing Gen 1:27...
Processing Gen 1:27...
Successfully processed and saved output for Gen 1:27 to /Users/joshua/work/strong_number_embedding/sn_within_unv_selfgroup_segmentation/output/Gen/1/27
Processing complete.
[2025-11-25 00:05:42]     ✓ Successfully parsed: Gen 1:27
[2025-11-25 00:05:43]   Parsing Gen 1:28...
Processing Gen 1:28...
Successfully processed and saved output for Gen 1:28 to /Users/joshua/work/strong_number_embedding/sn_within_unv_selfgroup_segmentation/output/Gen/1/28
Processing complete.
[2025-11-25 00:05:43]     ✓ Successfully parsed: Gen 1:28
[2025-11-25 00:05:43]   Parsing Gen 1:29...
Processing Gen 1:29...
Successfully processed and saved output for Gen 1:29 to /Users/joshua/work/strong_number_embedding/sn_within_unv_selfgroup_segmentation/output/Gen/1/29
Processing complete.
[2025-11-25 00:05:44]     ✓ Successfully parsed: Gen 1:29
[2025-11-25 00:05:44]   Parsing Gen 1:30...
Processing Gen 1:30...
Successfully processed and saved output for Gen 1:30 to /Users/joshua/work/strong_number_embedding/sn_within_unv_selfgroup_segmentation/output/Gen/1/30
Processing complete.
[2025-11-25 00:05:44]     ✓ Successfully parsed: Gen 1:30
[2025-11-25 00:05:45]   Parsing Gen 1:31...
Processing Gen 1:31...
Successfully processed and saved output for Gen 1:31 to /Users/joshua/work/strong_number_embedding/sn_within_unv_selfgroup_segmentation/output/Gen/1/31
Processing complete.
[2025-11-25 00:05:45]     ✓ Successfully parsed: Gen 1:31
[2025-11-25 00:05:46]   Completed Gen chapter 1
[2025-11-25 00:05:46] Processing Gen chapter 2 (25 verses)...
[2025-11-25 00:05:46]   Parsing Gen 2:1...
Processing Gen 2:1...
Successfully processed and saved output for Gen 2:1 to /Users/joshua/work/strong_number_embedding/sn_within_unv_selfgroup_segmentation/output/Gen/2/1
Processing complete.
[2025-11-25 00:05:46]     ✓ Successfully parsed: Gen 2:1
[2025-11-25 00:05:46]   Parsing Gen 2:2...
Processing Gen 2:2...
Successfully processed and saved output for Gen 2:2 to /Users/joshua/work/strong_number_embedding/sn_within_unv_selfgroup_segmentation/output/Gen/2/2
Processing complete.
[2025-11-25 00:05:46]     ✓ Successfully parsed: Gen 2:2
[2025-11-25 00:05:47]   Parsing Gen 2:3...
Processing Gen 2:3...
Successfully processed and saved output for Gen 2:3 to /Users/joshua/work/strong_number_embedding/sn_within_unv_selfgroup_segmentation/output/Gen/2/3
Processing complete.
[2025-11-25 00:05:47]     ✓ Successfully parsed: Gen 2:3
[2025-11-25 00:05:48]   Parsing Gen 2:4...
Processing Gen 2:4...
Successfully processed and saved output for Gen 2:4 to /Users/joshua/work/strong_number_embedding/sn_within_unv_selfgroup_segmentation/output/Gen/2/4
Processing complete.
[2025-11-25 00:05:48]     ✓ Successfully parsed: Gen 2:4
[2025-11-25 00:05:48]   Parsing Gen 2:5...
Processing Gen 2:5...
Successfully processed and saved output for Gen 2:5 to /Users/joshua/work/strong_number_embedding/sn_within_unv_selfgroup_segmentation/output/Gen/2/5
Processing complete.
[2025-11-25 00:05:49]     ✓ Successfully parsed: Gen 2:5
[2025-11-25 00:05:49]   Parsing Gen 2:6...
Processing Gen 2:6...
Successfully processed and saved output for Gen 2:6 to /Users/joshua/work/strong_number_embedding/sn_within_unv_selfgroup_segmentation/output/Gen/2/6
Processing complete.
[2025-11-25 00:05:49]     ✓ Successfully parsed: Gen 2:6
[2025-11-25 00:05:50]   Parsing Gen 2:7...
Processing Gen 2:7...
Successfully processed and saved output for Gen 2:7 to /Users/joshua/work/strong_number_embedding/sn_within_unv_selfgroup_segmentation/output/Gen/2/7
Processing complete.
[2025-11-25 00:05:50]     ✓ Successfully parsed: Gen 2:7
[2025-11-25 00:05:51]   Parsing Gen 2:8...
Processing Gen 2:8...
Successfully processed and saved output for Gen 2:8 to /Users/joshua/work/strong_number_embedding/sn_within_unv_selfgroup_segmentation/output/Gen/2/8
Processing complete.
[2025-11-25 00:05:51]     ✓ Successfully parsed: Gen 2:8
[2025-11-25 00:05:51]   Parsing Gen 2:9...
Processing Gen 2:9...
Successfully processed and saved output for Gen 2:9 to /Users/joshua/work/strong_number_embedding/sn_within_unv_selfgroup_segmentation/output/Gen/2/9
Processing complete.
[2025-11-25 00:05:52]     ✓ Successfully parsed: Gen 2:9
[2025-11-25 00:05:52]   Parsing Gen 2:10...
Processing Gen 2:10...
Successfully processed and saved output for Gen 2:10 to /Users/joshua/work/strong_number_embedding/sn_within_unv_selfgroup_segmentation/output/Gen/2/10
Processing complete.
[2025-11-25 00:05:52]     ✓ Successfully parsed: Gen 2:10
[2025-11-25 00:05:53]   Parsing Gen 2:11...
Processing Gen 2:11...
Successfully processed and saved output for Gen 2:11 to /Users/joshua/work/strong_number_embedding/sn_within_unv_selfgroup_segmentation/output/Gen/2/11
Processing complete.
[2025-11-25 00:05:53]     ✓ Successfully parsed: Gen 2:11
[2025-11-25 00:05:54]   Parsing Gen 2:12...
Processing Gen 2:12...
Successfully processed and saved output for Gen 2:12 to /Users/joshua/work/strong_number_embedding/sn_within_unv_selfgroup_segmentation/output/Gen/2/12
Processing complete.
[2025-11-25 00:05:54]     ✓ Successfully parsed: Gen 2:12
[2025-11-25 00:05:54]   Parsing Gen 2:13...
Processing Gen 2:13...
Successfully processed and saved output for Gen 2:13 to /Users/joshua/work/strong_number_embedding/sn_within_unv_selfgroup_segmentation/output/Gen/2/13
Processing complete.
[2025-11-25 00:05:55]     ✓ Successfully parsed: Gen 2:13
[2025-11-25 00:05:55]   Parsing Gen 2:14...
Processing Gen 2:14...
Successfully processed and saved output for Gen 2:14 to /Users/joshua/work/strong_number_embedding/sn_within_unv_selfgroup_segmentation/output/Gen/2/14
Processing complete.
[2025-11-25 00:05:55]     ✓ Successfully parsed: Gen 2:14
[2025-11-25 00:05:56]   Parsing Gen 2:15...
Processing Gen 2:15...
Successfully processed and saved output for Gen 2:15 to /Users/joshua/work/strong_number_embedding/sn_within_unv_selfgroup_segmentation/output/Gen/2/15
Processing complete.
[2025-11-25 00:05:56]     ✓ Successfully parsed: Gen 2:15
[2025-11-25 00:05:57]   Parsing Gen 2:16...
Processing Gen 2:16...
Successfully processed and saved output for Gen 2:16 to /Users/joshua/work/strong_number_embedding/sn_within_unv_selfgroup_segmentation/output/Gen/2/16
Processing complete.
[2025-11-25 00:05:57]     ✓ Successfully parsed: Gen 2:16
[2025-11-25 00:05:57]   Parsing Gen 2:17...
Processing Gen 2:17...
Successfully processed and saved output for Gen 2:17 to /Users/joshua/work/strong_number_embedding/sn_within_unv_selfgroup_segmentation/output/Gen/2/17
Processing complete.
[2025-11-25 00:05:58]     ✓ Successfully parsed: Gen 2:17
[2025-11-25 00:05:58]   Parsing Gen 2:18...
Processing Gen 2:18...
Successfully processed and saved output for Gen 2:18 to /Users/joshua/work/strong_number_embedding/sn_within_unv_selfgroup_segmentation/output/Gen/2/18
Processing complete.
[2025-11-25 00:05:58]     ✓ Successfully parsed: Gen 2:18
[2025-11-25 00:05:59]   Parsing Gen 2:19...
Processing Gen 2:19...
Successfully processed and saved output for Gen 2:19 to /Users/joshua/work/strong_number_embedding/sn_within_unv_selfgroup_segmentation/output/Gen/2/19
Processing complete.
[2025-11-25 00:05:59]     ✓ Successfully parsed: Gen 2:19
[2025-11-25 00:06:00]   Parsing Gen 2:20...
Processing Gen 2:20...
Successfully processed and saved output for Gen 2:20 to /Users/joshua/work/strong_number_embedding/sn_within_unv_selfgroup_segmentation/output/Gen/2/20
Processing complete.
[2025-11-25 00:06:00]     ✓ Successfully parsed: Gen 2:20
[2025-11-25 00:06:00]   Parsing Gen 2:21...
Processing Gen 2:21...
Successfully processed and saved output for Gen 2:21 to /Users/joshua/work/strong_number_embedding/sn_within_unv_selfgroup_segmentation/output/Gen/2/21
Processing complete.
[2025-11-25 00:06:01]     ✓ Successfully parsed: Gen 2:21
[2025-11-25 00:06:01]   Parsing Gen 2:22...
Processing Gen 2:22...
Successfully processed and saved output for Gen 2:22 to /Users/joshua/work/strong_number_embedding/sn_within_unv_selfgroup_segmentation/output/Gen/2/22
Processing complete.
[2025-11-25 00:06:01]     ✓ Successfully parsed: Gen 2:22
[2025-11-25 00:06:02]   Parsing Gen 2:23...
Processing Gen 2:23...
Successfully processed and saved output for Gen 2:23 to /Users/joshua/work/strong_number_embedding/sn_within_unv_selfgroup_segmentation/output/Gen/2/23
Processing complete.
[2025-11-25 00:06:02]     ✓ Successfully parsed: Gen 2:23
[2025-11-25 00:06:03]   Parsing Gen 2:24...
Processing Gen 2:24...
Successfully processed and saved output for Gen 2:24 to /Users/joshua/work/strong_number_embedding/sn_within_unv_selfgroup_segmentation/output/Gen/2/24
Processing complete.
[2025-11-25 00:06:03]     ✓ Successfully parsed: Gen 2:24
[2025-11-25 00:06:03]   Parsing Gen 2:25...
Processing Gen 2:25...
Successfully processed and saved output for Gen 2:25 to /Users/joshua/work/strong_number_embedding/sn_within_unv_selfgroup_segmentation/output/Gen/2/25
Processing complete.
[2025-11-25 00:06:03]     ✓ Successfully parsed: Gen 2:25
[2025-11-25 00:06:04]   Completed Gen chapter 2
[2025-11-25 00:06:04] Processing Gen chapter 3 (24 verses)...
[2025-11-25 00:06:04]   Parsing Gen 3:1...
Processing Gen 3:1...
Successfully processed and saved output for Gen 3:1 to /Users/joshua/work/strong_number_embedding/sn_within_unv_selfgroup_segmentation/output/Gen/3/1
Processing complete.
[2025-11-25 00:06:04]     ✓ Successfully parsed: Gen 3:1
[2025-11-25 00:06:05]   Parsing Gen 3:2...
Processing Gen 3:2...
Successfully processed and saved output for Gen 3:2 to /Users/joshua/work/strong_number_embedding/sn_within_unv_selfgroup_segmentation/output/Gen/3/2
Processing complete.
[2025-11-25 00:06:05]     ✓ Successfully parsed: Gen 3:2
[2025-11-25 00:06:05]   Parsing Gen 3:3...
Processing Gen 3:3...
Successfully processed and saved output for Gen 3:3 to /Users/joshua/work/strong_number_embedding/sn_within_unv_selfgroup_segmentation/output/Gen/3/3
Processing complete.
[2025-11-25 00:06:06]     ✓ Successfully parsed: Gen 3:3
[2025-11-25 00:06:06]   Parsing Gen 3:4...
Processing Gen 3:4...
Successfully processed and saved output for Gen 3:4 to /Users/joshua/work/strong_number_embedding/sn_within_unv_selfgroup_segmentation/output/Gen/3/4
Processing complete.
[2025-11-25 00:06:06]     ✓ Successfully parsed: Gen 3:4
[2025-11-25 00:06:07]   Parsing Gen 3:5...
Processing Gen 3:5...
Successfully processed and saved output for Gen 3:5 to /Users/joshua/work/strong_number_embedding/sn_within_unv_selfgroup_segmentation/output/Gen/3/5
Processing complete.
[2025-11-25 00:06:07]     ✓ Successfully parsed: Gen 3:5
[2025-11-25 00:06:08]   Parsing Gen 3:6...
Processing Gen 3:6...
Successfully processed and saved output for Gen 3:6 to /Users/joshua/work/strong_number_embedding/sn_within_unv_selfgroup_segmentation/output/Gen/3/6
Processing complete.
[2025-11-25 00:06:08]     ✓ Successfully parsed: Gen 3:6
[2025-11-25 00:06:08]   Parsing Gen 3:7...
Processing Gen 3:7...
Successfully processed and saved output for Gen 3:7 to /Users/joshua/work/strong_number_embedding/sn_within_unv_selfgroup_segmentation/output/Gen/3/7
Processing complete.
[2025-11-25 00:06:09]     ✓ Successfully parsed: Gen 3:7
[2025-11-25 00:06:09]   Parsing Gen 3:8...
Processing Gen 3:8...
Successfully processed and saved output for Gen 3:8 to /Users/joshua/work/strong_number_embedding/sn_within_unv_selfgroup_segmentation/output/Gen/3/8
Processing complete.
[2025-11-25 00:06:09]     ✓ Successfully parsed: Gen 3:8
[2025-11-25 00:06:10]   Parsing Gen 3:9...
Processing Gen 3:9...
Successfully processed and saved output for Gen 3:9 to /Users/joshua/work/strong_number_embedding/sn_within_unv_selfgroup_segmentation/output/Gen/3/9
Processing complete.
[2025-11-25 00:06:10]     ✓ Successfully parsed: Gen 3:9
[2025-11-25 00:06:11]   Parsing Gen 3:10...
Processing Gen 3:10...
Successfully processed and saved output for Gen 3:10 to /Users/joshua/work/strong_number_embedding/sn_within_unv_selfgroup_segmentation/output/Gen/3/10
Processing complete.
[2025-11-25 00:06:11]     ✓ Successfully parsed: Gen 3:10
[2025-11-25 00:06:11]   Parsing Gen 3:11...
Processing Gen 3:11...
Successfully processed and saved output for Gen 3:11 to /Users/joshua/work/strong_number_embedding/sn_within_unv_selfgroup_segmentation/output/Gen/3/11
Processing complete.
[2025-11-25 00:06:12]     ✓ Successfully parsed: Gen 3:11
[2025-11-25 00:06:12]   Parsing Gen 3:12...
Processing Gen 3:12...
Successfully processed and saved output for Gen 3:12 to /Users/joshua/work/strong_number_embedding/sn_within_unv_selfgroup_segmentation/output/Gen/3/12
Processing complete.
[2025-11-25 00:06:12]     ✓ Successfully parsed: Gen 3:12
[2025-11-25 00:06:13]   Parsing Gen 3:13...
Processing Gen 3:13...
Successfully processed and saved output for Gen 3:13 to /Users/joshua/work/strong_number_embedding/sn_within_unv_selfgroup_segmentation/output/Gen/3/13
Processing complete.
[2025-11-25 00:06:13]     ✓ Successfully parsed: Gen 3:13
[2025-11-25 00:06:14]   Parsing Gen 3:14...
Processing Gen 3:14...
Successfully processed and saved output for Gen 3:14 to /Users/joshua/work/strong_number_embedding/sn_within_unv_selfgroup_segmentation/output/Gen/3/14
Processing complete.
[2025-11-25 00:06:14]     ✓ Successfully parsed: Gen 3:14
[2025-11-25 00:06:14]   Parsing Gen 3:15...
Processing Gen 3:15...
Successfully processed and saved output for Gen 3:15 to /Users/joshua/work/strong_number_embedding/sn_within_unv_selfgroup_segmentation/output/Gen/3/15
Processing complete.
[2025-11-25 00:06:14]     ✓ Successfully parsed: Gen 3:15
[2025-11-25 00:06:15]   Parsing Gen 3:16...
Processing Gen 3:16...
Successfully processed and saved output for Gen 3:16 to /Users/joshua/work/strong_number_embedding/sn_within_unv_selfgroup_segmentation/output/Gen/3/16
Processing complete.
[2025-11-25 00:06:15]     ✓ Successfully parsed: Gen 3:16
[2025-11-25 00:06:16]   Parsing Gen 3:17...
Processing Gen 3:17...
Successfully processed and saved output for Gen 3:17 to /Users/joshua/work/strong_number_embedding/sn_within_unv_selfgroup_segmentation/output/Gen/3/17
Processing complete.
[2025-11-25 00:06:16]     ✓ Successfully parsed: Gen 3:17
[2025-11-25 00:06:16]   Parsing Gen 3:18...
Processing Gen 3:18...
Successfully processed and saved output for Gen 3:18 to /Users/joshua/work/strong_number_embedding/sn_within_unv_selfgroup_segmentation/output/Gen/3/18
Processing complete.
[2025-11-25 00:06:17]     ✓ Successfully parsed: Gen 3:18
[2025-11-25 00:06:17]   Parsing Gen 3:19...
Processing Gen 3:19...
Successfully processed and saved output for Gen 3:19 to /Users/joshua/work/strong_number_embedding/sn_within_unv_selfgroup_segmentation/output/Gen/3/19
Processing complete.
[2025-11-25 00:06:17]     ✓ Successfully parsed: Gen 3:19
[2025-11-25 00:06:18]   Parsing Gen 3:20...
Processing Gen 3:20...
Successfully processed and saved output for Gen 3:20 to /Users/joshua/work/strong_number_embedding/sn_within_unv_selfgroup_segmentation/output/Gen/3/20
Processing complete.
[2025-11-25 00:06:18]     ✓ Successfully parsed: Gen 3:20
[2025-11-25 00:06:19]   Parsing Gen 3:21...
Processing Gen 3:21...
Successfully processed and saved output for Gen 3:21 to /Users/joshua/work/strong_number_embedding/sn_within_unv_selfgroup_segmentation/output/Gen/3/21
Processing complete.
[2025-11-25 00:06:19]     ✓ Successfully parsed: Gen 3:21
[2025-11-25 00:06:19]   Parsing Gen 3:22...
Processing Gen 3:22...
Successfully processed and saved output for Gen 3:22 to /Users/joshua/work/strong_number_embedding/sn_within_unv_selfgroup_segmentation/output/Gen/3/22
Processing complete.
[2025-11-25 00:06:20]     ✓ Successfully parsed: Gen 3:22
[2025-11-25 00:06:20]   Parsing Gen 3:23...
Processing Gen 3:23...
Successfully processed and saved output for Gen 3:23 to /Users/joshua/work/strong_number_embedding/sn_within_unv_selfgroup_segmentation/output/Gen/3/23
Processing complete.
[2025-11-25 00:06:20]     ✓ Successfully parsed: Gen 3:23
[2025-11-25 00:06:21]   Parsing Gen 3:24...
Processing Gen 3:24...
Successfully processed and saved output for Gen 3:24 to /Users/joshua/work/strong_number_embedding/sn_within_unv_selfgroup_segmentation/output/Gen/3/24
Processing complete.
[2025-11-25 00:06:21]     ✓ Successfully parsed: Gen 3:24
[2025-11-25 00:06:22]   Completed Gen chapter 3
[2025-11-25 00:06:22] Processing Gen chapter 4 (26 verses)...
[2025-11-25 00:06:22]   Parsing Gen 4:1...
Processing Gen 4:1...
Successfully processed and saved output for Gen 4:1 to /Users/joshua/work/strong_number_embedding/sn_within_unv_selfgroup_segmentation/output/Gen/4/1
Processing complete.
[2025-11-25 00:06:22]     ✓ Successfully parsed: Gen 4:1
[2025-11-25 00:06:22]   Parsing Gen 4:2...
Processing Gen 4:2...
Successfully processed and saved output for Gen 4:2 to /Users/joshua/work/strong_number_embedding/sn_within_unv_selfgroup_segmentation/output/Gen/4/2
Processing complete.
[2025-11-25 00:06:23]     ✓ Successfully parsed: Gen 4:2
[2025-11-25 00:06:23]   Parsing Gen 4:3...
Processing Gen 4:3...
Successfully processed and saved output for Gen 4:3 to /Users/joshua/work/strong_number_embedding/sn_within_unv_selfgroup_segmentation/output/Gen/4/3
Processing complete.
[2025-11-25 00:06:23]     ✓ Successfully parsed: Gen 4:3
[2025-11-25 00:06:24]   Parsing Gen 4:4...
Processing Gen 4:4...
Successfully processed and saved output for Gen 4:4 to /Users/joshua/work/strong_number_embedding/sn_within_unv_selfgroup_segmentation/output/Gen/4/4
Processing complete.
[2025-11-25 00:06:24]     ✓ Successfully parsed: Gen 4:4
[2025-11-25 00:06:24]   Parsing Gen 4:5...
Processing Gen 4:5...
Successfully processed and saved output for Gen 4:5 to /Users/joshua/work/strong_number_embedding/sn_within_unv_selfgroup_segmentation/output/Gen/4/5
Processing complete.
[2025-11-25 00:06:25]     ✓ Successfully parsed: Gen 4:5
[2025-11-25 00:06:25]   Parsing Gen 4:6...
Processing Gen 4:6...
Successfully processed and saved output for Gen 4:6 to /Users/joshua/work/strong_number_embedding/sn_within_unv_selfgroup_segmentation/output/Gen/4/6
Processing complete.
[2025-11-25 00:06:25]     ✓ Successfully parsed: Gen 4:6
[2025-11-25 00:06:26]   Parsing Gen 4:7...
Processing Gen 4:7...
Successfully processed and saved output for Gen 4:7 to /Users/joshua/work/strong_number_embedding/sn_within_unv_selfgroup_segmentation/output/Gen/4/7
Processing complete.
[2025-11-25 00:06:26]     ✓ Successfully parsed: Gen 4:7
[2025-11-25 00:06:27]   Parsing Gen 4:8...
Processing Gen 4:8...
Successfully processed and saved output for Gen 4:8 to /Users/joshua/work/strong_number_embedding/sn_within_unv_selfgroup_segmentation/output/Gen/4/8
Processing complete.
[2025-11-25 00:06:27]     ✓ Successfully parsed: Gen 4:8
[2025-11-25 00:06:27]   Parsing Gen 4:9...
Processing Gen 4:9...
Successfully processed and saved output for Gen 4:9 to /Users/joshua/work/strong_number_embedding/sn_within_unv_selfgroup_segmentation/output/Gen/4/9
Processing complete.
[2025-11-25 00:06:28]     ✓ Successfully parsed: Gen 4:9
[2025-11-25 00:06:28]   Parsing Gen 4:10...
Processing Gen 4:10...
Successfully processed and saved output for Gen 4:10 to /Users/joshua/work/strong_number_embedding/sn_within_unv_selfgroup_segmentation/output/Gen/4/10
Processing complete.
[2025-11-25 00:06:28]     ✓ Successfully parsed: Gen 4:10
[2025-11-25 00:06:29]   Parsing Gen 4:11...
Processing Gen 4:11...
Successfully processed and saved output for Gen 4:11 to /Users/joshua/work/strong_number_embedding/sn_within_unv_selfgroup_segmentation/output/Gen/4/11
Processing complete.
[2025-11-25 00:06:29]     ✓ Successfully parsed: Gen 4:11
[2025-11-25 00:06:30]   Parsing Gen 4:12...
Processing Gen 4:12...
Successfully processed and saved output for Gen 4:12 to /Users/joshua/work/strong_number_embedding/sn_within_unv_selfgroup_segmentation/output/Gen/4/12
Processing complete.
[2025-11-25 00:06:30]     ✓ Successfully parsed: Gen 4:12
[2025-11-25 00:06:30]   Parsing Gen 4:13...
Processing Gen 4:13...
Successfully processed and saved output for Gen 4:13 to /Users/joshua/work/strong_number_embedding/sn_within_unv_selfgroup_segmentation/output/Gen/4/13
Processing complete.
[2025-11-25 00:06:31]     ✓ Successfully parsed: Gen 4:13
[2025-11-25 00:06:31]   Parsing Gen 4:14...
Processing Gen 4:14...
Successfully processed and saved output for Gen 4:14 to /Users/joshua/work/strong_number_embedding/sn_within_unv_selfgroup_segmentation/output/Gen/4/14
Processing complete.
[2025-11-25 00:06:31]     ✓ Successfully parsed: Gen 4:14
[2025-11-25 00:06:32]   Parsing Gen 4:15...
Processing Gen 4:15...
Successfully processed and saved output for Gen 4:15 to /Users/joshua/work/strong_number_embedding/sn_within_unv_selfgroup_segmentation/output/Gen/4/15
Processing complete.
[2025-11-25 00:06:32]     ✓ Successfully parsed: Gen 4:15
[2025-11-25 00:06:33]   Parsing Gen 4:16...
Processing Gen 4:16...
Successfully processed and saved output for Gen 4:16 to /Users/joshua/work/strong_number_embedding/sn_within_unv_selfgroup_segmentation/output/Gen/4/16
Processing complete.
[2025-11-25 00:06:33]     ✓ Successfully parsed: Gen 4:16
[2025-11-25 00:06:33]   Parsing Gen 4:17...
Processing Gen 4:17...
Successfully processed and saved output for Gen 4:17 to /Users/joshua/work/strong_number_embedding/sn_within_unv_selfgroup_segmentation/output/Gen/4/17
Processing complete.
[2025-11-25 00:06:34]     ✓ Successfully parsed: Gen 4:17
[2025-11-25 00:06:34]   Parsing Gen 4:18...
Processing Gen 4:18...
Successfully processed and saved output for Gen 4:18 to /Users/joshua/work/strong_number_embedding/sn_within_unv_selfgroup_segmentation/output/Gen/4/18
Processing complete.
[2025-11-25 00:06:34]     ✓ Successfully parsed: Gen 4:18
[2025-11-25 00:06:35]   Parsing Gen 4:19...
Processing Gen 4:19...
Successfully processed and saved output for Gen 4:19 to /Users/joshua/work/strong_number_embedding/sn_within_unv_selfgroup_segmentation/output/Gen/4/19
Processing complete.
[2025-11-25 00:06:35]     ✓ Successfully parsed: Gen 4:19
[2025-11-25 00:06:36]   Parsing Gen 4:20...
Processing Gen 4:20...
Successfully processed and saved output for Gen 4:20 to /Users/joshua/work/strong_number_embedding/sn_within_unv_selfgroup_segmentation/output/Gen/4/20
Processing complete.
[2025-11-25 00:06:36]     ✓ Successfully parsed: Gen 4:20
[2025-11-25 00:06:36]   Parsing Gen 4:21...
Processing Gen 4:21...
Successfully processed and saved output for Gen 4:21 to /Users/joshua/work/strong_number_embedding/sn_within_unv_selfgroup_segmentation/output/Gen/4/21
Processing complete.
[2025-11-25 00:06:37]     ✓ Successfully parsed: Gen 4:21
[2025-11-25 00:06:37]   Parsing Gen 4:22...
Processing Gen 4:22...
Successfully processed and saved output for Gen 4:22 to /Users/joshua/work/strong_number_embedding/sn_within_unv_selfgroup_segmentation/output/Gen/4/22
Processing complete.
[2025-11-25 00:06:37]     ✓ Successfully parsed: Gen 4:22
[2025-11-25 00:06:38]   Parsing Gen 4:23...
Processing Gen 4:23...
Successfully processed and saved output for Gen 4:23 to /Users/joshua/work/strong_number_embedding/sn_within_unv_selfgroup_segmentation/output/Gen/4/23
Processing complete.
[2025-11-25 00:06:38]     ✓ Successfully parsed: Gen 4:23
[2025-11-25 00:06:39]   Parsing Gen 4:24...
Processing Gen 4:24...
Successfully processed and saved output for Gen 4:24 to /Users/joshua/work/strong_number_embedding/sn_within_unv_selfgroup_segmentation/output/Gen/4/24
Processing complete.
[2025-11-25 00:06:39]     ✓ Successfully parsed: Gen 4:24
[2025-11-25 00:06:39]   Parsing Gen 4:25...
Processing Gen 4:25...
Successfully processed and saved output for Gen 4:25 to /Users/joshua/work/strong_number_embedding/sn_within_unv_selfgroup_segmentation/output/Gen/4/25
Processing complete.
[2025-11-25 00:06:39]     ✓ Successfully parsed: Gen 4:25
[2025-11-25 00:06:40]   Parsing Gen 4:26...
Processing Gen 4:26...
Successfully processed and saved output for Gen 4:26 to /Users/joshua/work/strong_number_embedding/sn_within_unv_selfgroup_segmentation/output/Gen/4/26
Processing complete.
[2025-11-25 00:06:40]     ✓ Successfully parsed: Gen 4:26
[2025-11-25 00:06:41]   Completed Gen chapter 4
[2025-11-25 00:06:41] Processing Gen chapter 5 (32 verses)...
[2025-11-25 00:06:41]   Parsing Gen 5:1...
Processing Gen 5:1...
Successfully processed and saved output for Gen 5:1 to /Users/joshua/work/strong_number_embedding/sn_within_unv_selfgroup_segmentation/output/Gen/5/1
Processing complete.
[2025-11-25 00:06:41]     ✓ Successfully parsed: Gen 5:1
[2025-11-25 00:06:41]   Parsing Gen 5:2...
Processing Gen 5:2...
Successfully processed and saved output for Gen 5:2 to /Users/joshua/work/strong_number_embedding/sn_within_unv_selfgroup_segmentation/output/Gen/5/2
Processing complete.
[2025-11-25 00:06:42]     ✓ Successfully parsed: Gen 5:2
[2025-11-25 00:06:42]   Parsing Gen 5:3...
Processing Gen 5:3...
Successfully processed and saved output for Gen 5:3 to /Users/joshua/work/strong_number_embedding/sn_within_unv_selfgroup_segmentation/output/Gen/5/3
Processing complete.
[2025-11-25 00:06:42]     ✓ Successfully parsed: Gen 5:3
[2025-11-25 00:06:43]   Parsing Gen 5:4...
Processing Gen 5:4...
Successfully processed and saved output for Gen 5:4 to /Users/joshua/work/strong_number_embedding/sn_within_unv_selfgroup_segmentation/output/Gen/5/4
Processing complete.
[2025-11-25 00:06:43]     ✓ Successfully parsed: Gen 5:4
[2025-11-25 00:06:44]   Parsing Gen 5:5...
Processing Gen 5:5...
Successfully processed and saved output for Gen 5:5 to /Users/joshua/work/strong_number_embedding/sn_within_unv_selfgroup_segmentation/output/Gen/5/5
Processing complete.
[2025-11-25 00:06:44]     ✓ Successfully parsed: Gen 5:5
[2025-11-25 00:06:44]   Parsing Gen 5:6...
Processing Gen 5:6...
Successfully processed and saved output for Gen 5:6 to /Users/joshua/work/strong_number_embedding/sn_within_unv_selfgroup_segmentation/output/Gen/5/6
Processing complete.
[2025-11-25 00:06:45]     ✓ Successfully parsed: Gen 5:6
[2025-11-25 00:06:45]   Parsing Gen 5:7...
Processing Gen 5:7...
Successfully processed and saved output for Gen 5:7 to /Users/joshua/work/strong_number_embedding/sn_within_unv_selfgroup_segmentation/output/Gen/5/7
Processing complete.
[2025-11-25 00:06:45]     ✓ Successfully parsed: Gen 5:7
[2025-11-25 00:06:46]   Parsing Gen 5:8...
Processing Gen 5:8...
Successfully processed and saved output for Gen 5:8 to /Users/joshua/work/strong_number_embedding/sn_within_unv_selfgroup_segmentation/output/Gen/5/8
Processing complete.
[2025-11-25 00:06:46]     ✓ Successfully parsed: Gen 5:8
[2025-11-25 00:06:47]   Parsing Gen 5:9...
Processing Gen 5:9...
Successfully processed and saved output for Gen 5:9 to /Users/joshua/work/strong_number_embedding/sn_within_unv_selfgroup_segmentation/output/Gen/5/9
Processing complete.
[2025-11-25 00:06:47]     ✓ Successfully parsed: Gen 5:9
[2025-11-25 00:06:47]   Parsing Gen 5:10...
Processing Gen 5:10...
Successfully processed and saved output for Gen 5:10 to /Users/joshua/work/strong_number_embedding/sn_within_unv_selfgroup_segmentation/output/Gen/5/10
Processing complete.
[2025-11-25 00:06:48]     ✓ Successfully parsed: Gen 5:10
[2025-11-25 00:06:48]   Parsing Gen 5:11...
Processing Gen 5:11...
Successfully processed and saved output for Gen 5:11 to /Users/joshua/work/strong_number_embedding/sn_within_unv_selfgroup_segmentation/output/Gen/5/11
Processing complete.
[2025-11-25 00:06:48]     ✓ Successfully parsed: Gen 5:11
[2025-11-25 00:06:49]   Parsing Gen 5:12...
Processing Gen 5:12...
Successfully processed and saved output for Gen 5:12 to /Users/joshua/work/strong_number_embedding/sn_within_unv_selfgroup_segmentation/output/Gen/5/12
Processing complete.
[2025-11-25 00:06:49]     ✓ Successfully parsed: Gen 5:12
[2025-11-25 00:06:50]   Parsing Gen 5:13...
Processing Gen 5:13...
Successfully processed and saved output for Gen 5:13 to /Users/joshua/work/strong_number_embedding/sn_within_unv_selfgroup_segmentation/output/Gen/5/13
Processing complete.
[2025-11-25 00:06:50]     ✓ Successfully parsed: Gen 5:13
[2025-11-25 00:06:50]   Parsing Gen 5:14...
Processing Gen 5:14...
Successfully processed and saved output for Gen 5:14 to /Users/joshua/work/strong_number_embedding/sn_within_unv_selfgroup_segmentation/output/Gen/5/14
Processing complete.
[2025-11-25 00:06:50]     ✓ Successfully parsed: Gen 5:14
[2025-11-25 00:06:51]   Parsing Gen 5:15...
Processing Gen 5:15...
Successfully processed and saved output for Gen 5:15 to /Users/joshua/work/strong_number_embedding/sn_within_unv_selfgroup_segmentation/output/Gen/5/15
Processing complete.
[2025-11-25 00:06:51]     ✓ Successfully parsed: Gen 5:15
[2025-11-25 00:06:52]   Parsing Gen 5:16...
Processing Gen 5:16...
Successfully processed and saved output for Gen 5:16 to /Users/joshua/work/strong_number_embedding/sn_within_unv_selfgroup_segmentation/output/Gen/5/16
Processing complete.
[2025-11-25 00:06:52]     ✓ Successfully parsed: Gen 5:16
[2025-11-25 00:06:52]   Parsing Gen 5:17...
Processing Gen 5:17...
Successfully processed and saved output for Gen 5:17 to /Users/joshua/work/strong_number_embedding/sn_within_unv_selfgroup_segmentation/output/Gen/5/17
Processing complete.
[2025-11-25 00:06:53]     ✓ Successfully parsed: Gen 5:17
[2025-11-25 00:06:53]   Parsing Gen 5:18...
Processing Gen 5:18...
Successfully processed and saved output for Gen 5:18 to /Users/joshua/work/strong_number_embedding/sn_within_unv_selfgroup_segmentation/output/Gen/5/18
Processing complete.
[2025-11-25 00:06:53]     ✓ Successfully parsed: Gen 5:18
[2025-11-25 00:06:54]   Parsing Gen 5:19...
Processing Gen 5:19...
Successfully processed and saved output for Gen 5:19 to /Users/joshua/work/strong_number_embedding/sn_within_unv_selfgroup_segmentation/output/Gen/5/19
Processing complete.
[2025-11-25 00:06:54]     ✓ Successfully parsed: Gen 5:19
[2025-11-25 00:06:55]   Parsing Gen 5:20...
Processing Gen 5:20...
Successfully processed and saved output for Gen 5:20 to /Users/joshua/work/strong_number_embedding/sn_within_unv_selfgroup_segmentation/output/Gen/5/20
Processing complete.
[2025-11-25 00:06:55]     ✓ Successfully parsed: Gen 5:20
[2025-11-25 00:06:55]   Parsing Gen 5:21...
Processing Gen 5:21...
Successfully processed and saved output for Gen 5:21 to /Users/joshua/work/strong_number_embedding/sn_within_unv_selfgroup_segmentation/output/Gen/5/21
Processing complete.
[2025-11-25 00:06:56]     ✓ Successfully parsed: Gen 5:21
[2025-11-25 00:06:56]   Parsing Gen 5:22...
Processing Gen 5:22...
Successfully processed and saved output for Gen 5:22 to /Users/joshua/work/strong_number_embedding/sn_within_unv_selfgroup_segmentation/output/Gen/5/22
Processing complete.
[2025-11-25 00:06:56]     ✓ Successfully parsed: Gen 5:22
[2025-11-25 00:06:57]   Parsing Gen 5:23...
Processing Gen 5:23...
Successfully processed and saved output for Gen 5:23 to /Users/joshua/work/strong_number_embedding/sn_within_unv_selfgroup_segmentation/output/Gen/5/23
Processing complete.
[2025-11-25 00:06:57]     ✓ Successfully parsed: Gen 5:23
[2025-11-25 00:06:58]   Parsing Gen 5:24...
Processing Gen 5:24...
Successfully processed and saved output for Gen 5:24 to /Users/joshua/work/strong_number_embedding/sn_within_unv_selfgroup_segmentation/output/Gen/5/24
Processing complete.
[2025-11-25 00:06:58]     ✓ Successfully parsed: Gen 5:24
[2025-11-25 00:06:58]   Parsing Gen 5:25...
Processing Gen 5:25...
Successfully processed and saved output for Gen 5:25 to /Users/joshua/work/strong_number_embedding/sn_within_unv_selfgroup_segmentation/output/Gen/5/25
Processing complete.
[2025-11-25 00:06:59]     ✓ Successfully parsed: Gen 5:25
[2025-11-25 00:06:59]   Parsing Gen 5:26...
Processing Gen 5:26...
Successfully processed and saved output for Gen 5:26 to /Users/joshua/work/strong_number_embedding/sn_within_unv_selfgroup_segmentation/output/Gen/5/26
Processing complete.
[2025-11-25 00:06:59]     ✓ Successfully parsed: Gen 5:26
[2025-11-25 00:07:00]   Parsing Gen 5:27...
Processing Gen 5:27...
Successfully processed and saved output for Gen 5:27 to /Users/joshua/work/strong_number_embedding/sn_within_unv_selfgroup_segmentation/output/Gen/5/27
Processing complete.
[2025-11-25 00:07:00]     ✓ Successfully parsed: Gen 5:27
[2025-11-25 00:07:01]   Parsing Gen 5:28...
Processing Gen 5:28...
Successfully processed and saved output for Gen 5:28 to /Users/joshua/work/strong_number_embedding/sn_within_unv_selfgroup_segmentation/output/Gen/5/28
Processing complete.
[2025-11-25 00:07:01]     ✓ Successfully parsed: Gen 5:28
[2025-11-25 00:07:01]   Parsing Gen 5:29...
Processing Gen 5:29...
Successfully processed and saved output for Gen 5:29 to /Users/joshua/work/strong_number_embedding/sn_within_unv_selfgroup_segmentation/output/Gen/5/29
Processing complete.
[2025-11-25 00:07:02]     ✓ Successfully parsed: Gen 5:29
[2025-11-25 00:07:02]   Parsing Gen 5:30...
Processing Gen 5:30...
Successfully processed and saved output for Gen 5:30 to /Users/joshua/work/strong_number_embedding/sn_within_unv_selfgroup_segmentation/output/Gen/5/30
Processing complete.
[2025-11-25 00:07:02]     ✓ Successfully parsed: Gen 5:30
[2025-11-25 00:07:03]   Parsing Gen 5:31...
Processing Gen 5:31...
Successfully processed and saved output for Gen 5:31 to /Users/joshua/work/strong_number_embedding/sn_within_unv_selfgroup_segmentation/output/Gen/5/31
Processing complete.
[2025-11-25 00:07:03]     ✓ Successfully parsed: Gen 5:31
[2025-11-25 00:07:04]   Parsing Gen 5:32...
Processing Gen 5:32...
Successfully processed and saved output for Gen 5:32 to /Users/joshua/work/strong_number_embedding/sn_within_unv_selfgroup_segmentation/output/Gen/5/32
Processing complete.
[2025-11-25 00:07:04]     ✓ Successfully parsed: Gen 5:32
[2025-11-25 00:07:04]   Completed Gen chapter 5
[2025-11-25 00:07:04] Processing Gen chapter 6 (22 verses)...
[2025-11-25 00:07:04]   Parsing Gen 6:1...
Processing Gen 6:1...
Successfully processed and saved output for Gen 6:1 to /Users/joshua/work/strong_number_embedding/sn_within_unv_selfgroup_segmentation/output/Gen/6/1
Processing complete.
[2025-11-25 00:07:05]     ✓ Successfully parsed: Gen 6:1
[2025-11-25 00:07:05]   Parsing Gen 6:2...
Processing Gen 6:2...
Successfully processed and saved output for Gen 6:2 to /Users/joshua/work/strong_number_embedding/sn_within_unv_selfgroup_segmentation/output/Gen/6/2
Processing complete.
[2025-11-25 00:07:05]     ✓ Successfully parsed: Gen 6:2
[2025-11-25 00:07:06]   Parsing Gen 6:3...
Processing Gen 6:3...
Successfully processed and saved output for Gen 6:3 to /Users/joshua/work/strong_number_embedding/sn_within_unv_selfgroup_segmentation/output/Gen/6/3
Processing complete.
[2025-11-25 00:07:06]     ✓ Successfully parsed: Gen 6:3
[2025-11-25 00:07:07]   Parsing Gen 6:4...
Processing Gen 6:4...
Successfully processed and saved output for Gen 6:4 to /Users/joshua/work/strong_number_embedding/sn_within_unv_selfgroup_segmentation/output/Gen/6/4
Processing complete.
[2025-11-25 00:07:07]     ✓ Successfully parsed: Gen 6:4
[2025-11-25 00:07:07]   Parsing Gen 6:5...
Processing Gen 6:5...
Successfully processed and saved output for Gen 6:5 to /Users/joshua/work/strong_number_embedding/sn_within_unv_selfgroup_segmentation/output/Gen/6/5
Processing complete.
[2025-11-25 00:07:08]     ✓ Successfully parsed: Gen 6:5
[2025-11-25 00:07:08]   Parsing Gen 6:6...
Processing Gen 6:6...
Successfully processed and saved output for Gen 6:6 to /Users/joshua/work/strong_number_embedding/sn_within_unv_selfgroup_segmentation/output/Gen/6/6
Processing complete.
[2025-11-25 00:07:08]     ✓ Successfully parsed: Gen 6:6
[2025-11-25 00:07:09]   Parsing Gen 6:7...
Processing Gen 6:7...
Successfully processed and saved output for Gen 6:7 to /Users/joshua/work/strong_number_embedding/sn_within_unv_selfgroup_segmentation/output/Gen/6/7
Processing complete.
[2025-11-25 00:07:09]     ✓ Successfully parsed: Gen 6:7
[2025-11-25 00:07:10]   Parsing Gen 6:8...
Processing Gen 6:8...
Successfully processed and saved output for Gen 6:8 to /Users/joshua/work/strong_number_embedding/sn_within_unv_selfgroup_segmentation/output/Gen/6/8
Processing complete.
[2025-11-25 00:07:10]     ✓ Successfully parsed: Gen 6:8
[2025-11-25 00:07:10]   Parsing Gen 6:9...
Processing Gen 6:9...
Successfully processed and saved output for Gen 6:9 to /Users/joshua/work/strong_number_embedding/sn_within_unv_selfgroup_segmentation/output/Gen/6/9
Processing complete.
[2025-11-25 00:07:10]     ✓ Successfully parsed: Gen 6:9
[2025-11-25 00:07:11]   Parsing Gen 6:10...
Processing Gen 6:10...
Successfully processed and saved output for Gen 6:10 to /Users/joshua/work/strong_number_embedding/sn_within_unv_selfgroup_segmentation/output/Gen/6/10
Processing complete.
[2025-11-25 00:07:11]     ✓ Successfully parsed: Gen 6:10
[2025-11-25 00:07:12]   Parsing Gen 6:11...
Processing Gen 6:11...
Successfully processed and saved output for Gen 6:11 to /Users/joshua/work/strong_number_embedding/sn_within_unv_selfgroup_segmentation/output/Gen/6/11
Processing complete.
[2025-11-25 00:07:12]     ✓ Successfully parsed: Gen 6:11
[2025-11-25 00:07:12]   Parsing Gen 6:12...
Processing Gen 6:12...
Successfully processed and saved output for Gen 6:12 to /Users/joshua/work/strong_number_embedding/sn_within_unv_selfgroup_segmentation/output/Gen/6/12
Processing complete.
[2025-11-25 00:07:13]     ✓ Successfully parsed: Gen 6:12
[2025-11-25 00:07:13]   Parsing Gen 6:13...
Processing Gen 6:13...
Successfully processed and saved output for Gen 6:13 to /Users/joshua/work/strong_number_embedding/sn_within_unv_selfgroup_segmentation/output/Gen/6/13
Processing complete.
[2025-11-25 00:07:13]     ✓ Successfully parsed: Gen 6:13
