Starting batch parse of the Pentateuch...
========================================
Parsing Genesis (創世記) - 50 chapters...
  Processing Genesis chapter 1 (31 verses)...
Processing Gen 1:1...
Successfully processed and saved output for Gen 1:1 to /Users/joshua/work/strong_number_embedding/sn_within_unv_selfgroup_segmentation/output/Gen/1/1
Processing complete.
Processing Gen 1:2...
Successfully processed and saved output for Gen 1:2 to /Users/joshua/work/strong_number_embedding/sn_within_unv_selfgroup_segmentation/output/Gen/1/2
Processing complete.
Processing Gen 1:3...
Successfully processed and saved output for Gen 1:3 to /Users/joshua/work/strong_number_embedding/sn_within_unv_selfgroup_segmentation/output/Gen/1/3
Processing complete.
Processing Gen 1:4...
Successfully processed and saved output for Gen 1:4 to /Users/joshua/work/strong_number_embedding/sn_within_unv_selfgroup_segmentation/output/Gen/1/4
Processing complete.
Processing Gen 1:5...
Successfully processed and saved output for Gen 1:5 to /Users/joshua/work/strong_number_embedding/sn_within_unv_selfgroup_segmentation/output/Gen/1/5
Processing complete.
Processing Gen 1:6...
Successfully processed and saved output for Gen 1:6 to /Users/joshua/work/strong_number_embedding/sn_within_unv_selfgroup_segmentation/output/Gen/1/6
Processing complete.
Processing Gen 1:7...
Successfully processed and saved output for Gen 1:7 to /Users/joshua/work/strong_number_embedding/sn_within_unv_selfgroup_segmentation/output/Gen/1/7
Processing complete.
Processing Gen 1:8...
Successfully processed and saved output for Gen 1:8 to /Users/joshua/work/strong_number_embedding/sn_within_unv_selfgroup_segmentation/output/Gen/1/8
Processing complete.
Processing Gen 1:9...
Successfully processed and saved output for Gen 1:9 to /Users/joshua/work/strong_number_embedding/sn_within_unv_selfgroup_segmentation/output/Gen/1/9
Processing complete.
Processing Gen 1:10...
Successfully processed and saved output for Gen 1:10 to /Users/joshua/work/strong_number_embedding/sn_within_unv_selfgroup_segmentation/output/Gen/1/10
Processing complete.
Processing Gen 1:11...
Successfully processed and saved output for Gen 1:11 to /Users/joshua/work/strong_number_embedding/sn_within_unv_selfgroup_segmentation/output/Gen/1/11
Processing complete.
Processing Gen 1:12...
Successfully processed and saved output for Gen 1:12 to /Users/joshua/work/strong_number_embedding/sn_within_unv_selfgroup_segmentation/output/Gen/1/12
Processing complete.
Processing Gen 1:13...
Successfully processed and saved output for Gen 1:13 to /Users/joshua/work/strong_number_embedding/sn_within_unv_selfgroup_segmentation/output/Gen/1/13
Processing complete.
Processing Gen 1:14...
Successfully processed and saved output for Gen 1:14 to /Users/joshua/work/strong_number_embedding/sn_within_unv_selfgroup_segmentation/output/Gen/1/14
Processing complete.
Processing Gen 1:15...
Successfully processed and saved output for Gen 1:15 to /Users/joshua/work/strong_number_embedding/sn_within_unv_selfgroup_segmentation/output/Gen/1/15
Processing complete.
Processing Gen 1:16...
Successfully processed and saved output for Gen 1:16 to /Users/joshua/work/strong_number_embedding/sn_within_unv_selfgroup_segmentation/output/Gen/1/16
Processing complete.
Processing Gen 1:17...
Successfully processed and saved output for Gen 1:17 to /Users/joshua/work/strong_number_embedding/sn_within_unv_selfgroup_segmentation/output/Gen/1/17
Processing complete.
Processing Gen 1:18...
Successfully processed and saved output for Gen 1:18 to /Users/joshua/work/strong_number_embedding/sn_within_unv_selfgroup_segmentation/output/Gen/1/18
Processing complete.
Processing Gen 1:19...
Successfully processed and saved output for Gen 1:19 to /Users/joshua/work/strong_number_embedding/sn_within_unv_selfgroup_segmentation/output/Gen/1/19
Processing complete.
Processing Gen 1:20...
Successfully processed and saved output for Gen 1:20 to /Users/joshua/work/strong_number_embedding/sn_within_unv_selfgroup_segmentation/output/Gen/1/20
Processing complete.
Processing Gen 1:21...
Successfully processed and saved output for Gen 1:21 to /Users/joshua/work/strong_number_embedding/sn_within_unv_selfgroup_segmentation/output/Gen/1/21
Processing complete.
Processing Gen 1:22...
Successfully processed and saved output for Gen 1:22 to /Users/joshua/work/strong_number_embedding/sn_within_unv_selfgroup_segmentation/output/Gen/1/22
Processing complete.
Processing Gen 1:23...
Successfully processed and saved output for Gen 1:23 to /Users/joshua/work/strong_number_embedding/sn_within_unv_selfgroup_segmentation/output/Gen/1/23
Processing complete.
Processing Gen 1:24...
Successfully processed and saved output for Gen 1:24 to /Users/joshua/work/strong_number_embedding/sn_within_unv_selfgroup_segmentation/output/Gen/1/24
Processing complete.
Processing Gen 1:25...
Successfully processed and saved output for Gen 1:25 to /Users/joshua/work/strong_number_embedding/sn_within_unv_selfgroup_segmentation/output/Gen/1/25
Processing complete.
Processing Gen 1:26...
Successfully processed and saved output for Gen 1:26 to /Users/joshua/work/strong_number_embedding/sn_within_unv_selfgroup_segmentation/output/Gen/1/26
Processing complete.
Processing Gen 1:27...
Successfully processed and saved output for Gen 1:27 to /Users/joshua/work/strong_number_embedding/sn_within_unv_selfgroup_segmentation/output/Gen/1/27
Processing complete.
Processing Gen 1:28...
Successfully processed and saved output for Gen 1:28 to /Users/joshua/work/strong_number_embedding/sn_within_unv_selfgroup_segmentation/output/Gen/1/28
Processing complete.
Processing Gen 1:29...
Successfully processed and saved output for Gen 1:29 to /Users/joshua/work/strong_number_embedding/sn_within_unv_selfgroup_segmentation/output/Gen/1/29
Processing complete.
Processing Gen 1:30...
Successfully processed and saved output for Gen 1:30 to /Users/joshua/work/strong_number_embedding/sn_within_unv_selfgroup_segmentation/output/Gen/1/30
Processing complete.
Processing Gen 1:31...
Successfully processed and saved output for Gen 1:31 to /Users/joshua/work/strong_number_embedding/sn_within_unv_selfgroup_segmentation/output/Gen/1/31
Processing complete.
  Processing Genesis chapter 2 (25 verses)...
Processing Gen 2:1...
Successfully processed and saved output for Gen 2:1 to /Users/joshua/work/strong_number_embedding/sn_within_unv_selfgroup_segmentation/output/Gen/2/1
Processing complete.
Processing Gen 2:2...
Successfully processed and saved output for Gen 2:2 to /Users/joshua/work/strong_number_embedding/sn_within_unv_selfgroup_segmentation/output/Gen/2/2
Processing complete.
Processing Gen 2:3...
Successfully processed and saved output for Gen 2:3 to /Users/joshua/work/strong_number_embedding/sn_within_unv_selfgroup_segmentation/output/Gen/2/3
Processing complete.
Processing Gen 2:4...
Successfully processed and saved output for Gen 2:4 to /Users/joshua/work/strong_number_embedding/sn_within_unv_selfgroup_segmentation/output/Gen/2/4
Processing complete.
Processing Gen 2:5...
Successfully processed and saved output for Gen 2:5 to /Users/joshua/work/strong_number_embedding/sn_within_unv_selfgroup_segmentation/output/Gen/2/5
Processing complete.
Processing Gen 2:6...
Successfully processed and saved output for Gen 2:6 to /Users/joshua/work/strong_number_embedding/sn_within_unv_selfgroup_segmentation/output/Gen/2/6
Processing complete.
Processing Gen 2:7...
Successfully processed and saved output for Gen 2:7 to /Users/joshua/work/strong_number_embedding/sn_within_unv_selfgroup_segmentation/output/Gen/2/7
Processing complete.
Processing Gen 2:8...
Successfully processed and saved output for Gen 2:8 to /Users/joshua/work/strong_number_embedding/sn_within_unv_selfgroup_segmentation/output/Gen/2/8
Processing complete.
Processing Gen 2:9...
Successfully processed and saved output for Gen 2:9 to /Users/joshua/work/strong_number_embedding/sn_within_unv_selfgroup_segmentation/output/Gen/2/9
Processing complete.
Processing Gen 2:10...
Successfully processed and saved output for Gen 2:10 to /Users/joshua/work/strong_number_embedding/sn_within_unv_selfgroup_segmentation/output/Gen/2/10
Processing complete.
Processing Gen 2:11...
Successfully processed and saved output for Gen 2:11 to /Users/joshua/work/strong_number_embedding/sn_within_unv_selfgroup_segmentation/output/Gen/2/11
Processing complete.
Processing Gen 2:12...
Successfully processed and saved output for Gen 2:12 to /Users/joshua/work/strong_number_embedding/sn_within_unv_selfgroup_segmentation/output/Gen/2/12
Processing complete.
Processing Gen 2:13...
Successfully processed and saved output for Gen 2:13 to /Users/joshua/work/strong_number_embedding/sn_within_unv_selfgroup_segmentation/output/Gen/2/13
Processing complete.
Processing Gen 2:14...
Successfully processed and saved output for Gen 2:14 to /Users/joshua/work/strong_number_embedding/sn_within_unv_selfgroup_segmentation/output/Gen/2/14
Processing complete.
Processing Gen 2:15...
Successfully processed and saved output for Gen 2:15 to /Users/joshua/work/strong_number_embedding/sn_within_unv_selfgroup_segmentation/output/Gen/2/15
Processing complete.
Processing Gen 2:16...
Successfully processed and saved output for Gen 2:16 to /Users/joshua/work/strong_number_embedding/sn_within_unv_selfgroup_segmentation/output/Gen/2/16
Processing complete.
Processing Gen 2:17...
Successfully processed and saved output for Gen 2:17 to /Users/joshua/work/strong_number_embedding/sn_within_unv_selfgroup_segmentation/output/Gen/2/17
Processing complete.
Processing Gen 2:18...
Successfully processed and saved output for Gen 2:18 to /Users/joshua/work/strong_number_embedding/sn_within_unv_selfgroup_segmentation/output/Gen/2/18
Processing complete.
Processing Gen 2:19...
Successfully processed and saved output for Gen 2:19 to /Users/joshua/work/strong_number_embedding/sn_within_unv_selfgroup_segmentation/output/Gen/2/19
Processing complete.
Processing Gen 2:20...
Successfully processed and saved output for Gen 2:20 to /Users/joshua/work/strong_number_embedding/sn_within_unv_selfgroup_segmentation/output/Gen/2/20
Processing complete.
Processing Gen 2:21...
Successfully processed and saved output for Gen 2:21 to /Users/joshua/work/strong_number_embedding/sn_within_unv_selfgroup_segmentation/output/Gen/2/21
Processing complete.
Processing Gen 2:22...
Successfully processed and saved output for Gen 2:22 to /Users/joshua/work/strong_number_embedding/sn_within_unv_selfgroup_segmentation/output/Gen/2/22
Processing complete.
Processing Gen 2:23...
Successfully processed and saved output for Gen 2:23 to /Users/joshua/work/strong_number_embedding/sn_within_unv_selfgroup_segmentation/output/Gen/2/23
Processing complete.
Processing Gen 2:24...
Successfully processed and saved output for Gen 2:24 to /Users/joshua/work/strong_number_embedding/sn_within_unv_selfgroup_segmentation/output/Gen/2/24
Processing complete.
Processing Gen 2:25...
Successfully processed and saved output for Gen 2:25 to /Users/joshua/work/strong_number_embedding/sn_within_unv_selfgroup_segmentation/output/Gen/2/25
Processing complete.
  Processing Genesis chapter 3 (24 verses)...
Processing Gen 3:1...
Successfully processed and saved output for Gen 3:1 to /Users/joshua/work/strong_number_embedding/sn_within_unv_selfgroup_segmentation/output/Gen/3/1
Processing complete.
Processing Gen 3:2...
Successfully processed and saved output for Gen 3:2 to /Users/joshua/work/strong_number_embedding/sn_within_unv_selfgroup_segmentation/output/Gen/3/2
Processing complete.
Processing Gen 3:3...
Successfully processed and saved output for Gen 3:3 to /Users/joshua/work/strong_number_embedding/sn_within_unv_selfgroup_segmentation/output/Gen/3/3
Processing complete.
Processing Gen 3:4...
Successfully processed and saved output for Gen 3:4 to /Users/joshua/work/strong_number_embedding/sn_within_unv_selfgroup_segmentation/output/Gen/3/4
Processing complete.
Processing Gen 3:5...
Successfully processed and saved output for Gen 3:5 to /Users/joshua/work/strong_number_embedding/sn_within_unv_selfgroup_segmentation/output/Gen/3/5
Processing complete.
Processing Gen 3:6...
Successfully processed and saved output for Gen 3:6 to /Users/joshua/work/strong_number_embedding/sn_within_unv_selfgroup_segmentation/output/Gen/3/6
Processing complete.
Processing Gen 3:7...
Successfully processed and saved output for Gen 3:7 to /Users/joshua/work/strong_number_embedding/sn_within_unv_selfgroup_segmentation/output/Gen/3/7
Processing complete.
Processing Gen 3:8...
Successfully processed and saved output for Gen 3:8 to /Users/joshua/work/strong_number_embedding/sn_within_unv_selfgroup_segmentation/output/Gen/3/8
Processing complete.
Processing Gen 3:9...
Successfully processed and saved output for Gen 3:9 to /Users/joshua/work/strong_number_embedding/sn_within_unv_selfgroup_segmentation/output/Gen/3/9
Processing complete.
Processing Gen 3:10...
Successfully processed and saved output for Gen 3:10 to /Users/joshua/work/strong_number_embedding/sn_within_unv_selfgroup_segmentation/output/Gen/3/10
Processing complete.
Processing Gen 3:11...
Successfully processed and saved output for Gen 3:11 to /Users/joshua/work/strong_number_embedding/sn_within_unv_selfgroup_segmentation/output/Gen/3/11
Processing complete.
Processing Gen 3:12...
Successfully processed and saved output for Gen 3:12 to /Users/joshua/work/strong_number_embedding/sn_within_unv_selfgroup_segmentation/output/Gen/3/12
Processing complete.
Processing Gen 3:13...
Successfully processed and saved output for Gen 3:13 to /Users/joshua/work/strong_number_embedding/sn_within_unv_selfgroup_segmentation/output/Gen/3/13
Processing complete.
Processing Gen 3:14...
Successfully processed and saved output for Gen 3:14 to /Users/joshua/work/strong_number_embedding/sn_within_unv_selfgroup_segmentation/output/Gen/3/14
Processing complete.
Processing Gen 3:15...
Successfully processed and saved output for Gen 3:15 to /Users/joshua/work/strong_number_embedding/sn_within_unv_selfgroup_segmentation/output/Gen/3/15
Processing complete.
Processing Gen 3:16...
Successfully processed and saved output for Gen 3:16 to /Users/joshua/work/strong_number_embedding/sn_within_unv_selfgroup_segmentation/output/Gen/3/16
Processing complete.
Processing Gen 3:17...
Successfully processed and saved output for Gen 3:17 to /Users/joshua/work/strong_number_embedding/sn_within_unv_selfgroup_segmentation/output/Gen/3/17
Processing complete.
Processing Gen 3:18...
Successfully processed and saved output for Gen 3:18 to /Users/joshua/work/strong_number_embedding/sn_within_unv_selfgroup_segmentation/output/Gen/3/18
Processing complete.
Processing Gen 3:19...
Successfully processed and saved output for Gen 3:19 to /Users/joshua/work/strong_number_embedding/sn_within_unv_selfgroup_segmentation/output/Gen/3/19
Processing complete.
Processing Gen 3:20...
Successfully processed and saved output for Gen 3:20 to /Users/joshua/work/strong_number_embedding/sn_within_unv_selfgroup_segmentation/output/Gen/3/20
Processing complete.
Processing Gen 3:21...
Successfully processed and saved output for Gen 3:21 to /Users/joshua/work/strong_number_embedding/sn_within_unv_selfgroup_segmentation/output/Gen/3/21
Processing complete.
Processing Gen 3:22...
Successfully processed and saved output for Gen 3:22 to /Users/joshua/work/strong_number_embedding/sn_within_unv_selfgroup_segmentation/output/Gen/3/22
Processing complete.
Processing Gen 3:23...
Successfully processed and saved output for Gen 3:23 to /Users/joshua/work/strong_number_embedding/sn_within_unv_selfgroup_segmentation/output/Gen/3/23
Processing complete.
Processing Gen 3:24...
Successfully processed and saved output for Gen 3:24 to /Users/joshua/work/strong_number_embedding/sn_within_unv_selfgroup_segmentation/output/Gen/3/24
Processing complete.
  Processing Genesis chapter 4 (26 verses)...
Processing Gen 4:1...
Successfully processed and saved output for Gen 4:1 to /Users/joshua/work/strong_number_embedding/sn_within_unv_selfgroup_segmentation/output/Gen/4/1
Processing complete.
Processing Gen 4:2...
Successfully processed and saved output for Gen 4:2 to /Users/joshua/work/strong_number_embedding/sn_within_unv_selfgroup_segmentation/output/Gen/4/2
Processing complete.
Processing Gen 4:3...
Successfully processed and saved output for Gen 4:3 to /Users/joshua/work/strong_number_embedding/sn_within_unv_selfgroup_segmentation/output/Gen/4/3
Processing complete.
Processing Gen 4:4...
Successfully processed and saved output for Gen 4:4 to /Users/joshua/work/strong_number_embedding/sn_within_unv_selfgroup_segmentation/output/Gen/4/4
Processing complete.
Processing Gen 4:5...
Successfully processed and saved output for Gen 4:5 to /Users/joshua/work/strong_number_embedding/sn_within_unv_selfgroup_segmentation/output/Gen/4/5
Processing complete.
Processing Gen 4:6...
Successfully processed and saved output for Gen 4:6 to /Users/joshua/work/strong_number_embedding/sn_within_unv_selfgroup_segmentation/output/Gen/4/6
Processing complete.
Processing Gen 4:7...
Successfully processed and saved output for Gen 4:7 to /Users/joshua/work/strong_number_embedding/sn_within_unv_selfgroup_segmentation/output/Gen/4/7
Processing complete.
Processing Gen 4:8...
Successfully processed and saved output for Gen 4:8 to /Users/joshua/work/strong_number_embedding/sn_within_unv_selfgroup_segmentation/output/Gen/4/8
Processing complete.
Processing Gen 4:9...
Successfully processed and saved output for Gen 4:9 to /Users/joshua/work/strong_number_embedding/sn_within_unv_selfgroup_segmentation/output/Gen/4/9
Processing complete.
Processing Gen 4:10...
Successfully processed and saved output for Gen 4:10 to /Users/joshua/work/strong_number_embedding/sn_within_unv_selfgroup_segmentation/output/Gen/4/10
Processing complete.
Processing Gen 4:11...
Successfully processed and saved output for Gen 4:11 to /Users/joshua/work/strong_number_embedding/sn_within_unv_selfgroup_segmentation/output/Gen/4/11
Processing complete.
Processing Gen 4:12...
Successfully processed and saved output for Gen 4:12 to /Users/joshua/work/strong_number_embedding/sn_within_unv_selfgroup_segmentation/output/Gen/4/12
Processing complete.
Processing Gen 4:13...
Successfully processed and saved output for Gen 4:13 to /Users/joshua/work/strong_number_embedding/sn_within_unv_selfgroup_segmentation/output/Gen/4/13
Processing complete.
Processing Gen 4:14...
Successfully processed and saved output for Gen 4:14 to /Users/joshua/work/strong_number_embedding/sn_within_unv_selfgroup_segmentation/output/Gen/4/14
Processing complete.
Processing Gen 4:15...
Successfully processed and saved output for Gen 4:15 to /Users/joshua/work/strong_number_embedding/sn_within_unv_selfgroup_segmentation/output/Gen/4/15
Processing complete.
Processing Gen 4:16...
Successfully processed and saved output for Gen 4:16 to /Users/joshua/work/strong_number_embedding/sn_within_unv_selfgroup_segmentation/output/Gen/4/16
Processing complete.
Processing Gen 4:17...
Successfully processed and saved output for Gen 4:17 to /Users/joshua/work/strong_number_embedding/sn_within_unv_selfgroup_segmentation/output/Gen/4/17
Processing complete.
Processing Gen 4:18...
Successfully processed and saved output for Gen 4:18 to /Users/joshua/work/strong_number_embedding/sn_within_unv_selfgroup_segmentation/output/Gen/4/18
Processing complete.
Processing Gen 4:19...
Successfully processed and saved output for Gen 4:19 to /Users/joshua/work/strong_number_embedding/sn_within_unv_selfgroup_segmentation/output/Gen/4/19
Processing complete.
Processing Gen 4:20...
Successfully processed and saved output for Gen 4:20 to /Users/joshua/work/strong_number_embedding/sn_within_unv_selfgroup_segmentation/output/Gen/4/20
Processing complete.
Processing Gen 4:21...
Successfully processed and saved output for Gen 4:21 to /Users/joshua/work/strong_number_embedding/sn_within_unv_selfgroup_segmentation/output/Gen/4/21
Processing complete.
Processing Gen 4:22...
Successfully processed and saved output for Gen 4:22 to /Users/joshua/work/strong_number_embedding/sn_within_unv_selfgroup_segmentation/output/Gen/4/22
Processing complete.
Processing Gen 4:23...
Successfully processed and saved output for Gen 4:23 to /Users/joshua/work/strong_number_embedding/sn_within_unv_selfgroup_segmentation/output/Gen/4/23
Processing complete.
Processing Gen 4:24...
Successfully processed and saved output for Gen 4:24 to /Users/joshua/work/strong_number_embedding/sn_within_unv_selfgroup_segmentation/output/Gen/4/24
Processing complete.
Processing Gen 4:25...
Successfully processed and saved output for Gen 4:25 to /Users/joshua/work/strong_number_embedding/sn_within_unv_selfgroup_segmentation/output/Gen/4/25
Processing complete.
Processing Gen 4:26...
Successfully processed and saved output for Gen 4:26 to /Users/joshua/work/strong_number_embedding/sn_within_unv_selfgroup_segmentation/output/Gen/4/26
Processing complete.
  Processing Genesis chapter 5 (32 verses)...
Processing Gen 5:1...
Successfully processed and saved output for Gen 5:1 to /Users/joshua/work/strong_number_embedding/sn_within_unv_selfgroup_segmentation/output/Gen/5/1
Processing complete.
Processing Gen 5:2...
Successfully processed and saved output for Gen 5:2 to /Users/joshua/work/strong_number_embedding/sn_within_unv_selfgroup_segmentation/output/Gen/5/2
Processing complete.
Processing Gen 5:3...
Successfully processed and saved output for Gen 5:3 to /Users/joshua/work/strong_number_embedding/sn_within_unv_selfgroup_segmentation/output/Gen/5/3
Processing complete.
Processing Gen 5:4...
Successfully processed and saved output for Gen 5:4 to /Users/joshua/work/strong_number_embedding/sn_within_unv_selfgroup_segmentation/output/Gen/5/4
Processing complete.
Processing Gen 5:5...
Successfully processed and saved output for Gen 5:5 to /Users/joshua/work/strong_number_embedding/sn_within_unv_selfgroup_segmentation/output/Gen/5/5
Processing complete.
Processing Gen 5:6...
Successfully processed and saved output for Gen 5:6 to /Users/joshua/work/strong_number_embedding/sn_within_unv_selfgroup_segmentation/output/Gen/5/6
Processing complete.
Processing Gen 5:7...
Successfully processed and saved output for Gen 5:7 to /Users/joshua/work/strong_number_embedding/sn_within_unv_selfgroup_segmentation/output/Gen/5/7
Processing complete.
Processing Gen 5:8...
Successfully processed and saved output for Gen 5:8 to /Users/joshua/work/strong_number_embedding/sn_within_unv_selfgroup_segmentation/output/Gen/5/8
Processing complete.
Processing Gen 5:9...
Successfully processed and saved output for Gen 5:9 to /Users/joshua/work/strong_number_embedding/sn_within_unv_selfgroup_segmentation/output/Gen/5/9
Processing complete.
Processing Gen 5:10...
Successfully processed and saved output for Gen 5:10 to /Users/joshua/work/strong_number_embedding/sn_within_unv_selfgroup_segmentation/output/Gen/5/10
Processing complete.
Processing Gen 5:11...
Successfully processed and saved output for Gen 5:11 to /Users/joshua/work/strong_number_embedding/sn_within_unv_selfgroup_segmentation/output/Gen/5/11
Processing complete.
Processing Gen 5:12...
Successfully processed and saved output for Gen 5:12 to /Users/joshua/work/strong_number_embedding/sn_within_unv_selfgroup_segmentation/output/Gen/5/12
Processing complete.
Processing Gen 5:13...
Successfully processed and saved output for Gen 5:13 to /Users/joshua/work/strong_number_embedding/sn_within_unv_selfgroup_segmentation/output/Gen/5/13
Processing complete.
Processing Gen 5:14...
Successfully processed and saved output for Gen 5:14 to /Users/joshua/work/strong_number_embedding/sn_within_unv_selfgroup_segmentation/output/Gen/5/14
Processing complete.
Processing Gen 5:15...
Successfully processed and saved output for Gen 5:15 to /Users/joshua/work/strong_number_embedding/sn_within_unv_selfgroup_segmentation/output/Gen/5/15
Processing complete.
Processing Gen 5:16...
Successfully processed and saved output for Gen 5:16 to /Users/joshua/work/strong_number_embedding/sn_within_unv_selfgroup_segmentation/output/Gen/5/16
Processing complete.
Processing Gen 5:17...
Successfully processed and saved output for Gen 5:17 to /Users/joshua/work/strong_number_embedding/sn_within_unv_selfgroup_segmentation/output/Gen/5/17
Processing complete.
Processing Gen 5:18...
Successfully processed and saved output for Gen 5:18 to /Users/joshua/work/strong_number_embedding/sn_within_unv_selfgroup_segmentation/output/Gen/5/18
Processing complete.
Processing Gen 5:19...
Successfully processed and saved output for Gen 5:19 to /Users/joshua/work/strong_number_embedding/sn_within_unv_selfgroup_segmentation/output/Gen/5/19
Processing complete.
Processing Gen 5:20...
Successfully processed and saved output for Gen 5:20 to /Users/joshua/work/strong_number_embedding/sn_within_unv_selfgroup_segmentation/output/Gen/5/20
Processing complete.
Processing Gen 5:21...
Successfully processed and saved output for Gen 5:21 to /Users/joshua/work/strong_number_embedding/sn_within_unv_selfgroup_segmentation/output/Gen/5/21
Processing complete.
Processing Gen 5:22...
Successfully processed and saved output for Gen 5:22 to /Users/joshua/work/strong_number_embedding/sn_within_unv_selfgroup_segmentation/output/Gen/5/22
Processing complete.
Processing Gen 5:23...
Successfully processed and saved output for Gen 5:23 to /Users/joshua/work/strong_number_embedding/sn_within_unv_selfgroup_segmentation/output/Gen/5/23
Processing complete.
Processing Gen 5:24...
Successfully processed and saved output for Gen 5:24 to /Users/joshua/work/strong_number_embedding/sn_within_unv_selfgroup_segmentation/output/Gen/5/24
Processing complete.
Processing Gen 5:25...
Successfully processed and saved output for Gen 5:25 to /Users/joshua/work/strong_number_embedding/sn_within_unv_selfgroup_segmentation/output/Gen/5/25
Processing complete.
Processing Gen 5:26...
Successfully processed and saved output for Gen 5:26 to /Users/joshua/work/strong_number_embedding/sn_within_unv_selfgroup_segmentation/output/Gen/5/26
Processing complete.
Processing Gen 5:27...
Successfully processed and saved output for Gen 5:27 to /Users/joshua/work/strong_number_embedding/sn_within_unv_selfgroup_segmentation/output/Gen/5/27
Processing complete.
Processing Gen 5:28...
Successfully processed and saved output for Gen 5:28 to /Users/joshua/work/strong_number_embedding/sn_within_unv_selfgroup_segmentation/output/Gen/5/28
Processing complete.
Processing Gen 5:29...
Successfully processed and saved output for Gen 5:29 to /Users/joshua/work/strong_number_embedding/sn_within_unv_selfgroup_segmentation/output/Gen/5/29
Processing complete.
Processing Gen 5:30...
Successfully processed and saved output for Gen 5:30 to /Users/joshua/work/strong_number_embedding/sn_within_unv_selfgroup_segmentation/output/Gen/5/30
Processing complete.
Processing Gen 5:31...
Successfully processed and saved output for Gen 5:31 to /Users/joshua/work/strong_number_embedding/sn_within_unv_selfgroup_segmentation/output/Gen/5/31
Processing complete.
Processing Gen 5:32...
Successfully processed and saved output for Gen 5:32 to /Users/joshua/work/strong_number_embedding/sn_within_unv_selfgroup_segmentation/output/Gen/5/32
Processing complete.
  Processing Genesis chapter 6 (22 verses)...
Processing Gen 6:1...
Successfully processed and saved output for Gen 6:1 to /Users/joshua/work/strong_number_embedding/sn_within_unv_selfgroup_segmentation/output/Gen/6/1
Processing complete.
Processing Gen 6:2...
Successfully processed and saved output for Gen 6:2 to /Users/joshua/work/strong_number_embedding/sn_within_unv_selfgroup_segmentation/output/Gen/6/2
Processing complete.
Processing Gen 6:3...
Successfully processed and saved output for Gen 6:3 to /Users/joshua/work/strong_number_embedding/sn_within_unv_selfgroup_segmentation/output/Gen/6/3
Processing complete.
Processing Gen 6:4...
Successfully processed and saved output for Gen 6:4 to /Users/joshua/work/strong_number_embedding/sn_within_unv_selfgroup_segmentation/output/Gen/6/4
Processing complete.
Processing Gen 6:5...
Successfully processed and saved output for Gen 6:5 to /Users/joshua/work/strong_number_embedding/sn_within_unv_selfgroup_segmentation/output/Gen/6/5
Processing complete.
Processing Gen 6:6...
Successfully processed and saved output for Gen 6:6 to /Users/joshua/work/strong_number_embedding/sn_within_unv_selfgroup_segmentation/output/Gen/6/6
Processing complete.
Processing Gen 6:7...
Successfully processed and saved output for Gen 6:7 to /Users/joshua/work/strong_number_embedding/sn_within_unv_selfgroup_segmentation/output/Gen/6/7
Processing complete.
Processing Gen 6:8...
Successfully processed and saved output for Gen 6:8 to /Users/joshua/work/strong_number_embedding/sn_within_unv_selfgroup_segmentation/output/Gen/6/8
Processing complete.
Processing Gen 6:9...
Successfully processed and saved output for Gen 6:9 to /Users/joshua/work/strong_number_embedding/sn_within_unv_selfgroup_segmentation/output/Gen/6/9
Processing complete.
Processing Gen 6:10...
Successfully processed and saved output for Gen 6:10 to /Users/joshua/work/strong_number_embedding/sn_within_unv_selfgroup_segmentation/output/Gen/6/10
Processing complete.
Processing Gen 6:11...
Successfully processed and saved output for Gen 6:11 to /Users/joshua/work/strong_number_embedding/sn_within_unv_selfgroup_segmentation/output/Gen/6/11
Processing complete.
Processing Gen 6:12...
Successfully processed and saved output for Gen 6:12 to /Users/joshua/work/strong_number_embedding/sn_within_unv_selfgroup_segmentation/output/Gen/6/12
Processing complete.
Processing Gen 6:13...
Successfully processed and saved output for Gen 6:13 to /Users/joshua/work/strong_number_embedding/sn_within_unv_selfgroup_segmentation/output/Gen/6/13
Processing complete.
Processing Gen 6:14...
Successfully processed and saved output for Gen 6:14 to /Users/joshua/work/strong_number_embedding/sn_within_unv_selfgroup_segmentation/output/Gen/6/14
Processing complete.
Processing Gen 6:15...
Successfully processed and saved output for Gen 6:15 to /Users/joshua/work/strong_number_embedding/sn_within_unv_selfgroup_segmentation/output/Gen/6/15
Processing complete.
Processing Gen 6:16...
Successfully processed and saved output for Gen 6:16 to /Users/joshua/work/strong_number_embedding/sn_within_unv_selfgroup_segmentation/output/Gen/6/16
Processing complete.
Processing Gen 6:17...
Successfully processed and saved output for Gen 6:17 to /Users/joshua/work/strong_number_embedding/sn_within_unv_selfgroup_segmentation/output/Gen/6/17
Processing complete.
Processing Gen 6:18...
Successfully processed and saved output for Gen 6:18 to /Users/joshua/work/strong_number_embedding/sn_within_unv_selfgroup_segmentation/output/Gen/6/18
Processing complete.
Processing Gen 6:19...
Successfully processed and saved output for Gen 6:19 to /Users/joshua/work/strong_number_embedding/sn_within_unv_selfgroup_segmentation/output/Gen/6/19
Processing complete.
Processing Gen 6:20...
Successfully processed and saved output for Gen 6:20 to /Users/joshua/work/strong_number_embedding/sn_within_unv_selfgroup_segmentation/output/Gen/6/20
Processing complete.
Processing Gen 6:21...
Successfully processed and saved output for Gen 6:21 to /Users/joshua/work/strong_number_embedding/sn_within_unv_selfgroup_segmentation/output/Gen/6/21
Processing complete.
Processing Gen 6:22...
Successfully processed and saved output for Gen 6:22 to /Users/joshua/work/strong_number_embedding/sn_within_unv_selfgroup_segmentation/output/Gen/6/22
Processing complete.
  Processing Genesis chapter 7 (24 verses)...
Processing Gen 7:1...
Successfully processed and saved output for Gen 7:1 to /Users/joshua/work/strong_number_embedding/sn_within_unv_selfgroup_segmentation/output/Gen/7/1
Processing complete.
Processing Gen 7:2...
Successfully processed and saved output for Gen 7:2 to /Users/joshua/work/strong_number_embedding/sn_within_unv_selfgroup_segmentation/output/Gen/7/2
Processing complete.
Processing Gen 7:3...
Successfully processed and saved output for Gen 7:3 to /Users/joshua/work/strong_number_embedding/sn_within_unv_selfgroup_segmentation/output/Gen/7/3
Processing complete.
Processing Gen 7:4...
Successfully processed and saved output for Gen 7:4 to /Users/joshua/work/strong_number_embedding/sn_within_unv_selfgroup_segmentation/output/Gen/7/4
Processing complete.
Processing Gen 7:5...
Successfully processed and saved output for Gen 7:5 to /Users/joshua/work/strong_number_embedding/sn_within_unv_selfgroup_segmentation/output/Gen/7/5
Processing complete.
Processing Gen 7:6...
Successfully processed and saved output for Gen 7:6 to /Users/joshua/work/strong_number_embedding/sn_within_unv_selfgroup_segmentation/output/Gen/7/6
Processing complete.
Processing Gen 7:7...
Successfully processed and saved output for Gen 7:7 to /Users/joshua/work/strong_number_embedding/sn_within_unv_selfgroup_segmentation/output/Gen/7/7
Processing complete.
Processing Gen 7:8...
Successfully processed and saved output for Gen 7:8 to /Users/joshua/work/strong_number_embedding/sn_within_unv_selfgroup_segmentation/output/Gen/7/8
Processing complete.
Processing Gen 7:9...
Successfully processed and saved output for Gen 7:9 to /Users/joshua/work/strong_number_embedding/sn_within_unv_selfgroup_segmentation/output/Gen/7/9
Processing complete.
Processing Gen 7:10...
Successfully processed and saved output for Gen 7:10 to /Users/joshua/work/strong_number_embedding/sn_within_unv_selfgroup_segmentation/output/Gen/7/10
Processing complete.
Processing Gen 7:11...
Successfully processed and saved output for Gen 7:11 to /Users/joshua/work/strong_number_embedding/sn_within_unv_selfgroup_segmentation/output/Gen/7/11
Processing complete.
Processing Gen 7:12...
Successfully processed and saved output for Gen 7:12 to /Users/joshua/work/strong_number_embedding/sn_within_unv_selfgroup_segmentation/output/Gen/7/12
Processing complete.
Processing Gen 7:13...
Successfully processed and saved output for Gen 7:13 to /Users/joshua/work/strong_number_embedding/sn_within_unv_selfgroup_segmentation/output/Gen/7/13
Processing complete.
Processing Gen 7:14...
Successfully processed and saved output for Gen 7:14 to /Users/joshua/work/strong_number_embedding/sn_within_unv_selfgroup_segmentation/output/Gen/7/14
Processing complete.
Processing Gen 7:15...
Successfully processed and saved output for Gen 7:15 to /Users/joshua/work/strong_number_embedding/sn_within_unv_selfgroup_segmentation/output/Gen/7/15
Processing complete.
Processing Gen 7:16...
Successfully processed and saved output for Gen 7:16 to /Users/joshua/work/strong_number_embedding/sn_within_unv_selfgroup_segmentation/output/Gen/7/16
Processing complete.
Processing Gen 7:17...
Successfully processed and saved output for Gen 7:17 to /Users/joshua/work/strong_number_embedding/sn_within_unv_selfgroup_segmentation/output/Gen/7/17
Processing complete.
Processing Gen 7:18...
Successfully processed and saved output for Gen 7:18 to /Users/joshua/work/strong_number_embedding/sn_within_unv_selfgroup_segmentation/output/Gen/7/18
Processing complete.
Processing Gen 7:19...
Successfully processed and saved output for Gen 7:19 to /Users/joshua/work/strong_number_embedding/sn_within_unv_selfgroup_segmentation/output/Gen/7/19
Processing complete.
Processing Gen 7:20...
Successfully processed and saved output for Gen 7:20 to /Users/joshua/work/strong_number_embedding/sn_within_unv_selfgroup_segmentation/output/Gen/7/20
Processing complete.
Processing Gen 7:21...
Successfully processed and saved output for Gen 7:21 to /Users/joshua/work/strong_number_embedding/sn_within_unv_selfgroup_segmentation/output/Gen/7/21
Processing complete.
Processing Gen 7:22...
Successfully processed and saved output for Gen 7:22 to /Users/joshua/work/strong_number_embedding/sn_within_unv_selfgroup_segmentation/output/Gen/7/22
Processing complete.
Processing Gen 7:23...
Successfully processed and saved output for Gen 7:23 to /Users/joshua/work/strong_number_embedding/sn_within_unv_selfgroup_segmentation/output/Gen/7/23
Processing complete.
Processing Gen 7:24...
Successfully processed and saved output for Gen 7:24 to /Users/joshua/work/strong_number_embedding/sn_within_unv_selfgroup_segmentation/output/Gen/7/24
Processing complete.
  Processing Genesis chapter 8 (22 verses)...
Processing Gen 8:1...
Successfully processed and saved output for Gen 8:1 to /Users/joshua/work/strong_number_embedding/sn_within_unv_selfgroup_segmentation/output/Gen/8/1
Processing complete.
Processing Gen 8:2...
Successfully processed and saved output for Gen 8:2 to /Users/joshua/work/strong_number_embedding/sn_within_unv_selfgroup_segmentation/output/Gen/8/2
Processing complete.
Processing Gen 8:3...
Successfully processed and saved output for Gen 8:3 to /Users/joshua/work/strong_number_embedding/sn_within_unv_selfgroup_segmentation/output/Gen/8/3
Processing complete.
Processing Gen 8:4...
Successfully processed and saved output for Gen 8:4 to /Users/joshua/work/strong_number_embedding/sn_within_unv_selfgroup_segmentation/output/Gen/8/4
Processing complete.
Processing Gen 8:5...
Successfully processed and saved output for Gen 8:5 to /Users/joshua/work/strong_number_embedding/sn_within_unv_selfgroup_segmentation/output/Gen/8/5
Processing complete.
Processing Gen 8:6...
Successfully processed and saved output for Gen 8:6 to /Users/joshua/work/strong_number_embedding/sn_within_unv_selfgroup_segmentation/output/Gen/8/6
Processing complete.
Processing Gen 8:7...
Successfully processed and saved output for Gen 8:7 to /Users/joshua/work/strong_number_embedding/sn_within_unv_selfgroup_segmentation/output/Gen/8/7
Processing complete.
Processing Gen 8:8...
Successfully processed and saved output for Gen 8:8 to /Users/joshua/work/strong_number_embedding/sn_within_unv_selfgroup_segmentation/output/Gen/8/8
Processing complete.
Processing Gen 8:9...
Successfully processed and saved output for Gen 8:9 to /Users/joshua/work/strong_number_embedding/sn_within_unv_selfgroup_segmentation/output/Gen/8/9
Processing complete.
Processing Gen 8:10...
Successfully processed and saved output for Gen 8:10 to /Users/joshua/work/strong_number_embedding/sn_within_unv_selfgroup_segmentation/output/Gen/8/10
Processing complete.
Processing Gen 8:11...
Successfully processed and saved output for Gen 8:11 to /Users/joshua/work/strong_number_embedding/sn_within_unv_selfgroup_segmentation/output/Gen/8/11
Processing complete.
Processing Gen 8:12...
Successfully processed and saved output for Gen 8:12 to /Users/joshua/work/strong_number_embedding/sn_within_unv_selfgroup_segmentation/output/Gen/8/12
Processing complete.
Processing Gen 8:13...
Successfully processed and saved output for Gen 8:13 to /Users/joshua/work/strong_number_embedding/sn_within_unv_selfgroup_segmentation/output/Gen/8/13
Processing complete.
Processing Gen 8:14...
Successfully processed and saved output for Gen 8:14 to /Users/joshua/work/strong_number_embedding/sn_within_unv_selfgroup_segmentation/output/Gen/8/14
Processing complete.
Processing Gen 8:15...
Successfully processed and saved output for Gen 8:15 to /Users/joshua/work/strong_number_embedding/sn_within_unv_selfgroup_segmentation/output/Gen/8/15
Processing complete.
Processing Gen 8:16...
Successfully processed and saved output for Gen 8:16 to /Users/joshua/work/strong_number_embedding/sn_within_unv_selfgroup_segmentation/output/Gen/8/16
Processing complete.
Processing Gen 8:17...
Successfully processed and saved output for Gen 8:17 to /Users/joshua/work/strong_number_embedding/sn_within_unv_selfgroup_segmentation/output/Gen/8/17
Processing complete.
Processing Gen 8:18...
Successfully processed and saved output for Gen 8:18 to /Users/joshua/work/strong_number_embedding/sn_within_unv_selfgroup_segmentation/output/Gen/8/18
Processing complete.
Processing Gen 8:19...
Successfully processed and saved output for Gen 8:19 to /Users/joshua/work/strong_number_embedding/sn_within_unv_selfgroup_segmentation/output/Gen/8/19
Processing complete.
Processing Gen 8:20...
Successfully processed and saved output for Gen 8:20 to /Users/joshua/work/strong_number_embedding/sn_within_unv_selfgroup_segmentation/output/Gen/8/20
Processing complete.
Processing Gen 8:21...
Successfully processed and saved output for Gen 8:21 to /Users/joshua/work/strong_number_embedding/sn_within_unv_selfgroup_segmentation/output/Gen/8/21
Processing complete.
Processing Gen 8:22...
Successfully processed and saved output for Gen 8:22 to /Users/joshua/work/strong_number_embedding/sn_within_unv_selfgroup_segmentation/output/Gen/8/22
Processing complete.
  Processing Genesis chapter 9 (29 verses)...
Processing Gen 9:1...
Successfully processed and saved output for Gen 9:1 to /Users/joshua/work/strong_number_embedding/sn_within_unv_selfgroup_segmentation/output/Gen/9/1
Processing complete.
Processing Gen 9:2...
Successfully processed and saved output for Gen 9:2 to /Users/joshua/work/strong_number_embedding/sn_within_unv_selfgroup_segmentation/output/Gen/9/2
Processing complete.
Processing Gen 9:3...
Successfully processed and saved output for Gen 9:3 to /Users/joshua/work/strong_number_embedding/sn_within_unv_selfgroup_segmentation/output/Gen/9/3
Processing complete.
Processing Gen 9:4...
Successfully processed and saved output for Gen 9:4 to /Users/joshua/work/strong_number_embedding/sn_within_unv_selfgroup_segmentation/output/Gen/9/4
Processing complete.
Processing Gen 9:5...
Successfully processed and saved output for Gen 9:5 to /Users/joshua/work/strong_number_embedding/sn_within_unv_selfgroup_segmentation/output/Gen/9/5
Processing complete.
Processing Gen 9:6...
Successfully processed and saved output for Gen 9:6 to /Users/joshua/work/strong_number_embedding/sn_within_unv_selfgroup_segmentation/output/Gen/9/6
Processing complete.
Processing Gen 9:7...
Successfully processed and saved output for Gen 9:7 to /Users/joshua/work/strong_number_embedding/sn_within_unv_selfgroup_segmentation/output/Gen/9/7
Processing complete.
Processing Gen 9:8...
Successfully processed and saved output for Gen 9:8 to /Users/joshua/work/strong_number_embedding/sn_within_unv_selfgroup_segmentation/output/Gen/9/8
Processing complete.
Processing Gen 9:9...
Successfully processed and saved output for Gen 9:9 to /Users/joshua/work/strong_number_embedding/sn_within_unv_selfgroup_segmentation/output/Gen/9/9
Processing complete.
Processing Gen 9:10...
Successfully processed and saved output for Gen 9:10 to /Users/joshua/work/strong_number_embedding/sn_within_unv_selfgroup_segmentation/output/Gen/9/10
Processing complete.
Processing Gen 9:11...
Successfully processed and saved output for Gen 9:11 to /Users/joshua/work/strong_number_embedding/sn_within_unv_selfgroup_segmentation/output/Gen/9/11
Processing complete.
Processing Gen 9:12...
Successfully processed and saved output for Gen 9:12 to /Users/joshua/work/strong_number_embedding/sn_within_unv_selfgroup_segmentation/output/Gen/9/12
Processing complete.
Processing Gen 9:13...
Successfully processed and saved output for Gen 9:13 to /Users/joshua/work/strong_number_embedding/sn_within_unv_selfgroup_segmentation/output/Gen/9/13
Processing complete.
Processing Gen 9:14...
Successfully processed and saved output for Gen 9:14 to /Users/joshua/work/strong_number_embedding/sn_within_unv_selfgroup_segmentation/output/Gen/9/14
Processing complete.
Processing Gen 9:15...
Successfully processed and saved output for Gen 9:15 to /Users/joshua/work/strong_number_embedding/sn_within_unv_selfgroup_segmentation/output/Gen/9/15
Processing complete.
Processing Gen 9:16...
Successfully processed and saved output for Gen 9:16 to /Users/joshua/work/strong_number_embedding/sn_within_unv_selfgroup_segmentation/output/Gen/9/16
Processing complete.
Processing Gen 9:17...
Successfully processed and saved output for Gen 9:17 to /Users/joshua/work/strong_number_embedding/sn_within_unv_selfgroup_segmentation/output/Gen/9/17
Processing complete.
Processing Gen 9:18...
Successfully processed and saved output for Gen 9:18 to /Users/joshua/work/strong_number_embedding/sn_within_unv_selfgroup_segmentation/output/Gen/9/18
Processing complete.
Processing Gen 9:19...
Successfully processed and saved output for Gen 9:19 to /Users/joshua/work/strong_number_embedding/sn_within_unv_selfgroup_segmentation/output/Gen/9/19
Processing complete.
Processing Gen 9:20...
Successfully processed and saved output for Gen 9:20 to /Users/joshua/work/strong_number_embedding/sn_within_unv_selfgroup_segmentation/output/Gen/9/20
Processing complete.
Processing Gen 9:21...
Successfully processed and saved output for Gen 9:21 to /Users/joshua/work/strong_number_embedding/sn_within_unv_selfgroup_segmentation/output/Gen/9/21
Processing complete.
Processing Gen 9:22...
Successfully processed and saved output for Gen 9:22 to /Users/joshua/work/strong_number_embedding/sn_within_unv_selfgroup_segmentation/output/Gen/9/22
Processing complete.
Processing Gen 9:23...
Successfully processed and saved output for Gen 9:23 to /Users/joshua/work/strong_number_embedding/sn_within_unv_selfgroup_segmentation/output/Gen/9/23
Processing complete.
Processing Gen 9:24...
Successfully processed and saved output for Gen 9:24 to /Users/joshua/work/strong_number_embedding/sn_within_unv_selfgroup_segmentation/output/Gen/9/24
Processing complete.
Processing Gen 9:25...
Successfully processed and saved output for Gen 9:25 to /Users/joshua/work/strong_number_embedding/sn_within_unv_selfgroup_segmentation/output/Gen/9/25
Processing complete.
Processing Gen 9:26...
Successfully processed and saved output for Gen 9:26 to /Users/joshua/work/strong_number_embedding/sn_within_unv_selfgroup_segmentation/output/Gen/9/26
Processing complete.
Processing Gen 9:27...
Successfully processed and saved output for Gen 9:27 to /Users/joshua/work/strong_number_embedding/sn_within_unv_selfgroup_segmentation/output/Gen/9/27
Processing complete.
Processing Gen 9:28...
Successfully processed and saved output for Gen 9:28 to /Users/joshua/work/strong_number_embedding/sn_within_unv_selfgroup_segmentation/output/Gen/9/28
Processing complete.
Processing Gen 9:29...
Successfully processed and saved output for Gen 9:29 to /Users/joshua/work/strong_number_embedding/sn_within_unv_selfgroup_segmentation/output/Gen/9/29
Processing complete.
  Processing Genesis chapter 10 (32 verses)...
Processing Gen 10:1...
Successfully processed and saved output for Gen 10:1 to /Users/joshua/work/strong_number_embedding/sn_within_unv_selfgroup_segmentation/output/Gen/10/1
Processing complete.
Processing Gen 10:2...
Successfully processed and saved output for Gen 10:2 to /Users/joshua/work/strong_number_embedding/sn_within_unv_selfgroup_segmentation/output/Gen/10/2
Processing complete.
Processing Gen 10:3...
Successfully processed and saved output for Gen 10:3 to /Users/joshua/work/strong_number_embedding/sn_within_unv_selfgroup_segmentation/output/Gen/10/3
Processing complete.
Processing Gen 10:4...
Successfully processed and saved output for Gen 10:4 to /Users/joshua/work/strong_number_embedding/sn_within_unv_selfgroup_segmentation/output/Gen/10/4
Processing complete.
Processing Gen 10:5...
Successfully processed and saved output for Gen 10:5 to /Users/joshua/work/strong_number_embedding/sn_within_unv_selfgroup_segmentation/output/Gen/10/5
Processing complete.
Processing Gen 10:6...
Successfully processed and saved output for Gen 10:6 to /Users/joshua/work/strong_number_embedding/sn_within_unv_selfgroup_segmentation/output/Gen/10/6
Processing complete.
Processing Gen 10:7...
Successfully processed and saved output for Gen 10:7 to /Users/joshua/work/strong_number_embedding/sn_within_unv_selfgroup_segmentation/output/Gen/10/7
Processing complete.
Processing Gen 10:8...
Successfully processed and saved output for Gen 10:8 to /Users/joshua/work/strong_number_embedding/sn_within_unv_selfgroup_segmentation/output/Gen/10/8
Processing complete.
Processing Gen 10:9...
Successfully processed and saved output for Gen 10:9 to /Users/joshua/work/strong_number_embedding/sn_within_unv_selfgroup_segmentation/output/Gen/10/9
Processing complete.
Processing Gen 10:10...
Successfully processed and saved output for Gen 10:10 to /Users/joshua/work/strong_number_embedding/sn_within_unv_selfgroup_segmentation/output/Gen/10/10
Processing complete.
Processing Gen 10:11...
Successfully processed and saved output for Gen 10:11 to /Users/joshua/work/strong_number_embedding/sn_within_unv_selfgroup_segmentation/output/Gen/10/11
Processing complete.
Processing Gen 10:12...
Successfully processed and saved output for Gen 10:12 to /Users/joshua/work/strong_number_embedding/sn_within_unv_selfgroup_segmentation/output/Gen/10/12
Processing complete.
Processing Gen 10:13...
Successfully processed and saved output for Gen 10:13 to /Users/joshua/work/strong_number_embedding/sn_within_unv_selfgroup_segmentation/output/Gen/10/13
Processing complete.
Processing Gen 10:14...
Successfully processed and saved output for Gen 10:14 to /Users/joshua/work/strong_number_embedding/sn_within_unv_selfgroup_segmentation/output/Gen/10/14
Processing complete.
Processing Gen 10:15...
Successfully processed and saved output for Gen 10:15 to /Users/joshua/work/strong_number_embedding/sn_within_unv_selfgroup_segmentation/output/Gen/10/15
Processing complete.
Processing Gen 10:16...
Successfully processed and saved output for Gen 10:16 to /Users/joshua/work/strong_number_embedding/sn_within_unv_selfgroup_segmentation/output/Gen/10/16
Processing complete.
Processing Gen 10:17...
Successfully processed and saved output for Gen 10:17 to /Users/joshua/work/strong_number_embedding/sn_within_unv_selfgroup_segmentation/output/Gen/10/17
Processing complete.
Processing Gen 10:18...
Successfully processed and saved output for Gen 10:18 to /Users/joshua/work/strong_number_embedding/sn_within_unv_selfgroup_segmentation/output/Gen/10/18
Processing complete.
Processing Gen 10:19...
Successfully processed and saved output for Gen 10:19 to /Users/joshua/work/strong_number_embedding/sn_within_unv_selfgroup_segmentation/output/Gen/10/19
Processing complete.
Processing Gen 10:20...
Successfully processed and saved output for Gen 10:20 to /Users/joshua/work/strong_number_embedding/sn_within_unv_selfgroup_segmentation/output/Gen/10/20
Processing complete.
Processing Gen 10:21...
Successfully processed and saved output for Gen 10:21 to /Users/joshua/work/strong_number_embedding/sn_within_unv_selfgroup_segmentation/output/Gen/10/21
Processing complete.
Processing Gen 10:22...
Successfully processed and saved output for Gen 10:22 to /Users/joshua/work/strong_number_embedding/sn_within_unv_selfgroup_segmentation/output/Gen/10/22
Processing complete.
Processing Gen 10:23...
Successfully processed and saved output for Gen 10:23 to /Users/joshua/work/strong_number_embedding/sn_within_unv_selfgroup_segmentation/output/Gen/10/23
Processing complete.
Processing Gen 10:24...
Successfully processed and saved output for Gen 10:24 to /Users/joshua/work/strong_number_embedding/sn_within_unv_selfgroup_segmentation/output/Gen/10/24
Processing complete.
Processing Gen 10:25...
Successfully processed and saved output for Gen 10:25 to /Users/joshua/work/strong_number_embedding/sn_within_unv_selfgroup_segmentation/output/Gen/10/25
Processing complete.
Processing Gen 10:26...
Successfully processed and saved output for Gen 10:26 to /Users/joshua/work/strong_number_embedding/sn_within_unv_selfgroup_segmentation/output/Gen/10/26
Processing complete.
Processing Gen 10:27...
Successfully processed and saved output for Gen 10:27 to /Users/joshua/work/strong_number_embedding/sn_within_unv_selfgroup_segmentation/output/Gen/10/27
Processing complete.
Processing Gen 10:28...
Successfully processed and saved output for Gen 10:28 to /Users/joshua/work/strong_number_embedding/sn_within_unv_selfgroup_segmentation/output/Gen/10/28
Processing complete.
Processing Gen 10:29...
Successfully processed and saved output for Gen 10:29 to /Users/joshua/work/strong_number_embedding/sn_within_unv_selfgroup_segmentation/output/Gen/10/29
Processing complete.
Processing Gen 10:30...
Successfully processed and saved output for Gen 10:30 to /Users/joshua/work/strong_number_embedding/sn_within_unv_selfgroup_segmentation/output/Gen/10/30
Processing complete.
Processing Gen 10:31...
Successfully processed and saved output for Gen 10:31 to /Users/joshua/work/strong_number_embedding/sn_within_unv_selfgroup_segmentation/output/Gen/10/31
Processing complete.
Processing Gen 10:32...
Successfully processed and saved output for Gen 10:32 to /Users/joshua/work/strong_number_embedding/sn_within_unv_selfgroup_segmentation/output/Gen/10/32
Processing complete.
  Processing Genesis chapter 11 (32 verses)...
Processing Gen 11:1...
Successfully processed and saved output for Gen 11:1 to /Users/joshua/work/strong_number_embedding/sn_within_unv_selfgroup_segmentation/output/Gen/11/1
Processing complete.
Processing Gen 11:2...
Successfully processed and saved output for Gen 11:2 to /Users/joshua/work/strong_number_embedding/sn_within_unv_selfgroup_segmentation/output/Gen/11/2
Processing complete.
Processing Gen 11:3...
Successfully processed and saved output for Gen 11:3 to /Users/joshua/work/strong_number_embedding/sn_within_unv_selfgroup_segmentation/output/Gen/11/3
Processing complete.
Processing Gen 11:4...
Successfully processed and saved output for Gen 11:4 to /Users/joshua/work/strong_number_embedding/sn_within_unv_selfgroup_segmentation/output/Gen/11/4
Processing complete.
Processing Gen 11:5...
Successfully processed and saved output for Gen 11:5 to /Users/joshua/work/strong_number_embedding/sn_within_unv_selfgroup_segmentation/output/Gen/11/5
Processing complete.
Processing Gen 11:6...
Successfully processed and saved output for Gen 11:6 to /Users/joshua/work/strong_number_embedding/sn_within_unv_selfgroup_segmentation/output/Gen/11/6
Processing complete.
Processing Gen 11:7...
Successfully processed and saved output for Gen 11:7 to /Users/joshua/work/strong_number_embedding/sn_within_unv_selfgroup_segmentation/output/Gen/11/7
Processing complete.
Processing Gen 11:8...
Successfully processed and saved output for Gen 11:8 to /Users/joshua/work/strong_number_embedding/sn_within_unv_selfgroup_segmentation/output/Gen/11/8
Processing complete.
Processing Gen 11:9...
Successfully processed and saved output for Gen 11:9 to /Users/joshua/work/strong_number_embedding/sn_within_unv_selfgroup_segmentation/output/Gen/11/9
Processing complete.
Processing Gen 11:10...
Successfully processed and saved output for Gen 11:10 to /Users/joshua/work/strong_number_embedding/sn_within_unv_selfgroup_segmentation/output/Gen/11/10
Processing complete.
Processing Gen 11:11...
Successfully processed and saved output for Gen 11:11 to /Users/joshua/work/strong_number_embedding/sn_within_unv_selfgroup_segmentation/output/Gen/11/11
Processing complete.
Processing Gen 11:12...
Successfully processed and saved output for Gen 11:12 to /Users/joshua/work/strong_number_embedding/sn_within_unv_selfgroup_segmentation/output/Gen/11/12
Processing complete.
Processing Gen 11:13...
Successfully processed and saved output for Gen 11:13 to /Users/joshua/work/strong_number_embedding/sn_within_unv_selfgroup_segmentation/output/Gen/11/13
Processing complete.
Processing Gen 11:14...
Successfully processed and saved output for Gen 11:14 to /Users/joshua/work/strong_number_embedding/sn_within_unv_selfgroup_segmentation/output/Gen/11/14
Processing complete.
Processing Gen 11:15...
Successfully processed and saved output for Gen 11:15 to /Users/joshua/work/strong_number_embedding/sn_within_unv_selfgroup_segmentation/output/Gen/11/15
Processing complete.
Processing Gen 11:16...
Successfully processed and saved output for Gen 11:16 to /Users/joshua/work/strong_number_embedding/sn_within_unv_selfgroup_segmentation/output/Gen/11/16
Processing complete.
Processing Gen 11:17...
Successfully processed and saved output for Gen 11:17 to /Users/joshua/work/strong_number_embedding/sn_within_unv_selfgroup_segmentation/output/Gen/11/17
Processing complete.
Processing Gen 11:18...
Successfully processed and saved output for Gen 11:18 to /Users/joshua/work/strong_number_embedding/sn_within_unv_selfgroup_segmentation/output/Gen/11/18
Processing complete.
Processing Gen 11:19...
Successfully processed and saved output for Gen 11:19 to /Users/joshua/work/strong_number_embedding/sn_within_unv_selfgroup_segmentation/output/Gen/11/19
Processing complete.
Processing Gen 11:20...
Successfully processed and saved output for Gen 11:20 to /Users/joshua/work/strong_number_embedding/sn_within_unv_selfgroup_segmentation/output/Gen/11/20
Processing complete.
Processing Gen 11:21...
Successfully processed and saved output for Gen 11:21 to /Users/joshua/work/strong_number_embedding/sn_within_unv_selfgroup_segmentation/output/Gen/11/21
Processing complete.
Processing Gen 11:22...
Successfully processed and saved output for Gen 11:22 to /Users/joshua/work/strong_number_embedding/sn_within_unv_selfgroup_segmentation/output/Gen/11/22
Processing complete.
Processing Gen 11:23...
Successfully processed and saved output for Gen 11:23 to /Users/joshua/work/strong_number_embedding/sn_within_unv_selfgroup_segmentation/output/Gen/11/23
Processing complete.
Processing Gen 11:24...
Successfully processed and saved output for Gen 11:24 to /Users/joshua/work/strong_number_embedding/sn_within_unv_selfgroup_segmentation/output/Gen/11/24
Processing complete.
Processing Gen 11:25...
Successfully processed and saved output for Gen 11:25 to /Users/joshua/work/strong_number_embedding/sn_within_unv_selfgroup_segmentation/output/Gen/11/25
Processing complete.
Processing Gen 11:26...
Successfully processed and saved output for Gen 11:26 to /Users/joshua/work/strong_number_embedding/sn_within_unv_selfgroup_segmentation/output/Gen/11/26
Processing complete.
Processing Gen 11:27...
Successfully processed and saved output for Gen 11:27 to /Users/joshua/work/strong_number_embedding/sn_within_unv_selfgroup_segmentation/output/Gen/11/27
Processing complete.
Processing Gen 11:28...
Successfully processed and saved output for Gen 11:28 to /Users/joshua/work/strong_number_embedding/sn_within_unv_selfgroup_segmentation/output/Gen/11/28
Processing complete.
Processing Gen 11:29...
Successfully processed and saved output for Gen 11:29 to /Users/joshua/work/strong_number_embedding/sn_within_unv_selfgroup_segmentation/output/Gen/11/29
Processing complete.
Processing Gen 11:30...
Successfully processed and saved output for Gen 11:30 to /Users/joshua/work/strong_number_embedding/sn_within_unv_selfgroup_segmentation/output/Gen/11/30
Processing complete.
Processing Gen 11:31...
Successfully processed and saved output for Gen 11:31 to /Users/joshua/work/strong_number_embedding/sn_within_unv_selfgroup_segmentation/output/Gen/11/31
Processing complete.
Processing Gen 11:32...
Successfully processed and saved output for Gen 11:32 to /Users/joshua/work/strong_number_embedding/sn_within_unv_selfgroup_segmentation/output/Gen/11/32
Processing complete.
  Processing Genesis chapter 12 (20 verses)...
Processing Gen 12:1...
Successfully processed and saved output for Gen 12:1 to /Users/joshua/work/strong_number_embedding/sn_within_unv_selfgroup_segmentation/output/Gen/12/1
Processing complete.
Processing Gen 12:2...
Successfully processed and saved output for Gen 12:2 to /Users/joshua/work/strong_number_embedding/sn_within_unv_selfgroup_segmentation/output/Gen/12/2
Processing complete.
Processing Gen 12:3...
Successfully processed and saved output for Gen 12:3 to /Users/joshua/work/strong_number_embedding/sn_within_unv_selfgroup_segmentation/output/Gen/12/3
Processing complete.
Processing Gen 12:4...
Successfully processed and saved output for Gen 12:4 to /Users/joshua/work/strong_number_embedding/sn_within_unv_selfgroup_segmentation/output/Gen/12/4
Processing complete.
Processing Gen 12:5...
Successfully processed and saved output for Gen 12:5 to /Users/joshua/work/strong_number_embedding/sn_within_unv_selfgroup_segmentation/output/Gen/12/5
Processing complete.
Processing Gen 12:6...
Successfully processed and saved output for Gen 12:6 to /Users/joshua/work/strong_number_embedding/sn_within_unv_selfgroup_segmentation/output/Gen/12/6
Processing complete.
Processing Gen 12:7...
Successfully processed and saved output for Gen 12:7 to /Users/joshua/work/strong_number_embedding/sn_within_unv_selfgroup_segmentation/output/Gen/12/7
Processing complete.
Processing Gen 12:8...
Successfully processed and saved output for Gen 12:8 to /Users/joshua/work/strong_number_embedding/sn_within_unv_selfgroup_segmentation/output/Gen/12/8
Processing complete.
Processing Gen 12:9...
Successfully processed and saved output for Gen 12:9 to /Users/joshua/work/strong_number_embedding/sn_within_unv_selfgroup_segmentation/output/Gen/12/9
Processing complete.
Processing Gen 12:10...
Successfully processed and saved output for Gen 12:10 to /Users/joshua/work/strong_number_embedding/sn_within_unv_selfgroup_segmentation/output/Gen/12/10
Processing complete.
Processing Gen 12:11...
Successfully processed and saved output for Gen 12:11 to /Users/joshua/work/strong_number_embedding/sn_within_unv_selfgroup_segmentation/output/Gen/12/11
Processing complete.
Processing Gen 12:12...
Successfully processed and saved output for Gen 12:12 to /Users/joshua/work/strong_number_embedding/sn_within_unv_selfgroup_segmentation/output/Gen/12/12
Processing complete.
Processing Gen 12:13...
Successfully processed and saved output for Gen 12:13 to /Users/joshua/work/strong_number_embedding/sn_within_unv_selfgroup_segmentation/output/Gen/12/13
Processing complete.
Processing Gen 12:14...
Successfully processed and saved output for Gen 12:14 to /Users/joshua/work/strong_number_embedding/sn_within_unv_selfgroup_segmentation/output/Gen/12/14
Processing complete.
Processing Gen 12:15...
Successfully processed and saved output for Gen 12:15 to /Users/joshua/work/strong_number_embedding/sn_within_unv_selfgroup_segmentation/output/Gen/12/15
Processing complete.
Processing Gen 12:16...
Successfully processed and saved output for Gen 12:16 to /Users/joshua/work/strong_number_embedding/sn_within_unv_selfgroup_segmentation/output/Gen/12/16
Processing complete.
Processing Gen 12:17...
Successfully processed and saved output for Gen 12:17 to /Users/joshua/work/strong_number_embedding/sn_within_unv_selfgroup_segmentation/output/Gen/12/17
Processing complete.
Processing Gen 12:18...
Successfully processed and saved output for Gen 12:18 to /Users/joshua/work/strong_number_embedding/sn_within_unv_selfgroup_segmentation/output/Gen/12/18
Processing complete.
Processing Gen 12:19...
Successfully processed and saved output for Gen 12:19 to /Users/joshua/work/strong_number_embedding/sn_within_unv_selfgroup_segmentation/output/Gen/12/19
Processing complete.
Processing Gen 12:20...
Successfully processed and saved output for Gen 12:20 to /Users/joshua/work/strong_number_embedding/sn_within_unv_selfgroup_segmentation/output/Gen/12/20
Processing complete.
  Processing Genesis chapter 13 (18 verses)...
Processing Gen 13:1...
Successfully processed and saved output for Gen 13:1 to /Users/joshua/work/strong_number_embedding/sn_within_unv_selfgroup_segmentation/output/Gen/13/1
Processing complete.
Processing Gen 13:2...
Successfully processed and saved output for Gen 13:2 to /Users/joshua/work/strong_number_embedding/sn_within_unv_selfgroup_segmentation/output/Gen/13/2
Processing complete.
Processing Gen 13:3...
Successfully processed and saved output for Gen 13:3 to /Users/joshua/work/strong_number_embedding/sn_within_unv_selfgroup_segmentation/output/Gen/13/3
Processing complete.
Processing Gen 13:4...
Successfully processed and saved output for Gen 13:4 to /Users/joshua/work/strong_number_embedding/sn_within_unv_selfgroup_segmentation/output/Gen/13/4
Processing complete.
Processing Gen 13:5...
Successfully processed and saved output for Gen 13:5 to /Users/joshua/work/strong_number_embedding/sn_within_unv_selfgroup_segmentation/output/Gen/13/5
Processing complete.
Processing Gen 13:6...
Successfully processed and saved output for Gen 13:6 to /Users/joshua/work/strong_number_embedding/sn_within_unv_selfgroup_segmentation/output/Gen/13/6
Processing complete.
Processing Gen 13:7...
Successfully processed and saved output for Gen 13:7 to /Users/joshua/work/strong_number_embedding/sn_within_unv_selfgroup_segmentation/output/Gen/13/7
Processing complete.
Processing Gen 13:8...
Successfully processed and saved output for Gen 13:8 to /Users/joshua/work/strong_number_embedding/sn_within_unv_selfgroup_segmentation/output/Gen/13/8
Processing complete.
Processing Gen 13:9...
Successfully processed and saved output for Gen 13:9 to /Users/joshua/work/strong_number_embedding/sn_within_unv_selfgroup_segmentation/output/Gen/13/9
Processing complete.
Processing Gen 13:10...
Successfully processed and saved output for Gen 13:10 to /Users/joshua/work/strong_number_embedding/sn_within_unv_selfgroup_segmentation/output/Gen/13/10
Processing complete.
Processing Gen 13:11...
Successfully processed and saved output for Gen 13:11 to /Users/joshua/work/strong_number_embedding/sn_within_unv_selfgroup_segmentation/output/Gen/13/11
Processing complete.
Processing Gen 13:12...
Successfully processed and saved output for Gen 13:12 to /Users/joshua/work/strong_number_embedding/sn_within_unv_selfgroup_segmentation/output/Gen/13/12
Processing complete.
Processing Gen 13:13...
Successfully processed and saved output for Gen 13:13 to /Users/joshua/work/strong_number_embedding/sn_within_unv_selfgroup_segmentation/output/Gen/13/13
Processing complete.
Processing Gen 13:14...
Successfully processed and saved output for Gen 13:14 to /Users/joshua/work/strong_number_embedding/sn_within_unv_selfgroup_segmentation/output/Gen/13/14
Processing complete.
Processing Gen 13:15...
Successfully processed and saved output for Gen 13:15 to /Users/joshua/work/strong_number_embedding/sn_within_unv_selfgroup_segmentation/output/Gen/13/15
Processing complete.
Processing Gen 13:16...
Successfully processed and saved output for Gen 13:16 to /Users/joshua/work/strong_number_embedding/sn_within_unv_selfgroup_segmentation/output/Gen/13/16
Processing complete.
Processing Gen 13:17...
Successfully processed and saved output for Gen 13:17 to /Users/joshua/work/strong_number_embedding/sn_within_unv_selfgroup_segmentation/output/Gen/13/17
Processing complete.
Processing Gen 13:18...
Successfully processed and saved output for Gen 13:18 to /Users/joshua/work/strong_number_embedding/sn_within_unv_selfgroup_segmentation/output/Gen/13/18
Processing complete.
  Processing Genesis chapter 14 (24 verses)...
Processing Gen 14:1...
Successfully processed and saved output for Gen 14:1 to /Users/joshua/work/strong_number_embedding/sn_within_unv_selfgroup_segmentation/output/Gen/14/1
Processing complete.
Processing Gen 14:2...
Successfully processed and saved output for Gen 14:2 to /Users/joshua/work/strong_number_embedding/sn_within_unv_selfgroup_segmentation/output/Gen/14/2
Processing complete.
Processing Gen 14:3...
Successfully processed and saved output for Gen 14:3 to /Users/joshua/work/strong_number_embedding/sn_within_unv_selfgroup_segmentation/output/Gen/14/3
Processing complete.
Processing Gen 14:4...
Successfully processed and saved output for Gen 14:4 to /Users/joshua/work/strong_number_embedding/sn_within_unv_selfgroup_segmentation/output/Gen/14/4
Processing complete.
Processing Gen 14:5...
Successfully processed and saved output for Gen 14:5 to /Users/joshua/work/strong_number_embedding/sn_within_unv_selfgroup_segmentation/output/Gen/14/5
Processing complete.
Processing Gen 14:6...
Successfully processed and saved output for Gen 14:6 to /Users/joshua/work/strong_number_embedding/sn_within_unv_selfgroup_segmentation/output/Gen/14/6
Processing complete.
Processing Gen 14:7...
Successfully processed and saved output for Gen 14:7 to /Users/joshua/work/strong_number_embedding/sn_within_unv_selfgroup_segmentation/output/Gen/14/7
Processing complete.
Processing Gen 14:8...
Successfully processed and saved output for Gen 14:8 to /Users/joshua/work/strong_number_embedding/sn_within_unv_selfgroup_segmentation/output/Gen/14/8
Processing complete.
Processing Gen 14:9...
Successfully processed and saved output for Gen 14:9 to /Users/joshua/work/strong_number_embedding/sn_within_unv_selfgroup_segmentation/output/Gen/14/9
Processing complete.
Processing Gen 14:10...
Successfully processed and saved output for Gen 14:10 to /Users/joshua/work/strong_number_embedding/sn_within_unv_selfgroup_segmentation/output/Gen/14/10
Processing complete.
Processing Gen 14:11...
Successfully processed and saved output for Gen 14:11 to /Users/joshua/work/strong_number_embedding/sn_within_unv_selfgroup_segmentation/output/Gen/14/11
Processing complete.
Processing Gen 14:12...
Successfully processed and saved output for Gen 14:12 to /Users/joshua/work/strong_number_embedding/sn_within_unv_selfgroup_segmentation/output/Gen/14/12
Processing complete.
Processing Gen 14:13...
Successfully processed and saved output for Gen 14:13 to /Users/joshua/work/strong_number_embedding/sn_within_unv_selfgroup_segmentation/output/Gen/14/13
Processing complete.
Processing Gen 14:14...
Successfully processed and saved output for Gen 14:14 to /Users/joshua/work/strong_number_embedding/sn_within_unv_selfgroup_segmentation/output/Gen/14/14
Processing complete.
Processing Gen 14:15...
Successfully processed and saved output for Gen 14:15 to /Users/joshua/work/strong_number_embedding/sn_within_unv_selfgroup_segmentation/output/Gen/14/15
Processing complete.
Processing Gen 14:16...
Successfully processed and saved output for Gen 14:16 to /Users/joshua/work/strong_number_embedding/sn_within_unv_selfgroup_segmentation/output/Gen/14/16
Processing complete.
Processing Gen 14:17...
Successfully processed and saved output for Gen 14:17 to /Users/joshua/work/strong_number_embedding/sn_within_unv_selfgroup_segmentation/output/Gen/14/17
Processing complete.
Processing Gen 14:18...
Successfully processed and saved output for Gen 14:18 to /Users/joshua/work/strong_number_embedding/sn_within_unv_selfgroup_segmentation/output/Gen/14/18
Processing complete.
Processing Gen 14:19...
Successfully processed and saved output for Gen 14:19 to /Users/joshua/work/strong_number_embedding/sn_within_unv_selfgroup_segmentation/output/Gen/14/19
Processing complete.
Processing Gen 14:20...
Successfully processed and saved output for Gen 14:20 to /Users/joshua/work/strong_number_embedding/sn_within_unv_selfgroup_segmentation/output/Gen/14/20
Processing complete.
Processing Gen 14:21...
Successfully processed and saved output for Gen 14:21 to /Users/joshua/work/strong_number_embedding/sn_within_unv_selfgroup_segmentation/output/Gen/14/21
Processing complete.
Processing Gen 14:22...
Successfully processed and saved output for Gen 14:22 to /Users/joshua/work/strong_number_embedding/sn_within_unv_selfgroup_segmentation/output/Gen/14/22
Processing complete.
Processing Gen 14:23...
Successfully processed and saved output for Gen 14:23 to /Users/joshua/work/strong_number_embedding/sn_within_unv_selfgroup_segmentation/output/Gen/14/23
Processing complete.
Processing Gen 14:24...
Successfully processed and saved output for Gen 14:24 to /Users/joshua/work/strong_number_embedding/sn_within_unv_selfgroup_segmentation/output/Gen/14/24
Processing complete.
  Processing Genesis chapter 15 (21 verses)...
Processing Gen 15:1...
Successfully processed and saved output for Gen 15:1 to /Users/joshua/work/strong_number_embedding/sn_within_unv_selfgroup_segmentation/output/Gen/15/1
Processing complete.
Processing Gen 15:2...
Successfully processed and saved output for Gen 15:2 to /Users/joshua/work/strong_number_embedding/sn_within_unv_selfgroup_segmentation/output/Gen/15/2
Processing complete.
Processing Gen 15:3...
Successfully processed and saved output for Gen 15:3 to /Users/joshua/work/strong_number_embedding/sn_within_unv_selfgroup_segmentation/output/Gen/15/3
Processing complete.
Processing Gen 15:4...
Successfully processed and saved output for Gen 15:4 to /Users/joshua/work/strong_number_embedding/sn_within_unv_selfgroup_segmentation/output/Gen/15/4
Processing complete.
Processing Gen 15:5...
Successfully processed and saved output for Gen 15:5 to /Users/joshua/work/strong_number_embedding/sn_within_unv_selfgroup_segmentation/output/Gen/15/5
Processing complete.
Processing Gen 15:6...
Successfully processed and saved output for Gen 15:6 to /Users/joshua/work/strong_number_embedding/sn_within_unv_selfgroup_segmentation/output/Gen/15/6
Processing complete.
Processing Gen 15:7...
Successfully processed and saved output for Gen 15:7 to /Users/joshua/work/strong_number_embedding/sn_within_unv_selfgroup_segmentation/output/Gen/15/7
Processing complete.
Processing Gen 15:8...
Successfully processed and saved output for Gen 15:8 to /Users/joshua/work/strong_number_embedding/sn_within_unv_selfgroup_segmentation/output/Gen/15/8
Processing complete.
Processing Gen 15:9...
Successfully processed and saved output for Gen 15:9 to /Users/joshua/work/strong_number_embedding/sn_within_unv_selfgroup_segmentation/output/Gen/15/9
Processing complete.
Processing Gen 15:10...
Successfully processed and saved output for Gen 15:10 to /Users/joshua/work/strong_number_embedding/sn_within_unv_selfgroup_segmentation/output/Gen/15/10
Processing complete.
Processing Gen 15:11...
Successfully processed and saved output for Gen 15:11 to /Users/joshua/work/strong_number_embedding/sn_within_unv_selfgroup_segmentation/output/Gen/15/11
Processing complete.
Processing Gen 15:12...
Successfully processed and saved output for Gen 15:12 to /Users/joshua/work/strong_number_embedding/sn_within_unv_selfgroup_segmentation/output/Gen/15/12
Processing complete.
Processing Gen 15:13...
Successfully processed and saved output for Gen 15:13 to /Users/joshua/work/strong_number_embedding/sn_within_unv_selfgroup_segmentation/output/Gen/15/13
Processing complete.
Processing Gen 15:14...
Successfully processed and saved output for Gen 15:14 to /Users/joshua/work/strong_number_embedding/sn_within_unv_selfgroup_segmentation/output/Gen/15/14
Processing complete.
Processing Gen 15:15...
Successfully processed and saved output for Gen 15:15 to /Users/joshua/work/strong_number_embedding/sn_within_unv_selfgroup_segmentation/output/Gen/15/15
Processing complete.
Processing Gen 15:16...
Successfully processed and saved output for Gen 15:16 to /Users/joshua/work/strong_number_embedding/sn_within_unv_selfgroup_segmentation/output/Gen/15/16
Processing complete.
Processing Gen 15:17...
Successfully processed and saved output for Gen 15:17 to /Users/joshua/work/strong_number_embedding/sn_within_unv_selfgroup_segmentation/output/Gen/15/17
Processing complete.
Processing Gen 15:18...
Successfully processed and saved output for Gen 15:18 to /Users/joshua/work/strong_number_embedding/sn_within_unv_selfgroup_segmentation/output/Gen/15/18
Processing complete.
Processing Gen 15:19...
Successfully processed and saved output for Gen 15:19 to /Users/joshua/work/strong_number_embedding/sn_within_unv_selfgroup_segmentation/output/Gen/15/19
Processing complete.
Processing Gen 15:20...
Successfully processed and saved output for Gen 15:20 to /Users/joshua/work/strong_number_embedding/sn_within_unv_selfgroup_segmentation/output/Gen/15/20
Processing complete.
Processing Gen 15:21...
Successfully processed and saved output for Gen 15:21 to /Users/joshua/work/strong_number_embedding/sn_within_unv_selfgroup_segmentation/output/Gen/15/21
Processing complete.
  Processing Genesis chapter 16 (16 verses)...
Processing Gen 16:1...
Successfully processed and saved output for Gen 16:1 to /Users/joshua/work/strong_number_embedding/sn_within_unv_selfgroup_segmentation/output/Gen/16/1
Processing complete.
Processing Gen 16:2...
Successfully processed and saved output for Gen 16:2 to /Users/joshua/work/strong_number_embedding/sn_within_unv_selfgroup_segmentation/output/Gen/16/2
Processing complete.
Processing Gen 16:3...
Successfully processed and saved output for Gen 16:3 to /Users/joshua/work/strong_number_embedding/sn_within_unv_selfgroup_segmentation/output/Gen/16/3
Processing complete.
Processing Gen 16:4...
Successfully processed and saved output for Gen 16:4 to /Users/joshua/work/strong_number_embedding/sn_within_unv_selfgroup_segmentation/output/Gen/16/4
Processing complete.
Processing Gen 16:5...
Successfully processed and saved output for Gen 16:5 to /Users/joshua/work/strong_number_embedding/sn_within_unv_selfgroup_segmentation/output/Gen/16/5
Processing complete.
Processing Gen 16:6...
Successfully processed and saved output for Gen 16:6 to /Users/joshua/work/strong_number_embedding/sn_within_unv_selfgroup_segmentation/output/Gen/16/6
Processing complete.
Processing Gen 16:7...
Successfully processed and saved output for Gen 16:7 to /Users/joshua/work/strong_number_embedding/sn_within_unv_selfgroup_segmentation/output/Gen/16/7
Processing complete.
Processing Gen 16:8...
Successfully processed and saved output for Gen 16:8 to /Users/joshua/work/strong_number_embedding/sn_within_unv_selfgroup_segmentation/output/Gen/16/8
Processing complete.
Processing Gen 16:9...
Successfully processed and saved output for Gen 16:9 to /Users/joshua/work/strong_number_embedding/sn_within_unv_selfgroup_segmentation/output/Gen/16/9
Processing complete.
Processing Gen 16:10...
Successfully processed and saved output for Gen 16:10 to /Users/joshua/work/strong_number_embedding/sn_within_unv_selfgroup_segmentation/output/Gen/16/10
Processing complete.
Processing Gen 16:11...
Successfully processed and saved output for Gen 16:11 to /Users/joshua/work/strong_number_embedding/sn_within_unv_selfgroup_segmentation/output/Gen/16/11
Processing complete.
Processing Gen 16:12...
Successfully processed and saved output for Gen 16:12 to /Users/joshua/work/strong_number_embedding/sn_within_unv_selfgroup_segmentation/output/Gen/16/12
Processing complete.
Processing Gen 16:13...
Successfully processed and saved output for Gen 16:13 to /Users/joshua/work/strong_number_embedding/sn_within_unv_selfgroup_segmentation/output/Gen/16/13
Processing complete.
Processing Gen 16:14...
Successfully processed and saved output for Gen 16:14 to /Users/joshua/work/strong_number_embedding/sn_within_unv_selfgroup_segmentation/output/Gen/16/14
Processing complete.
Processing Gen 16:15...
Successfully processed and saved output for Gen 16:15 to /Users/joshua/work/strong_number_embedding/sn_within_unv_selfgroup_segmentation/output/Gen/16/15
Processing complete.
Processing Gen 16:16...
Successfully processed and saved output for Gen 16:16 to /Users/joshua/work/strong_number_embedding/sn_within_unv_selfgroup_segmentation/output/Gen/16/16
Processing complete.
  Processing Genesis chapter 17 (27 verses)...
Processing Gen 17:1...
Successfully processed and saved output for Gen 17:1 to /Users/joshua/work/strong_number_embedding/sn_within_unv_selfgroup_segmentation/output/Gen/17/1
Processing complete.
Processing Gen 17:2...
Successfully processed and saved output for Gen 17:2 to /Users/joshua/work/strong_number_embedding/sn_within_unv_selfgroup_segmentation/output/Gen/17/2
Processing complete.
Processing Gen 17:3...
Successfully processed and saved output for Gen 17:3 to /Users/joshua/work/strong_number_embedding/sn_within_unv_selfgroup_segmentation/output/Gen/17/3
Processing complete.
Processing Gen 17:4...
Successfully processed and saved output for Gen 17:4 to /Users/joshua/work/strong_number_embedding/sn_within_unv_selfgroup_segmentation/output/Gen/17/4
Processing complete.
Processing Gen 17:5...
Successfully processed and saved output for Gen 17:5 to /Users/joshua/work/strong_number_embedding/sn_within_unv_selfgroup_segmentation/output/Gen/17/5
Processing complete.
Processing Gen 17:6...
Successfully processed and saved output for Gen 17:6 to /Users/joshua/work/strong_number_embedding/sn_within_unv_selfgroup_segmentation/output/Gen/17/6
Processing complete.
Processing Gen 17:7...
Successfully processed and saved output for Gen 17:7 to /Users/joshua/work/strong_number_embedding/sn_within_unv_selfgroup_segmentation/output/Gen/17/7
Processing complete.
Processing Gen 17:8...
Successfully processed and saved output for Gen 17:8 to /Users/joshua/work/strong_number_embedding/sn_within_unv_selfgroup_segmentation/output/Gen/17/8
Processing complete.
Processing Gen 17:9...
Successfully processed and saved output for Gen 17:9 to /Users/joshua/work/strong_number_embedding/sn_within_unv_selfgroup_segmentation/output/Gen/17/9
Processing complete.
Processing Gen 17:10...
Successfully processed and saved output for Gen 17:10 to /Users/joshua/work/strong_number_embedding/sn_within_unv_selfgroup_segmentation/output/Gen/17/10
Processing complete.
Processing Gen 17:11...
Successfully processed and saved output for Gen 17:11 to /Users/joshua/work/strong_number_embedding/sn_within_unv_selfgroup_segmentation/output/Gen/17/11
Processing complete.
Processing Gen 17:12...
Successfully processed and saved output for Gen 17:12 to /Users/joshua/work/strong_number_embedding/sn_within_unv_selfgroup_segmentation/output/Gen/17/12
Processing complete.
Processing Gen 17:13...
Successfully processed and saved output for Gen 17:13 to /Users/joshua/work/strong_number_embedding/sn_within_unv_selfgroup_segmentation/output/Gen/17/13
Processing complete.
Processing Gen 17:14...
Successfully processed and saved output for Gen 17:14 to /Users/joshua/work/strong_number_embedding/sn_within_unv_selfgroup_segmentation/output/Gen/17/14
Processing complete.
Processing Gen 17:15...
Successfully processed and saved output for Gen 17:15 to /Users/joshua/work/strong_number_embedding/sn_within_unv_selfgroup_segmentation/output/Gen/17/15
Processing complete.
Processing Gen 17:16...
Successfully processed and saved output for Gen 17:16 to /Users/joshua/work/strong_number_embedding/sn_within_unv_selfgroup_segmentation/output/Gen/17/16
Processing complete.
Processing Gen 17:17...
Successfully processed and saved output for Gen 17:17 to /Users/joshua/work/strong_number_embedding/sn_within_unv_selfgroup_segmentation/output/Gen/17/17
Processing complete.
Processing Gen 17:18...
Successfully processed and saved output for Gen 17:18 to /Users/joshua/work/strong_number_embedding/sn_within_unv_selfgroup_segmentation/output/Gen/17/18
Processing complete.
Processing Gen 17:19...
Successfully processed and saved output for Gen 17:19 to /Users/joshua/work/strong_number_embedding/sn_within_unv_selfgroup_segmentation/output/Gen/17/19
Processing complete.
Processing Gen 17:20...
Successfully processed and saved output for Gen 17:20 to /Users/joshua/work/strong_number_embedding/sn_within_unv_selfgroup_segmentation/output/Gen/17/20
Processing complete.
Processing Gen 17:21...
Successfully processed and saved output for Gen 17:21 to /Users/joshua/work/strong_number_embedding/sn_within_unv_selfgroup_segmentation/output/Gen/17/21
Processing complete.
Processing Gen 17:22...
Successfully processed and saved output for Gen 17:22 to /Users/joshua/work/strong_number_embedding/sn_within_unv_selfgroup_segmentation/output/Gen/17/22
Processing complete.
Processing Gen 17:23...
Successfully processed and saved output for Gen 17:23 to /Users/joshua/work/strong_number_embedding/sn_within_unv_selfgroup_segmentation/output/Gen/17/23
Processing complete.
Processing Gen 17:24...
Successfully processed and saved output for Gen 17:24 to /Users/joshua/work/strong_number_embedding/sn_within_unv_selfgroup_segmentation/output/Gen/17/24
Processing complete.
Processing Gen 17:25...
Successfully processed and saved output for Gen 17:25 to /Users/joshua/work/strong_number_embedding/sn_within_unv_selfgroup_segmentation/output/Gen/17/25
Processing complete.
Processing Gen 17:26...
Successfully processed and saved output for Gen 17:26 to /Users/joshua/work/strong_number_embedding/sn_within_unv_selfgroup_segmentation/output/Gen/17/26
Processing complete.
Processing Gen 17:27...
Successfully processed and saved output for Gen 17:27 to /Users/joshua/work/strong_number_embedding/sn_within_unv_selfgroup_segmentation/output/Gen/17/27
Processing complete.
  Processing Genesis chapter 18 (33 verses)...
Processing Gen 18:1...
Successfully processed and saved output for Gen 18:1 to /Users/joshua/work/strong_number_embedding/sn_within_unv_selfgroup_segmentation/output/Gen/18/1
Processing complete.
Processing Gen 18:2...
Successfully processed and saved output for Gen 18:2 to /Users/joshua/work/strong_number_embedding/sn_within_unv_selfgroup_segmentation/output/Gen/18/2
Processing complete.
Processing Gen 18:3...
Successfully processed and saved output for Gen 18:3 to /Users/joshua/work/strong_number_embedding/sn_within_unv_selfgroup_segmentation/output/Gen/18/3
Processing complete.
Processing Gen 18:4...
Successfully processed and saved output for Gen 18:4 to /Users/joshua/work/strong_number_embedding/sn_within_unv_selfgroup_segmentation/output/Gen/18/4
Processing complete.
Processing Gen 18:5...
Successfully processed and saved output for Gen 18:5 to /Users/joshua/work/strong_number_embedding/sn_within_unv_selfgroup_segmentation/output/Gen/18/5
Processing complete.
Processing Gen 18:6...
Successfully processed and saved output for Gen 18:6 to /Users/joshua/work/strong_number_embedding/sn_within_unv_selfgroup_segmentation/output/Gen/18/6
Processing complete.
Processing Gen 18:7...
Successfully processed and saved output for Gen 18:7 to /Users/joshua/work/strong_number_embedding/sn_within_unv_selfgroup_segmentation/output/Gen/18/7
Processing complete.
Processing Gen 18:8...
Successfully processed and saved output for Gen 18:8 to /Users/joshua/work/strong_number_embedding/sn_within_unv_selfgroup_segmentation/output/Gen/18/8
Processing complete.
Processing Gen 18:9...
Successfully processed and saved output for Gen 18:9 to /Users/joshua/work/strong_number_embedding/sn_within_unv_selfgroup_segmentation/output/Gen/18/9
Processing complete.
Processing Gen 18:10...
Successfully processed and saved output for Gen 18:10 to /Users/joshua/work/strong_number_embedding/sn_within_unv_selfgroup_segmentation/output/Gen/18/10
Processing complete.
Processing Gen 18:11...
Successfully processed and saved output for Gen 18:11 to /Users/joshua/work/strong_number_embedding/sn_within_unv_selfgroup_segmentation/output/Gen/18/11
Processing complete.
Processing Gen 18:12...
Successfully processed and saved output for Gen 18:12 to /Users/joshua/work/strong_number_embedding/sn_within_unv_selfgroup_segmentation/output/Gen/18/12
Processing complete.
Processing Gen 18:13...
Successfully processed and saved output for Gen 18:13 to /Users/joshua/work/strong_number_embedding/sn_within_unv_selfgroup_segmentation/output/Gen/18/13
Processing complete.
Processing Gen 18:14...
Successfully processed and saved output for Gen 18:14 to /Users/joshua/work/strong_number_embedding/sn_within_unv_selfgroup_segmentation/output/Gen/18/14
Processing complete.
Processing Gen 18:15...
Successfully processed and saved output for Gen 18:15 to /Users/joshua/work/strong_number_embedding/sn_within_unv_selfgroup_segmentation/output/Gen/18/15
Processing complete.
Processing Gen 18:16...
Successfully processed and saved output for Gen 18:16 to /Users/joshua/work/strong_number_embedding/sn_within_unv_selfgroup_segmentation/output/Gen/18/16
Processing complete.
Processing Gen 18:17...
Successfully processed and saved output for Gen 18:17 to /Users/joshua/work/strong_number_embedding/sn_within_unv_selfgroup_segmentation/output/Gen/18/17
Processing complete.
Processing Gen 18:18...
Successfully processed and saved output for Gen 18:18 to /Users/joshua/work/strong_number_embedding/sn_within_unv_selfgroup_segmentation/output/Gen/18/18
Processing complete.
Processing Gen 18:19...
Successfully processed and saved output for Gen 18:19 to /Users/joshua/work/strong_number_embedding/sn_within_unv_selfgroup_segmentation/output/Gen/18/19
Processing complete.
Processing Gen 18:20...
Successfully processed and saved output for Gen 18:20 to /Users/joshua/work/strong_number_embedding/sn_within_unv_selfgroup_segmentation/output/Gen/18/20
Processing complete.
Processing Gen 18:21...
Successfully processed and saved output for Gen 18:21 to /Users/joshua/work/strong_number_embedding/sn_within_unv_selfgroup_segmentation/output/Gen/18/21
Processing complete.
Processing Gen 18:22...
Successfully processed and saved output for Gen 18:22 to /Users/joshua/work/strong_number_embedding/sn_within_unv_selfgroup_segmentation/output/Gen/18/22
Processing complete.
Processing Gen 18:23...
Successfully processed and saved output for Gen 18:23 to /Users/joshua/work/strong_number_embedding/sn_within_unv_selfgroup_segmentation/output/Gen/18/23
Processing complete.
Processing Gen 18:24...
Successfully processed and saved output for Gen 18:24 to /Users/joshua/work/strong_number_embedding/sn_within_unv_selfgroup_segmentation/output/Gen/18/24
Processing complete.
Processing Gen 18:25...
Successfully processed and saved output for Gen 18:25 to /Users/joshua/work/strong_number_embedding/sn_within_unv_selfgroup_segmentation/output/Gen/18/25
Processing complete.
Processing Gen 18:26...
Successfully processed and saved output for Gen 18:26 to /Users/joshua/work/strong_number_embedding/sn_within_unv_selfgroup_segmentation/output/Gen/18/26
Processing complete.
Processing Gen 18:27...
Successfully processed and saved output for Gen 18:27 to /Users/joshua/work/strong_number_embedding/sn_within_unv_selfgroup_segmentation/output/Gen/18/27
Processing complete.
Processing Gen 18:28...
Successfully processed and saved output for Gen 18:28 to /Users/joshua/work/strong_number_embedding/sn_within_unv_selfgroup_segmentation/output/Gen/18/28
Processing complete.
Processing Gen 18:29...
Successfully processed and saved output for Gen 18:29 to /Users/joshua/work/strong_number_embedding/sn_within_unv_selfgroup_segmentation/output/Gen/18/29
Processing complete.
Processing Gen 18:30...
Successfully processed and saved output for Gen 18:30 to /Users/joshua/work/strong_number_embedding/sn_within_unv_selfgroup_segmentation/output/Gen/18/30
Processing complete.
Processing Gen 18:31...
Successfully processed and saved output for Gen 18:31 to /Users/joshua/work/strong_number_embedding/sn_within_unv_selfgroup_segmentation/output/Gen/18/31
Processing complete.
Processing Gen 18:32...
Successfully processed and saved output for Gen 18:32 to /Users/joshua/work/strong_number_embedding/sn_within_unv_selfgroup_segmentation/output/Gen/18/32
Processing complete.
Processing Gen 18:33...
Successfully processed and saved output for Gen 18:33 to /Users/joshua/work/strong_number_embedding/sn_within_unv_selfgroup_segmentation/output/Gen/18/33
Processing complete.
  Processing Genesis chapter 19 (38 verses)...
Processing Gen 19:1...
Successfully processed and saved output for Gen 19:1 to /Users/joshua/work/strong_number_embedding/sn_within_unv_selfgroup_segmentation/output/Gen/19/1
Processing complete.
Processing Gen 19:2...
Successfully processed and saved output for Gen 19:2 to /Users/joshua/work/strong_number_embedding/sn_within_unv_selfgroup_segmentation/output/Gen/19/2
Processing complete.
Processing Gen 19:3...
Successfully processed and saved output for Gen 19:3 to /Users/joshua/work/strong_number_embedding/sn_within_unv_selfgroup_segmentation/output/Gen/19/3
Processing complete.
Processing Gen 19:4...
Successfully processed and saved output for Gen 19:4 to /Users/joshua/work/strong_number_embedding/sn_within_unv_selfgroup_segmentation/output/Gen/19/4
Processing complete.
Processing Gen 19:5...
Successfully processed and saved output for Gen 19:5 to /Users/joshua/work/strong_number_embedding/sn_within_unv_selfgroup_segmentation/output/Gen/19/5
Processing complete.
Processing Gen 19:6...
Successfully processed and saved output for Gen 19:6 to /Users/joshua/work/strong_number_embedding/sn_within_unv_selfgroup_segmentation/output/Gen/19/6
Processing complete.
Processing Gen 19:7...
Successfully processed and saved output for Gen 19:7 to /Users/joshua/work/strong_number_embedding/sn_within_unv_selfgroup_segmentation/output/Gen/19/7
Processing complete.
Processing Gen 19:8...
Successfully processed and saved output for Gen 19:8 to /Users/joshua/work/strong_number_embedding/sn_within_unv_selfgroup_segmentation/output/Gen/19/8
Processing complete.
Processing Gen 19:9...
Successfully processed and saved output for Gen 19:9 to /Users/joshua/work/strong_number_embedding/sn_within_unv_selfgroup_segmentation/output/Gen/19/9
Processing complete.
Processing Gen 19:10...
Successfully processed and saved output for Gen 19:10 to /Users/joshua/work/strong_number_embedding/sn_within_unv_selfgroup_segmentation/output/Gen/19/10
Processing complete.
Processing Gen 19:11...
Successfully processed and saved output for Gen 19:11 to /Users/joshua/work/strong_number_embedding/sn_within_unv_selfgroup_segmentation/output/Gen/19/11
Processing complete.
Processing Gen 19:12...
Successfully processed and saved output for Gen 19:12 to /Users/joshua/work/strong_number_embedding/sn_within_unv_selfgroup_segmentation/output/Gen/19/12
Processing complete.
Processing Gen 19:13...
Successfully processed and saved output for Gen 19:13 to /Users/joshua/work/strong_number_embedding/sn_within_unv_selfgroup_segmentation/output/Gen/19/13
Processing complete.
Processing Gen 19:14...
Successfully processed and saved output for Gen 19:14 to /Users/joshua/work/strong_number_embedding/sn_within_unv_selfgroup_segmentation/output/Gen/19/14
Processing complete.
Processing Gen 19:15...
Successfully processed and saved output for Gen 19:15 to /Users/joshua/work/strong_number_embedding/sn_within_unv_selfgroup_segmentation/output/Gen/19/15
Processing complete.
Processing Gen 19:16...
Successfully processed and saved output for Gen 19:16 to /Users/joshua/work/strong_number_embedding/sn_within_unv_selfgroup_segmentation/output/Gen/19/16
Processing complete.
Processing Gen 19:17...
Successfully processed and saved output for Gen 19:17 to /Users/joshua/work/strong_number_embedding/sn_within_unv_selfgroup_segmentation/output/Gen/19/17
Processing complete.
Processing Gen 19:18...
Successfully processed and saved output for Gen 19:18 to /Users/joshua/work/strong_number_embedding/sn_within_unv_selfgroup_segmentation/output/Gen/19/18
Processing complete.
Processing Gen 19:19...
Successfully processed and saved output for Gen 19:19 to /Users/joshua/work/strong_number_embedding/sn_within_unv_selfgroup_segmentation/output/Gen/19/19
Processing complete.
Processing Gen 19:20...
Successfully processed and saved output for Gen 19:20 to /Users/joshua/work/strong_number_embedding/sn_within_unv_selfgroup_segmentation/output/Gen/19/20
Processing complete.
Processing Gen 19:21...
Successfully processed and saved output for Gen 19:21 to /Users/joshua/work/strong_number_embedding/sn_within_unv_selfgroup_segmentation/output/Gen/19/21
Processing complete.
Processing Gen 19:22...
Successfully processed and saved output for Gen 19:22 to /Users/joshua/work/strong_number_embedding/sn_within_unv_selfgroup_segmentation/output/Gen/19/22
Processing complete.
Processing Gen 19:23...
Successfully processed and saved output for Gen 19:23 to /Users/joshua/work/strong_number_embedding/sn_within_unv_selfgroup_segmentation/output/Gen/19/23
Processing complete.
Processing Gen 19:24...
Successfully processed and saved output for Gen 19:24 to /Users/joshua/work/strong_number_embedding/sn_within_unv_selfgroup_segmentation/output/Gen/19/24
Processing complete.
Processing Gen 19:25...
Successfully processed and saved output for Gen 19:25 to /Users/joshua/work/strong_number_embedding/sn_within_unv_selfgroup_segmentation/output/Gen/19/25
Processing complete.
Processing Gen 19:26...
Successfully processed and saved output for Gen 19:26 to /Users/joshua/work/strong_number_embedding/sn_within_unv_selfgroup_segmentation/output/Gen/19/26
Processing complete.
Processing Gen 19:27...
Successfully processed and saved output for Gen 19:27 to /Users/joshua/work/strong_number_embedding/sn_within_unv_selfgroup_segmentation/output/Gen/19/27
Processing complete.
Processing Gen 19:28...
Successfully processed and saved output for Gen 19:28 to /Users/joshua/work/strong_number_embedding/sn_within_unv_selfgroup_segmentation/output/Gen/19/28
Processing complete.
Processing Gen 19:29...
Successfully processed and saved output for Gen 19:29 to /Users/joshua/work/strong_number_embedding/sn_within_unv_selfgroup_segmentation/output/Gen/19/29
Processing complete.
Processing Gen 19:30...
Successfully processed and saved output for Gen 19:30 to /Users/joshua/work/strong_number_embedding/sn_within_unv_selfgroup_segmentation/output/Gen/19/30
Processing complete.
Processing Gen 19:31...
Successfully processed and saved output for Gen 19:31 to /Users/joshua/work/strong_number_embedding/sn_within_unv_selfgroup_segmentation/output/Gen/19/31
Processing complete.
Processing Gen 19:32...
Successfully processed and saved output for Gen 19:32 to /Users/joshua/work/strong_number_embedding/sn_within_unv_selfgroup_segmentation/output/Gen/19/32
Processing complete.
Processing Gen 19:33...
Successfully processed and saved output for Gen 19:33 to /Users/joshua/work/strong_number_embedding/sn_within_unv_selfgroup_segmentation/output/Gen/19/33
Processing complete.
Processing Gen 19:34...
Successfully processed and saved output for Gen 19:34 to /Users/joshua/work/strong_number_embedding/sn_within_unv_selfgroup_segmentation/output/Gen/19/34
Processing complete.
Processing Gen 19:35...
Successfully processed and saved output for Gen 19:35 to /Users/joshua/work/strong_number_embedding/sn_within_unv_selfgroup_segmentation/output/Gen/19/35
Processing complete.
Processing Gen 19:36...
Successfully processed and saved output for Gen 19:36 to /Users/joshua/work/strong_number_embedding/sn_within_unv_selfgroup_segmentation/output/Gen/19/36
Processing complete.
Processing Gen 19:37...
Successfully processed and saved output for Gen 19:37 to /Users/joshua/work/strong_number_embedding/sn_within_unv_selfgroup_segmentation/output/Gen/19/37
Processing complete.
Processing Gen 19:38...
Successfully processed and saved output for Gen 19:38 to /Users/joshua/work/strong_number_embedding/sn_within_unv_selfgroup_segmentation/output/Gen/19/38
Processing complete.
  Processing Genesis chapter 20 (18 verses)...
Processing Gen 20:1...
Successfully processed and saved output for Gen 20:1 to /Users/joshua/work/strong_number_embedding/sn_within_unv_selfgroup_segmentation/output/Gen/20/1
Processing complete.
Processing Gen 20:2...
Successfully processed and saved output for Gen 20:2 to /Users/joshua/work/strong_number_embedding/sn_within_unv_selfgroup_segmentation/output/Gen/20/2
Processing complete.
Processing Gen 20:3...
Successfully processed and saved output for Gen 20:3 to /Users/joshua/work/strong_number_embedding/sn_within_unv_selfgroup_segmentation/output/Gen/20/3
Processing complete.
Processing Gen 20:4...
Successfully processed and saved output for Gen 20:4 to /Users/joshua/work/strong_number_embedding/sn_within_unv_selfgroup_segmentation/output/Gen/20/4
Processing complete.
Processing Gen 20:5...
Successfully processed and saved output for Gen 20:5 to /Users/joshua/work/strong_number_embedding/sn_within_unv_selfgroup_segmentation/output/Gen/20/5
Processing complete.
Processing Gen 20:6...
Successfully processed and saved output for Gen 20:6 to /Users/joshua/work/strong_number_embedding/sn_within_unv_selfgroup_segmentation/output/Gen/20/6
Processing complete.
Processing Gen 20:7...
Successfully processed and saved output for Gen 20:7 to /Users/joshua/work/strong_number_embedding/sn_within_unv_selfgroup_segmentation/output/Gen/20/7
Processing complete.
Processing Gen 20:8...
Successfully processed and saved output for Gen 20:8 to /Users/joshua/work/strong_number_embedding/sn_within_unv_selfgroup_segmentation/output/Gen/20/8
Processing complete.
Processing Gen 20:9...
Successfully processed and saved output for Gen 20:9 to /Users/joshua/work/strong_number_embedding/sn_within_unv_selfgroup_segmentation/output/Gen/20/9
Processing complete.
Processing Gen 20:10...
Successfully processed and saved output for Gen 20:10 to /Users/joshua/work/strong_number_embedding/sn_within_unv_selfgroup_segmentation/output/Gen/20/10
Processing complete.
Processing Gen 20:11...
Successfully processed and saved output for Gen 20:11 to /Users/joshua/work/strong_number_embedding/sn_within_unv_selfgroup_segmentation/output/Gen/20/11
Processing complete.
Processing Gen 20:12...
Successfully processed and saved output for Gen 20:12 to /Users/joshua/work/strong_number_embedding/sn_within_unv_selfgroup_segmentation/output/Gen/20/12
Processing complete.
Processing Gen 20:13...
Successfully processed and saved output for Gen 20:13 to /Users/joshua/work/strong_number_embedding/sn_within_unv_selfgroup_segmentation/output/Gen/20/13
Processing complete.
Processing Gen 20:14...
Successfully processed and saved output for Gen 20:14 to /Users/joshua/work/strong_number_embedding/sn_within_unv_selfgroup_segmentation/output/Gen/20/14
Processing complete.
Processing Gen 20:15...
Successfully processed and saved output for Gen 20:15 to /Users/joshua/work/strong_number_embedding/sn_within_unv_selfgroup_segmentation/output/Gen/20/15
Processing complete.
Processing Gen 20:16...
Successfully processed and saved output for Gen 20:16 to /Users/joshua/work/strong_number_embedding/sn_within_unv_selfgroup_segmentation/output/Gen/20/16
Processing complete.
Processing Gen 20:17...
Successfully processed and saved output for Gen 20:17 to /Users/joshua/work/strong_number_embedding/sn_within_unv_selfgroup_segmentation/output/Gen/20/17
Processing complete.
Processing Gen 20:18...
Successfully processed and saved output for Gen 20:18 to /Users/joshua/work/strong_number_embedding/sn_within_unv_selfgroup_segmentation/output/Gen/20/18
Processing complete.
  Processing Genesis chapter 21 (34 verses)...
Processing Gen 21:1...
Successfully processed and saved output for Gen 21:1 to /Users/joshua/work/strong_number_embedding/sn_within_unv_selfgroup_segmentation/output/Gen/21/1
Processing complete.
Processing Gen 21:2...
Successfully processed and saved output for Gen 21:2 to /Users/joshua/work/strong_number_embedding/sn_within_unv_selfgroup_segmentation/output/Gen/21/2
Processing complete.
Processing Gen 21:3...
Successfully processed and saved output for Gen 21:3 to /Users/joshua/work/strong_number_embedding/sn_within_unv_selfgroup_segmentation/output/Gen/21/3
Processing complete.
Processing Gen 21:4...
Successfully processed and saved output for Gen 21:4 to /Users/joshua/work/strong_number_embedding/sn_within_unv_selfgroup_segmentation/output/Gen/21/4
Processing complete.
Processing Gen 21:5...
Successfully processed and saved output for Gen 21:5 to /Users/joshua/work/strong_number_embedding/sn_within_unv_selfgroup_segmentation/output/Gen/21/5
Processing complete.
Processing Gen 21:6...
Successfully processed and saved output for Gen 21:6 to /Users/joshua/work/strong_number_embedding/sn_within_unv_selfgroup_segmentation/output/Gen/21/6
Processing complete.
Processing Gen 21:7...
Successfully processed and saved output for Gen 21:7 to /Users/joshua/work/strong_number_embedding/sn_within_unv_selfgroup_segmentation/output/Gen/21/7
Processing complete.
Processing Gen 21:8...
Successfully processed and saved output for Gen 21:8 to /Users/joshua/work/strong_number_embedding/sn_within_unv_selfgroup_segmentation/output/Gen/21/8
Processing complete.
Processing Gen 21:9...
Successfully processed and saved output for Gen 21:9 to /Users/joshua/work/strong_number_embedding/sn_within_unv_selfgroup_segmentation/output/Gen/21/9
Processing complete.
Processing Gen 21:10...
Successfully processed and saved output for Gen 21:10 to /Users/joshua/work/strong_number_embedding/sn_within_unv_selfgroup_segmentation/output/Gen/21/10
Processing complete.
Processing Gen 21:11...
Successfully processed and saved output for Gen 21:11 to /Users/joshua/work/strong_number_embedding/sn_within_unv_selfgroup_segmentation/output/Gen/21/11
Processing complete.
Processing Gen 21:12...
Successfully processed and saved output for Gen 21:12 to /Users/joshua/work/strong_number_embedding/sn_within_unv_selfgroup_segmentation/output/Gen/21/12
Processing complete.
Processing Gen 21:13...
Successfully processed and saved output for Gen 21:13 to /Users/joshua/work/strong_number_embedding/sn_within_unv_selfgroup_segmentation/output/Gen/21/13
Processing complete.
Processing Gen 21:14...
Successfully processed and saved output for Gen 21:14 to /Users/joshua/work/strong_number_embedding/sn_within_unv_selfgroup_segmentation/output/Gen/21/14
Processing complete.
Processing Gen 21:15...
Successfully processed and saved output for Gen 21:15 to /Users/joshua/work/strong_number_embedding/sn_within_unv_selfgroup_segmentation/output/Gen/21/15
Processing complete.
Processing Gen 21:16...
Successfully processed and saved output for Gen 21:16 to /Users/joshua/work/strong_number_embedding/sn_within_unv_selfgroup_segmentation/output/Gen/21/16
Processing complete.
Processing Gen 21:17...
Successfully processed and saved output for Gen 21:17 to /Users/joshua/work/strong_number_embedding/sn_within_unv_selfgroup_segmentation/output/Gen/21/17
Processing complete.
Processing Gen 21:18...
Successfully processed and saved output for Gen 21:18 to /Users/joshua/work/strong_number_embedding/sn_within_unv_selfgroup_segmentation/output/Gen/21/18
Processing complete.
Processing Gen 21:19...
Successfully processed and saved output for Gen 21:19 to /Users/joshua/work/strong_number_embedding/sn_within_unv_selfgroup_segmentation/output/Gen/21/19
Processing complete.
Processing Gen 21:20...
Successfully processed and saved output for Gen 21:20 to /Users/joshua/work/strong_number_embedding/sn_within_unv_selfgroup_segmentation/output/Gen/21/20
Processing complete.
Processing Gen 21:21...
Successfully processed and saved output for Gen 21:21 to /Users/joshua/work/strong_number_embedding/sn_within_unv_selfgroup_segmentation/output/Gen/21/21
Processing complete.
Processing Gen 21:22...
Successfully processed and saved output for Gen 21:22 to /Users/joshua/work/strong_number_embedding/sn_within_unv_selfgroup_segmentation/output/Gen/21/22
Processing complete.
Processing Gen 21:23...
Successfully processed and saved output for Gen 21:23 to /Users/joshua/work/strong_number_embedding/sn_within_unv_selfgroup_segmentation/output/Gen/21/23
Processing complete.
Processing Gen 21:24...
Successfully processed and saved output for Gen 21:24 to /Users/joshua/work/strong_number_embedding/sn_within_unv_selfgroup_segmentation/output/Gen/21/24
Processing complete.
Processing Gen 21:25...
Successfully processed and saved output for Gen 21:25 to /Users/joshua/work/strong_number_embedding/sn_within_unv_selfgroup_segmentation/output/Gen/21/25
Processing complete.
Processing Gen 21:26...
Successfully processed and saved output for Gen 21:26 to /Users/joshua/work/strong_number_embedding/sn_within_unv_selfgroup_segmentation/output/Gen/21/26
Processing complete.
Processing Gen 21:27...
Successfully processed and saved output for Gen 21:27 to /Users/joshua/work/strong_number_embedding/sn_within_unv_selfgroup_segmentation/output/Gen/21/27
Processing complete.
Processing Gen 21:28...
Successfully processed and saved output for Gen 21:28 to /Users/joshua/work/strong_number_embedding/sn_within_unv_selfgroup_segmentation/output/Gen/21/28
Processing complete.
Processing Gen 21:29...
Successfully processed and saved output for Gen 21:29 to /Users/joshua/work/strong_number_embedding/sn_within_unv_selfgroup_segmentation/output/Gen/21/29
Processing complete.
Processing Gen 21:30...
Successfully processed and saved output for Gen 21:30 to /Users/joshua/work/strong_number_embedding/sn_within_unv_selfgroup_segmentation/output/Gen/21/30
Processing complete.
Processing Gen 21:31...
Successfully processed and saved output for Gen 21:31 to /Users/joshua/work/strong_number_embedding/sn_within_unv_selfgroup_segmentation/output/Gen/21/31
Processing complete.
Processing Gen 21:32...
Successfully processed and saved output for Gen 21:32 to /Users/joshua/work/strong_number_embedding/sn_within_unv_selfgroup_segmentation/output/Gen/21/32
Processing complete.
Processing Gen 21:33...
Successfully processed and saved output for Gen 21:33 to /Users/joshua/work/strong_number_embedding/sn_within_unv_selfgroup_segmentation/output/Gen/21/33
Processing complete.
Processing Gen 21:34...
Successfully processed and saved output for Gen 21:34 to /Users/joshua/work/strong_number_embedding/sn_within_unv_selfgroup_segmentation/output/Gen/21/34
Processing complete.
  Processing Genesis chapter 22 (24 verses)...
Processing Gen 22:1...
Successfully processed and saved output for Gen 22:1 to /Users/joshua/work/strong_number_embedding/sn_within_unv_selfgroup_segmentation/output/Gen/22/1
Processing complete.
Processing Gen 22:2...
Successfully processed and saved output for Gen 22:2 to /Users/joshua/work/strong_number_embedding/sn_within_unv_selfgroup_segmentation/output/Gen/22/2
Processing complete.
Processing Gen 22:3...
Successfully processed and saved output for Gen 22:3 to /Users/joshua/work/strong_number_embedding/sn_within_unv_selfgroup_segmentation/output/Gen/22/3
Processing complete.
Processing Gen 22:4...
Successfully processed and saved output for Gen 22:4 to /Users/joshua/work/strong_number_embedding/sn_within_unv_selfgroup_segmentation/output/Gen/22/4
Processing complete.
Processing Gen 22:5...
Successfully processed and saved output for Gen 22:5 to /Users/joshua/work/strong_number_embedding/sn_within_unv_selfgroup_segmentation/output/Gen/22/5
Processing complete.
Processing Gen 22:6...
Successfully processed and saved output for Gen 22:6 to /Users/joshua/work/strong_number_embedding/sn_within_unv_selfgroup_segmentation/output/Gen/22/6
Processing complete.
Processing Gen 22:7...
Successfully processed and saved output for Gen 22:7 to /Users/joshua/work/strong_number_embedding/sn_within_unv_selfgroup_segmentation/output/Gen/22/7
Processing complete.
Processing Gen 22:8...
Successfully processed and saved output for Gen 22:8 to /Users/joshua/work/strong_number_embedding/sn_within_unv_selfgroup_segmentation/output/Gen/22/8
Processing complete.
Processing Gen 22:9...
Successfully processed and saved output for Gen 22:9 to /Users/joshua/work/strong_number_embedding/sn_within_unv_selfgroup_segmentation/output/Gen/22/9
Processing complete.
Processing Gen 22:10...
Successfully processed and saved output for Gen 22:10 to /Users/joshua/work/strong_number_embedding/sn_within_unv_selfgroup_segmentation/output/Gen/22/10
Processing complete.
Processing Gen 22:11...
Successfully processed and saved output for Gen 22:11 to /Users/joshua/work/strong_number_embedding/sn_within_unv_selfgroup_segmentation/output/Gen/22/11
Processing complete.
Processing Gen 22:12...
Successfully processed and saved output for Gen 22:12 to /Users/joshua/work/strong_number_embedding/sn_within_unv_selfgroup_segmentation/output/Gen/22/12
Processing complete.
Processing Gen 22:13...
Successfully processed and saved output for Gen 22:13 to /Users/joshua/work/strong_number_embedding/sn_within_unv_selfgroup_segmentation/output/Gen/22/13
Processing complete.
Processing Gen 22:14...
Successfully processed and saved output for Gen 22:14 to /Users/joshua/work/strong_number_embedding/sn_within_unv_selfgroup_segmentation/output/Gen/22/14
Processing complete.
Processing Gen 22:15...
Successfully processed and saved output for Gen 22:15 to /Users/joshua/work/strong_number_embedding/sn_within_unv_selfgroup_segmentation/output/Gen/22/15
Processing complete.
Processing Gen 22:16...
Successfully processed and saved output for Gen 22:16 to /Users/joshua/work/strong_number_embedding/sn_within_unv_selfgroup_segmentation/output/Gen/22/16
Processing complete.
Processing Gen 22:17...
Successfully processed and saved output for Gen 22:17 to /Users/joshua/work/strong_number_embedding/sn_within_unv_selfgroup_segmentation/output/Gen/22/17
Processing complete.
Processing Gen 22:18...
Successfully processed and saved output for Gen 22:18 to /Users/joshua/work/strong_number_embedding/sn_within_unv_selfgroup_segmentation/output/Gen/22/18
Processing complete.
Processing Gen 22:19...
Successfully processed and saved output for Gen 22:19 to /Users/joshua/work/strong_number_embedding/sn_within_unv_selfgroup_segmentation/output/Gen/22/19
Processing complete.
Processing Gen 22:20...
Successfully processed and saved output for Gen 22:20 to /Users/joshua/work/strong_number_embedding/sn_within_unv_selfgroup_segmentation/output/Gen/22/20
Processing complete.
Processing Gen 22:21...
Successfully processed and saved output for Gen 22:21 to /Users/joshua/work/strong_number_embedding/sn_within_unv_selfgroup_segmentation/output/Gen/22/21
Processing complete.
Processing Gen 22:22...
Successfully processed and saved output for Gen 22:22 to /Users/joshua/work/strong_number_embedding/sn_within_unv_selfgroup_segmentation/output/Gen/22/22
Processing complete.
Processing Gen 22:23...
Successfully processed and saved output for Gen 22:23 to /Users/joshua/work/strong_number_embedding/sn_within_unv_selfgroup_segmentation/output/Gen/22/23
Processing complete.
Processing Gen 22:24...
Successfully processed and saved output for Gen 22:24 to /Users/joshua/work/strong_number_embedding/sn_within_unv_selfgroup_segmentation/output/Gen/22/24
Processing complete.
  Processing Genesis chapter 23 (20 verses)...
Processing Gen 23:1...
Successfully processed and saved output for Gen 23:1 to /Users/joshua/work/strong_number_embedding/sn_within_unv_selfgroup_segmentation/output/Gen/23/1
Processing complete.
Processing Gen 23:2...
Successfully processed and saved output for Gen 23:2 to /Users/joshua/work/strong_number_embedding/sn_within_unv_selfgroup_segmentation/output/Gen/23/2
Processing complete.
Processing Gen 23:3...
Successfully processed and saved output for Gen 23:3 to /Users/joshua/work/strong_number_embedding/sn_within_unv_selfgroup_segmentation/output/Gen/23/3
Processing complete.
Processing Gen 23:4...
Successfully processed and saved output for Gen 23:4 to /Users/joshua/work/strong_number_embedding/sn_within_unv_selfgroup_segmentation/output/Gen/23/4
Processing complete.
Processing Gen 23:5...
Successfully processed and saved output for Gen 23:5 to /Users/joshua/work/strong_number_embedding/sn_within_unv_selfgroup_segmentation/output/Gen/23/5
Processing complete.
Processing Gen 23:6...
Successfully processed and saved output for Gen 23:6 to /Users/joshua/work/strong_number_embedding/sn_within_unv_selfgroup_segmentation/output/Gen/23/6
Processing complete.
Processing Gen 23:7...
Successfully processed and saved output for Gen 23:7 to /Users/joshua/work/strong_number_embedding/sn_within_unv_selfgroup_segmentation/output/Gen/23/7
Processing complete.
Processing Gen 23:8...
Successfully processed and saved output for Gen 23:8 to /Users/joshua/work/strong_number_embedding/sn_within_unv_selfgroup_segmentation/output/Gen/23/8
Processing complete.
Processing Gen 23:9...
Successfully processed and saved output for Gen 23:9 to /Users/joshua/work/strong_number_embedding/sn_within_unv_selfgroup_segmentation/output/Gen/23/9
Processing complete.
Processing Gen 23:10...
Successfully processed and saved output for Gen 23:10 to /Users/joshua/work/strong_number_embedding/sn_within_unv_selfgroup_segmentation/output/Gen/23/10
Processing complete.
Processing Gen 23:11...
Successfully processed and saved output for Gen 23:11 to /Users/joshua/work/strong_number_embedding/sn_within_unv_selfgroup_segmentation/output/Gen/23/11
Processing complete.
Processing Gen 23:12...
Successfully processed and saved output for Gen 23:12 to /Users/joshua/work/strong_number_embedding/sn_within_unv_selfgroup_segmentation/output/Gen/23/12
Processing complete.
Processing Gen 23:13...
Successfully processed and saved output for Gen 23:13 to /Users/joshua/work/strong_number_embedding/sn_within_unv_selfgroup_segmentation/output/Gen/23/13
Processing complete.
Processing Gen 23:14...
Successfully processed and saved output for Gen 23:14 to /Users/joshua/work/strong_number_embedding/sn_within_unv_selfgroup_segmentation/output/Gen/23/14
Processing complete.
Processing Gen 23:15...
Successfully processed and saved output for Gen 23:15 to /Users/joshua/work/strong_number_embedding/sn_within_unv_selfgroup_segmentation/output/Gen/23/15
Processing complete.
Processing Gen 23:16...
Successfully processed and saved output for Gen 23:16 to /Users/joshua/work/strong_number_embedding/sn_within_unv_selfgroup_segmentation/output/Gen/23/16
Processing complete.
Processing Gen 23:17...
Successfully processed and saved output for Gen 23:17 to /Users/joshua/work/strong_number_embedding/sn_within_unv_selfgroup_segmentation/output/Gen/23/17
Processing complete.
Processing Gen 23:18...
Successfully processed and saved output for Gen 23:18 to /Users/joshua/work/strong_number_embedding/sn_within_unv_selfgroup_segmentation/output/Gen/23/18
Processing complete.
Processing Gen 23:19...
Successfully processed and saved output for Gen 23:19 to /Users/joshua/work/strong_number_embedding/sn_within_unv_selfgroup_segmentation/output/Gen/23/19
Processing complete.
Processing Gen 23:20...
Successfully processed and saved output for Gen 23:20 to /Users/joshua/work/strong_number_embedding/sn_within_unv_selfgroup_segmentation/output/Gen/23/20
Processing complete.
  Processing Genesis chapter 24 (67 verses)...
Processing Gen 24:1...
Successfully processed and saved output for Gen 24:1 to /Users/joshua/work/strong_number_embedding/sn_within_unv_selfgroup_segmentation/output/Gen/24/1
Processing complete.
Processing Gen 24:2...
Successfully processed and saved output for Gen 24:2 to /Users/joshua/work/strong_number_embedding/sn_within_unv_selfgroup_segmentation/output/Gen/24/2
Processing complete.
Processing Gen 24:3...
Successfully processed and saved output for Gen 24:3 to /Users/joshua/work/strong_number_embedding/sn_within_unv_selfgroup_segmentation/output/Gen/24/3
Processing complete.
Processing Gen 24:4...
Successfully processed and saved output for Gen 24:4 to /Users/joshua/work/strong_number_embedding/sn_within_unv_selfgroup_segmentation/output/Gen/24/4
Processing complete.
Processing Gen 24:5...
Successfully processed and saved output for Gen 24:5 to /Users/joshua/work/strong_number_embedding/sn_within_unv_selfgroup_segmentation/output/Gen/24/5
Processing complete.
Processing Gen 24:6...
Successfully processed and saved output for Gen 24:6 to /Users/joshua/work/strong_number_embedding/sn_within_unv_selfgroup_segmentation/output/Gen/24/6
Processing complete.
Processing Gen 24:7...
Successfully processed and saved output for Gen 24:7 to /Users/joshua/work/strong_number_embedding/sn_within_unv_selfgroup_segmentation/output/Gen/24/7
Processing complete.
Processing Gen 24:8...
Successfully processed and saved output for Gen 24:8 to /Users/joshua/work/strong_number_embedding/sn_within_unv_selfgroup_segmentation/output/Gen/24/8
Processing complete.
Processing Gen 24:9...
Successfully processed and saved output for Gen 24:9 to /Users/joshua/work/strong_number_embedding/sn_within_unv_selfgroup_segmentation/output/Gen/24/9
Processing complete.
Processing Gen 24:10...
Successfully processed and saved output for Gen 24:10 to /Users/joshua/work/strong_number_embedding/sn_within_unv_selfgroup_segmentation/output/Gen/24/10
Processing complete.
Processing Gen 24:11...
Successfully processed and saved output for Gen 24:11 to /Users/joshua/work/strong_number_embedding/sn_within_unv_selfgroup_segmentation/output/Gen/24/11
Processing complete.
Processing Gen 24:12...
Successfully processed and saved output for Gen 24:12 to /Users/joshua/work/strong_number_embedding/sn_within_unv_selfgroup_segmentation/output/Gen/24/12
Processing complete.
Processing Gen 24:13...
Successfully processed and saved output for Gen 24:13 to /Users/joshua/work/strong_number_embedding/sn_within_unv_selfgroup_segmentation/output/Gen/24/13
Processing complete.
Processing Gen 24:14...
Successfully processed and saved output for Gen 24:14 to /Users/joshua/work/strong_number_embedding/sn_within_unv_selfgroup_segmentation/output/Gen/24/14
Processing complete.
Processing Gen 24:15...
Successfully processed and saved output for Gen 24:15 to /Users/joshua/work/strong_number_embedding/sn_within_unv_selfgroup_segmentation/output/Gen/24/15
Processing complete.
Processing Gen 24:16...
Successfully processed and saved output for Gen 24:16 to /Users/joshua/work/strong_number_embedding/sn_within_unv_selfgroup_segmentation/output/Gen/24/16
Processing complete.
Processing Gen 24:17...
Successfully processed and saved output for Gen 24:17 to /Users/joshua/work/strong_number_embedding/sn_within_unv_selfgroup_segmentation/output/Gen/24/17
Processing complete.
Processing Gen 24:18...
Successfully processed and saved output for Gen 24:18 to /Users/joshua/work/strong_number_embedding/sn_within_unv_selfgroup_segmentation/output/Gen/24/18
Processing complete.
Processing Gen 24:19...
Successfully processed and saved output for Gen 24:19 to /Users/joshua/work/strong_number_embedding/sn_within_unv_selfgroup_segmentation/output/Gen/24/19
Processing complete.
Processing Gen 24:20...
Successfully processed and saved output for Gen 24:20 to /Users/joshua/work/strong_number_embedding/sn_within_unv_selfgroup_segmentation/output/Gen/24/20
Processing complete.
Processing Gen 24:21...
Successfully processed and saved output for Gen 24:21 to /Users/joshua/work/strong_number_embedding/sn_within_unv_selfgroup_segmentation/output/Gen/24/21
Processing complete.
Processing Gen 24:22...
Successfully processed and saved output for Gen 24:22 to /Users/joshua/work/strong_number_embedding/sn_within_unv_selfgroup_segmentation/output/Gen/24/22
Processing complete.
Processing Gen 24:23...
Successfully processed and saved output for Gen 24:23 to /Users/joshua/work/strong_number_embedding/sn_within_unv_selfgroup_segmentation/output/Gen/24/23
Processing complete.
Processing Gen 24:24...
Successfully processed and saved output for Gen 24:24 to /Users/joshua/work/strong_number_embedding/sn_within_unv_selfgroup_segmentation/output/Gen/24/24
Processing complete.
Processing Gen 24:25...
Successfully processed and saved output for Gen 24:25 to /Users/joshua/work/strong_number_embedding/sn_within_unv_selfgroup_segmentation/output/Gen/24/25
Processing complete.
Processing Gen 24:26...
Successfully processed and saved output for Gen 24:26 to /Users/joshua/work/strong_number_embedding/sn_within_unv_selfgroup_segmentation/output/Gen/24/26
Processing complete.
Processing Gen 24:27...
Successfully processed and saved output for Gen 24:27 to /Users/joshua/work/strong_number_embedding/sn_within_unv_selfgroup_segmentation/output/Gen/24/27
Processing complete.
Processing Gen 24:28...
Successfully processed and saved output for Gen 24:28 to /Users/joshua/work/strong_number_embedding/sn_within_unv_selfgroup_segmentation/output/Gen/24/28
Processing complete.
Processing Gen 24:29...
Successfully processed and saved output for Gen 24:29 to /Users/joshua/work/strong_number_embedding/sn_within_unv_selfgroup_segmentation/output/Gen/24/29
Processing complete.
Processing Gen 24:30...
Successfully processed and saved output for Gen 24:30 to /Users/joshua/work/strong_number_embedding/sn_within_unv_selfgroup_segmentation/output/Gen/24/30
Processing complete.
Processing Gen 24:31...
Successfully processed and saved output for Gen 24:31 to /Users/joshua/work/strong_number_embedding/sn_within_unv_selfgroup_segmentation/output/Gen/24/31
Processing complete.
Processing Gen 24:32...
Successfully processed and saved output for Gen 24:32 to /Users/joshua/work/strong_number_embedding/sn_within_unv_selfgroup_segmentation/output/Gen/24/32
Processing complete.
Processing Gen 24:33...
Successfully processed and saved output for Gen 24:33 to /Users/joshua/work/strong_number_embedding/sn_within_unv_selfgroup_segmentation/output/Gen/24/33
Processing complete.
Processing Gen 24:34...
Successfully processed and saved output for Gen 24:34 to /Users/joshua/work/strong_number_embedding/sn_within_unv_selfgroup_segmentation/output/Gen/24/34
Processing complete.
Processing Gen 24:35...
Successfully processed and saved output for Gen 24:35 to /Users/joshua/work/strong_number_embedding/sn_within_unv_selfgroup_segmentation/output/Gen/24/35
Processing complete.
Processing Gen 24:36...
Successfully processed and saved output for Gen 24:36 to /Users/joshua/work/strong_number_embedding/sn_within_unv_selfgroup_segmentation/output/Gen/24/36
Processing complete.
Processing Gen 24:37...
Successfully processed and saved output for Gen 24:37 to /Users/joshua/work/strong_number_embedding/sn_within_unv_selfgroup_segmentation/output/Gen/24/37
Processing complete.
Processing Gen 24:38...
Successfully processed and saved output for Gen 24:38 to /Users/joshua/work/strong_number_embedding/sn_within_unv_selfgroup_segmentation/output/Gen/24/38
Processing complete.
Processing Gen 24:39...
Successfully processed and saved output for Gen 24:39 to /Users/joshua/work/strong_number_embedding/sn_within_unv_selfgroup_segmentation/output/Gen/24/39
Processing complete.
Processing Gen 24:40...
Successfully processed and saved output for Gen 24:40 to /Users/joshua/work/strong_number_embedding/sn_within_unv_selfgroup_segmentation/output/Gen/24/40
Processing complete.
Processing Gen 24:41...
Successfully processed and saved output for Gen 24:41 to /Users/joshua/work/strong_number_embedding/sn_within_unv_selfgroup_segmentation/output/Gen/24/41
Processing complete.
Processing Gen 24:42...
Successfully processed and saved output for Gen 24:42 to /Users/joshua/work/strong_number_embedding/sn_within_unv_selfgroup_segmentation/output/Gen/24/42
Processing complete.
Processing Gen 24:43...
Successfully processed and saved output for Gen 24:43 to /Users/joshua/work/strong_number_embedding/sn_within_unv_selfgroup_segmentation/output/Gen/24/43
Processing complete.
Processing Gen 24:44...
Successfully processed and saved output for Gen 24:44 to /Users/joshua/work/strong_number_embedding/sn_within_unv_selfgroup_segmentation/output/Gen/24/44
Processing complete.
Processing Gen 24:45...
Successfully processed and saved output for Gen 24:45 to /Users/joshua/work/strong_number_embedding/sn_within_unv_selfgroup_segmentation/output/Gen/24/45
Processing complete.
Processing Gen 24:46...
Successfully processed and saved output for Gen 24:46 to /Users/joshua/work/strong_number_embedding/sn_within_unv_selfgroup_segmentation/output/Gen/24/46
Processing complete.
Processing Gen 24:47...
Successfully processed and saved output for Gen 24:47 to /Users/joshua/work/strong_number_embedding/sn_within_unv_selfgroup_segmentation/output/Gen/24/47
Processing complete.
Processing Gen 24:48...
Successfully processed and saved output for Gen 24:48 to /Users/joshua/work/strong_number_embedding/sn_within_unv_selfgroup_segmentation/output/Gen/24/48
Processing complete.
Processing Gen 24:49...
Successfully processed and saved output for Gen 24:49 to /Users/joshua/work/strong_number_embedding/sn_within_unv_selfgroup_segmentation/output/Gen/24/49
Processing complete.
Processing Gen 24:50...
Successfully processed and saved output for Gen 24:50 to /Users/joshua/work/strong_number_embedding/sn_within_unv_selfgroup_segmentation/output/Gen/24/50
Processing complete.
Processing Gen 24:51...
Successfully processed and saved output for Gen 24:51 to /Users/joshua/work/strong_number_embedding/sn_within_unv_selfgroup_segmentation/output/Gen/24/51
Processing complete.
Processing Gen 24:52...
Successfully processed and saved output for Gen 24:52 to /Users/joshua/work/strong_number_embedding/sn_within_unv_selfgroup_segmentation/output/Gen/24/52
Processing complete.
Processing Gen 24:53...
Successfully processed and saved output for Gen 24:53 to /Users/joshua/work/strong_number_embedding/sn_within_unv_selfgroup_segmentation/output/Gen/24/53
Processing complete.
Processing Gen 24:54...
Successfully processed and saved output for Gen 24:54 to /Users/joshua/work/strong_number_embedding/sn_within_unv_selfgroup_segmentation/output/Gen/24/54
Processing complete.
Processing Gen 24:55...
Successfully processed and saved output for Gen 24:55 to /Users/joshua/work/strong_number_embedding/sn_within_unv_selfgroup_segmentation/output/Gen/24/55
Processing complete.
Processing Gen 24:56...
Successfully processed and saved output for Gen 24:56 to /Users/joshua/work/strong_number_embedding/sn_within_unv_selfgroup_segmentation/output/Gen/24/56
Processing complete.
Processing Gen 24:57...
Successfully processed and saved output for Gen 24:57 to /Users/joshua/work/strong_number_embedding/sn_within_unv_selfgroup_segmentation/output/Gen/24/57
Processing complete.
Processing Gen 24:58...
Successfully processed and saved output for Gen 24:58 to /Users/joshua/work/strong_number_embedding/sn_within_unv_selfgroup_segmentation/output/Gen/24/58
Processing complete.
Processing Gen 24:59...
Successfully processed and saved output for Gen 24:59 to /Users/joshua/work/strong_number_embedding/sn_within_unv_selfgroup_segmentation/output/Gen/24/59
Processing complete.
Processing Gen 24:60...
Successfully processed and saved output for Gen 24:60 to /Users/joshua/work/strong_number_embedding/sn_within_unv_selfgroup_segmentation/output/Gen/24/60
Processing complete.
Processing Gen 24:61...
Successfully processed and saved output for Gen 24:61 to /Users/joshua/work/strong_number_embedding/sn_within_unv_selfgroup_segmentation/output/Gen/24/61
Processing complete.
Processing Gen 24:62...
Successfully processed and saved output for Gen 24:62 to /Users/joshua/work/strong_number_embedding/sn_within_unv_selfgroup_segmentation/output/Gen/24/62
Processing complete.
Processing Gen 24:63...
Successfully processed and saved output for Gen 24:63 to /Users/joshua/work/strong_number_embedding/sn_within_unv_selfgroup_segmentation/output/Gen/24/63
Processing complete.
Processing Gen 24:64...
Successfully processed and saved output for Gen 24:64 to /Users/joshua/work/strong_number_embedding/sn_within_unv_selfgroup_segmentation/output/Gen/24/64
Processing complete.
Processing Gen 24:65...
Successfully processed and saved output for Gen 24:65 to /Users/joshua/work/strong_number_embedding/sn_within_unv_selfgroup_segmentation/output/Gen/24/65
Processing complete.
Processing Gen 24:66...
Successfully processed and saved output for Gen 24:66 to /Users/joshua/work/strong_number_embedding/sn_within_unv_selfgroup_segmentation/output/Gen/24/66
Processing complete.
Processing Gen 24:67...
Successfully processed and saved output for Gen 24:67 to /Users/joshua/work/strong_number_embedding/sn_within_unv_selfgroup_segmentation/output/Gen/24/67
Processing complete.
  Processing Genesis chapter 25 (34 verses)...
Processing Gen 25:1...
Successfully processed and saved output for Gen 25:1 to /Users/joshua/work/strong_number_embedding/sn_within_unv_selfgroup_segmentation/output/Gen/25/1
Processing complete.
Processing Gen 25:2...
Successfully processed and saved output for Gen 25:2 to /Users/joshua/work/strong_number_embedding/sn_within_unv_selfgroup_segmentation/output/Gen/25/2
Processing complete.
Processing Gen 25:3...
Successfully processed and saved output for Gen 25:3 to /Users/joshua/work/strong_number_embedding/sn_within_unv_selfgroup_segmentation/output/Gen/25/3
Processing complete.
Processing Gen 25:4...
Successfully processed and saved output for Gen 25:4 to /Users/joshua/work/strong_number_embedding/sn_within_unv_selfgroup_segmentation/output/Gen/25/4
Processing complete.
Processing Gen 25:5...
Successfully processed and saved output for Gen 25:5 to /Users/joshua/work/strong_number_embedding/sn_within_unv_selfgroup_segmentation/output/Gen/25/5
Processing complete.
Processing Gen 25:6...
Successfully processed and saved output for Gen 25:6 to /Users/joshua/work/strong_number_embedding/sn_within_unv_selfgroup_segmentation/output/Gen/25/6
Processing complete.
Processing Gen 25:7...
Successfully processed and saved output for Gen 25:7 to /Users/joshua/work/strong_number_embedding/sn_within_unv_selfgroup_segmentation/output/Gen/25/7
Processing complete.
Processing Gen 25:8...
Successfully processed and saved output for Gen 25:8 to /Users/joshua/work/strong_number_embedding/sn_within_unv_selfgroup_segmentation/output/Gen/25/8
Processing complete.
Processing Gen 25:9...
Successfully processed and saved output for Gen 25:9 to /Users/joshua/work/strong_number_embedding/sn_within_unv_selfgroup_segmentation/output/Gen/25/9
Processing complete.
Processing Gen 25:10...
Successfully processed and saved output for Gen 25:10 to /Users/joshua/work/strong_number_embedding/sn_within_unv_selfgroup_segmentation/output/Gen/25/10
Processing complete.
Processing Gen 25:11...
Successfully processed and saved output for Gen 25:11 to /Users/joshua/work/strong_number_embedding/sn_within_unv_selfgroup_segmentation/output/Gen/25/11
Processing complete.
Processing Gen 25:12...
Successfully processed and saved output for Gen 25:12 to /Users/joshua/work/strong_number_embedding/sn_within_unv_selfgroup_segmentation/output/Gen/25/12
Processing complete.
Processing Gen 25:13...
Successfully processed and saved output for Gen 25:13 to /Users/joshua/work/strong_number_embedding/sn_within_unv_selfgroup_segmentation/output/Gen/25/13
Processing complete.
Processing Gen 25:14...
Successfully processed and saved output for Gen 25:14 to /Users/joshua/work/strong_number_embedding/sn_within_unv_selfgroup_segmentation/output/Gen/25/14
Processing complete.
Processing Gen 25:15...
Successfully processed and saved output for Gen 25:15 to /Users/joshua/work/strong_number_embedding/sn_within_unv_selfgroup_segmentation/output/Gen/25/15
Processing complete.
Processing Gen 25:16...
Successfully processed and saved output for Gen 25:16 to /Users/joshua/work/strong_number_embedding/sn_within_unv_selfgroup_segmentation/output/Gen/25/16
Processing complete.
Processing Gen 25:17...
Successfully processed and saved output for Gen 25:17 to /Users/joshua/work/strong_number_embedding/sn_within_unv_selfgroup_segmentation/output/Gen/25/17
Processing complete.
Processing Gen 25:18...
Successfully processed and saved output for Gen 25:18 to /Users/joshua/work/strong_number_embedding/sn_within_unv_selfgroup_segmentation/output/Gen/25/18
Processing complete.
Processing Gen 25:19...
Successfully processed and saved output for Gen 25:19 to /Users/joshua/work/strong_number_embedding/sn_within_unv_selfgroup_segmentation/output/Gen/25/19
Processing complete.
Processing Gen 25:20...
Successfully processed and saved output for Gen 25:20 to /Users/joshua/work/strong_number_embedding/sn_within_unv_selfgroup_segmentation/output/Gen/25/20
Processing complete.
Processing Gen 25:21...
Successfully processed and saved output for Gen 25:21 to /Users/joshua/work/strong_number_embedding/sn_within_unv_selfgroup_segmentation/output/Gen/25/21
Processing complete.
Processing Gen 25:22...
Successfully processed and saved output for Gen 25:22 to /Users/joshua/work/strong_number_embedding/sn_within_unv_selfgroup_segmentation/output/Gen/25/22
Processing complete.
Processing Gen 25:23...
Successfully processed and saved output for Gen 25:23 to /Users/joshua/work/strong_number_embedding/sn_within_unv_selfgroup_segmentation/output/Gen/25/23
Processing complete.
Processing Gen 25:24...
Successfully processed and saved output for Gen 25:24 to /Users/joshua/work/strong_number_embedding/sn_within_unv_selfgroup_segmentation/output/Gen/25/24
Processing complete.
Processing Gen 25:25...
Successfully processed and saved output for Gen 25:25 to /Users/joshua/work/strong_number_embedding/sn_within_unv_selfgroup_segmentation/output/Gen/25/25
Processing complete.
Processing Gen 25:26...
Successfully processed and saved output for Gen 25:26 to /Users/joshua/work/strong_number_embedding/sn_within_unv_selfgroup_segmentation/output/Gen/25/26
Processing complete.
Processing Gen 25:27...
Successfully processed and saved output for Gen 25:27 to /Users/joshua/work/strong_number_embedding/sn_within_unv_selfgroup_segmentation/output/Gen/25/27
Processing complete.
Processing Gen 25:28...
Successfully processed and saved output for Gen 25:28 to /Users/joshua/work/strong_number_embedding/sn_within_unv_selfgroup_segmentation/output/Gen/25/28
Processing complete.
Processing Gen 25:29...
Successfully processed and saved output for Gen 25:29 to /Users/joshua/work/strong_number_embedding/sn_within_unv_selfgroup_segmentation/output/Gen/25/29
Processing complete.
Processing Gen 25:30...
Successfully processed and saved output for Gen 25:30 to /Users/joshua/work/strong_number_embedding/sn_within_unv_selfgroup_segmentation/output/Gen/25/30
Processing complete.
Processing Gen 25:31...
Successfully processed and saved output for Gen 25:31 to /Users/joshua/work/strong_number_embedding/sn_within_unv_selfgroup_segmentation/output/Gen/25/31
Processing complete.
Processing Gen 25:32...
Successfully processed and saved output for Gen 25:32 to /Users/joshua/work/strong_number_embedding/sn_within_unv_selfgroup_segmentation/output/Gen/25/32
Processing complete.
Processing Gen 25:33...
Successfully processed and saved output for Gen 25:33 to /Users/joshua/work/strong_number_embedding/sn_within_unv_selfgroup_segmentation/output/Gen/25/33
Processing complete.
Processing Gen 25:34...
Successfully processed and saved output for Gen 25:34 to /Users/joshua/work/strong_number_embedding/sn_within_unv_selfgroup_segmentation/output/Gen/25/34
Processing complete.
  Processing Genesis chapter 26 (35 verses)...
Processing Gen 26:1...
Successfully processed and saved output for Gen 26:1 to /Users/joshua/work/strong_number_embedding/sn_within_unv_selfgroup_segmentation/output/Gen/26/1
Processing complete.
Processing Gen 26:2...
Successfully processed and saved output for Gen 26:2 to /Users/joshua/work/strong_number_embedding/sn_within_unv_selfgroup_segmentation/output/Gen/26/2
Processing complete.
Processing Gen 26:3...
Successfully processed and saved output for Gen 26:3 to /Users/joshua/work/strong_number_embedding/sn_within_unv_selfgroup_segmentation/output/Gen/26/3
Processing complete.
Processing Gen 26:4...
Successfully processed and saved output for Gen 26:4 to /Users/joshua/work/strong_number_embedding/sn_within_unv_selfgroup_segmentation/output/Gen/26/4
Processing complete.
Processing Gen 26:5...
Successfully processed and saved output for Gen 26:5 to /Users/joshua/work/strong_number_embedding/sn_within_unv_selfgroup_segmentation/output/Gen/26/5
Processing complete.
Processing Gen 26:6...
Successfully processed and saved output for Gen 26:6 to /Users/joshua/work/strong_number_embedding/sn_within_unv_selfgroup_segmentation/output/Gen/26/6
Processing complete.
Processing Gen 26:7...
Successfully processed and saved output for Gen 26:7 to /Users/joshua/work/strong_number_embedding/sn_within_unv_selfgroup_segmentation/output/Gen/26/7
Processing complete.
Processing Gen 26:8...
Successfully processed and saved output for Gen 26:8 to /Users/joshua/work/strong_number_embedding/sn_within_unv_selfgroup_segmentation/output/Gen/26/8
Processing complete.
Processing Gen 26:9...
Successfully processed and saved output for Gen 26:9 to /Users/joshua/work/strong_number_embedding/sn_within_unv_selfgroup_segmentation/output/Gen/26/9
Processing complete.
Processing Gen 26:10...
Successfully processed and saved output for Gen 26:10 to /Users/joshua/work/strong_number_embedding/sn_within_unv_selfgroup_segmentation/output/Gen/26/10
Processing complete.
Processing Gen 26:11...
Successfully processed and saved output for Gen 26:11 to /Users/joshua/work/strong_number_embedding/sn_within_unv_selfgroup_segmentation/output/Gen/26/11
Processing complete.
Processing Gen 26:12...
Successfully processed and saved output for Gen 26:12 to /Users/joshua/work/strong_number_embedding/sn_within_unv_selfgroup_segmentation/output/Gen/26/12
Processing complete.
Processing Gen 26:13...
Successfully processed and saved output for Gen 26:13 to /Users/joshua/work/strong_number_embedding/sn_within_unv_selfgroup_segmentation/output/Gen/26/13
Processing complete.
Processing Gen 26:14...
Successfully processed and saved output for Gen 26:14 to /Users/joshua/work/strong_number_embedding/sn_within_unv_selfgroup_segmentation/output/Gen/26/14
Processing complete.
Processing Gen 26:15...
Successfully processed and saved output for Gen 26:15 to /Users/joshua/work/strong_number_embedding/sn_within_unv_selfgroup_segmentation/output/Gen/26/15
Processing complete.
Processing Gen 26:16...
Successfully processed and saved output for Gen 26:16 to /Users/joshua/work/strong_number_embedding/sn_within_unv_selfgroup_segmentation/output/Gen/26/16
Processing complete.
Processing Gen 26:17...
Successfully processed and saved output for Gen 26:17 to /Users/joshua/work/strong_number_embedding/sn_within_unv_selfgroup_segmentation/output/Gen/26/17
Processing complete.
Processing Gen 26:18...
Successfully processed and saved output for Gen 26:18 to /Users/joshua/work/strong_number_embedding/sn_within_unv_selfgroup_segmentation/output/Gen/26/18
Processing complete.
Processing Gen 26:19...
Successfully processed and saved output for Gen 26:19 to /Users/joshua/work/strong_number_embedding/sn_within_unv_selfgroup_segmentation/output/Gen/26/19
Processing complete.
Processing Gen 26:20...
Successfully processed and saved output for Gen 26:20 to /Users/joshua/work/strong_number_embedding/sn_within_unv_selfgroup_segmentation/output/Gen/26/20
Processing complete.
Processing Gen 26:21...
Successfully processed and saved output for Gen 26:21 to /Users/joshua/work/strong_number_embedding/sn_within_unv_selfgroup_segmentation/output/Gen/26/21
Processing complete.
Processing Gen 26:22...
Successfully processed and saved output for Gen 26:22 to /Users/joshua/work/strong_number_embedding/sn_within_unv_selfgroup_segmentation/output/Gen/26/22
Processing complete.
Processing Gen 26:23...
Successfully processed and saved output for Gen 26:23 to /Users/joshua/work/strong_number_embedding/sn_within_unv_selfgroup_segmentation/output/Gen/26/23
Processing complete.
Processing Gen 26:24...
Successfully processed and saved output for Gen 26:24 to /Users/joshua/work/strong_number_embedding/sn_within_unv_selfgroup_segmentation/output/Gen/26/24
Processing complete.
Processing Gen 26:25...
Successfully processed and saved output for Gen 26:25 to /Users/joshua/work/strong_number_embedding/sn_within_unv_selfgroup_segmentation/output/Gen/26/25
Processing complete.
Processing Gen 26:26...
Successfully processed and saved output for Gen 26:26 to /Users/joshua/work/strong_number_embedding/sn_within_unv_selfgroup_segmentation/output/Gen/26/26
Processing complete.
Processing Gen 26:27...
Successfully processed and saved output for Gen 26:27 to /Users/joshua/work/strong_number_embedding/sn_within_unv_selfgroup_segmentation/output/Gen/26/27
Processing complete.
Processing Gen 26:28...
Successfully processed and saved output for Gen 26:28 to /Users/joshua/work/strong_number_embedding/sn_within_unv_selfgroup_segmentation/output/Gen/26/28
Processing complete.
Processing Gen 26:29...
Successfully processed and saved output for Gen 26:29 to /Users/joshua/work/strong_number_embedding/sn_within_unv_selfgroup_segmentation/output/Gen/26/29
Processing complete.
Processing Gen 26:30...
Successfully processed and saved output for Gen 26:30 to /Users/joshua/work/strong_number_embedding/sn_within_unv_selfgroup_segmentation/output/Gen/26/30
Processing complete.
Processing Gen 26:31...
Successfully processed and saved output for Gen 26:31 to /Users/joshua/work/strong_number_embedding/sn_within_unv_selfgroup_segmentation/output/Gen/26/31
Processing complete.
Processing Gen 26:32...
Successfully processed and saved output for Gen 26:32 to /Users/joshua/work/strong_number_embedding/sn_within_unv_selfgroup_segmentation/output/Gen/26/32
Processing complete.
Processing Gen 26:33...
Successfully processed and saved output for Gen 26:33 to /Users/joshua/work/strong_number_embedding/sn_within_unv_selfgroup_segmentation/output/Gen/26/33
Processing complete.
Processing Gen 26:34...
Successfully processed and saved output for Gen 26:34 to /Users/joshua/work/strong_number_embedding/sn_within_unv_selfgroup_segmentation/output/Gen/26/34
Processing complete.
Processing Gen 26:35...
Successfully processed and saved output for Gen 26:35 to /Users/joshua/work/strong_number_embedding/sn_within_unv_selfgroup_segmentation/output/Gen/26/35
Processing complete.
  Processing Genesis chapter 27 (46 verses)...
Processing Gen 27:1...
Successfully processed and saved output for Gen 27:1 to /Users/joshua/work/strong_number_embedding/sn_within_unv_selfgroup_segmentation/output/Gen/27/1
Processing complete.
Processing Gen 27:2...
Successfully processed and saved output for Gen 27:2 to /Users/joshua/work/strong_number_embedding/sn_within_unv_selfgroup_segmentation/output/Gen/27/2
Processing complete.
Processing Gen 27:3...
Successfully processed and saved output for Gen 27:3 to /Users/joshua/work/strong_number_embedding/sn_within_unv_selfgroup_segmentation/output/Gen/27/3
Processing complete.
Processing Gen 27:4...
Successfully processed and saved output for Gen 27:4 to /Users/joshua/work/strong_number_embedding/sn_within_unv_selfgroup_segmentation/output/Gen/27/4
Processing complete.
Processing Gen 27:5...
Successfully processed and saved output for Gen 27:5 to /Users/joshua/work/strong_number_embedding/sn_within_unv_selfgroup_segmentation/output/Gen/27/5
Processing complete.
Processing Gen 27:6...
Successfully processed and saved output for Gen 27:6 to /Users/joshua/work/strong_number_embedding/sn_within_unv_selfgroup_segmentation/output/Gen/27/6
Processing complete.
Processing Gen 27:7...
Successfully processed and saved output for Gen 27:7 to /Users/joshua/work/strong_number_embedding/sn_within_unv_selfgroup_segmentation/output/Gen/27/7
Processing complete.
Processing Gen 27:8...
Successfully processed and saved output for Gen 27:8 to /Users/joshua/work/strong_number_embedding/sn_within_unv_selfgroup_segmentation/output/Gen/27/8
Processing complete.
Processing Gen 27:9...
Successfully processed and saved output for Gen 27:9 to /Users/joshua/work/strong_number_embedding/sn_within_unv_selfgroup_segmentation/output/Gen/27/9
Processing complete.
Processing Gen 27:10...
Successfully processed and saved output for Gen 27:10 to /Users/joshua/work/strong_number_embedding/sn_within_unv_selfgroup_segmentation/output/Gen/27/10
Processing complete.
Processing Gen 27:11...
Successfully processed and saved output for Gen 27:11 to /Users/joshua/work/strong_number_embedding/sn_within_unv_selfgroup_segmentation/output/Gen/27/11
Processing complete.
Processing Gen 27:12...
Successfully processed and saved output for Gen 27:12 to /Users/joshua/work/strong_number_embedding/sn_within_unv_selfgroup_segmentation/output/Gen/27/12
Processing complete.
Processing Gen 27:13...
Successfully processed and saved output for Gen 27:13 to /Users/joshua/work/strong_number_embedding/sn_within_unv_selfgroup_segmentation/output/Gen/27/13
Processing complete.
Processing Gen 27:14...
Successfully processed and saved output for Gen 27:14 to /Users/joshua/work/strong_number_embedding/sn_within_unv_selfgroup_segmentation/output/Gen/27/14
Processing complete.
Processing Gen 27:15...
Successfully processed and saved output for Gen 27:15 to /Users/joshua/work/strong_number_embedding/sn_within_unv_selfgroup_segmentation/output/Gen/27/15
Processing complete.
Processing Gen 27:16...
Successfully processed and saved output for Gen 27:16 to /Users/joshua/work/strong_number_embedding/sn_within_unv_selfgroup_segmentation/output/Gen/27/16
Processing complete.
Processing Gen 27:17...
Successfully processed and saved output for Gen 27:17 to /Users/joshua/work/strong_number_embedding/sn_within_unv_selfgroup_segmentation/output/Gen/27/17
Processing complete.
Processing Gen 27:18...
Successfully processed and saved output for Gen 27:18 to /Users/joshua/work/strong_number_embedding/sn_within_unv_selfgroup_segmentation/output/Gen/27/18
Processing complete.
Processing Gen 27:19...
Successfully processed and saved output for Gen 27:19 to /Users/joshua/work/strong_number_embedding/sn_within_unv_selfgroup_segmentation/output/Gen/27/19
Processing complete.
Processing Gen 27:20...
Successfully processed and saved output for Gen 27:20 to /Users/joshua/work/strong_number_embedding/sn_within_unv_selfgroup_segmentation/output/Gen/27/20
Processing complete.
Processing Gen 27:21...
Successfully processed and saved output for Gen 27:21 to /Users/joshua/work/strong_number_embedding/sn_within_unv_selfgroup_segmentation/output/Gen/27/21
Processing complete.
Processing Gen 27:22...
Successfully processed and saved output for Gen 27:22 to /Users/joshua/work/strong_number_embedding/sn_within_unv_selfgroup_segmentation/output/Gen/27/22
Processing complete.
Processing Gen 27:23...
Successfully processed and saved output for Gen 27:23 to /Users/joshua/work/strong_number_embedding/sn_within_unv_selfgroup_segmentation/output/Gen/27/23
Processing complete.
Processing Gen 27:24...
Successfully processed and saved output for Gen 27:24 to /Users/joshua/work/strong_number_embedding/sn_within_unv_selfgroup_segmentation/output/Gen/27/24
Processing complete.
Processing Gen 27:25...
Successfully processed and saved output for Gen 27:25 to /Users/joshua/work/strong_number_embedding/sn_within_unv_selfgroup_segmentation/output/Gen/27/25
Processing complete.
Processing Gen 27:26...
Successfully processed and saved output for Gen 27:26 to /Users/joshua/work/strong_number_embedding/sn_within_unv_selfgroup_segmentation/output/Gen/27/26
Processing complete.
Processing Gen 27:27...
Successfully processed and saved output for Gen 27:27 to /Users/joshua/work/strong_number_embedding/sn_within_unv_selfgroup_segmentation/output/Gen/27/27
Processing complete.
Processing Gen 27:28...
Successfully processed and saved output for Gen 27:28 to /Users/joshua/work/strong_number_embedding/sn_within_unv_selfgroup_segmentation/output/Gen/27/28
Processing complete.
Processing Gen 27:29...
Successfully processed and saved output for Gen 27:29 to /Users/joshua/work/strong_number_embedding/sn_within_unv_selfgroup_segmentation/output/Gen/27/29
Processing complete.
Processing Gen 27:30...
Successfully processed and saved output for Gen 27:30 to /Users/joshua/work/strong_number_embedding/sn_within_unv_selfgroup_segmentation/output/Gen/27/30
Processing complete.
Processing Gen 27:31...
Successfully processed and saved output for Gen 27:31 to /Users/joshua/work/strong_number_embedding/sn_within_unv_selfgroup_segmentation/output/Gen/27/31
Processing complete.
Processing Gen 27:32...
Successfully processed and saved output for Gen 27:32 to /Users/joshua/work/strong_number_embedding/sn_within_unv_selfgroup_segmentation/output/Gen/27/32
Processing complete.
Processing Gen 27:33...
Successfully processed and saved output for Gen 27:33 to /Users/joshua/work/strong_number_embedding/sn_within_unv_selfgroup_segmentation/output/Gen/27/33
Processing complete.
Processing Gen 27:34...
Successfully processed and saved output for Gen 27:34 to /Users/joshua/work/strong_number_embedding/sn_within_unv_selfgroup_segmentation/output/Gen/27/34
Processing complete.
Processing Gen 27:35...
Successfully processed and saved output for Gen 27:35 to /Users/joshua/work/strong_number_embedding/sn_within_unv_selfgroup_segmentation/output/Gen/27/35
Processing complete.
Processing Gen 27:36...
Successfully processed and saved output for Gen 27:36 to /Users/joshua/work/strong_number_embedding/sn_within_unv_selfgroup_segmentation/output/Gen/27/36
Processing complete.
Processing Gen 27:37...
Successfully processed and saved output for Gen 27:37 to /Users/joshua/work/strong_number_embedding/sn_within_unv_selfgroup_segmentation/output/Gen/27/37
Processing complete.
Processing Gen 27:38...
Successfully processed and saved output for Gen 27:38 to /Users/joshua/work/strong_number_embedding/sn_within_unv_selfgroup_segmentation/output/Gen/27/38
Processing complete.
Processing Gen 27:39...
Successfully processed and saved output for Gen 27:39 to /Users/joshua/work/strong_number_embedding/sn_within_unv_selfgroup_segmentation/output/Gen/27/39
Processing complete.
Processing Gen 27:40...
Successfully processed and saved output for Gen 27:40 to /Users/joshua/work/strong_number_embedding/sn_within_unv_selfgroup_segmentation/output/Gen/27/40
Processing complete.
Processing Gen 27:41...
Successfully processed and saved output for Gen 27:41 to /Users/joshua/work/strong_number_embedding/sn_within_unv_selfgroup_segmentation/output/Gen/27/41
Processing complete.
Processing Gen 27:42...
Successfully processed and saved output for Gen 27:42 to /Users/joshua/work/strong_number_embedding/sn_within_unv_selfgroup_segmentation/output/Gen/27/42
Processing complete.
Processing Gen 27:43...
Successfully processed and saved output for Gen 27:43 to /Users/joshua/work/strong_number_embedding/sn_within_unv_selfgroup_segmentation/output/Gen/27/43
Processing complete.
Processing Gen 27:44...
Successfully processed and saved output for Gen 27:44 to /Users/joshua/work/strong_number_embedding/sn_within_unv_selfgroup_segmentation/output/Gen/27/44
Processing complete.
Processing Gen 27:45...
Successfully processed and saved output for Gen 27:45 to /Users/joshua/work/strong_number_embedding/sn_within_unv_selfgroup_segmentation/output/Gen/27/45
Processing complete.
Processing Gen 27:46...
Successfully processed and saved output for Gen 27:46 to /Users/joshua/work/strong_number_embedding/sn_within_unv_selfgroup_segmentation/output/Gen/27/46
Processing complete.
  Processing Genesis chapter 28 (22 verses)...
Processing Gen 28:1...
Successfully processed and saved output for Gen 28:1 to /Users/joshua/work/strong_number_embedding/sn_within_unv_selfgroup_segmentation/output/Gen/28/1
Processing complete.
Processing Gen 28:2...
Successfully processed and saved output for Gen 28:2 to /Users/joshua/work/strong_number_embedding/sn_within_unv_selfgroup_segmentation/output/Gen/28/2
Processing complete.
Processing Gen 28:3...
Successfully processed and saved output for Gen 28:3 to /Users/joshua/work/strong_number_embedding/sn_within_unv_selfgroup_segmentation/output/Gen/28/3
Processing complete.
Processing Gen 28:4...
Successfully processed and saved output for Gen 28:4 to /Users/joshua/work/strong_number_embedding/sn_within_unv_selfgroup_segmentation/output/Gen/28/4
Processing complete.
Processing Gen 28:5...
Successfully processed and saved output for Gen 28:5 to /Users/joshua/work/strong_number_embedding/sn_within_unv_selfgroup_segmentation/output/Gen/28/5
Processing complete.
Processing Gen 28:6...
Successfully processed and saved output for Gen 28:6 to /Users/joshua/work/strong_number_embedding/sn_within_unv_selfgroup_segmentation/output/Gen/28/6
Processing complete.
Processing Gen 28:7...
Successfully processed and saved output for Gen 28:7 to /Users/joshua/work/strong_number_embedding/sn_within_unv_selfgroup_segmentation/output/Gen/28/7
Processing complete.
Processing Gen 28:8...
Successfully processed and saved output for Gen 28:8 to /Users/joshua/work/strong_number_embedding/sn_within_unv_selfgroup_segmentation/output/Gen/28/8
Processing complete.
Processing Gen 28:9...
Successfully processed and saved output for Gen 28:9 to /Users/joshua/work/strong_number_embedding/sn_within_unv_selfgroup_segmentation/output/Gen/28/9
Processing complete.
Processing Gen 28:10...
Successfully processed and saved output for Gen 28:10 to /Users/joshua/work/strong_number_embedding/sn_within_unv_selfgroup_segmentation/output/Gen/28/10
Processing complete.
Processing Gen 28:11...
Successfully processed and saved output for Gen 28:11 to /Users/joshua/work/strong_number_embedding/sn_within_unv_selfgroup_segmentation/output/Gen/28/11
Processing complete.
Processing Gen 28:12...
Successfully processed and saved output for Gen 28:12 to /Users/joshua/work/strong_number_embedding/sn_within_unv_selfgroup_segmentation/output/Gen/28/12
Processing complete.
Processing Gen 28:13...
Successfully processed and saved output for Gen 28:13 to /Users/joshua/work/strong_number_embedding/sn_within_unv_selfgroup_segmentation/output/Gen/28/13
Processing complete.
Processing Gen 28:14...
Successfully processed and saved output for Gen 28:14 to /Users/joshua/work/strong_number_embedding/sn_within_unv_selfgroup_segmentation/output/Gen/28/14
Processing complete.
Processing Gen 28:15...
Successfully processed and saved output for Gen 28:15 to /Users/joshua/work/strong_number_embedding/sn_within_unv_selfgroup_segmentation/output/Gen/28/15
Processing complete.
Processing Gen 28:16...
Successfully processed and saved output for Gen 28:16 to /Users/joshua/work/strong_number_embedding/sn_within_unv_selfgroup_segmentation/output/Gen/28/16
Processing complete.
Processing Gen 28:17...
Successfully processed and saved output for Gen 28:17 to /Users/joshua/work/strong_number_embedding/sn_within_unv_selfgroup_segmentation/output/Gen/28/17
Processing complete.
Processing Gen 28:18...
Successfully processed and saved output for Gen 28:18 to /Users/joshua/work/strong_number_embedding/sn_within_unv_selfgroup_segmentation/output/Gen/28/18
Processing complete.
Processing Gen 28:19...
Successfully processed and saved output for Gen 28:19 to /Users/joshua/work/strong_number_embedding/sn_within_unv_selfgroup_segmentation/output/Gen/28/19
Processing complete.
Processing Gen 28:20...
Successfully processed and saved output for Gen 28:20 to /Users/joshua/work/strong_number_embedding/sn_within_unv_selfgroup_segmentation/output/Gen/28/20
Processing complete.
Processing Gen 28:21...
Successfully processed and saved output for Gen 28:21 to /Users/joshua/work/strong_number_embedding/sn_within_unv_selfgroup_segmentation/output/Gen/28/21
Processing complete.
Processing Gen 28:22...
Successfully processed and saved output for Gen 28:22 to /Users/joshua/work/strong_number_embedding/sn_within_unv_selfgroup_segmentation/output/Gen/28/22
Processing complete.
  Processing Genesis chapter 29 (35 verses)...
Processing Gen 29:1...
Successfully processed and saved output for Gen 29:1 to /Users/joshua/work/strong_number_embedding/sn_within_unv_selfgroup_segmentation/output/Gen/29/1
Processing complete.
Processing Gen 29:2...
Successfully processed and saved output for Gen 29:2 to /Users/joshua/work/strong_number_embedding/sn_within_unv_selfgroup_segmentation/output/Gen/29/2
Processing complete.
Processing Gen 29:3...
Successfully processed and saved output for Gen 29:3 to /Users/joshua/work/strong_number_embedding/sn_within_unv_selfgroup_segmentation/output/Gen/29/3
Processing complete.
Processing Gen 29:4...
Successfully processed and saved output for Gen 29:4 to /Users/joshua/work/strong_number_embedding/sn_within_unv_selfgroup_segmentation/output/Gen/29/4
Processing complete.
Processing Gen 29:5...
Successfully processed and saved output for Gen 29:5 to /Users/joshua/work/strong_number_embedding/sn_within_unv_selfgroup_segmentation/output/Gen/29/5
Processing complete.
Processing Gen 29:6...
Successfully processed and saved output for Gen 29:6 to /Users/joshua/work/strong_number_embedding/sn_within_unv_selfgroup_segmentation/output/Gen/29/6
Processing complete.
Processing Gen 29:7...
Successfully processed and saved output for Gen 29:7 to /Users/joshua/work/strong_number_embedding/sn_within_unv_selfgroup_segmentation/output/Gen/29/7
Processing complete.
Processing Gen 29:8...
Successfully processed and saved output for Gen 29:8 to /Users/joshua/work/strong_number_embedding/sn_within_unv_selfgroup_segmentation/output/Gen/29/8
Processing complete.
Processing Gen 29:9...
Successfully processed and saved output for Gen 29:9 to /Users/joshua/work/strong_number_embedding/sn_within_unv_selfgroup_segmentation/output/Gen/29/9
Processing complete.
Processing Gen 29:10...
Successfully processed and saved output for Gen 29:10 to /Users/joshua/work/strong_number_embedding/sn_within_unv_selfgroup_segmentation/output/Gen/29/10
Processing complete.
Processing Gen 29:11...
Successfully processed and saved output for Gen 29:11 to /Users/joshua/work/strong_number_embedding/sn_within_unv_selfgroup_segmentation/output/Gen/29/11
Processing complete.
Processing Gen 29:12...
Successfully processed and saved output for Gen 29:12 to /Users/joshua/work/strong_number_embedding/sn_within_unv_selfgroup_segmentation/output/Gen/29/12
Processing complete.
Processing Gen 29:13...
Successfully processed and saved output for Gen 29:13 to /Users/joshua/work/strong_number_embedding/sn_within_unv_selfgroup_segmentation/output/Gen/29/13
Processing complete.
Processing Gen 29:14...
Successfully processed and saved output for Gen 29:14 to /Users/joshua/work/strong_number_embedding/sn_within_unv_selfgroup_segmentation/output/Gen/29/14
Processing complete.
Processing Gen 29:15...
Successfully processed and saved output for Gen 29:15 to /Users/joshua/work/strong_number_embedding/sn_within_unv_selfgroup_segmentation/output/Gen/29/15
Processing complete.
Processing Gen 29:16...
Successfully processed and saved output for Gen 29:16 to /Users/joshua/work/strong_number_embedding/sn_within_unv_selfgroup_segmentation/output/Gen/29/16
Processing complete.
Processing Gen 29:17...
Successfully processed and saved output for Gen 29:17 to /Users/joshua/work/strong_number_embedding/sn_within_unv_selfgroup_segmentation/output/Gen/29/17
Processing complete.
Processing Gen 29:18...
Successfully processed and saved output for Gen 29:18 to /Users/joshua/work/strong_number_embedding/sn_within_unv_selfgroup_segmentation/output/Gen/29/18
Processing complete.
Processing Gen 29:19...
Successfully processed and saved output for Gen 29:19 to /Users/joshua/work/strong_number_embedding/sn_within_unv_selfgroup_segmentation/output/Gen/29/19
Processing complete.
Processing Gen 29:20...
Successfully processed and saved output for Gen 29:20 to /Users/joshua/work/strong_number_embedding/sn_within_unv_selfgroup_segmentation/output/Gen/29/20
Processing complete.
Processing Gen 29:21...
Successfully processed and saved output for Gen 29:21 to /Users/joshua/work/strong_number_embedding/sn_within_unv_selfgroup_segmentation/output/Gen/29/21
Processing complete.
Processing Gen 29:22...
Successfully processed and saved output for Gen 29:22 to /Users/joshua/work/strong_number_embedding/sn_within_unv_selfgroup_segmentation/output/Gen/29/22
Processing complete.
Processing Gen 29:23...
Successfully processed and saved output for Gen 29:23 to /Users/joshua/work/strong_number_embedding/sn_within_unv_selfgroup_segmentation/output/Gen/29/23
Processing complete.
Processing Gen 29:24...
Successfully processed and saved output for Gen 29:24 to /Users/joshua/work/strong_number_embedding/sn_within_unv_selfgroup_segmentation/output/Gen/29/24
Processing complete.
Processing Gen 29:25...
Successfully processed and saved output for Gen 29:25 to /Users/joshua/work/strong_number_embedding/sn_within_unv_selfgroup_segmentation/output/Gen/29/25
Processing complete.
Processing Gen 29:26...
Successfully processed and saved output for Gen 29:26 to /Users/joshua/work/strong_number_embedding/sn_within_unv_selfgroup_segmentation/output/Gen/29/26
Processing complete.
Processing Gen 29:27...
Successfully processed and saved output for Gen 29:27 to /Users/joshua/work/strong_number_embedding/sn_within_unv_selfgroup_segmentation/output/Gen/29/27
Processing complete.
Processing Gen 29:28...
Successfully processed and saved output for Gen 29:28 to /Users/joshua/work/strong_number_embedding/sn_within_unv_selfgroup_segmentation/output/Gen/29/28
Processing complete.
Processing Gen 29:29...
Successfully processed and saved output for Gen 29:29 to /Users/joshua/work/strong_number_embedding/sn_within_unv_selfgroup_segmentation/output/Gen/29/29
Processing complete.
Processing Gen 29:30...
Successfully processed and saved output for Gen 29:30 to /Users/joshua/work/strong_number_embedding/sn_within_unv_selfgroup_segmentation/output/Gen/29/30
Processing complete.
Processing Gen 29:31...
Successfully processed and saved output for Gen 29:31 to /Users/joshua/work/strong_number_embedding/sn_within_unv_selfgroup_segmentation/output/Gen/29/31
Processing complete.
Processing Gen 29:32...
Successfully processed and saved output for Gen 29:32 to /Users/joshua/work/strong_number_embedding/sn_within_unv_selfgroup_segmentation/output/Gen/29/32
Processing complete.
Processing Gen 29:33...
Successfully processed and saved output for Gen 29:33 to /Users/joshua/work/strong_number_embedding/sn_within_unv_selfgroup_segmentation/output/Gen/29/33
Processing complete.
Processing Gen 29:34...
Successfully processed and saved output for Gen 29:34 to /Users/joshua/work/strong_number_embedding/sn_within_unv_selfgroup_segmentation/output/Gen/29/34
Processing complete.
Processing Gen 29:35...
Successfully processed and saved output for Gen 29:35 to /Users/joshua/work/strong_number_embedding/sn_within_unv_selfgroup_segmentation/output/Gen/29/35
Processing complete.
  Processing Genesis chapter 30 (43 verses)...
Processing Gen 30:1...
Successfully processed and saved output for Gen 30:1 to /Users/joshua/work/strong_number_embedding/sn_within_unv_selfgroup_segmentation/output/Gen/30/1
Processing complete.
Processing Gen 30:2...
Successfully processed and saved output for Gen 30:2 to /Users/joshua/work/strong_number_embedding/sn_within_unv_selfgroup_segmentation/output/Gen/30/2
Processing complete.
Processing Gen 30:3...
Successfully processed and saved output for Gen 30:3 to /Users/joshua/work/strong_number_embedding/sn_within_unv_selfgroup_segmentation/output/Gen/30/3
Processing complete.
Processing Gen 30:4...
Successfully processed and saved output for Gen 30:4 to /Users/joshua/work/strong_number_embedding/sn_within_unv_selfgroup_segmentation/output/Gen/30/4
Processing complete.
Processing Gen 30:5...
Successfully processed and saved output for Gen 30:5 to /Users/joshua/work/strong_number_embedding/sn_within_unv_selfgroup_segmentation/output/Gen/30/5
Processing complete.
Processing Gen 30:6...
Successfully processed and saved output for Gen 30:6 to /Users/joshua/work/strong_number_embedding/sn_within_unv_selfgroup_segmentation/output/Gen/30/6
Processing complete.
Processing Gen 30:7...
Successfully processed and saved output for Gen 30:7 to /Users/joshua/work/strong_number_embedding/sn_within_unv_selfgroup_segmentation/output/Gen/30/7
Processing complete.
Processing Gen 30:8...
Successfully processed and saved output for Gen 30:8 to /Users/joshua/work/strong_number_embedding/sn_within_unv_selfgroup_segmentation/output/Gen/30/8
Processing complete.
Processing Gen 30:9...
Successfully processed and saved output for Gen 30:9 to /Users/joshua/work/strong_number_embedding/sn_within_unv_selfgroup_segmentation/output/Gen/30/9
Processing complete.
Processing Gen 30:10...
Successfully processed and saved output for Gen 30:10 to /Users/joshua/work/strong_number_embedding/sn_within_unv_selfgroup_segmentation/output/Gen/30/10
Processing complete.
Processing Gen 30:11...
Successfully processed and saved output for Gen 30:11 to /Users/joshua/work/strong_number_embedding/sn_within_unv_selfgroup_segmentation/output/Gen/30/11
Processing complete.
Processing Gen 30:12...
Successfully processed and saved output for Gen 30:12 to /Users/joshua/work/strong_number_embedding/sn_within_unv_selfgroup_segmentation/output/Gen/30/12
Processing complete.
Processing Gen 30:13...
Successfully processed and saved output for Gen 30:13 to /Users/joshua/work/strong_number_embedding/sn_within_unv_selfgroup_segmentation/output/Gen/30/13
Processing complete.
Processing Gen 30:14...
Successfully processed and saved output for Gen 30:14 to /Users/joshua/work/strong_number_embedding/sn_within_unv_selfgroup_segmentation/output/Gen/30/14
Processing complete.
Processing Gen 30:15...
Successfully processed and saved output for Gen 30:15 to /Users/joshua/work/strong_number_embedding/sn_within_unv_selfgroup_segmentation/output/Gen/30/15
Processing complete.
Processing Gen 30:16...
Successfully processed and saved output for Gen 30:16 to /Users/joshua/work/strong_number_embedding/sn_within_unv_selfgroup_segmentation/output/Gen/30/16
Processing complete.
Processing Gen 30:17...
Successfully processed and saved output for Gen 30:17 to /Users/joshua/work/strong_number_embedding/sn_within_unv_selfgroup_segmentation/output/Gen/30/17
Processing complete.
Processing Gen 30:18...
Successfully processed and saved output for Gen 30:18 to /Users/joshua/work/strong_number_embedding/sn_within_unv_selfgroup_segmentation/output/Gen/30/18
Processing complete.
Processing Gen 30:19...
Successfully processed and saved output for Gen 30:19 to /Users/joshua/work/strong_number_embedding/sn_within_unv_selfgroup_segmentation/output/Gen/30/19
Processing complete.
Processing Gen 30:20...
Successfully processed and saved output for Gen 30:20 to /Users/joshua/work/strong_number_embedding/sn_within_unv_selfgroup_segmentation/output/Gen/30/20
Processing complete.
Processing Gen 30:21...
Successfully processed and saved output for Gen 30:21 to /Users/joshua/work/strong_number_embedding/sn_within_unv_selfgroup_segmentation/output/Gen/30/21
Processing complete.
Processing Gen 30:22...
Successfully processed and saved output for Gen 30:22 to /Users/joshua/work/strong_number_embedding/sn_within_unv_selfgroup_segmentation/output/Gen/30/22
Processing complete.
Processing Gen 30:23...
Successfully processed and saved output for Gen 30:23 to /Users/joshua/work/strong_number_embedding/sn_within_unv_selfgroup_segmentation/output/Gen/30/23
Processing complete.
Processing Gen 30:24...
Successfully processed and saved output for Gen 30:24 to /Users/joshua/work/strong_number_embedding/sn_within_unv_selfgroup_segmentation/output/Gen/30/24
Processing complete.
Processing Gen 30:25...
Successfully processed and saved output for Gen 30:25 to /Users/joshua/work/strong_number_embedding/sn_within_unv_selfgroup_segmentation/output/Gen/30/25
Processing complete.
Processing Gen 30:26...
Successfully processed and saved output for Gen 30:26 to /Users/joshua/work/strong_number_embedding/sn_within_unv_selfgroup_segmentation/output/Gen/30/26
Processing complete.
Processing Gen 30:27...
Successfully processed and saved output for Gen 30:27 to /Users/joshua/work/strong_number_embedding/sn_within_unv_selfgroup_segmentation/output/Gen/30/27
Processing complete.
Processing Gen 30:28...
Successfully processed and saved output for Gen 30:28 to /Users/joshua/work/strong_number_embedding/sn_within_unv_selfgroup_segmentation/output/Gen/30/28
Processing complete.
Processing Gen 30:29...
Successfully processed and saved output for Gen 30:29 to /Users/joshua/work/strong_number_embedding/sn_within_unv_selfgroup_segmentation/output/Gen/30/29
Processing complete.
Processing Gen 30:30...
Successfully processed and saved output for Gen 30:30 to /Users/joshua/work/strong_number_embedding/sn_within_unv_selfgroup_segmentation/output/Gen/30/30
Processing complete.
Processing Gen 30:31...
Successfully processed and saved output for Gen 30:31 to /Users/joshua/work/strong_number_embedding/sn_within_unv_selfgroup_segmentation/output/Gen/30/31
Processing complete.
Processing Gen 30:32...
Successfully processed and saved output for Gen 30:32 to /Users/joshua/work/strong_number_embedding/sn_within_unv_selfgroup_segmentation/output/Gen/30/32
Processing complete.
Processing Gen 30:33...
Successfully processed and saved output for Gen 30:33 to /Users/joshua/work/strong_number_embedding/sn_within_unv_selfgroup_segmentation/output/Gen/30/33
Processing complete.
Processing Gen 30:34...
Successfully processed and saved output for Gen 30:34 to /Users/joshua/work/strong_number_embedding/sn_within_unv_selfgroup_segmentation/output/Gen/30/34
Processing complete.
Processing Gen 30:35...
Successfully processed and saved output for Gen 30:35 to /Users/joshua/work/strong_number_embedding/sn_within_unv_selfgroup_segmentation/output/Gen/30/35
Processing complete.
Processing Gen 30:36...
Successfully processed and saved output for Gen 30:36 to /Users/joshua/work/strong_number_embedding/sn_within_unv_selfgroup_segmentation/output/Gen/30/36
Processing complete.
Processing Gen 30:37...
Successfully processed and saved output for Gen 30:37 to /Users/joshua/work/strong_number_embedding/sn_within_unv_selfgroup_segmentation/output/Gen/30/37
Processing complete.
Processing Gen 30:38...
Successfully processed and saved output for Gen 30:38 to /Users/joshua/work/strong_number_embedding/sn_within_unv_selfgroup_segmentation/output/Gen/30/38
Processing complete.
Processing Gen 30:39...
Successfully processed and saved output for Gen 30:39 to /Users/joshua/work/strong_number_embedding/sn_within_unv_selfgroup_segmentation/output/Gen/30/39
Processing complete.
Processing Gen 30:40...
Successfully processed and saved output for Gen 30:40 to /Users/joshua/work/strong_number_embedding/sn_within_unv_selfgroup_segmentation/output/Gen/30/40
Processing complete.
Processing Gen 30:41...
Successfully processed and saved output for Gen 30:41 to /Users/joshua/work/strong_number_embedding/sn_within_unv_selfgroup_segmentation/output/Gen/30/41
Processing complete.
Processing Gen 30:42...
Successfully processed and saved output for Gen 30:42 to /Users/joshua/work/strong_number_embedding/sn_within_unv_selfgroup_segmentation/output/Gen/30/42
Processing complete.
Processing Gen 30:43...
Successfully processed and saved output for Gen 30:43 to /Users/joshua/work/strong_number_embedding/sn_within_unv_selfgroup_segmentation/output/Gen/30/43
Processing complete.
  Processing Genesis chapter 31 (55 verses)...
Processing Gen 31:1...
Successfully processed and saved output for Gen 31:1 to /Users/joshua/work/strong_number_embedding/sn_within_unv_selfgroup_segmentation/output/Gen/31/1
Processing complete.
Processing Gen 31:2...
Successfully processed and saved output for Gen 31:2 to /Users/joshua/work/strong_number_embedding/sn_within_unv_selfgroup_segmentation/output/Gen/31/2
Processing complete.
Processing Gen 31:3...
Successfully processed and saved output for Gen 31:3 to /Users/joshua/work/strong_number_embedding/sn_within_unv_selfgroup_segmentation/output/Gen/31/3
Processing complete.
Processing Gen 31:4...
Successfully processed and saved output for Gen 31:4 to /Users/joshua/work/strong_number_embedding/sn_within_unv_selfgroup_segmentation/output/Gen/31/4
Processing complete.
Processing Gen 31:5...
Successfully processed and saved output for Gen 31:5 to /Users/joshua/work/strong_number_embedding/sn_within_unv_selfgroup_segmentation/output/Gen/31/5
Processing complete.
Processing Gen 31:6...
Successfully processed and saved output for Gen 31:6 to /Users/joshua/work/strong_number_embedding/sn_within_unv_selfgroup_segmentation/output/Gen/31/6
Processing complete.
Processing Gen 31:7...
Successfully processed and saved output for Gen 31:7 to /Users/joshua/work/strong_number_embedding/sn_within_unv_selfgroup_segmentation/output/Gen/31/7
Processing complete.
Processing Gen 31:8...
Successfully processed and saved output for Gen 31:8 to /Users/joshua/work/strong_number_embedding/sn_within_unv_selfgroup_segmentation/output/Gen/31/8
Processing complete.
Processing Gen 31:9...
Successfully processed and saved output for Gen 31:9 to /Users/joshua/work/strong_number_embedding/sn_within_unv_selfgroup_segmentation/output/Gen/31/9
Processing complete.
Processing Gen 31:10...
Successfully processed and saved output for Gen 31:10 to /Users/joshua/work/strong_number_embedding/sn_within_unv_selfgroup_segmentation/output/Gen/31/10
Processing complete.
Processing Gen 31:11...
Successfully processed and saved output for Gen 31:11 to /Users/joshua/work/strong_number_embedding/sn_within_unv_selfgroup_segmentation/output/Gen/31/11
Processing complete.
Processing Gen 31:12...
Successfully processed and saved output for Gen 31:12 to /Users/joshua/work/strong_number_embedding/sn_within_unv_selfgroup_segmentation/output/Gen/31/12
Processing complete.
Processing Gen 31:13...
Successfully processed and saved output for Gen 31:13 to /Users/joshua/work/strong_number_embedding/sn_within_unv_selfgroup_segmentation/output/Gen/31/13
Processing complete.
Processing Gen 31:14...
Successfully processed and saved output for Gen 31:14 to /Users/joshua/work/strong_number_embedding/sn_within_unv_selfgroup_segmentation/output/Gen/31/14
Processing complete.
Processing Gen 31:15...
Successfully processed and saved output for Gen 31:15 to /Users/joshua/work/strong_number_embedding/sn_within_unv_selfgroup_segmentation/output/Gen/31/15
Processing complete.
Processing Gen 31:16...
Successfully processed and saved output for Gen 31:16 to /Users/joshua/work/strong_number_embedding/sn_within_unv_selfgroup_segmentation/output/Gen/31/16
Processing complete.
Processing Gen 31:17...
Successfully processed and saved output for Gen 31:17 to /Users/joshua/work/strong_number_embedding/sn_within_unv_selfgroup_segmentation/output/Gen/31/17
Processing complete.
Processing Gen 31:18...
Successfully processed and saved output for Gen 31:18 to /Users/joshua/work/strong_number_embedding/sn_within_unv_selfgroup_segmentation/output/Gen/31/18
Processing complete.
Processing Gen 31:19...
Successfully processed and saved output for Gen 31:19 to /Users/joshua/work/strong_number_embedding/sn_within_unv_selfgroup_segmentation/output/Gen/31/19
Processing complete.
Processing Gen 31:20...
Successfully processed and saved output for Gen 31:20 to /Users/joshua/work/strong_number_embedding/sn_within_unv_selfgroup_segmentation/output/Gen/31/20
Processing complete.
Processing Gen 31:21...
Successfully processed and saved output for Gen 31:21 to /Users/joshua/work/strong_number_embedding/sn_within_unv_selfgroup_segmentation/output/Gen/31/21
Processing complete.
Processing Gen 31:22...
Successfully processed and saved output for Gen 31:22 to /Users/joshua/work/strong_number_embedding/sn_within_unv_selfgroup_segmentation/output/Gen/31/22
Processing complete.
Processing Gen 31:23...
Successfully processed and saved output for Gen 31:23 to /Users/joshua/work/strong_number_embedding/sn_within_unv_selfgroup_segmentation/output/Gen/31/23
Processing complete.
Processing Gen 31:24...
Successfully processed and saved output for Gen 31:24 to /Users/joshua/work/strong_number_embedding/sn_within_unv_selfgroup_segmentation/output/Gen/31/24
Processing complete.
Processing Gen 31:25...
Successfully processed and saved output for Gen 31:25 to /Users/joshua/work/strong_number_embedding/sn_within_unv_selfgroup_segmentation/output/Gen/31/25
Processing complete.
Processing Gen 31:26...
Successfully processed and saved output for Gen 31:26 to /Users/joshua/work/strong_number_embedding/sn_within_unv_selfgroup_segmentation/output/Gen/31/26
Processing complete.
Processing Gen 31:27...
Successfully processed and saved output for Gen 31:27 to /Users/joshua/work/strong_number_embedding/sn_within_unv_selfgroup_segmentation/output/Gen/31/27
Processing complete.
Processing Gen 31:28...
Successfully processed and saved output for Gen 31:28 to /Users/joshua/work/strong_number_embedding/sn_within_unv_selfgroup_segmentation/output/Gen/31/28
Processing complete.
Processing Gen 31:29...
Successfully processed and saved output for Gen 31:29 to /Users/joshua/work/strong_number_embedding/sn_within_unv_selfgroup_segmentation/output/Gen/31/29
Processing complete.
Processing Gen 31:30...
Successfully processed and saved output for Gen 31:30 to /Users/joshua/work/strong_number_embedding/sn_within_unv_selfgroup_segmentation/output/Gen/31/30
Processing complete.
Processing Gen 31:31...
Successfully processed and saved output for Gen 31:31 to /Users/joshua/work/strong_number_embedding/sn_within_unv_selfgroup_segmentation/output/Gen/31/31
Processing complete.
Processing Gen 31:32...
Successfully processed and saved output for Gen 31:32 to /Users/joshua/work/strong_number_embedding/sn_within_unv_selfgroup_segmentation/output/Gen/31/32
Processing complete.
Processing Gen 31:33...
Successfully processed and saved output for Gen 31:33 to /Users/joshua/work/strong_number_embedding/sn_within_unv_selfgroup_segmentation/output/Gen/31/33
Processing complete.
Processing Gen 31:34...
Successfully processed and saved output for Gen 31:34 to /Users/joshua/work/strong_number_embedding/sn_within_unv_selfgroup_segmentation/output/Gen/31/34
Processing complete.
Processing Gen 31:35...
Successfully processed and saved output for Gen 31:35 to /Users/joshua/work/strong_number_embedding/sn_within_unv_selfgroup_segmentation/output/Gen/31/35
Processing complete.
Processing Gen 31:36...
Successfully processed and saved output for Gen 31:36 to /Users/joshua/work/strong_number_embedding/sn_within_unv_selfgroup_segmentation/output/Gen/31/36
Processing complete.
Processing Gen 31:37...
Successfully processed and saved output for Gen 31:37 to /Users/joshua/work/strong_number_embedding/sn_within_unv_selfgroup_segmentation/output/Gen/31/37
Processing complete.
Processing Gen 31:38...
Successfully processed and saved output for Gen 31:38 to /Users/joshua/work/strong_number_embedding/sn_within_unv_selfgroup_segmentation/output/Gen/31/38
Processing complete.
Processing Gen 31:39...
Successfully processed and saved output for Gen 31:39 to /Users/joshua/work/strong_number_embedding/sn_within_unv_selfgroup_segmentation/output/Gen/31/39
Processing complete.
Processing Gen 31:40...
Successfully processed and saved output for Gen 31:40 to /Users/joshua/work/strong_number_embedding/sn_within_unv_selfgroup_segmentation/output/Gen/31/40
Processing complete.
Processing Gen 31:41...
Successfully processed and saved output for Gen 31:41 to /Users/joshua/work/strong_number_embedding/sn_within_unv_selfgroup_segmentation/output/Gen/31/41
Processing complete.
Processing Gen 31:42...
Successfully processed and saved output for Gen 31:42 to /Users/joshua/work/strong_number_embedding/sn_within_unv_selfgroup_segmentation/output/Gen/31/42
Processing complete.
Processing Gen 31:43...
Successfully processed and saved output for Gen 31:43 to /Users/joshua/work/strong_number_embedding/sn_within_unv_selfgroup_segmentation/output/Gen/31/43
Processing complete.
Processing Gen 31:44...
Successfully processed and saved output for Gen 31:44 to /Users/joshua/work/strong_number_embedding/sn_within_unv_selfgroup_segmentation/output/Gen/31/44
Processing complete.
Processing Gen 31:45...
Successfully processed and saved output for Gen 31:45 to /Users/joshua/work/strong_number_embedding/sn_within_unv_selfgroup_segmentation/output/Gen/31/45
Processing complete.
Processing Gen 31:46...
Successfully processed and saved output for Gen 31:46 to /Users/joshua/work/strong_number_embedding/sn_within_unv_selfgroup_segmentation/output/Gen/31/46
Processing complete.
Processing Gen 31:47...
Successfully processed and saved output for Gen 31:47 to /Users/joshua/work/strong_number_embedding/sn_within_unv_selfgroup_segmentation/output/Gen/31/47
Processing complete.
Processing Gen 31:48...
Successfully processed and saved output for Gen 31:48 to /Users/joshua/work/strong_number_embedding/sn_within_unv_selfgroup_segmentation/output/Gen/31/48
Processing complete.
Processing Gen 31:49...
Successfully processed and saved output for Gen 31:49 to /Users/joshua/work/strong_number_embedding/sn_within_unv_selfgroup_segmentation/output/Gen/31/49
Processing complete.
Processing Gen 31:50...
Successfully processed and saved output for Gen 31:50 to /Users/joshua/work/strong_number_embedding/sn_within_unv_selfgroup_segmentation/output/Gen/31/50
Processing complete.
Processing Gen 31:51...
Successfully processed and saved output for Gen 31:51 to /Users/joshua/work/strong_number_embedding/sn_within_unv_selfgroup_segmentation/output/Gen/31/51
Processing complete.
Processing Gen 31:52...
Successfully processed and saved output for Gen 31:52 to /Users/joshua/work/strong_number_embedding/sn_within_unv_selfgroup_segmentation/output/Gen/31/52
Processing complete.
Processing Gen 31:53...
Successfully processed and saved output for Gen 31:53 to /Users/joshua/work/strong_number_embedding/sn_within_unv_selfgroup_segmentation/output/Gen/31/53
Processing complete.
Processing Gen 31:54...
Successfully processed and saved output for Gen 31:54 to /Users/joshua/work/strong_number_embedding/sn_within_unv_selfgroup_segmentation/output/Gen/31/54
Processing complete.
Processing Gen 31:55...
Successfully processed and saved output for Gen 31:55 to /Users/joshua/work/strong_number_embedding/sn_within_unv_selfgroup_segmentation/output/Gen/31/55
Processing complete.
  Processing Genesis chapter 32 (32 verses)...
Processing Gen 32:1...
Successfully processed and saved output for Gen 32:1 to /Users/joshua/work/strong_number_embedding/sn_within_unv_selfgroup_segmentation/output/Gen/32/1
Processing complete.
Processing Gen 32:2...
Successfully processed and saved output for Gen 32:2 to /Users/joshua/work/strong_number_embedding/sn_within_unv_selfgroup_segmentation/output/Gen/32/2
Processing complete.
Processing Gen 32:3...
Successfully processed and saved output for Gen 32:3 to /Users/joshua/work/strong_number_embedding/sn_within_unv_selfgroup_segmentation/output/Gen/32/3
Processing complete.
Processing Gen 32:4...
Successfully processed and saved output for Gen 32:4 to /Users/joshua/work/strong_number_embedding/sn_within_unv_selfgroup_segmentation/output/Gen/32/4
Processing complete.
Processing Gen 32:5...
Successfully processed and saved output for Gen 32:5 to /Users/joshua/work/strong_number_embedding/sn_within_unv_selfgroup_segmentation/output/Gen/32/5
Processing complete.
Processing Gen 32:6...
Successfully processed and saved output for Gen 32:6 to /Users/joshua/work/strong_number_embedding/sn_within_unv_selfgroup_segmentation/output/Gen/32/6
Processing complete.
Processing Gen 32:7...
Successfully processed and saved output for Gen 32:7 to /Users/joshua/work/strong_number_embedding/sn_within_unv_selfgroup_segmentation/output/Gen/32/7
Processing complete.
Processing Gen 32:8...
Successfully processed and saved output for Gen 32:8 to /Users/joshua/work/strong_number_embedding/sn_within_unv_selfgroup_segmentation/output/Gen/32/8
Processing complete.
Processing Gen 32:9...
Successfully processed and saved output for Gen 32:9 to /Users/joshua/work/strong_number_embedding/sn_within_unv_selfgroup_segmentation/output/Gen/32/9
Processing complete.
Processing Gen 32:10...
Successfully processed and saved output for Gen 32:10 to /Users/joshua/work/strong_number_embedding/sn_within_unv_selfgroup_segmentation/output/Gen/32/10
Processing complete.
Processing Gen 32:11...
Successfully processed and saved output for Gen 32:11 to /Users/joshua/work/strong_number_embedding/sn_within_unv_selfgroup_segmentation/output/Gen/32/11
Processing complete.
Processing Gen 32:12...
Successfully processed and saved output for Gen 32:12 to /Users/joshua/work/strong_number_embedding/sn_within_unv_selfgroup_segmentation/output/Gen/32/12
Processing complete.
Processing Gen 32:13...
Successfully processed and saved output for Gen 32:13 to /Users/joshua/work/strong_number_embedding/sn_within_unv_selfgroup_segmentation/output/Gen/32/13
Processing complete.
Processing Gen 32:14...
Successfully processed and saved output for Gen 32:14 to /Users/joshua/work/strong_number_embedding/sn_within_unv_selfgroup_segmentation/output/Gen/32/14
Processing complete.
Processing Gen 32:15...
Successfully processed and saved output for Gen 32:15 to /Users/joshua/work/strong_number_embedding/sn_within_unv_selfgroup_segmentation/output/Gen/32/15
Processing complete.
Processing Gen 32:16...
Successfully processed and saved output for Gen 32:16 to /Users/joshua/work/strong_number_embedding/sn_within_unv_selfgroup_segmentation/output/Gen/32/16
Processing complete.
Processing Gen 32:17...
Successfully processed and saved output for Gen 32:17 to /Users/joshua/work/strong_number_embedding/sn_within_unv_selfgroup_segmentation/output/Gen/32/17
Processing complete.
Processing Gen 32:18...
Successfully processed and saved output for Gen 32:18 to /Users/joshua/work/strong_number_embedding/sn_within_unv_selfgroup_segmentation/output/Gen/32/18
Processing complete.
Processing Gen 32:19...
Successfully processed and saved output for Gen 32:19 to /Users/joshua/work/strong_number_embedding/sn_within_unv_selfgroup_segmentation/output/Gen/32/19
Processing complete.
Processing Gen 32:20...
Successfully processed and saved output for Gen 32:20 to /Users/joshua/work/strong_number_embedding/sn_within_unv_selfgroup_segmentation/output/Gen/32/20
Processing complete.
Processing Gen 32:21...
Successfully processed and saved output for Gen 32:21 to /Users/joshua/work/strong_number_embedding/sn_within_unv_selfgroup_segmentation/output/Gen/32/21
Processing complete.
Processing Gen 32:22...
Successfully processed and saved output for Gen 32:22 to /Users/joshua/work/strong_number_embedding/sn_within_unv_selfgroup_segmentation/output/Gen/32/22
Processing complete.
Processing Gen 32:23...
Successfully processed and saved output for Gen 32:23 to /Users/joshua/work/strong_number_embedding/sn_within_unv_selfgroup_segmentation/output/Gen/32/23
Processing complete.
Processing Gen 32:24...
Successfully processed and saved output for Gen 32:24 to /Users/joshua/work/strong_number_embedding/sn_within_unv_selfgroup_segmentation/output/Gen/32/24
Processing complete.
Processing Gen 32:25...
Successfully processed and saved output for Gen 32:25 to /Users/joshua/work/strong_number_embedding/sn_within_unv_selfgroup_segmentation/output/Gen/32/25
Processing complete.
Processing Gen 32:26...
Successfully processed and saved output for Gen 32:26 to /Users/joshua/work/strong_number_embedding/sn_within_unv_selfgroup_segmentation/output/Gen/32/26
Processing complete.
Processing Gen 32:27...
Successfully processed and saved output for Gen 32:27 to /Users/joshua/work/strong_number_embedding/sn_within_unv_selfgroup_segmentation/output/Gen/32/27
Processing complete.
Processing Gen 32:28...
Successfully processed and saved output for Gen 32:28 to /Users/joshua/work/strong_number_embedding/sn_within_unv_selfgroup_segmentation/output/Gen/32/28
Processing complete.
Processing Gen 32:29...
Successfully processed and saved output for Gen 32:29 to /Users/joshua/work/strong_number_embedding/sn_within_unv_selfgroup_segmentation/output/Gen/32/29
Processing complete.
Processing Gen 32:30...
Successfully processed and saved output for Gen 32:30 to /Users/joshua/work/strong_number_embedding/sn_within_unv_selfgroup_segmentation/output/Gen/32/30
Processing complete.
Processing Gen 32:31...
Successfully processed and saved output for Gen 32:31 to /Users/joshua/work/strong_number_embedding/sn_within_unv_selfgroup_segmentation/output/Gen/32/31
Processing complete.
Processing Gen 32:32...
Successfully processed and saved output for Gen 32:32 to /Users/joshua/work/strong_number_embedding/sn_within_unv_selfgroup_segmentation/output/Gen/32/32
Processing complete.
  Processing Genesis chapter 33 (20 verses)...
Processing Gen 33:1...
Successfully processed and saved output for Gen 33:1 to /Users/joshua/work/strong_number_embedding/sn_within_unv_selfgroup_segmentation/output/Gen/33/1
Processing complete.
Processing Gen 33:2...
Successfully processed and saved output for Gen 33:2 to /Users/joshua/work/strong_number_embedding/sn_within_unv_selfgroup_segmentation/output/Gen/33/2
Processing complete.
Processing Gen 33:3...
Successfully processed and saved output for Gen 33:3 to /Users/joshua/work/strong_number_embedding/sn_within_unv_selfgroup_segmentation/output/Gen/33/3
Processing complete.
Processing Gen 33:4...
Successfully processed and saved output for Gen 33:4 to /Users/joshua/work/strong_number_embedding/sn_within_unv_selfgroup_segmentation/output/Gen/33/4
Processing complete.
Processing Gen 33:5...
Successfully processed and saved output for Gen 33:5 to /Users/joshua/work/strong_number_embedding/sn_within_unv_selfgroup_segmentation/output/Gen/33/5
Processing complete.
Processing Gen 33:6...
Successfully processed and saved output for Gen 33:6 to /Users/joshua/work/strong_number_embedding/sn_within_unv_selfgroup_segmentation/output/Gen/33/6
Processing complete.
Processing Gen 33:7...
Successfully processed and saved output for Gen 33:7 to /Users/joshua/work/strong_number_embedding/sn_within_unv_selfgroup_segmentation/output/Gen/33/7
Processing complete.
Processing Gen 33:8...
Successfully processed and saved output for Gen 33:8 to /Users/joshua/work/strong_number_embedding/sn_within_unv_selfgroup_segmentation/output/Gen/33/8
Processing complete.
Processing Gen 33:9...
Successfully processed and saved output for Gen 33:9 to /Users/joshua/work/strong_number_embedding/sn_within_unv_selfgroup_segmentation/output/Gen/33/9
Processing complete.
Processing Gen 33:10...
Successfully processed and saved output for Gen 33:10 to /Users/joshua/work/strong_number_embedding/sn_within_unv_selfgroup_segmentation/output/Gen/33/10
Processing complete.
Processing Gen 33:11...
Successfully processed and saved output for Gen 33:11 to /Users/joshua/work/strong_number_embedding/sn_within_unv_selfgroup_segmentation/output/Gen/33/11
Processing complete.
Processing Gen 33:12...
Successfully processed and saved output for Gen 33:12 to /Users/joshua/work/strong_number_embedding/sn_within_unv_selfgroup_segmentation/output/Gen/33/12
Processing complete.
Processing Gen 33:13...
Successfully processed and saved output for Gen 33:13 to /Users/joshua/work/strong_number_embedding/sn_within_unv_selfgroup_segmentation/output/Gen/33/13
Processing complete.
Processing Gen 33:14...
Successfully processed and saved output for Gen 33:14 to /Users/joshua/work/strong_number_embedding/sn_within_unv_selfgroup_segmentation/output/Gen/33/14
Processing complete.
Processing Gen 33:15...
Successfully processed and saved output for Gen 33:15 to /Users/joshua/work/strong_number_embedding/sn_within_unv_selfgroup_segmentation/output/Gen/33/15
Processing complete.
Processing Gen 33:16...
Successfully processed and saved output for Gen 33:16 to /Users/joshua/work/strong_number_embedding/sn_within_unv_selfgroup_segmentation/output/Gen/33/16
Processing complete.
Processing Gen 33:17...
Successfully processed and saved output for Gen 33:17 to /Users/joshua/work/strong_number_embedding/sn_within_unv_selfgroup_segmentation/output/Gen/33/17
Processing complete.
Processing Gen 33:18...
Successfully processed and saved output for Gen 33:18 to /Users/joshua/work/strong_number_embedding/sn_within_unv_selfgroup_segmentation/output/Gen/33/18
Processing complete.
Processing Gen 33:19...
Successfully processed and saved output for Gen 33:19 to /Users/joshua/work/strong_number_embedding/sn_within_unv_selfgroup_segmentation/output/Gen/33/19
Processing complete.
Processing Gen 33:20...
Successfully processed and saved output for Gen 33:20 to /Users/joshua/work/strong_number_embedding/sn_within_unv_selfgroup_segmentation/output/Gen/33/20
Processing complete.
  Processing Genesis chapter 34 (31 verses)...
Processing Gen 34:1...
Successfully processed and saved output for Gen 34:1 to /Users/joshua/work/strong_number_embedding/sn_within_unv_selfgroup_segmentation/output/Gen/34/1
Processing complete.
Processing Gen 34:2...
Successfully processed and saved output for Gen 34:2 to /Users/joshua/work/strong_number_embedding/sn_within_unv_selfgroup_segmentation/output/Gen/34/2
Processing complete.
Processing Gen 34:3...
Successfully processed and saved output for Gen 34:3 to /Users/joshua/work/strong_number_embedding/sn_within_unv_selfgroup_segmentation/output/Gen/34/3
Processing complete.
Processing Gen 34:4...
Successfully processed and saved output for Gen 34:4 to /Users/joshua/work/strong_number_embedding/sn_within_unv_selfgroup_segmentation/output/Gen/34/4
Processing complete.
Processing Gen 34:5...
Successfully processed and saved output for Gen 34:5 to /Users/joshua/work/strong_number_embedding/sn_within_unv_selfgroup_segmentation/output/Gen/34/5
Processing complete.
Processing Gen 34:6...
Successfully processed and saved output for Gen 34:6 to /Users/joshua/work/strong_number_embedding/sn_within_unv_selfgroup_segmentation/output/Gen/34/6
Processing complete.
Processing Gen 34:7...
Successfully processed and saved output for Gen 34:7 to /Users/joshua/work/strong_number_embedding/sn_within_unv_selfgroup_segmentation/output/Gen/34/7
Processing complete.
Processing Gen 34:8...
Successfully processed and saved output for Gen 34:8 to /Users/joshua/work/strong_number_embedding/sn_within_unv_selfgroup_segmentation/output/Gen/34/8
Processing complete.
Processing Gen 34:9...
Successfully processed and saved output for Gen 34:9 to /Users/joshua/work/strong_number_embedding/sn_within_unv_selfgroup_segmentation/output/Gen/34/9
Processing complete.
Processing Gen 34:10...
Successfully processed and saved output for Gen 34:10 to /Users/joshua/work/strong_number_embedding/sn_within_unv_selfgroup_segmentation/output/Gen/34/10
Processing complete.
Processing Gen 34:11...
Successfully processed and saved output for Gen 34:11 to /Users/joshua/work/strong_number_embedding/sn_within_unv_selfgroup_segmentation/output/Gen/34/11
Processing complete.
Processing Gen 34:12...
Successfully processed and saved output for Gen 34:12 to /Users/joshua/work/strong_number_embedding/sn_within_unv_selfgroup_segmentation/output/Gen/34/12
Processing complete.
Processing Gen 34:13...
Successfully processed and saved output for Gen 34:13 to /Users/joshua/work/strong_number_embedding/sn_within_unv_selfgroup_segmentation/output/Gen/34/13
Processing complete.
Processing Gen 34:14...
Successfully processed and saved output for Gen 34:14 to /Users/joshua/work/strong_number_embedding/sn_within_unv_selfgroup_segmentation/output/Gen/34/14
Processing complete.
Processing Gen 34:15...
Successfully processed and saved output for Gen 34:15 to /Users/joshua/work/strong_number_embedding/sn_within_unv_selfgroup_segmentation/output/Gen/34/15
Processing complete.
Processing Gen 34:16...
Successfully processed and saved output for Gen 34:16 to /Users/joshua/work/strong_number_embedding/sn_within_unv_selfgroup_segmentation/output/Gen/34/16
Processing complete.
Processing Gen 34:17...
Successfully processed and saved output for Gen 34:17 to /Users/joshua/work/strong_number_embedding/sn_within_unv_selfgroup_segmentation/output/Gen/34/17
Processing complete.
Processing Gen 34:18...
Successfully processed and saved output for Gen 34:18 to /Users/joshua/work/strong_number_embedding/sn_within_unv_selfgroup_segmentation/output/Gen/34/18
Processing complete.
Processing Gen 34:19...
Successfully processed and saved output for Gen 34:19 to /Users/joshua/work/strong_number_embedding/sn_within_unv_selfgroup_segmentation/output/Gen/34/19
Processing complete.
Processing Gen 34:20...
Successfully processed and saved output for Gen 34:20 to /Users/joshua/work/strong_number_embedding/sn_within_unv_selfgroup_segmentation/output/Gen/34/20
Processing complete.
Processing Gen 34:21...
Successfully processed and saved output for Gen 34:21 to /Users/joshua/work/strong_number_embedding/sn_within_unv_selfgroup_segmentation/output/Gen/34/21
Processing complete.
Processing Gen 34:22...
Successfully processed and saved output for Gen 34:22 to /Users/joshua/work/strong_number_embedding/sn_within_unv_selfgroup_segmentation/output/Gen/34/22
Processing complete.
Processing Gen 34:23...
Successfully processed and saved output for Gen 34:23 to /Users/joshua/work/strong_number_embedding/sn_within_unv_selfgroup_segmentation/output/Gen/34/23
Processing complete.
Processing Gen 34:24...
Successfully processed and saved output for Gen 34:24 to /Users/joshua/work/strong_number_embedding/sn_within_unv_selfgroup_segmentation/output/Gen/34/24
Processing complete.
Processing Gen 34:25...
Successfully processed and saved output for Gen 34:25 to /Users/joshua/work/strong_number_embedding/sn_within_unv_selfgroup_segmentation/output/Gen/34/25
Processing complete.
Processing Gen 34:26...
Successfully processed and saved output for Gen 34:26 to /Users/joshua/work/strong_number_embedding/sn_within_unv_selfgroup_segmentation/output/Gen/34/26
Processing complete.
Processing Gen 34:27...
Successfully processed and saved output for Gen 34:27 to /Users/joshua/work/strong_number_embedding/sn_within_unv_selfgroup_segmentation/output/Gen/34/27
Processing complete.
Processing Gen 34:28...
Successfully processed and saved output for Gen 34:28 to /Users/joshua/work/strong_number_embedding/sn_within_unv_selfgroup_segmentation/output/Gen/34/28
Processing complete.
Processing Gen 34:29...
Successfully processed and saved output for Gen 34:29 to /Users/joshua/work/strong_number_embedding/sn_within_unv_selfgroup_segmentation/output/Gen/34/29
Processing complete.
Processing Gen 34:30...
Successfully processed and saved output for Gen 34:30 to /Users/joshua/work/strong_number_embedding/sn_within_unv_selfgroup_segmentation/output/Gen/34/30
Processing complete.
Processing Gen 34:31...
Successfully processed and saved output for Gen 34:31 to /Users/joshua/work/strong_number_embedding/sn_within_unv_selfgroup_segmentation/output/Gen/34/31
Processing complete.
  Processing Genesis chapter 35 (29 verses)...
Processing Gen 35:1...
Successfully processed and saved output for Gen 35:1 to /Users/joshua/work/strong_number_embedding/sn_within_unv_selfgroup_segmentation/output/Gen/35/1
Processing complete.
Processing Gen 35:2...
Successfully processed and saved output for Gen 35:2 to /Users/joshua/work/strong_number_embedding/sn_within_unv_selfgroup_segmentation/output/Gen/35/2
Processing complete.
Processing Gen 35:3...
Successfully processed and saved output for Gen 35:3 to /Users/joshua/work/strong_number_embedding/sn_within_unv_selfgroup_segmentation/output/Gen/35/3
Processing complete.
Processing Gen 35:4...
Successfully processed and saved output for Gen 35:4 to /Users/joshua/work/strong_number_embedding/sn_within_unv_selfgroup_segmentation/output/Gen/35/4
Processing complete.
Processing Gen 35:5...
Successfully processed and saved output for Gen 35:5 to /Users/joshua/work/strong_number_embedding/sn_within_unv_selfgroup_segmentation/output/Gen/35/5
Processing complete.
Processing Gen 35:6...
Successfully processed and saved output for Gen 35:6 to /Users/joshua/work/strong_number_embedding/sn_within_unv_selfgroup_segmentation/output/Gen/35/6
Processing complete.
Processing Gen 35:7...
Successfully processed and saved output for Gen 35:7 to /Users/joshua/work/strong_number_embedding/sn_within_unv_selfgroup_segmentation/output/Gen/35/7
Processing complete.
Processing Gen 35:8...
Successfully processed and saved output for Gen 35:8 to /Users/joshua/work/strong_number_embedding/sn_within_unv_selfgroup_segmentation/output/Gen/35/8
Processing complete.
Processing Gen 35:9...
Successfully processed and saved output for Gen 35:9 to /Users/joshua/work/strong_number_embedding/sn_within_unv_selfgroup_segmentation/output/Gen/35/9
Processing complete.
Processing Gen 35:10...
Successfully processed and saved output for Gen 35:10 to /Users/joshua/work/strong_number_embedding/sn_within_unv_selfgroup_segmentation/output/Gen/35/10
Processing complete.
Processing Gen 35:11...
Successfully processed and saved output for Gen 35:11 to /Users/joshua/work/strong_number_embedding/sn_within_unv_selfgroup_segmentation/output/Gen/35/11
Processing complete.
Processing Gen 35:12...
Successfully processed and saved output for Gen 35:12 to /Users/joshua/work/strong_number_embedding/sn_within_unv_selfgroup_segmentation/output/Gen/35/12
Processing complete.
Processing Gen 35:13...
Successfully processed and saved output for Gen 35:13 to /Users/joshua/work/strong_number_embedding/sn_within_unv_selfgroup_segmentation/output/Gen/35/13
Processing complete.
Processing Gen 35:14...
Successfully processed and saved output for Gen 35:14 to /Users/joshua/work/strong_number_embedding/sn_within_unv_selfgroup_segmentation/output/Gen/35/14
Processing complete.
Processing Gen 35:15...
Successfully processed and saved output for Gen 35:15 to /Users/joshua/work/strong_number_embedding/sn_within_unv_selfgroup_segmentation/output/Gen/35/15
Processing complete.
Processing Gen 35:16...
Successfully processed and saved output for Gen 35:16 to /Users/joshua/work/strong_number_embedding/sn_within_unv_selfgroup_segmentation/output/Gen/35/16
Processing complete.
Processing Gen 35:17...
Successfully processed and saved output for Gen 35:17 to /Users/joshua/work/strong_number_embedding/sn_within_unv_selfgroup_segmentation/output/Gen/35/17
Processing complete.
Processing Gen 35:18...
Successfully processed and saved output for Gen 35:18 to /Users/joshua/work/strong_number_embedding/sn_within_unv_selfgroup_segmentation/output/Gen/35/18
Processing complete.
Processing Gen 35:19...
Successfully processed and saved output for Gen 35:19 to /Users/joshua/work/strong_number_embedding/sn_within_unv_selfgroup_segmentation/output/Gen/35/19
Processing complete.
Processing Gen 35:20...
Successfully processed and saved output for Gen 35:20 to /Users/joshua/work/strong_number_embedding/sn_within_unv_selfgroup_segmentation/output/Gen/35/20
Processing complete.
Processing Gen 35:21...
Successfully processed and saved output for Gen 35:21 to /Users/joshua/work/strong_number_embedding/sn_within_unv_selfgroup_segmentation/output/Gen/35/21
Processing complete.
Processing Gen 35:22...
Successfully processed and saved output for Gen 35:22 to /Users/joshua/work/strong_number_embedding/sn_within_unv_selfgroup_segmentation/output/Gen/35/22
Processing complete.
Processing Gen 35:23...
Successfully processed and saved output for Gen 35:23 to /Users/joshua/work/strong_number_embedding/sn_within_unv_selfgroup_segmentation/output/Gen/35/23
Processing complete.
Processing Gen 35:24...
Successfully processed and saved output for Gen 35:24 to /Users/joshua/work/strong_number_embedding/sn_within_unv_selfgroup_segmentation/output/Gen/35/24
Processing complete.
Processing Gen 35:25...
Successfully processed and saved output for Gen 35:25 to /Users/joshua/work/strong_number_embedding/sn_within_unv_selfgroup_segmentation/output/Gen/35/25
Processing complete.
Processing Gen 35:26...
Successfully processed and saved output for Gen 35:26 to /Users/joshua/work/strong_number_embedding/sn_within_unv_selfgroup_segmentation/output/Gen/35/26
Processing complete.
Processing Gen 35:27...
Successfully processed and saved output for Gen 35:27 to /Users/joshua/work/strong_number_embedding/sn_within_unv_selfgroup_segmentation/output/Gen/35/27
Processing complete.
Processing Gen 35:28...
Successfully processed and saved output for Gen 35:28 to /Users/joshua/work/strong_number_embedding/sn_within_unv_selfgroup_segmentation/output/Gen/35/28
Processing complete.
Processing Gen 35:29...
Successfully processed and saved output for Gen 35:29 to /Users/joshua/work/strong_number_embedding/sn_within_unv_selfgroup_segmentation/output/Gen/35/29
Processing complete.
  Processing Genesis chapter 36 (43 verses)...
Processing Gen 36:1...
Successfully processed and saved output for Gen 36:1 to /Users/joshua/work/strong_number_embedding/sn_within_unv_selfgroup_segmentation/output/Gen/36/1
Processing complete.
Processing Gen 36:2...
Successfully processed and saved output for Gen 36:2 to /Users/joshua/work/strong_number_embedding/sn_within_unv_selfgroup_segmentation/output/Gen/36/2
Processing complete.
Processing Gen 36:3...
Successfully processed and saved output for Gen 36:3 to /Users/joshua/work/strong_number_embedding/sn_within_unv_selfgroup_segmentation/output/Gen/36/3
Processing complete.
Processing Gen 36:4...
Successfully processed and saved output for Gen 36:4 to /Users/joshua/work/strong_number_embedding/sn_within_unv_selfgroup_segmentation/output/Gen/36/4
Processing complete.
Processing Gen 36:5...
Successfully processed and saved output for Gen 36:5 to /Users/joshua/work/strong_number_embedding/sn_within_unv_selfgroup_segmentation/output/Gen/36/5
Processing complete.
Processing Gen 36:6...
Successfully processed and saved output for Gen 36:6 to /Users/joshua/work/strong_number_embedding/sn_within_unv_selfgroup_segmentation/output/Gen/36/6
Processing complete.
Processing Gen 36:7...
Successfully processed and saved output for Gen 36:7 to /Users/joshua/work/strong_number_embedding/sn_within_unv_selfgroup_segmentation/output/Gen/36/7
Processing complete.
Processing Gen 36:8...
Successfully processed and saved output for Gen 36:8 to /Users/joshua/work/strong_number_embedding/sn_within_unv_selfgroup_segmentation/output/Gen/36/8
Processing complete.
Processing Gen 36:9...
Successfully processed and saved output for Gen 36:9 to /Users/joshua/work/strong_number_embedding/sn_within_unv_selfgroup_segmentation/output/Gen/36/9
Processing complete.
Processing Gen 36:10...
Successfully processed and saved output for Gen 36:10 to /Users/joshua/work/strong_number_embedding/sn_within_unv_selfgroup_segmentation/output/Gen/36/10
Processing complete.
Processing Gen 36:11...
Successfully processed and saved output for Gen 36:11 to /Users/joshua/work/strong_number_embedding/sn_within_unv_selfgroup_segmentation/output/Gen/36/11
Processing complete.
Processing Gen 36:12...
Successfully processed and saved output for Gen 36:12 to /Users/joshua/work/strong_number_embedding/sn_within_unv_selfgroup_segmentation/output/Gen/36/12
Processing complete.
Processing Gen 36:13...
Successfully processed and saved output for Gen 36:13 to /Users/joshua/work/strong_number_embedding/sn_within_unv_selfgroup_segmentation/output/Gen/36/13
Processing complete.
Processing Gen 36:14...
Successfully processed and saved output for Gen 36:14 to /Users/joshua/work/strong_number_embedding/sn_within_unv_selfgroup_segmentation/output/Gen/36/14
Processing complete.
Processing Gen 36:15...
Successfully processed and saved output for Gen 36:15 to /Users/joshua/work/strong_number_embedding/sn_within_unv_selfgroup_segmentation/output/Gen/36/15
Processing complete.
Processing Gen 36:16...
Successfully processed and saved output for Gen 36:16 to /Users/joshua/work/strong_number_embedding/sn_within_unv_selfgroup_segmentation/output/Gen/36/16
Processing complete.
Processing Gen 36:17...
Successfully processed and saved output for Gen 36:17 to /Users/joshua/work/strong_number_embedding/sn_within_unv_selfgroup_segmentation/output/Gen/36/17
Processing complete.
Processing Gen 36:18...
Successfully processed and saved output for Gen 36:18 to /Users/joshua/work/strong_number_embedding/sn_within_unv_selfgroup_segmentation/output/Gen/36/18
Processing complete.
Processing Gen 36:19...
Successfully processed and saved output for Gen 36:19 to /Users/joshua/work/strong_number_embedding/sn_within_unv_selfgroup_segmentation/output/Gen/36/19
Processing complete.
Processing Gen 36:20...
Successfully processed and saved output for Gen 36:20 to /Users/joshua/work/strong_number_embedding/sn_within_unv_selfgroup_segmentation/output/Gen/36/20
Processing complete.
Processing Gen 36:21...
Successfully processed and saved output for Gen 36:21 to /Users/joshua/work/strong_number_embedding/sn_within_unv_selfgroup_segmentation/output/Gen/36/21
Processing complete.
Processing Gen 36:22...
Successfully processed and saved output for Gen 36:22 to /Users/joshua/work/strong_number_embedding/sn_within_unv_selfgroup_segmentation/output/Gen/36/22
Processing complete.
Processing Gen 36:23...
Successfully processed and saved output for Gen 36:23 to /Users/joshua/work/strong_number_embedding/sn_within_unv_selfgroup_segmentation/output/Gen/36/23
Processing complete.
Processing Gen 36:24...
Successfully processed and saved output for Gen 36:24 to /Users/joshua/work/strong_number_embedding/sn_within_unv_selfgroup_segmentation/output/Gen/36/24
Processing complete.
Processing Gen 36:25...
Successfully processed and saved output for Gen 36:25 to /Users/joshua/work/strong_number_embedding/sn_within_unv_selfgroup_segmentation/output/Gen/36/25
Processing complete.
Processing Gen 36:26...
Successfully processed and saved output for Gen 36:26 to /Users/joshua/work/strong_number_embedding/sn_within_unv_selfgroup_segmentation/output/Gen/36/26
Processing complete.
Processing Gen 36:27...
Successfully processed and saved output for Gen 36:27 to /Users/joshua/work/strong_number_embedding/sn_within_unv_selfgroup_segmentation/output/Gen/36/27
Processing complete.
Processing Gen 36:28...
Successfully processed and saved output for Gen 36:28 to /Users/joshua/work/strong_number_embedding/sn_within_unv_selfgroup_segmentation/output/Gen/36/28
Processing complete.
Processing Gen 36:29...
Successfully processed and saved output for Gen 36:29 to /Users/joshua/work/strong_number_embedding/sn_within_unv_selfgroup_segmentation/output/Gen/36/29
Processing complete.
Processing Gen 36:30...
Successfully processed and saved output for Gen 36:30 to /Users/joshua/work/strong_number_embedding/sn_within_unv_selfgroup_segmentation/output/Gen/36/30
Processing complete.
Processing Gen 36:31...
Successfully processed and saved output for Gen 36:31 to /Users/joshua/work/strong_number_embedding/sn_within_unv_selfgroup_segmentation/output/Gen/36/31
Processing complete.
Processing Gen 36:32...
Successfully processed and saved output for Gen 36:32 to /Users/joshua/work/strong_number_embedding/sn_within_unv_selfgroup_segmentation/output/Gen/36/32
Processing complete.
Processing Gen 36:33...
Successfully processed and saved output for Gen 36:33 to /Users/joshua/work/strong_number_embedding/sn_within_unv_selfgroup_segmentation/output/Gen/36/33
Processing complete.
Processing Gen 36:34...
Successfully processed and saved output for Gen 36:34 to /Users/joshua/work/strong_number_embedding/sn_within_unv_selfgroup_segmentation/output/Gen/36/34
Processing complete.
Processing Gen 36:35...
Successfully processed and saved output for Gen 36:35 to /Users/joshua/work/strong_number_embedding/sn_within_unv_selfgroup_segmentation/output/Gen/36/35
Processing complete.
Processing Gen 36:36...
Successfully processed and saved output for Gen 36:36 to /Users/joshua/work/strong_number_embedding/sn_within_unv_selfgroup_segmentation/output/Gen/36/36
Processing complete.
Processing Gen 36:37...
Successfully processed and saved output for Gen 36:37 to /Users/joshua/work/strong_number_embedding/sn_within_unv_selfgroup_segmentation/output/Gen/36/37
Processing complete.
Processing Gen 36:38...
Successfully processed and saved output for Gen 36:38 to /Users/joshua/work/strong_number_embedding/sn_within_unv_selfgroup_segmentation/output/Gen/36/38
Processing complete.
Processing Gen 36:39...
Successfully processed and saved output for Gen 36:39 to /Users/joshua/work/strong_number_embedding/sn_within_unv_selfgroup_segmentation/output/Gen/36/39
Processing complete.
Processing Gen 36:40...
Successfully processed and saved output for Gen 36:40 to /Users/joshua/work/strong_number_embedding/sn_within_unv_selfgroup_segmentation/output/Gen/36/40
Processing complete.
Processing Gen 36:41...
Successfully processed and saved output for Gen 36:41 to /Users/joshua/work/strong_number_embedding/sn_within_unv_selfgroup_segmentation/output/Gen/36/41
Processing complete.
Processing Gen 36:42...
Successfully processed and saved output for Gen 36:42 to /Users/joshua/work/strong_number_embedding/sn_within_unv_selfgroup_segmentation/output/Gen/36/42
Processing complete.
Processing Gen 36:43...
Successfully processed and saved output for Gen 36:43 to /Users/joshua/work/strong_number_embedding/sn_within_unv_selfgroup_segmentation/output/Gen/36/43
Processing complete.
  Processing Genesis chapter 37 (36 verses)...
Processing Gen 37:1...
Successfully processed and saved output for Gen 37:1 to /Users/joshua/work/strong_number_embedding/sn_within_unv_selfgroup_segmentation/output/Gen/37/1
Processing complete.
Processing Gen 37:2...
Successfully processed and saved output for Gen 37:2 to /Users/joshua/work/strong_number_embedding/sn_within_unv_selfgroup_segmentation/output/Gen/37/2
Processing complete.
Processing Gen 37:3...
Successfully processed and saved output for Gen 37:3 to /Users/joshua/work/strong_number_embedding/sn_within_unv_selfgroup_segmentation/output/Gen/37/3
Processing complete.
Processing Gen 37:4...
Successfully processed and saved output for Gen 37:4 to /Users/joshua/work/strong_number_embedding/sn_within_unv_selfgroup_segmentation/output/Gen/37/4
Processing complete.
Processing Gen 37:5...
Successfully processed and saved output for Gen 37:5 to /Users/joshua/work/strong_number_embedding/sn_within_unv_selfgroup_segmentation/output/Gen/37/5
Processing complete.
Processing Gen 37:6...
Successfully processed and saved output for Gen 37:6 to /Users/joshua/work/strong_number_embedding/sn_within_unv_selfgroup_segmentation/output/Gen/37/6
Processing complete.
Processing Gen 37:7...
Successfully processed and saved output for Gen 37:7 to /Users/joshua/work/strong_number_embedding/sn_within_unv_selfgroup_segmentation/output/Gen/37/7
Processing complete.
Processing Gen 37:8...
Successfully processed and saved output for Gen 37:8 to /Users/joshua/work/strong_number_embedding/sn_within_unv_selfgroup_segmentation/output/Gen/37/8
Processing complete.
Processing Gen 37:9...
Successfully processed and saved output for Gen 37:9 to /Users/joshua/work/strong_number_embedding/sn_within_unv_selfgroup_segmentation/output/Gen/37/9
Processing complete.
Processing Gen 37:10...
Successfully processed and saved output for Gen 37:10 to /Users/joshua/work/strong_number_embedding/sn_within_unv_selfgroup_segmentation/output/Gen/37/10
Processing complete.
Processing Gen 37:11...
Successfully processed and saved output for Gen 37:11 to /Users/joshua/work/strong_number_embedding/sn_within_unv_selfgroup_segmentation/output/Gen/37/11
Processing complete.
Processing Gen 37:12...
Successfully processed and saved output for Gen 37:12 to /Users/joshua/work/strong_number_embedding/sn_within_unv_selfgroup_segmentation/output/Gen/37/12
Processing complete.
Processing Gen 37:13...
Successfully processed and saved output for Gen 37:13 to /Users/joshua/work/strong_number_embedding/sn_within_unv_selfgroup_segmentation/output/Gen/37/13
Processing complete.
Processing Gen 37:14...
Successfully processed and saved output for Gen 37:14 to /Users/joshua/work/strong_number_embedding/sn_within_unv_selfgroup_segmentation/output/Gen/37/14
Processing complete.
Processing Gen 37:15...
Successfully processed and saved output for Gen 37:15 to /Users/joshua/work/strong_number_embedding/sn_within_unv_selfgroup_segmentation/output/Gen/37/15
Processing complete.
Processing Gen 37:16...
Successfully processed and saved output for Gen 37:16 to /Users/joshua/work/strong_number_embedding/sn_within_unv_selfgroup_segmentation/output/Gen/37/16
Processing complete.
Processing Gen 37:17...
Successfully processed and saved output for Gen 37:17 to /Users/joshua/work/strong_number_embedding/sn_within_unv_selfgroup_segmentation/output/Gen/37/17
Processing complete.
Processing Gen 37:18...
Successfully processed and saved output for Gen 37:18 to /Users/joshua/work/strong_number_embedding/sn_within_unv_selfgroup_segmentation/output/Gen/37/18
Processing complete.
Processing Gen 37:19...
Successfully processed and saved output for Gen 37:19 to /Users/joshua/work/strong_number_embedding/sn_within_unv_selfgroup_segmentation/output/Gen/37/19
Processing complete.
Processing Gen 37:20...
Successfully processed and saved output for Gen 37:20 to /Users/joshua/work/strong_number_embedding/sn_within_unv_selfgroup_segmentation/output/Gen/37/20
Processing complete.
Processing Gen 37:21...
Successfully processed and saved output for Gen 37:21 to /Users/joshua/work/strong_number_embedding/sn_within_unv_selfgroup_segmentation/output/Gen/37/21
Processing complete.
Processing Gen 37:22...
Successfully processed and saved output for Gen 37:22 to /Users/joshua/work/strong_number_embedding/sn_within_unv_selfgroup_segmentation/output/Gen/37/22
Processing complete.
Processing Gen 37:23...
Successfully processed and saved output for Gen 37:23 to /Users/joshua/work/strong_number_embedding/sn_within_unv_selfgroup_segmentation/output/Gen/37/23
Processing complete.
Processing Gen 37:24...
Successfully processed and saved output for Gen 37:24 to /Users/joshua/work/strong_number_embedding/sn_within_unv_selfgroup_segmentation/output/Gen/37/24
Processing complete.
Processing Gen 37:25...
Successfully processed and saved output for Gen 37:25 to /Users/joshua/work/strong_number_embedding/sn_within_unv_selfgroup_segmentation/output/Gen/37/25
Processing complete.
Processing Gen 37:26...
Successfully processed and saved output for Gen 37:26 to /Users/joshua/work/strong_number_embedding/sn_within_unv_selfgroup_segmentation/output/Gen/37/26
Processing complete.
Processing Gen 37:27...
Successfully processed and saved output for Gen 37:27 to /Users/joshua/work/strong_number_embedding/sn_within_unv_selfgroup_segmentation/output/Gen/37/27
Processing complete.
Processing Gen 37:28...
Successfully processed and saved output for Gen 37:28 to /Users/joshua/work/strong_number_embedding/sn_within_unv_selfgroup_segmentation/output/Gen/37/28
Processing complete.
Processing Gen 37:29...
Successfully processed and saved output for Gen 37:29 to /Users/joshua/work/strong_number_embedding/sn_within_unv_selfgroup_segmentation/output/Gen/37/29
Processing complete.
Processing Gen 37:30...
Successfully processed and saved output for Gen 37:30 to /Users/joshua/work/strong_number_embedding/sn_within_unv_selfgroup_segmentation/output/Gen/37/30
Processing complete.
Processing Gen 37:31...
Successfully processed and saved output for Gen 37:31 to /Users/joshua/work/strong_number_embedding/sn_within_unv_selfgroup_segmentation/output/Gen/37/31
Processing complete.
Processing Gen 37:32...
Successfully processed and saved output for Gen 37:32 to /Users/joshua/work/strong_number_embedding/sn_within_unv_selfgroup_segmentation/output/Gen/37/32
Processing complete.
Processing Gen 37:33...
Successfully processed and saved output for Gen 37:33 to /Users/joshua/work/strong_number_embedding/sn_within_unv_selfgroup_segmentation/output/Gen/37/33
Processing complete.
Processing Gen 37:34...
Successfully processed and saved output for Gen 37:34 to /Users/joshua/work/strong_number_embedding/sn_within_unv_selfgroup_segmentation/output/Gen/37/34
Processing complete.
Processing Gen 37:35...
Successfully processed and saved output for Gen 37:35 to /Users/joshua/work/strong_number_embedding/sn_within_unv_selfgroup_segmentation/output/Gen/37/35
Processing complete.
Processing Gen 37:36...
Successfully processed and saved output for Gen 37:36 to /Users/joshua/work/strong_number_embedding/sn_within_unv_selfgroup_segmentation/output/Gen/37/36
Processing complete.
  Processing Genesis chapter 38 (30 verses)...
Processing Gen 38:1...
Successfully processed and saved output for Gen 38:1 to /Users/joshua/work/strong_number_embedding/sn_within_unv_selfgroup_segmentation/output/Gen/38/1
Processing complete.
Processing Gen 38:2...
Successfully processed and saved output for Gen 38:2 to /Users/joshua/work/strong_number_embedding/sn_within_unv_selfgroup_segmentation/output/Gen/38/2
Processing complete.
Processing Gen 38:3...
Successfully processed and saved output for Gen 38:3 to /Users/joshua/work/strong_number_embedding/sn_within_unv_selfgroup_segmentation/output/Gen/38/3
Processing complete.
Processing Gen 38:4...
Successfully processed and saved output for Gen 38:4 to /Users/joshua/work/strong_number_embedding/sn_within_unv_selfgroup_segmentation/output/Gen/38/4
Processing complete.
Processing Gen 38:5...
Successfully processed and saved output for Gen 38:5 to /Users/joshua/work/strong_number_embedding/sn_within_unv_selfgroup_segmentation/output/Gen/38/5
Processing complete.
Processing Gen 38:6...
Successfully processed and saved output for Gen 38:6 to /Users/joshua/work/strong_number_embedding/sn_within_unv_selfgroup_segmentation/output/Gen/38/6
Processing complete.
Processing Gen 38:7...
Successfully processed and saved output for Gen 38:7 to /Users/joshua/work/strong_number_embedding/sn_within_unv_selfgroup_segmentation/output/Gen/38/7
Processing complete.
Processing Gen 38:8...
Successfully processed and saved output for Gen 38:8 to /Users/joshua/work/strong_number_embedding/sn_within_unv_selfgroup_segmentation/output/Gen/38/8
Processing complete.
Processing Gen 38:9...
Successfully processed and saved output for Gen 38:9 to /Users/joshua/work/strong_number_embedding/sn_within_unv_selfgroup_segmentation/output/Gen/38/9
Processing complete.
Processing Gen 38:10...
Successfully processed and saved output for Gen 38:10 to /Users/joshua/work/strong_number_embedding/sn_within_unv_selfgroup_segmentation/output/Gen/38/10
Processing complete.
Processing Gen 38:11...
Successfully processed and saved output for Gen 38:11 to /Users/joshua/work/strong_number_embedding/sn_within_unv_selfgroup_segmentation/output/Gen/38/11
Processing complete.
Processing Gen 38:12...
Successfully processed and saved output for Gen 38:12 to /Users/joshua/work/strong_number_embedding/sn_within_unv_selfgroup_segmentation/output/Gen/38/12
Processing complete.
Processing Gen 38:13...
Successfully processed and saved output for Gen 38:13 to /Users/joshua/work/strong_number_embedding/sn_within_unv_selfgroup_segmentation/output/Gen/38/13
Processing complete.
Processing Gen 38:14...
Successfully processed and saved output for Gen 38:14 to /Users/joshua/work/strong_number_embedding/sn_within_unv_selfgroup_segmentation/output/Gen/38/14
Processing complete.
Processing Gen 38:15...
Successfully processed and saved output for Gen 38:15 to /Users/joshua/work/strong_number_embedding/sn_within_unv_selfgroup_segmentation/output/Gen/38/15
Processing complete.
Processing Gen 38:16...
Successfully processed and saved output for Gen 38:16 to /Users/joshua/work/strong_number_embedding/sn_within_unv_selfgroup_segmentation/output/Gen/38/16
Processing complete.
Processing Gen 38:17...
Successfully processed and saved output for Gen 38:17 to /Users/joshua/work/strong_number_embedding/sn_within_unv_selfgroup_segmentation/output/Gen/38/17
Processing complete.
Processing Gen 38:18...
Successfully processed and saved output for Gen 38:18 to /Users/joshua/work/strong_number_embedding/sn_within_unv_selfgroup_segmentation/output/Gen/38/18
Processing complete.
Processing Gen 38:19...
Successfully processed and saved output for Gen 38:19 to /Users/joshua/work/strong_number_embedding/sn_within_unv_selfgroup_segmentation/output/Gen/38/19
Processing complete.
Processing Gen 38:20...
Successfully processed and saved output for Gen 38:20 to /Users/joshua/work/strong_number_embedding/sn_within_unv_selfgroup_segmentation/output/Gen/38/20
Processing complete.
Processing Gen 38:21...
Successfully processed and saved output for Gen 38:21 to /Users/joshua/work/strong_number_embedding/sn_within_unv_selfgroup_segmentation/output/Gen/38/21
Processing complete.
Processing Gen 38:22...
Successfully processed and saved output for Gen 38:22 to /Users/joshua/work/strong_number_embedding/sn_within_unv_selfgroup_segmentation/output/Gen/38/22
Processing complete.
Processing Gen 38:23...
Successfully processed and saved output for Gen 38:23 to /Users/joshua/work/strong_number_embedding/sn_within_unv_selfgroup_segmentation/output/Gen/38/23
Processing complete.
Processing Gen 38:24...
Successfully processed and saved output for Gen 38:24 to /Users/joshua/work/strong_number_embedding/sn_within_unv_selfgroup_segmentation/output/Gen/38/24
Processing complete.
Processing Gen 38:25...
Successfully processed and saved output for Gen 38:25 to /Users/joshua/work/strong_number_embedding/sn_within_unv_selfgroup_segmentation/output/Gen/38/25
Processing complete.
Processing Gen 38:26...
Successfully processed and saved output for Gen 38:26 to /Users/joshua/work/strong_number_embedding/sn_within_unv_selfgroup_segmentation/output/Gen/38/26
Processing complete.
Processing Gen 38:27...
Successfully processed and saved output for Gen 38:27 to /Users/joshua/work/strong_number_embedding/sn_within_unv_selfgroup_segmentation/output/Gen/38/27
Processing complete.
Processing Gen 38:28...
Successfully processed and saved output for Gen 38:28 to /Users/joshua/work/strong_number_embedding/sn_within_unv_selfgroup_segmentation/output/Gen/38/28
Processing complete.
Processing Gen 38:29...
Successfully processed and saved output for Gen 38:29 to /Users/joshua/work/strong_number_embedding/sn_within_unv_selfgroup_segmentation/output/Gen/38/29
Processing complete.
Processing Gen 38:30...
Successfully processed and saved output for Gen 38:30 to /Users/joshua/work/strong_number_embedding/sn_within_unv_selfgroup_segmentation/output/Gen/38/30
Processing complete.
  Processing Genesis chapter 39 (23 verses)...
Processing Gen 39:1...
Successfully processed and saved output for Gen 39:1 to /Users/joshua/work/strong_number_embedding/sn_within_unv_selfgroup_segmentation/output/Gen/39/1
Processing complete.
Processing Gen 39:2...
Successfully processed and saved output for Gen 39:2 to /Users/joshua/work/strong_number_embedding/sn_within_unv_selfgroup_segmentation/output/Gen/39/2
Processing complete.
Processing Gen 39:3...
Successfully processed and saved output for Gen 39:3 to /Users/joshua/work/strong_number_embedding/sn_within_unv_selfgroup_segmentation/output/Gen/39/3
Processing complete.
Processing Gen 39:4...
Successfully processed and saved output for Gen 39:4 to /Users/joshua/work/strong_number_embedding/sn_within_unv_selfgroup_segmentation/output/Gen/39/4
Processing complete.
Processing Gen 39:5...
Successfully processed and saved output for Gen 39:5 to /Users/joshua/work/strong_number_embedding/sn_within_unv_selfgroup_segmentation/output/Gen/39/5
Processing complete.
Processing Gen 39:6...
Successfully processed and saved output for Gen 39:6 to /Users/joshua/work/strong_number_embedding/sn_within_unv_selfgroup_segmentation/output/Gen/39/6
Processing complete.
Processing Gen 39:7...
Successfully processed and saved output for Gen 39:7 to /Users/joshua/work/strong_number_embedding/sn_within_unv_selfgroup_segmentation/output/Gen/39/7
Processing complete.
Processing Gen 39:8...
Successfully processed and saved output for Gen 39:8 to /Users/joshua/work/strong_number_embedding/sn_within_unv_selfgroup_segmentation/output/Gen/39/8
Processing complete.
Processing Gen 39:9...
Successfully processed and saved output for Gen 39:9 to /Users/joshua/work/strong_number_embedding/sn_within_unv_selfgroup_segmentation/output/Gen/39/9
Processing complete.
Processing Gen 39:10...
Successfully processed and saved output for Gen 39:10 to /Users/joshua/work/strong_number_embedding/sn_within_unv_selfgroup_segmentation/output/Gen/39/10
Processing complete.
Processing Gen 39:11...
Successfully processed and saved output for Gen 39:11 to /Users/joshua/work/strong_number_embedding/sn_within_unv_selfgroup_segmentation/output/Gen/39/11
Processing complete.
Processing Gen 39:12...
Successfully processed and saved output for Gen 39:12 to /Users/joshua/work/strong_number_embedding/sn_within_unv_selfgroup_segmentation/output/Gen/39/12
Processing complete.
Processing Gen 39:13...
Successfully processed and saved output for Gen 39:13 to /Users/joshua/work/strong_number_embedding/sn_within_unv_selfgroup_segmentation/output/Gen/39/13
Processing complete.
Processing Gen 39:14...
Successfully processed and saved output for Gen 39:14 to /Users/joshua/work/strong_number_embedding/sn_within_unv_selfgroup_segmentation/output/Gen/39/14
Processing complete.
Processing Gen 39:15...
Successfully processed and saved output for Gen 39:15 to /Users/joshua/work/strong_number_embedding/sn_within_unv_selfgroup_segmentation/output/Gen/39/15
Processing complete.
Processing Gen 39:16...
Successfully processed and saved output for Gen 39:16 to /Users/joshua/work/strong_number_embedding/sn_within_unv_selfgroup_segmentation/output/Gen/39/16
Processing complete.
Processing Gen 39:17...
Successfully processed and saved output for Gen 39:17 to /Users/joshua/work/strong_number_embedding/sn_within_unv_selfgroup_segmentation/output/Gen/39/17
Processing complete.
Processing Gen 39:18...
Successfully processed and saved output for Gen 39:18 to /Users/joshua/work/strong_number_embedding/sn_within_unv_selfgroup_segmentation/output/Gen/39/18
Processing complete.
Processing Gen 39:19...
Successfully processed and saved output for Gen 39:19 to /Users/joshua/work/strong_number_embedding/sn_within_unv_selfgroup_segmentation/output/Gen/39/19
Processing complete.
Processing Gen 39:20...
Successfully processed and saved output for Gen 39:20 to /Users/joshua/work/strong_number_embedding/sn_within_unv_selfgroup_segmentation/output/Gen/39/20
Processing complete.
Processing Gen 39:21...
Successfully processed and saved output for Gen 39:21 to /Users/joshua/work/strong_number_embedding/sn_within_unv_selfgroup_segmentation/output/Gen/39/21
Processing complete.
Processing Gen 39:22...
Successfully processed and saved output for Gen 39:22 to /Users/joshua/work/strong_number_embedding/sn_within_unv_selfgroup_segmentation/output/Gen/39/22
Processing complete.
Processing Gen 39:23...
Successfully processed and saved output for Gen 39:23 to /Users/joshua/work/strong_number_embedding/sn_within_unv_selfgroup_segmentation/output/Gen/39/23
Processing complete.
  Processing Genesis chapter 40 (23 verses)...
Processing Gen 40:1...
Successfully processed and saved output for Gen 40:1 to /Users/joshua/work/strong_number_embedding/sn_within_unv_selfgroup_segmentation/output/Gen/40/1
Processing complete.
Processing Gen 40:2...
Successfully processed and saved output for Gen 40:2 to /Users/joshua/work/strong_number_embedding/sn_within_unv_selfgroup_segmentation/output/Gen/40/2
Processing complete.
Processing Gen 40:3...
Successfully processed and saved output for Gen 40:3 to /Users/joshua/work/strong_number_embedding/sn_within_unv_selfgroup_segmentation/output/Gen/40/3
Processing complete.
Processing Gen 40:4...
Successfully processed and saved output for Gen 40:4 to /Users/joshua/work/strong_number_embedding/sn_within_unv_selfgroup_segmentation/output/Gen/40/4
Processing complete.
Processing Gen 40:5...
Successfully processed and saved output for Gen 40:5 to /Users/joshua/work/strong_number_embedding/sn_within_unv_selfgroup_segmentation/output/Gen/40/5
Processing complete.
Processing Gen 40:6...
Successfully processed and saved output for Gen 40:6 to /Users/joshua/work/strong_number_embedding/sn_within_unv_selfgroup_segmentation/output/Gen/40/6
Processing complete.
Processing Gen 40:7...
Successfully processed and saved output for Gen 40:7 to /Users/joshua/work/strong_number_embedding/sn_within_unv_selfgroup_segmentation/output/Gen/40/7
Processing complete.
Processing Gen 40:8...
Successfully processed and saved output for Gen 40:8 to /Users/joshua/work/strong_number_embedding/sn_within_unv_selfgroup_segmentation/output/Gen/40/8
Processing complete.
Processing Gen 40:9...
Successfully processed and saved output for Gen 40:9 to /Users/joshua/work/strong_number_embedding/sn_within_unv_selfgroup_segmentation/output/Gen/40/9
Processing complete.
Processing Gen 40:10...
Successfully processed and saved output for Gen 40:10 to /Users/joshua/work/strong_number_embedding/sn_within_unv_selfgroup_segmentation/output/Gen/40/10
Processing complete.
Processing Gen 40:11...
Successfully processed and saved output for Gen 40:11 to /Users/joshua/work/strong_number_embedding/sn_within_unv_selfgroup_segmentation/output/Gen/40/11
Processing complete.
Processing Gen 40:12...
Successfully processed and saved output for Gen 40:12 to /Users/joshua/work/strong_number_embedding/sn_within_unv_selfgroup_segmentation/output/Gen/40/12
Processing complete.
Processing Gen 40:13...
Successfully processed and saved output for Gen 40:13 to /Users/joshua/work/strong_number_embedding/sn_within_unv_selfgroup_segmentation/output/Gen/40/13
Processing complete.
Processing Gen 40:14...
Successfully processed and saved output for Gen 40:14 to /Users/joshua/work/strong_number_embedding/sn_within_unv_selfgroup_segmentation/output/Gen/40/14
Processing complete.
Processing Gen 40:15...
Successfully processed and saved output for Gen 40:15 to /Users/joshua/work/strong_number_embedding/sn_within_unv_selfgroup_segmentation/output/Gen/40/15
Processing complete.
Processing Gen 40:16...
Successfully processed and saved output for Gen 40:16 to /Users/joshua/work/strong_number_embedding/sn_within_unv_selfgroup_segmentation/output/Gen/40/16
Processing complete.
Processing Gen 40:17...
Successfully processed and saved output for Gen 40:17 to /Users/joshua/work/strong_number_embedding/sn_within_unv_selfgroup_segmentation/output/Gen/40/17
Processing complete.
Processing Gen 40:18...
Successfully processed and saved output for Gen 40:18 to /Users/joshua/work/strong_number_embedding/sn_within_unv_selfgroup_segmentation/output/Gen/40/18
Processing complete.
Processing Gen 40:19...
Successfully processed and saved output for Gen 40:19 to /Users/joshua/work/strong_number_embedding/sn_within_unv_selfgroup_segmentation/output/Gen/40/19
Processing complete.
Processing Gen 40:20...
Successfully processed and saved output for Gen 40:20 to /Users/joshua/work/strong_number_embedding/sn_within_unv_selfgroup_segmentation/output/Gen/40/20
Processing complete.
Processing Gen 40:21...
Successfully processed and saved output for Gen 40:21 to /Users/joshua/work/strong_number_embedding/sn_within_unv_selfgroup_segmentation/output/Gen/40/21
Processing complete.
Processing Gen 40:22...
Successfully processed and saved output for Gen 40:22 to /Users/joshua/work/strong_number_embedding/sn_within_unv_selfgroup_segmentation/output/Gen/40/22
Processing complete.
Processing Gen 40:23...
Successfully processed and saved output for Gen 40:23 to /Users/joshua/work/strong_number_embedding/sn_within_unv_selfgroup_segmentation/output/Gen/40/23
Processing complete.
  Processing Genesis chapter 41 (57 verses)...
Processing Gen 41:1...
Successfully processed and saved output for Gen 41:1 to /Users/joshua/work/strong_number_embedding/sn_within_unv_selfgroup_segmentation/output/Gen/41/1
Processing complete.
Processing Gen 41:2...
Successfully processed and saved output for Gen 41:2 to /Users/joshua/work/strong_number_embedding/sn_within_unv_selfgroup_segmentation/output/Gen/41/2
Processing complete.
Processing Gen 41:3...
Successfully processed and saved output for Gen 41:3 to /Users/joshua/work/strong_number_embedding/sn_within_unv_selfgroup_segmentation/output/Gen/41/3
Processing complete.
Processing Gen 41:4...
Successfully processed and saved output for Gen 41:4 to /Users/joshua/work/strong_number_embedding/sn_within_unv_selfgroup_segmentation/output/Gen/41/4
Processing complete.
Processing Gen 41:5...
Successfully processed and saved output for Gen 41:5 to /Users/joshua/work/strong_number_embedding/sn_within_unv_selfgroup_segmentation/output/Gen/41/5
Processing complete.
Processing Gen 41:6...
Successfully processed and saved output for Gen 41:6 to /Users/joshua/work/strong_number_embedding/sn_within_unv_selfgroup_segmentation/output/Gen/41/6
Processing complete.
Processing Gen 41:7...
Successfully processed and saved output for Gen 41:7 to /Users/joshua/work/strong_number_embedding/sn_within_unv_selfgroup_segmentation/output/Gen/41/7
Processing complete.
Processing Gen 41:8...
Successfully processed and saved output for Gen 41:8 to /Users/joshua/work/strong_number_embedding/sn_within_unv_selfgroup_segmentation/output/Gen/41/8
Processing complete.
Processing Gen 41:9...
Successfully processed and saved output for Gen 41:9 to /Users/joshua/work/strong_number_embedding/sn_within_unv_selfgroup_segmentation/output/Gen/41/9
Processing complete.
Processing Gen 41:10...
Successfully processed and saved output for Gen 41:10 to /Users/joshua/work/strong_number_embedding/sn_within_unv_selfgroup_segmentation/output/Gen/41/10
Processing complete.
Processing Gen 41:11...
Successfully processed and saved output for Gen 41:11 to /Users/joshua/work/strong_number_embedding/sn_within_unv_selfgroup_segmentation/output/Gen/41/11
Processing complete.
Processing Gen 41:12...
Successfully processed and saved output for Gen 41:12 to /Users/joshua/work/strong_number_embedding/sn_within_unv_selfgroup_segmentation/output/Gen/41/12
Processing complete.
Processing Gen 41:13...
Successfully processed and saved output for Gen 41:13 to /Users/joshua/work/strong_number_embedding/sn_within_unv_selfgroup_segmentation/output/Gen/41/13
Processing complete.
Processing Gen 41:14...
Successfully processed and saved output for Gen 41:14 to /Users/joshua/work/strong_number_embedding/sn_within_unv_selfgroup_segmentation/output/Gen/41/14
Processing complete.
Processing Gen 41:15...
Successfully processed and saved output for Gen 41:15 to /Users/joshua/work/strong_number_embedding/sn_within_unv_selfgroup_segmentation/output/Gen/41/15
Processing complete.
Processing Gen 41:16...
Successfully processed and saved output for Gen 41:16 to /Users/joshua/work/strong_number_embedding/sn_within_unv_selfgroup_segmentation/output/Gen/41/16
Processing complete.
Processing Gen 41:17...
Successfully processed and saved output for Gen 41:17 to /Users/joshua/work/strong_number_embedding/sn_within_unv_selfgroup_segmentation/output/Gen/41/17
Processing complete.
Processing Gen 41:18...
Successfully processed and saved output for Gen 41:18 to /Users/joshua/work/strong_number_embedding/sn_within_unv_selfgroup_segmentation/output/Gen/41/18
Processing complete.
Processing Gen 41:19...
Successfully processed and saved output for Gen 41:19 to /Users/joshua/work/strong_number_embedding/sn_within_unv_selfgroup_segmentation/output/Gen/41/19
Processing complete.
Processing Gen 41:20...
Successfully processed and saved output for Gen 41:20 to /Users/joshua/work/strong_number_embedding/sn_within_unv_selfgroup_segmentation/output/Gen/41/20
Processing complete.
Processing Gen 41:21...
Successfully processed and saved output for Gen 41:21 to /Users/joshua/work/strong_number_embedding/sn_within_unv_selfgroup_segmentation/output/Gen/41/21
Processing complete.
Processing Gen 41:22...
Successfully processed and saved output for Gen 41:22 to /Users/joshua/work/strong_number_embedding/sn_within_unv_selfgroup_segmentation/output/Gen/41/22
Processing complete.
Processing Gen 41:23...
Successfully processed and saved output for Gen 41:23 to /Users/joshua/work/strong_number_embedding/sn_within_unv_selfgroup_segmentation/output/Gen/41/23
Processing complete.
Processing Gen 41:24...
Successfully processed and saved output for Gen 41:24 to /Users/joshua/work/strong_number_embedding/sn_within_unv_selfgroup_segmentation/output/Gen/41/24
Processing complete.
Processing Gen 41:25...
Successfully processed and saved output for Gen 41:25 to /Users/joshua/work/strong_number_embedding/sn_within_unv_selfgroup_segmentation/output/Gen/41/25
Processing complete.
Processing Gen 41:26...
Successfully processed and saved output for Gen 41:26 to /Users/joshua/work/strong_number_embedding/sn_within_unv_selfgroup_segmentation/output/Gen/41/26
Processing complete.
Processing Gen 41:27...
Successfully processed and saved output for Gen 41:27 to /Users/joshua/work/strong_number_embedding/sn_within_unv_selfgroup_segmentation/output/Gen/41/27
Processing complete.
Processing Gen 41:28...
Successfully processed and saved output for Gen 41:28 to /Users/joshua/work/strong_number_embedding/sn_within_unv_selfgroup_segmentation/output/Gen/41/28
Processing complete.
Processing Gen 41:29...
Successfully processed and saved output for Gen 41:29 to /Users/joshua/work/strong_number_embedding/sn_within_unv_selfgroup_segmentation/output/Gen/41/29
Processing complete.
Processing Gen 41:30...
Successfully processed and saved output for Gen 41:30 to /Users/joshua/work/strong_number_embedding/sn_within_unv_selfgroup_segmentation/output/Gen/41/30
Processing complete.
Processing Gen 41:31...
Successfully processed and saved output for Gen 41:31 to /Users/joshua/work/strong_number_embedding/sn_within_unv_selfgroup_segmentation/output/Gen/41/31
Processing complete.
Processing Gen 41:32...
Successfully processed and saved output for Gen 41:32 to /Users/joshua/work/strong_number_embedding/sn_within_unv_selfgroup_segmentation/output/Gen/41/32
Processing complete.
Processing Gen 41:33...
Successfully processed and saved output for Gen 41:33 to /Users/joshua/work/strong_number_embedding/sn_within_unv_selfgroup_segmentation/output/Gen/41/33
Processing complete.
Processing Gen 41:34...
Successfully processed and saved output for Gen 41:34 to /Users/joshua/work/strong_number_embedding/sn_within_unv_selfgroup_segmentation/output/Gen/41/34
Processing complete.
Processing Gen 41:35...
Successfully processed and saved output for Gen 41:35 to /Users/joshua/work/strong_number_embedding/sn_within_unv_selfgroup_segmentation/output/Gen/41/35
Processing complete.
Processing Gen 41:36...
Successfully processed and saved output for Gen 41:36 to /Users/joshua/work/strong_number_embedding/sn_within_unv_selfgroup_segmentation/output/Gen/41/36
Processing complete.
Processing Gen 41:37...
Successfully processed and saved output for Gen 41:37 to /Users/joshua/work/strong_number_embedding/sn_within_unv_selfgroup_segmentation/output/Gen/41/37
Processing complete.
Processing Gen 41:38...
Successfully processed and saved output for Gen 41:38 to /Users/joshua/work/strong_number_embedding/sn_within_unv_selfgroup_segmentation/output/Gen/41/38
Processing complete.
Processing Gen 41:39...
Successfully processed and saved output for Gen 41:39 to /Users/joshua/work/strong_number_embedding/sn_within_unv_selfgroup_segmentation/output/Gen/41/39
Processing complete.
Processing Gen 41:40...
Successfully processed and saved output for Gen 41:40 to /Users/joshua/work/strong_number_embedding/sn_within_unv_selfgroup_segmentation/output/Gen/41/40
Processing complete.
Processing Gen 41:41...
Successfully processed and saved output for Gen 41:41 to /Users/joshua/work/strong_number_embedding/sn_within_unv_selfgroup_segmentation/output/Gen/41/41
Processing complete.
Processing Gen 41:42...
Successfully processed and saved output for Gen 41:42 to /Users/joshua/work/strong_number_embedding/sn_within_unv_selfgroup_segmentation/output/Gen/41/42
Processing complete.
Processing Gen 41:43...
Successfully processed and saved output for Gen 41:43 to /Users/joshua/work/strong_number_embedding/sn_within_unv_selfgroup_segmentation/output/Gen/41/43
Processing complete.
Processing Gen 41:44...
Successfully processed and saved output for Gen 41:44 to /Users/joshua/work/strong_number_embedding/sn_within_unv_selfgroup_segmentation/output/Gen/41/44
Processing complete.
Processing Gen 41:45...
Successfully processed and saved output for Gen 41:45 to /Users/joshua/work/strong_number_embedding/sn_within_unv_selfgroup_segmentation/output/Gen/41/45
Processing complete.
Processing Gen 41:46...
Successfully processed and saved output for Gen 41:46 to /Users/joshua/work/strong_number_embedding/sn_within_unv_selfgroup_segmentation/output/Gen/41/46
Processing complete.
Processing Gen 41:47...
Successfully processed and saved output for Gen 41:47 to /Users/joshua/work/strong_number_embedding/sn_within_unv_selfgroup_segmentation/output/Gen/41/47
Processing complete.
Processing Gen 41:48...
Successfully processed and saved output for Gen 41:48 to /Users/joshua/work/strong_number_embedding/sn_within_unv_selfgroup_segmentation/output/Gen/41/48
Processing complete.
Processing Gen 41:49...
Successfully processed and saved output for Gen 41:49 to /Users/joshua/work/strong_number_embedding/sn_within_unv_selfgroup_segmentation/output/Gen/41/49
Processing complete.
Processing Gen 41:50...
Successfully processed and saved output for Gen 41:50 to /Users/joshua/work/strong_number_embedding/sn_within_unv_selfgroup_segmentation/output/Gen/41/50
Processing complete.
Processing Gen 41:51...
Successfully processed and saved output for Gen 41:51 to /Users/joshua/work/strong_number_embedding/sn_within_unv_selfgroup_segmentation/output/Gen/41/51
Processing complete.
Processing Gen 41:52...
Successfully processed and saved output for Gen 41:52 to /Users/joshua/work/strong_number_embedding/sn_within_unv_selfgroup_segmentation/output/Gen/41/52
Processing complete.
Processing Gen 41:53...
Successfully processed and saved output for Gen 41:53 to /Users/joshua/work/strong_number_embedding/sn_within_unv_selfgroup_segmentation/output/Gen/41/53
Processing complete.
Processing Gen 41:54...
Successfully processed and saved output for Gen 41:54 to /Users/joshua/work/strong_number_embedding/sn_within_unv_selfgroup_segmentation/output/Gen/41/54
Processing complete.
Processing Gen 41:55...
Successfully processed and saved output for Gen 41:55 to /Users/joshua/work/strong_number_embedding/sn_within_unv_selfgroup_segmentation/output/Gen/41/55
Processing complete.
Processing Gen 41:56...
Successfully processed and saved output for Gen 41:56 to /Users/joshua/work/strong_number_embedding/sn_within_unv_selfgroup_segmentation/output/Gen/41/56
Processing complete.
Processing Gen 41:57...
Successfully processed and saved output for Gen 41:57 to /Users/joshua/work/strong_number_embedding/sn_within_unv_selfgroup_segmentation/output/Gen/41/57
Processing complete.
  Processing Genesis chapter 42 (38 verses)...
Processing Gen 42:1...
Successfully processed and saved output for Gen 42:1 to /Users/joshua/work/strong_number_embedding/sn_within_unv_selfgroup_segmentation/output/Gen/42/1
Processing complete.
Processing Gen 42:2...
Successfully processed and saved output for Gen 42:2 to /Users/joshua/work/strong_number_embedding/sn_within_unv_selfgroup_segmentation/output/Gen/42/2
Processing complete.
Processing Gen 42:3...
Successfully processed and saved output for Gen 42:3 to /Users/joshua/work/strong_number_embedding/sn_within_unv_selfgroup_segmentation/output/Gen/42/3
Processing complete.
Processing Gen 42:4...
Successfully processed and saved output for Gen 42:4 to /Users/joshua/work/strong_number_embedding/sn_within_unv_selfgroup_segmentation/output/Gen/42/4
Processing complete.
Processing Gen 42:5...
Successfully processed and saved output for Gen 42:5 to /Users/joshua/work/strong_number_embedding/sn_within_unv_selfgroup_segmentation/output/Gen/42/5
Processing complete.
Processing Gen 42:6...
Successfully processed and saved output for Gen 42:6 to /Users/joshua/work/strong_number_embedding/sn_within_unv_selfgroup_segmentation/output/Gen/42/6
Processing complete.
Processing Gen 42:7...
Successfully processed and saved output for Gen 42:7 to /Users/joshua/work/strong_number_embedding/sn_within_unv_selfgroup_segmentation/output/Gen/42/7
Processing complete.
Processing Gen 42:8...
Successfully processed and saved output for Gen 42:8 to /Users/joshua/work/strong_number_embedding/sn_within_unv_selfgroup_segmentation/output/Gen/42/8
Processing complete.
Processing Gen 42:9...
Successfully processed and saved output for Gen 42:9 to /Users/joshua/work/strong_number_embedding/sn_within_unv_selfgroup_segmentation/output/Gen/42/9
Processing complete.
Processing Gen 42:10...
Successfully processed and saved output for Gen 42:10 to /Users/joshua/work/strong_number_embedding/sn_within_unv_selfgroup_segmentation/output/Gen/42/10
Processing complete.
Processing Gen 42:11...
Successfully processed and saved output for Gen 42:11 to /Users/joshua/work/strong_number_embedding/sn_within_unv_selfgroup_segmentation/output/Gen/42/11
Processing complete.
Processing Gen 42:12...
Successfully processed and saved output for Gen 42:12 to /Users/joshua/work/strong_number_embedding/sn_within_unv_selfgroup_segmentation/output/Gen/42/12
Processing complete.
Processing Gen 42:13...
Successfully processed and saved output for Gen 42:13 to /Users/joshua/work/strong_number_embedding/sn_within_unv_selfgroup_segmentation/output/Gen/42/13
Processing complete.
Processing Gen 42:14...
Successfully processed and saved output for Gen 42:14 to /Users/joshua/work/strong_number_embedding/sn_within_unv_selfgroup_segmentation/output/Gen/42/14
Processing complete.
Processing Gen 42:15...
Successfully processed and saved output for Gen 42:15 to /Users/joshua/work/strong_number_embedding/sn_within_unv_selfgroup_segmentation/output/Gen/42/15
Processing complete.
Processing Gen 42:16...
Successfully processed and saved output for Gen 42:16 to /Users/joshua/work/strong_number_embedding/sn_within_unv_selfgroup_segmentation/output/Gen/42/16
Processing complete.
Processing Gen 42:17...
Successfully processed and saved output for Gen 42:17 to /Users/joshua/work/strong_number_embedding/sn_within_unv_selfgroup_segmentation/output/Gen/42/17
Processing complete.
Processing Gen 42:18...
Successfully processed and saved output for Gen 42:18 to /Users/joshua/work/strong_number_embedding/sn_within_unv_selfgroup_segmentation/output/Gen/42/18
Processing complete.
Processing Gen 42:19...
Successfully processed and saved output for Gen 42:19 to /Users/joshua/work/strong_number_embedding/sn_within_unv_selfgroup_segmentation/output/Gen/42/19
Processing complete.
Processing Gen 42:20...
Successfully processed and saved output for Gen 42:20 to /Users/joshua/work/strong_number_embedding/sn_within_unv_selfgroup_segmentation/output/Gen/42/20
Processing complete.
Processing Gen 42:21...
Successfully processed and saved output for Gen 42:21 to /Users/joshua/work/strong_number_embedding/sn_within_unv_selfgroup_segmentation/output/Gen/42/21
Processing complete.
Processing Gen 42:22...
Successfully processed and saved output for Gen 42:22 to /Users/joshua/work/strong_number_embedding/sn_within_unv_selfgroup_segmentation/output/Gen/42/22
Processing complete.
Processing Gen 42:23...
Successfully processed and saved output for Gen 42:23 to /Users/joshua/work/strong_number_embedding/sn_within_unv_selfgroup_segmentation/output/Gen/42/23
Processing complete.
Processing Gen 42:24...
Successfully processed and saved output for Gen 42:24 to /Users/joshua/work/strong_number_embedding/sn_within_unv_selfgroup_segmentation/output/Gen/42/24
Processing complete.
Processing Gen 42:25...
Successfully processed and saved output for Gen 42:25 to /Users/joshua/work/strong_number_embedding/sn_within_unv_selfgroup_segmentation/output/Gen/42/25
Processing complete.
Processing Gen 42:26...
Successfully processed and saved output for Gen 42:26 to /Users/joshua/work/strong_number_embedding/sn_within_unv_selfgroup_segmentation/output/Gen/42/26
Processing complete.
Processing Gen 42:27...
Successfully processed and saved output for Gen 42:27 to /Users/joshua/work/strong_number_embedding/sn_within_unv_selfgroup_segmentation/output/Gen/42/27
Processing complete.
Processing Gen 42:28...
Successfully processed and saved output for Gen 42:28 to /Users/joshua/work/strong_number_embedding/sn_within_unv_selfgroup_segmentation/output/Gen/42/28
Processing complete.
Processing Gen 42:29...
Successfully processed and saved output for Gen 42:29 to /Users/joshua/work/strong_number_embedding/sn_within_unv_selfgroup_segmentation/output/Gen/42/29
Processing complete.
Processing Gen 42:30...
Successfully processed and saved output for Gen 42:30 to /Users/joshua/work/strong_number_embedding/sn_within_unv_selfgroup_segmentation/output/Gen/42/30
Processing complete.
Processing Gen 42:31...
Successfully processed and saved output for Gen 42:31 to /Users/joshua/work/strong_number_embedding/sn_within_unv_selfgroup_segmentation/output/Gen/42/31
Processing complete.
Processing Gen 42:32...
Successfully processed and saved output for Gen 42:32 to /Users/joshua/work/strong_number_embedding/sn_within_unv_selfgroup_segmentation/output/Gen/42/32
Processing complete.
Processing Gen 42:33...
Successfully processed and saved output for Gen 42:33 to /Users/joshua/work/strong_number_embedding/sn_within_unv_selfgroup_segmentation/output/Gen/42/33
Processing complete.
Processing Gen 42:34...
Successfully processed and saved output for Gen 42:34 to /Users/joshua/work/strong_number_embedding/sn_within_unv_selfgroup_segmentation/output/Gen/42/34
Processing complete.
Processing Gen 42:35...
Successfully processed and saved output for Gen 42:35 to /Users/joshua/work/strong_number_embedding/sn_within_unv_selfgroup_segmentation/output/Gen/42/35
Processing complete.
Processing Gen 42:36...
Successfully processed and saved output for Gen 42:36 to /Users/joshua/work/strong_number_embedding/sn_within_unv_selfgroup_segmentation/output/Gen/42/36
Processing complete.
Processing Gen 42:37...
Successfully processed and saved output for Gen 42:37 to /Users/joshua/work/strong_number_embedding/sn_within_unv_selfgroup_segmentation/output/Gen/42/37
Processing complete.
Processing Gen 42:38...
Successfully processed and saved output for Gen 42:38 to /Users/joshua/work/strong_number_embedding/sn_within_unv_selfgroup_segmentation/output/Gen/42/38
Processing complete.
  Processing Genesis chapter 43 (34 verses)...
Processing Gen 43:1...
Successfully processed and saved output for Gen 43:1 to /Users/joshua/work/strong_number_embedding/sn_within_unv_selfgroup_segmentation/output/Gen/43/1
Processing complete.
Processing Gen 43:2...
Successfully processed and saved output for Gen 43:2 to /Users/joshua/work/strong_number_embedding/sn_within_unv_selfgroup_segmentation/output/Gen/43/2
Processing complete.
Processing Gen 43:3...
Successfully processed and saved output for Gen 43:3 to /Users/joshua/work/strong_number_embedding/sn_within_unv_selfgroup_segmentation/output/Gen/43/3
Processing complete.
Processing Gen 43:4...
Successfully processed and saved output for Gen 43:4 to /Users/joshua/work/strong_number_embedding/sn_within_unv_selfgroup_segmentation/output/Gen/43/4
Processing complete.
Processing Gen 43:5...
Successfully processed and saved output for Gen 43:5 to /Users/joshua/work/strong_number_embedding/sn_within_unv_selfgroup_segmentation/output/Gen/43/5
Processing complete.
Processing Gen 43:6...
Successfully processed and saved output for Gen 43:6 to /Users/joshua/work/strong_number_embedding/sn_within_unv_selfgroup_segmentation/output/Gen/43/6
Processing complete.
Processing Gen 43:7...
Successfully processed and saved output for Gen 43:7 to /Users/joshua/work/strong_number_embedding/sn_within_unv_selfgroup_segmentation/output/Gen/43/7
Processing complete.
Processing Gen 43:8...
Successfully processed and saved output for Gen 43:8 to /Users/joshua/work/strong_number_embedding/sn_within_unv_selfgroup_segmentation/output/Gen/43/8
Processing complete.
Processing Gen 43:9...
Successfully processed and saved output for Gen 43:9 to /Users/joshua/work/strong_number_embedding/sn_within_unv_selfgroup_segmentation/output/Gen/43/9
Processing complete.
Processing Gen 43:10...
Successfully processed and saved output for Gen 43:10 to /Users/joshua/work/strong_number_embedding/sn_within_unv_selfgroup_segmentation/output/Gen/43/10
Processing complete.
Processing Gen 43:11...
Successfully processed and saved output for Gen 43:11 to /Users/joshua/work/strong_number_embedding/sn_within_unv_selfgroup_segmentation/output/Gen/43/11
Processing complete.
Processing Gen 43:12...
Successfully processed and saved output for Gen 43:12 to /Users/joshua/work/strong_number_embedding/sn_within_unv_selfgroup_segmentation/output/Gen/43/12
Processing complete.
Processing Gen 43:13...
Successfully processed and saved output for Gen 43:13 to /Users/joshua/work/strong_number_embedding/sn_within_unv_selfgroup_segmentation/output/Gen/43/13
Processing complete.
Processing Gen 43:14...
Successfully processed and saved output for Gen 43:14 to /Users/joshua/work/strong_number_embedding/sn_within_unv_selfgroup_segmentation/output/Gen/43/14
Processing complete.
Processing Gen 43:15...
Successfully processed and saved output for Gen 43:15 to /Users/joshua/work/strong_number_embedding/sn_within_unv_selfgroup_segmentation/output/Gen/43/15
Processing complete.
Processing Gen 43:16...
Successfully processed and saved output for Gen 43:16 to /Users/joshua/work/strong_number_embedding/sn_within_unv_selfgroup_segmentation/output/Gen/43/16
Processing complete.
Processing Gen 43:17...
Successfully processed and saved output for Gen 43:17 to /Users/joshua/work/strong_number_embedding/sn_within_unv_selfgroup_segmentation/output/Gen/43/17
Processing complete.
Processing Gen 43:18...
Successfully processed and saved output for Gen 43:18 to /Users/joshua/work/strong_number_embedding/sn_within_unv_selfgroup_segmentation/output/Gen/43/18
Processing complete.
Processing Gen 43:19...
Successfully processed and saved output for Gen 43:19 to /Users/joshua/work/strong_number_embedding/sn_within_unv_selfgroup_segmentation/output/Gen/43/19
Processing complete.
Processing Gen 43:20...
Successfully processed and saved output for Gen 43:20 to /Users/joshua/work/strong_number_embedding/sn_within_unv_selfgroup_segmentation/output/Gen/43/20
Processing complete.
Processing Gen 43:21...
Successfully processed and saved output for Gen 43:21 to /Users/joshua/work/strong_number_embedding/sn_within_unv_selfgroup_segmentation/output/Gen/43/21
Processing complete.
Processing Gen 43:22...
Successfully processed and saved output for Gen 43:22 to /Users/joshua/work/strong_number_embedding/sn_within_unv_selfgroup_segmentation/output/Gen/43/22
Processing complete.
Processing Gen 43:23...
Successfully processed and saved output for Gen 43:23 to /Users/joshua/work/strong_number_embedding/sn_within_unv_selfgroup_segmentation/output/Gen/43/23
Processing complete.
Processing Gen 43:24...
Successfully processed and saved output for Gen 43:24 to /Users/joshua/work/strong_number_embedding/sn_within_unv_selfgroup_segmentation/output/Gen/43/24
Processing complete.
Processing Gen 43:25...
Successfully processed and saved output for Gen 43:25 to /Users/joshua/work/strong_number_embedding/sn_within_unv_selfgroup_segmentation/output/Gen/43/25
Processing complete.
Processing Gen 43:26...
Successfully processed and saved output for Gen 43:26 to /Users/joshua/work/strong_number_embedding/sn_within_unv_selfgroup_segmentation/output/Gen/43/26
Processing complete.
Processing Gen 43:27...
Successfully processed and saved output for Gen 43:27 to /Users/joshua/work/strong_number_embedding/sn_within_unv_selfgroup_segmentation/output/Gen/43/27
Processing complete.
Processing Gen 43:28...
Successfully processed and saved output for Gen 43:28 to /Users/joshua/work/strong_number_embedding/sn_within_unv_selfgroup_segmentation/output/Gen/43/28
Processing complete.
Processing Gen 43:29...
Successfully processed and saved output for Gen 43:29 to /Users/joshua/work/strong_number_embedding/sn_within_unv_selfgroup_segmentation/output/Gen/43/29
Processing complete.
Processing Gen 43:30...
Successfully processed and saved output for Gen 43:30 to /Users/joshua/work/strong_number_embedding/sn_within_unv_selfgroup_segmentation/output/Gen/43/30
Processing complete.
Processing Gen 43:31...
Successfully processed and saved output for Gen 43:31 to /Users/joshua/work/strong_number_embedding/sn_within_unv_selfgroup_segmentation/output/Gen/43/31
Processing complete.
Processing Gen 43:32...
Successfully processed and saved output for Gen 43:32 to /Users/joshua/work/strong_number_embedding/sn_within_unv_selfgroup_segmentation/output/Gen/43/32
Processing complete.
Processing Gen 43:33...
Successfully processed and saved output for Gen 43:33 to /Users/joshua/work/strong_number_embedding/sn_within_unv_selfgroup_segmentation/output/Gen/43/33
Processing complete.
Processing Gen 43:34...
Successfully processed and saved output for Gen 43:34 to /Users/joshua/work/strong_number_embedding/sn_within_unv_selfgroup_segmentation/output/Gen/43/34
Processing complete.
  Processing Genesis chapter 44 (34 verses)...
Processing Gen 44:1...
Successfully processed and saved output for Gen 44:1 to /Users/joshua/work/strong_number_embedding/sn_within_unv_selfgroup_segmentation/output/Gen/44/1
Processing complete.
Processing Gen 44:2...
Successfully processed and saved output for Gen 44:2 to /Users/joshua/work/strong_number_embedding/sn_within_unv_selfgroup_segmentation/output/Gen/44/2
Processing complete.
Processing Gen 44:3...
Successfully processed and saved output for Gen 44:3 to /Users/joshua/work/strong_number_embedding/sn_within_unv_selfgroup_segmentation/output/Gen/44/3
Processing complete.
Processing Gen 44:4...
Successfully processed and saved output for Gen 44:4 to /Users/joshua/work/strong_number_embedding/sn_within_unv_selfgroup_segmentation/output/Gen/44/4
Processing complete.
Processing Gen 44:5...
Successfully processed and saved output for Gen 44:5 to /Users/joshua/work/strong_number_embedding/sn_within_unv_selfgroup_segmentation/output/Gen/44/5
Processing complete.
Processing Gen 44:6...
Successfully processed and saved output for Gen 44:6 to /Users/joshua/work/strong_number_embedding/sn_within_unv_selfgroup_segmentation/output/Gen/44/6
Processing complete.
Processing Gen 44:7...
Successfully processed and saved output for Gen 44:7 to /Users/joshua/work/strong_number_embedding/sn_within_unv_selfgroup_segmentation/output/Gen/44/7
Processing complete.
Processing Gen 44:8...
Successfully processed and saved output for Gen 44:8 to /Users/joshua/work/strong_number_embedding/sn_within_unv_selfgroup_segmentation/output/Gen/44/8
Processing complete.
Processing Gen 44:9...
Successfully processed and saved output for Gen 44:9 to /Users/joshua/work/strong_number_embedding/sn_within_unv_selfgroup_segmentation/output/Gen/44/9
Processing complete.
Processing Gen 44:10...
Successfully processed and saved output for Gen 44:10 to /Users/joshua/work/strong_number_embedding/sn_within_unv_selfgroup_segmentation/output/Gen/44/10
Processing complete.
Processing Gen 44:11...
Successfully processed and saved output for Gen 44:11 to /Users/joshua/work/strong_number_embedding/sn_within_unv_selfgroup_segmentation/output/Gen/44/11
Processing complete.
Processing Gen 44:12...
Successfully processed and saved output for Gen 44:12 to /Users/joshua/work/strong_number_embedding/sn_within_unv_selfgroup_segmentation/output/Gen/44/12
Processing complete.
Processing Gen 44:13...
Successfully processed and saved output for Gen 44:13 to /Users/joshua/work/strong_number_embedding/sn_within_unv_selfgroup_segmentation/output/Gen/44/13
Processing complete.
Processing Gen 44:14...
Successfully processed and saved output for Gen 44:14 to /Users/joshua/work/strong_number_embedding/sn_within_unv_selfgroup_segmentation/output/Gen/44/14
Processing complete.
Processing Gen 44:15...
Successfully processed and saved output for Gen 44:15 to /Users/joshua/work/strong_number_embedding/sn_within_unv_selfgroup_segmentation/output/Gen/44/15
Processing complete.
Processing Gen 44:16...
Successfully processed and saved output for Gen 44:16 to /Users/joshua/work/strong_number_embedding/sn_within_unv_selfgroup_segmentation/output/Gen/44/16
Processing complete.
Processing Gen 44:17...
Successfully processed and saved output for Gen 44:17 to /Users/joshua/work/strong_number_embedding/sn_within_unv_selfgroup_segmentation/output/Gen/44/17
Processing complete.
Processing Gen 44:18...
Successfully processed and saved output for Gen 44:18 to /Users/joshua/work/strong_number_embedding/sn_within_unv_selfgroup_segmentation/output/Gen/44/18
Processing complete.
Processing Gen 44:19...
Successfully processed and saved output for Gen 44:19 to /Users/joshua/work/strong_number_embedding/sn_within_unv_selfgroup_segmentation/output/Gen/44/19
Processing complete.
Processing Gen 44:20...
Successfully processed and saved output for Gen 44:20 to /Users/joshua/work/strong_number_embedding/sn_within_unv_selfgroup_segmentation/output/Gen/44/20
Processing complete.
Processing Gen 44:21...
Successfully processed and saved output for Gen 44:21 to /Users/joshua/work/strong_number_embedding/sn_within_unv_selfgroup_segmentation/output/Gen/44/21
Processing complete.
Processing Gen 44:22...
Successfully processed and saved output for Gen 44:22 to /Users/joshua/work/strong_number_embedding/sn_within_unv_selfgroup_segmentation/output/Gen/44/22
Processing complete.
Processing Gen 44:23...
Successfully processed and saved output for Gen 44:23 to /Users/joshua/work/strong_number_embedding/sn_within_unv_selfgroup_segmentation/output/Gen/44/23
Processing complete.
Processing Gen 44:24...
Successfully processed and saved output for Gen 44:24 to /Users/joshua/work/strong_number_embedding/sn_within_unv_selfgroup_segmentation/output/Gen/44/24
Processing complete.
Processing Gen 44:25...
Successfully processed and saved output for Gen 44:25 to /Users/joshua/work/strong_number_embedding/sn_within_unv_selfgroup_segmentation/output/Gen/44/25
Processing complete.
Processing Gen 44:26...
Successfully processed and saved output for Gen 44:26 to /Users/joshua/work/strong_number_embedding/sn_within_unv_selfgroup_segmentation/output/Gen/44/26
Processing complete.
Processing Gen 44:27...
Successfully processed and saved output for Gen 44:27 to /Users/joshua/work/strong_number_embedding/sn_within_unv_selfgroup_segmentation/output/Gen/44/27
Processing complete.
Processing Gen 44:28...
Successfully processed and saved output for Gen 44:28 to /Users/joshua/work/strong_number_embedding/sn_within_unv_selfgroup_segmentation/output/Gen/44/28
Processing complete.
Processing Gen 44:29...
Successfully processed and saved output for Gen 44:29 to /Users/joshua/work/strong_number_embedding/sn_within_unv_selfgroup_segmentation/output/Gen/44/29
Processing complete.
Processing Gen 44:30...
Successfully processed and saved output for Gen 44:30 to /Users/joshua/work/strong_number_embedding/sn_within_unv_selfgroup_segmentation/output/Gen/44/30
Processing complete.
Processing Gen 44:31...
Successfully processed and saved output for Gen 44:31 to /Users/joshua/work/strong_number_embedding/sn_within_unv_selfgroup_segmentation/output/Gen/44/31
Processing complete.
Processing Gen 44:32...
Successfully processed and saved output for Gen 44:32 to /Users/joshua/work/strong_number_embedding/sn_within_unv_selfgroup_segmentation/output/Gen/44/32
Processing complete.
Processing Gen 44:33...
Successfully processed and saved output for Gen 44:33 to /Users/joshua/work/strong_number_embedding/sn_within_unv_selfgroup_segmentation/output/Gen/44/33
Processing complete.
Processing Gen 44:34...
Successfully processed and saved output for Gen 44:34 to /Users/joshua/work/strong_number_embedding/sn_within_unv_selfgroup_segmentation/output/Gen/44/34
Processing complete.
  Processing Genesis chapter 45 (28 verses)...
Processing Gen 45:1...
Successfully processed and saved output for Gen 45:1 to /Users/joshua/work/strong_number_embedding/sn_within_unv_selfgroup_segmentation/output/Gen/45/1
Processing complete.
Processing Gen 45:2...
Successfully processed and saved output for Gen 45:2 to /Users/joshua/work/strong_number_embedding/sn_within_unv_selfgroup_segmentation/output/Gen/45/2
Processing complete.
Processing Gen 45:3...
Successfully processed and saved output for Gen 45:3 to /Users/joshua/work/strong_number_embedding/sn_within_unv_selfgroup_segmentation/output/Gen/45/3
Processing complete.
Processing Gen 45:4...
Successfully processed and saved output for Gen 45:4 to /Users/joshua/work/strong_number_embedding/sn_within_unv_selfgroup_segmentation/output/Gen/45/4
Processing complete.
Processing Gen 45:5...
Successfully processed and saved output for Gen 45:5 to /Users/joshua/work/strong_number_embedding/sn_within_unv_selfgroup_segmentation/output/Gen/45/5
Processing complete.
Processing Gen 45:6...
Successfully processed and saved output for Gen 45:6 to /Users/joshua/work/strong_number_embedding/sn_within_unv_selfgroup_segmentation/output/Gen/45/6
Processing complete.
Processing Gen 45:7...
Successfully processed and saved output for Gen 45:7 to /Users/joshua/work/strong_number_embedding/sn_within_unv_selfgroup_segmentation/output/Gen/45/7
Processing complete.
Processing Gen 45:8...
Successfully processed and saved output for Gen 45:8 to /Users/joshua/work/strong_number_embedding/sn_within_unv_selfgroup_segmentation/output/Gen/45/8
Processing complete.
Processing Gen 45:9...
Successfully processed and saved output for Gen 45:9 to /Users/joshua/work/strong_number_embedding/sn_within_unv_selfgroup_segmentation/output/Gen/45/9
Processing complete.
Processing Gen 45:10...
Successfully processed and saved output for Gen 45:10 to /Users/joshua/work/strong_number_embedding/sn_within_unv_selfgroup_segmentation/output/Gen/45/10
Processing complete.
Processing Gen 45:11...
Successfully processed and saved output for Gen 45:11 to /Users/joshua/work/strong_number_embedding/sn_within_unv_selfgroup_segmentation/output/Gen/45/11
Processing complete.
Processing Gen 45:12...
Successfully processed and saved output for Gen 45:12 to /Users/joshua/work/strong_number_embedding/sn_within_unv_selfgroup_segmentation/output/Gen/45/12
Processing complete.
Processing Gen 45:13...
Successfully processed and saved output for Gen 45:13 to /Users/joshua/work/strong_number_embedding/sn_within_unv_selfgroup_segmentation/output/Gen/45/13
Processing complete.
Processing Gen 45:14...
Successfully processed and saved output for Gen 45:14 to /Users/joshua/work/strong_number_embedding/sn_within_unv_selfgroup_segmentation/output/Gen/45/14
Processing complete.
Processing Gen 45:15...
Successfully processed and saved output for Gen 45:15 to /Users/joshua/work/strong_number_embedding/sn_within_unv_selfgroup_segmentation/output/Gen/45/15
Processing complete.
Processing Gen 45:16...
Successfully processed and saved output for Gen 45:16 to /Users/joshua/work/strong_number_embedding/sn_within_unv_selfgroup_segmentation/output/Gen/45/16
Processing complete.
Processing Gen 45:17...
Successfully processed and saved output for Gen 45:17 to /Users/joshua/work/strong_number_embedding/sn_within_unv_selfgroup_segmentation/output/Gen/45/17
Processing complete.
Processing Gen 45:18...
Successfully processed and saved output for Gen 45:18 to /Users/joshua/work/strong_number_embedding/sn_within_unv_selfgroup_segmentation/output/Gen/45/18
Processing complete.
Processing Gen 45:19...
Successfully processed and saved output for Gen 45:19 to /Users/joshua/work/strong_number_embedding/sn_within_unv_selfgroup_segmentation/output/Gen/45/19
Processing complete.
Processing Gen 45:20...
Successfully processed and saved output for Gen 45:20 to /Users/joshua/work/strong_number_embedding/sn_within_unv_selfgroup_segmentation/output/Gen/45/20
Processing complete.
Processing Gen 45:21...
Successfully processed and saved output for Gen 45:21 to /Users/joshua/work/strong_number_embedding/sn_within_unv_selfgroup_segmentation/output/Gen/45/21
Processing complete.
Processing Gen 45:22...
Successfully processed and saved output for Gen 45:22 to /Users/joshua/work/strong_number_embedding/sn_within_unv_selfgroup_segmentation/output/Gen/45/22
Processing complete.
Processing Gen 45:23...
Successfully processed and saved output for Gen 45:23 to /Users/joshua/work/strong_number_embedding/sn_within_unv_selfgroup_segmentation/output/Gen/45/23
Processing complete.
Processing Gen 45:24...
Successfully processed and saved output for Gen 45:24 to /Users/joshua/work/strong_number_embedding/sn_within_unv_selfgroup_segmentation/output/Gen/45/24
Processing complete.
Processing Gen 45:25...
Successfully processed and saved output for Gen 45:25 to /Users/joshua/work/strong_number_embedding/sn_within_unv_selfgroup_segmentation/output/Gen/45/25
Processing complete.
Processing Gen 45:26...
Successfully processed and saved output for Gen 45:26 to /Users/joshua/work/strong_number_embedding/sn_within_unv_selfgroup_segmentation/output/Gen/45/26
Processing complete.
Processing Gen 45:27...
Successfully processed and saved output for Gen 45:27 to /Users/joshua/work/strong_number_embedding/sn_within_unv_selfgroup_segmentation/output/Gen/45/27
Processing complete.
Processing Gen 45:28...
Successfully processed and saved output for Gen 45:28 to /Users/joshua/work/strong_number_embedding/sn_within_unv_selfgroup_segmentation/output/Gen/45/28
Processing complete.
  Processing Genesis chapter 46 (34 verses)...
Processing Gen 46:1...
Successfully processed and saved output for Gen 46:1 to /Users/joshua/work/strong_number_embedding/sn_within_unv_selfgroup_segmentation/output/Gen/46/1
Processing complete.
Processing Gen 46:2...
Successfully processed and saved output for Gen 46:2 to /Users/joshua/work/strong_number_embedding/sn_within_unv_selfgroup_segmentation/output/Gen/46/2
Processing complete.
Processing Gen 46:3...
Successfully processed and saved output for Gen 46:3 to /Users/joshua/work/strong_number_embedding/sn_within_unv_selfgroup_segmentation/output/Gen/46/3
Processing complete.
Processing Gen 46:4...
Successfully processed and saved output for Gen 46:4 to /Users/joshua/work/strong_number_embedding/sn_within_unv_selfgroup_segmentation/output/Gen/46/4
Processing complete.
Processing Gen 46:5...
Successfully processed and saved output for Gen 46:5 to /Users/joshua/work/strong_number_embedding/sn_within_unv_selfgroup_segmentation/output/Gen/46/5
Processing complete.
Processing Gen 46:6...
Successfully processed and saved output for Gen 46:6 to /Users/joshua/work/strong_number_embedding/sn_within_unv_selfgroup_segmentation/output/Gen/46/6
Processing complete.
Processing Gen 46:7...
Successfully processed and saved output for Gen 46:7 to /Users/joshua/work/strong_number_embedding/sn_within_unv_selfgroup_segmentation/output/Gen/46/7
Processing complete.
Processing Gen 46:8...
Successfully processed and saved output for Gen 46:8 to /Users/joshua/work/strong_number_embedding/sn_within_unv_selfgroup_segmentation/output/Gen/46/8
Processing complete.
Processing Gen 46:9...
Successfully processed and saved output for Gen 46:9 to /Users/joshua/work/strong_number_embedding/sn_within_unv_selfgroup_segmentation/output/Gen/46/9
Processing complete.
Processing Gen 46:10...
Successfully processed and saved output for Gen 46:10 to /Users/joshua/work/strong_number_embedding/sn_within_unv_selfgroup_segmentation/output/Gen/46/10
Processing complete.
Processing Gen 46:11...
Successfully processed and saved output for Gen 46:11 to /Users/joshua/work/strong_number_embedding/sn_within_unv_selfgroup_segmentation/output/Gen/46/11
Processing complete.
Processing Gen 46:12...
Successfully processed and saved output for Gen 46:12 to /Users/joshua/work/strong_number_embedding/sn_within_unv_selfgroup_segmentation/output/Gen/46/12
Processing complete.
Processing Gen 46:13...
Successfully processed and saved output for Gen 46:13 to /Users/joshua/work/strong_number_embedding/sn_within_unv_selfgroup_segmentation/output/Gen/46/13
Processing complete.
Processing Gen 46:14...
Successfully processed and saved output for Gen 46:14 to /Users/joshua/work/strong_number_embedding/sn_within_unv_selfgroup_segmentation/output/Gen/46/14
Processing complete.
Processing Gen 46:15...
Successfully processed and saved output for Gen 46:15 to /Users/joshua/work/strong_number_embedding/sn_within_unv_selfgroup_segmentation/output/Gen/46/15
Processing complete.
Processing Gen 46:16...
Successfully processed and saved output for Gen 46:16 to /Users/joshua/work/strong_number_embedding/sn_within_unv_selfgroup_segmentation/output/Gen/46/16
Processing complete.
Processing Gen 46:17...
Successfully processed and saved output for Gen 46:17 to /Users/joshua/work/strong_number_embedding/sn_within_unv_selfgroup_segmentation/output/Gen/46/17
Processing complete.
Processing Gen 46:18...
Successfully processed and saved output for Gen 46:18 to /Users/joshua/work/strong_number_embedding/sn_within_unv_selfgroup_segmentation/output/Gen/46/18
Processing complete.
Processing Gen 46:19...
Successfully processed and saved output for Gen 46:19 to /Users/joshua/work/strong_number_embedding/sn_within_unv_selfgroup_segmentation/output/Gen/46/19
Processing complete.
Processing Gen 46:20...
Successfully processed and saved output for Gen 46:20 to /Users/joshua/work/strong_number_embedding/sn_within_unv_selfgroup_segmentation/output/Gen/46/20
Processing complete.
Processing Gen 46:21...
Successfully processed and saved output for Gen 46:21 to /Users/joshua/work/strong_number_embedding/sn_within_unv_selfgroup_segmentation/output/Gen/46/21
Processing complete.
Processing Gen 46:22...
Successfully processed and saved output for Gen 46:22 to /Users/joshua/work/strong_number_embedding/sn_within_unv_selfgroup_segmentation/output/Gen/46/22
Processing complete.
Processing Gen 46:23...
Successfully processed and saved output for Gen 46:23 to /Users/joshua/work/strong_number_embedding/sn_within_unv_selfgroup_segmentation/output/Gen/46/23
Processing complete.
Processing Gen 46:24...
Successfully processed and saved output for Gen 46:24 to /Users/joshua/work/strong_number_embedding/sn_within_unv_selfgroup_segmentation/output/Gen/46/24
Processing complete.
Processing Gen 46:25...
Successfully processed and saved output for Gen 46:25 to /Users/joshua/work/strong_number_embedding/sn_within_unv_selfgroup_segmentation/output/Gen/46/25
Processing complete.
Processing Gen 46:26...
Successfully processed and saved output for Gen 46:26 to /Users/joshua/work/strong_number_embedding/sn_within_unv_selfgroup_segmentation/output/Gen/46/26
Processing complete.
Processing Gen 46:27...
Successfully processed and saved output for Gen 46:27 to /Users/joshua/work/strong_number_embedding/sn_within_unv_selfgroup_segmentation/output/Gen/46/27
Processing complete.
Processing Gen 46:28...
Successfully processed and saved output for Gen 46:28 to /Users/joshua/work/strong_number_embedding/sn_within_unv_selfgroup_segmentation/output/Gen/46/28
Processing complete.
Processing Gen 46:29...
Successfully processed and saved output for Gen 46:29 to /Users/joshua/work/strong_number_embedding/sn_within_unv_selfgroup_segmentation/output/Gen/46/29
Processing complete.
Processing Gen 46:30...
Successfully processed and saved output for Gen 46:30 to /Users/joshua/work/strong_number_embedding/sn_within_unv_selfgroup_segmentation/output/Gen/46/30
Processing complete.
Processing Gen 46:31...
Successfully processed and saved output for Gen 46:31 to /Users/joshua/work/strong_number_embedding/sn_within_unv_selfgroup_segmentation/output/Gen/46/31
Processing complete.
Processing Gen 46:32...
Successfully processed and saved output for Gen 46:32 to /Users/joshua/work/strong_number_embedding/sn_within_unv_selfgroup_segmentation/output/Gen/46/32
Processing complete.
Processing Gen 46:33...
Successfully processed and saved output for Gen 46:33 to /Users/joshua/work/strong_number_embedding/sn_within_unv_selfgroup_segmentation/output/Gen/46/33
Processing complete.
Processing Gen 46:34...
Successfully processed and saved output for Gen 46:34 to /Users/joshua/work/strong_number_embedding/sn_within_unv_selfgroup_segmentation/output/Gen/46/34
Processing complete.
  Processing Genesis chapter 47 (31 verses)...
Processing Gen 47:1...
Successfully processed and saved output for Gen 47:1 to /Users/joshua/work/strong_number_embedding/sn_within_unv_selfgroup_segmentation/output/Gen/47/1
Processing complete.
Processing Gen 47:2...
Successfully processed and saved output for Gen 47:2 to /Users/joshua/work/strong_number_embedding/sn_within_unv_selfgroup_segmentation/output/Gen/47/2
Processing complete.
Processing Gen 47:3...
Successfully processed and saved output for Gen 47:3 to /Users/joshua/work/strong_number_embedding/sn_within_unv_selfgroup_segmentation/output/Gen/47/3
Processing complete.
Processing Gen 47:4...
Successfully processed and saved output for Gen 47:4 to /Users/joshua/work/strong_number_embedding/sn_within_unv_selfgroup_segmentation/output/Gen/47/4
Processing complete.
Processing Gen 47:5...
Successfully processed and saved output for Gen 47:5 to /Users/joshua/work/strong_number_embedding/sn_within_unv_selfgroup_segmentation/output/Gen/47/5
Processing complete.
Processing Gen 47:6...
Successfully processed and saved output for Gen 47:6 to /Users/joshua/work/strong_number_embedding/sn_within_unv_selfgroup_segmentation/output/Gen/47/6
Processing complete.
Processing Gen 47:7...
Successfully processed and saved output for Gen 47:7 to /Users/joshua/work/strong_number_embedding/sn_within_unv_selfgroup_segmentation/output/Gen/47/7
Processing complete.
Processing Gen 47:8...
Successfully processed and saved output for Gen 47:8 to /Users/joshua/work/strong_number_embedding/sn_within_unv_selfgroup_segmentation/output/Gen/47/8
Processing complete.
Processing Gen 47:9...
Successfully processed and saved output for Gen 47:9 to /Users/joshua/work/strong_number_embedding/sn_within_unv_selfgroup_segmentation/output/Gen/47/9
Processing complete.
Processing Gen 47:10...
Successfully processed and saved output for Gen 47:10 to /Users/joshua/work/strong_number_embedding/sn_within_unv_selfgroup_segmentation/output/Gen/47/10
Processing complete.
Processing Gen 47:11...
Successfully processed and saved output for Gen 47:11 to /Users/joshua/work/strong_number_embedding/sn_within_unv_selfgroup_segmentation/output/Gen/47/11
Processing complete.
Processing Gen 47:12...
Successfully processed and saved output for Gen 47:12 to /Users/joshua/work/strong_number_embedding/sn_within_unv_selfgroup_segmentation/output/Gen/47/12
Processing complete.
Processing Gen 47:13...
Successfully processed and saved output for Gen 47:13 to /Users/joshua/work/strong_number_embedding/sn_within_unv_selfgroup_segmentation/output/Gen/47/13
Processing complete.
Processing Gen 47:14...
Successfully processed and saved output for Gen 47:14 to /Users/joshua/work/strong_number_embedding/sn_within_unv_selfgroup_segmentation/output/Gen/47/14
Processing complete.
Processing Gen 47:15...
Successfully processed and saved output for Gen 47:15 to /Users/joshua/work/strong_number_embedding/sn_within_unv_selfgroup_segmentation/output/Gen/47/15
Processing complete.
Processing Gen 47:16...
Successfully processed and saved output for Gen 47:16 to /Users/joshua/work/strong_number_embedding/sn_within_unv_selfgroup_segmentation/output/Gen/47/16
Processing complete.
Processing Gen 47:17...
Successfully processed and saved output for Gen 47:17 to /Users/joshua/work/strong_number_embedding/sn_within_unv_selfgroup_segmentation/output/Gen/47/17
Processing complete.
Processing Gen 47:18...
Successfully processed and saved output for Gen 47:18 to /Users/joshua/work/strong_number_embedding/sn_within_unv_selfgroup_segmentation/output/Gen/47/18
Processing complete.
Processing Gen 47:19...
Successfully processed and saved output for Gen 47:19 to /Users/joshua/work/strong_number_embedding/sn_within_unv_selfgroup_segmentation/output/Gen/47/19
Processing complete.
Processing Gen 47:20...
Successfully processed and saved output for Gen 47:20 to /Users/joshua/work/strong_number_embedding/sn_within_unv_selfgroup_segmentation/output/Gen/47/20
Processing complete.
Processing Gen 47:21...
Successfully processed and saved output for Gen 47:21 to /Users/joshua/work/strong_number_embedding/sn_within_unv_selfgroup_segmentation/output/Gen/47/21
Processing complete.
Processing Gen 47:22...
Successfully processed and saved output for Gen 47:22 to /Users/joshua/work/strong_number_embedding/sn_within_unv_selfgroup_segmentation/output/Gen/47/22
Processing complete.
Processing Gen 47:23...
Successfully processed and saved output for Gen 47:23 to /Users/joshua/work/strong_number_embedding/sn_within_unv_selfgroup_segmentation/output/Gen/47/23
Processing complete.
Processing Gen 47:24...
Successfully processed and saved output for Gen 47:24 to /Users/joshua/work/strong_number_embedding/sn_within_unv_selfgroup_segmentation/output/Gen/47/24
Processing complete.
Processing Gen 47:25...
Successfully processed and saved output for Gen 47:25 to /Users/joshua/work/strong_number_embedding/sn_within_unv_selfgroup_segmentation/output/Gen/47/25
Processing complete.
Processing Gen 47:26...
Successfully processed and saved output for Gen 47:26 to /Users/joshua/work/strong_number_embedding/sn_within_unv_selfgroup_segmentation/output/Gen/47/26
Processing complete.
Processing Gen 47:27...
Successfully processed and saved output for Gen 47:27 to /Users/joshua/work/strong_number_embedding/sn_within_unv_selfgroup_segmentation/output/Gen/47/27
Processing complete.
Processing Gen 47:28...
Successfully processed and saved output for Gen 47:28 to /Users/joshua/work/strong_number_embedding/sn_within_unv_selfgroup_segmentation/output/Gen/47/28
Processing complete.
Processing Gen 47:29...
Successfully processed and saved output for Gen 47:29 to /Users/joshua/work/strong_number_embedding/sn_within_unv_selfgroup_segmentation/output/Gen/47/29
Processing complete.
Processing Gen 47:30...
Successfully processed and saved output for Gen 47:30 to /Users/joshua/work/strong_number_embedding/sn_within_unv_selfgroup_segmentation/output/Gen/47/30
Processing complete.
Processing Gen 47:31...
Successfully processed and saved output for Gen 47:31 to /Users/joshua/work/strong_number_embedding/sn_within_unv_selfgroup_segmentation/output/Gen/47/31
Processing complete.
  Processing Genesis chapter 48 (22 verses)...
Processing Gen 48:1...
Successfully processed and saved output for Gen 48:1 to /Users/joshua/work/strong_number_embedding/sn_within_unv_selfgroup_segmentation/output/Gen/48/1
Processing complete.
Processing Gen 48:2...
Successfully processed and saved output for Gen 48:2 to /Users/joshua/work/strong_number_embedding/sn_within_unv_selfgroup_segmentation/output/Gen/48/2
Processing complete.
Processing Gen 48:3...
Successfully processed and saved output for Gen 48:3 to /Users/joshua/work/strong_number_embedding/sn_within_unv_selfgroup_segmentation/output/Gen/48/3
Processing complete.
Processing Gen 48:4...
Successfully processed and saved output for Gen 48:4 to /Users/joshua/work/strong_number_embedding/sn_within_unv_selfgroup_segmentation/output/Gen/48/4
Processing complete.
Processing Gen 48:5...
Successfully processed and saved output for Gen 48:5 to /Users/joshua/work/strong_number_embedding/sn_within_unv_selfgroup_segmentation/output/Gen/48/5
Processing complete.
Processing Gen 48:6...
Successfully processed and saved output for Gen 48:6 to /Users/joshua/work/strong_number_embedding/sn_within_unv_selfgroup_segmentation/output/Gen/48/6
Processing complete.
Processing Gen 48:7...
Successfully processed and saved output for Gen 48:7 to /Users/joshua/work/strong_number_embedding/sn_within_unv_selfgroup_segmentation/output/Gen/48/7
Processing complete.
Processing Gen 48:8...
Successfully processed and saved output for Gen 48:8 to /Users/joshua/work/strong_number_embedding/sn_within_unv_selfgroup_segmentation/output/Gen/48/8
Processing complete.
Processing Gen 48:9...
Successfully processed and saved output for Gen 48:9 to /Users/joshua/work/strong_number_embedding/sn_within_unv_selfgroup_segmentation/output/Gen/48/9
Processing complete.
Processing Gen 48:10...
Successfully processed and saved output for Gen 48:10 to /Users/joshua/work/strong_number_embedding/sn_within_unv_selfgroup_segmentation/output/Gen/48/10
Processing complete.
Processing Gen 48:11...
Successfully processed and saved output for Gen 48:11 to /Users/joshua/work/strong_number_embedding/sn_within_unv_selfgroup_segmentation/output/Gen/48/11
Processing complete.
Processing Gen 48:12...
Successfully processed and saved output for Gen 48:12 to /Users/joshua/work/strong_number_embedding/sn_within_unv_selfgroup_segmentation/output/Gen/48/12
Processing complete.
Processing Gen 48:13...
Successfully processed and saved output for Gen 48:13 to /Users/joshua/work/strong_number_embedding/sn_within_unv_selfgroup_segmentation/output/Gen/48/13
Processing complete.
Processing Gen 48:14...
Successfully processed and saved output for Gen 48:14 to /Users/joshua/work/strong_number_embedding/sn_within_unv_selfgroup_segmentation/output/Gen/48/14
Processing complete.
Processing Gen 48:15...
Successfully processed and saved output for Gen 48:15 to /Users/joshua/work/strong_number_embedding/sn_within_unv_selfgroup_segmentation/output/Gen/48/15
Processing complete.
Processing Gen 48:16...
Successfully processed and saved output for Gen 48:16 to /Users/joshua/work/strong_number_embedding/sn_within_unv_selfgroup_segmentation/output/Gen/48/16
Processing complete.
Processing Gen 48:17...
Successfully processed and saved output for Gen 48:17 to /Users/joshua/work/strong_number_embedding/sn_within_unv_selfgroup_segmentation/output/Gen/48/17
Processing complete.
Processing Gen 48:18...
Successfully processed and saved output for Gen 48:18 to /Users/joshua/work/strong_number_embedding/sn_within_unv_selfgroup_segmentation/output/Gen/48/18
Processing complete.
Processing Gen 48:19...
Successfully processed and saved output for Gen 48:19 to /Users/joshua/work/strong_number_embedding/sn_within_unv_selfgroup_segmentation/output/Gen/48/19
Processing complete.
Processing Gen 48:20...
Successfully processed and saved output for Gen 48:20 to /Users/joshua/work/strong_number_embedding/sn_within_unv_selfgroup_segmentation/output/Gen/48/20
Processing complete.
Processing Gen 48:21...
Successfully processed and saved output for Gen 48:21 to /Users/joshua/work/strong_number_embedding/sn_within_unv_selfgroup_segmentation/output/Gen/48/21
Processing complete.
Processing Gen 48:22...
Successfully processed and saved output for Gen 48:22 to /Users/joshua/work/strong_number_embedding/sn_within_unv_selfgroup_segmentation/output/Gen/48/22
Processing complete.
  Processing Genesis chapter 49 (33 verses)...
Processing Gen 49:1...
Successfully processed and saved output for Gen 49:1 to /Users/joshua/work/strong_number_embedding/sn_within_unv_selfgroup_segmentation/output/Gen/49/1
Processing complete.
Processing Gen 49:2...
Successfully processed and saved output for Gen 49:2 to /Users/joshua/work/strong_number_embedding/sn_within_unv_selfgroup_segmentation/output/Gen/49/2
Processing complete.
Processing Gen 49:3...
Successfully processed and saved output for Gen 49:3 to /Users/joshua/work/strong_number_embedding/sn_within_unv_selfgroup_segmentation/output/Gen/49/3
Processing complete.
Processing Gen 49:4...
Successfully processed and saved output for Gen 49:4 to /Users/joshua/work/strong_number_embedding/sn_within_unv_selfgroup_segmentation/output/Gen/49/4
Processing complete.
Processing Gen 49:5...
Successfully processed and saved output for Gen 49:5 to /Users/joshua/work/strong_number_embedding/sn_within_unv_selfgroup_segmentation/output/Gen/49/5
Processing complete.
Processing Gen 49:6...
Successfully processed and saved output for Gen 49:6 to /Users/joshua/work/strong_number_embedding/sn_within_unv_selfgroup_segmentation/output/Gen/49/6
Processing complete.
Processing Gen 49:7...
Successfully processed and saved output for Gen 49:7 to /Users/joshua/work/strong_number_embedding/sn_within_unv_selfgroup_segmentation/output/Gen/49/7
Processing complete.
Processing Gen 49:8...
Successfully processed and saved output for Gen 49:8 to /Users/joshua/work/strong_number_embedding/sn_within_unv_selfgroup_segmentation/output/Gen/49/8
Processing complete.
Processing Gen 49:9...
Successfully processed and saved output for Gen 49:9 to /Users/joshua/work/strong_number_embedding/sn_within_unv_selfgroup_segmentation/output/Gen/49/9
Processing complete.
Processing Gen 49:10...
Successfully processed and saved output for Gen 49:10 to /Users/joshua/work/strong_number_embedding/sn_within_unv_selfgroup_segmentation/output/Gen/49/10
Processing complete.
Processing Gen 49:11...
Successfully processed and saved output for Gen 49:11 to /Users/joshua/work/strong_number_embedding/sn_within_unv_selfgroup_segmentation/output/Gen/49/11
Processing complete.
Processing Gen 49:12...
Successfully processed and saved output for Gen 49:12 to /Users/joshua/work/strong_number_embedding/sn_within_unv_selfgroup_segmentation/output/Gen/49/12
Processing complete.
Processing Gen 49:13...
Successfully processed and saved output for Gen 49:13 to /Users/joshua/work/strong_number_embedding/sn_within_unv_selfgroup_segmentation/output/Gen/49/13
Processing complete.
Processing Gen 49:14...
Successfully processed and saved output for Gen 49:14 to /Users/joshua/work/strong_number_embedding/sn_within_unv_selfgroup_segmentation/output/Gen/49/14
Processing complete.
Processing Gen 49:15...
Successfully processed and saved output for Gen 49:15 to /Users/joshua/work/strong_number_embedding/sn_within_unv_selfgroup_segmentation/output/Gen/49/15
Processing complete.
Processing Gen 49:16...
Successfully processed and saved output for Gen 49:16 to /Users/joshua/work/strong_number_embedding/sn_within_unv_selfgroup_segmentation/output/Gen/49/16
Processing complete.
Processing Gen 49:17...
Successfully processed and saved output for Gen 49:17 to /Users/joshua/work/strong_number_embedding/sn_within_unv_selfgroup_segmentation/output/Gen/49/17
Processing complete.
Processing Gen 49:18...
Successfully processed and saved output for Gen 49:18 to /Users/joshua/work/strong_number_embedding/sn_within_unv_selfgroup_segmentation/output/Gen/49/18
Processing complete.
Processing Gen 49:19...
Successfully processed and saved output for Gen 49:19 to /Users/joshua/work/strong_number_embedding/sn_within_unv_selfgroup_segmentation/output/Gen/49/19
Processing complete.
Processing Gen 49:20...
Successfully processed and saved output for Gen 49:20 to /Users/joshua/work/strong_number_embedding/sn_within_unv_selfgroup_segmentation/output/Gen/49/20
Processing complete.
Processing Gen 49:21...
Successfully processed and saved output for Gen 49:21 to /Users/joshua/work/strong_number_embedding/sn_within_unv_selfgroup_segmentation/output/Gen/49/21
Processing complete.
Processing Gen 49:22...
Successfully processed and saved output for Gen 49:22 to /Users/joshua/work/strong_number_embedding/sn_within_unv_selfgroup_segmentation/output/Gen/49/22
Processing complete.
Processing Gen 49:23...
Successfully processed and saved output for Gen 49:23 to /Users/joshua/work/strong_number_embedding/sn_within_unv_selfgroup_segmentation/output/Gen/49/23
Processing complete.
Processing Gen 49:24...
Successfully processed and saved output for Gen 49:24 to /Users/joshua/work/strong_number_embedding/sn_within_unv_selfgroup_segmentation/output/Gen/49/24
Processing complete.
Processing Gen 49:25...
Successfully processed and saved output for Gen 49:25 to /Users/joshua/work/strong_number_embedding/sn_within_unv_selfgroup_segmentation/output/Gen/49/25
Processing complete.
Processing Gen 49:26...
Successfully processed and saved output for Gen 49:26 to /Users/joshua/work/strong_number_embedding/sn_within_unv_selfgroup_segmentation/output/Gen/49/26
Processing complete.
Processing Gen 49:27...
Successfully processed and saved output for Gen 49:27 to /Users/joshua/work/strong_number_embedding/sn_within_unv_selfgroup_segmentation/output/Gen/49/27
Processing complete.
Processing Gen 49:28...
Successfully processed and saved output for Gen 49:28 to /Users/joshua/work/strong_number_embedding/sn_within_unv_selfgroup_segmentation/output/Gen/49/28
Processing complete.
Processing Gen 49:29...
Successfully processed and saved output for Gen 49:29 to /Users/joshua/work/strong_number_embedding/sn_within_unv_selfgroup_segmentation/output/Gen/49/29
Processing complete.
Processing Gen 49:30...
Successfully processed and saved output for Gen 49:30 to /Users/joshua/work/strong_number_embedding/sn_within_unv_selfgroup_segmentation/output/Gen/49/30
Processing complete.
Processing Gen 49:31...
Successfully processed and saved output for Gen 49:31 to /Users/joshua/work/strong_number_embedding/sn_within_unv_selfgroup_segmentation/output/Gen/49/31
Processing complete.
Processing Gen 49:32...
Successfully processed and saved output for Gen 49:32 to /Users/joshua/work/strong_number_embedding/sn_within_unv_selfgroup_segmentation/output/Gen/49/32
Processing complete.
Processing Gen 49:33...
Successfully processed and saved output for Gen 49:33 to /Users/joshua/work/strong_number_embedding/sn_within_unv_selfgroup_segmentation/output/Gen/49/33
Processing complete.
  Processing Genesis chapter 50 (26 verses)...
Processing Gen 50:1...
Successfully processed and saved output for Gen 50:1 to /Users/joshua/work/strong_number_embedding/sn_within_unv_selfgroup_segmentation/output/Gen/50/1
Processing complete.
Processing Gen 50:2...
Successfully processed and saved output for Gen 50:2 to /Users/joshua/work/strong_number_embedding/sn_within_unv_selfgroup_segmentation/output/Gen/50/2
Processing complete.
Processing Gen 50:3...
Successfully processed and saved output for Gen 50:3 to /Users/joshua/work/strong_number_embedding/sn_within_unv_selfgroup_segmentation/output/Gen/50/3
Processing complete.
Processing Gen 50:4...
Successfully processed and saved output for Gen 50:4 to /Users/joshua/work/strong_number_embedding/sn_within_unv_selfgroup_segmentation/output/Gen/50/4
Processing complete.
Processing Gen 50:5...
Successfully processed and saved output for Gen 50:5 to /Users/joshua/work/strong_number_embedding/sn_within_unv_selfgroup_segmentation/output/Gen/50/5
Processing complete.
Processing Gen 50:6...
Successfully processed and saved output for Gen 50:6 to /Users/joshua/work/strong_number_embedding/sn_within_unv_selfgroup_segmentation/output/Gen/50/6
Processing complete.
Processing Gen 50:7...
Successfully processed and saved output for Gen 50:7 to /Users/joshua/work/strong_number_embedding/sn_within_unv_selfgroup_segmentation/output/Gen/50/7
Processing complete.
Processing Gen 50:8...
Successfully processed and saved output for Gen 50:8 to /Users/joshua/work/strong_number_embedding/sn_within_unv_selfgroup_segmentation/output/Gen/50/8
Processing complete.
Processing Gen 50:9...
Successfully processed and saved output for Gen 50:9 to /Users/joshua/work/strong_number_embedding/sn_within_unv_selfgroup_segmentation/output/Gen/50/9
Processing complete.
Processing Gen 50:10...
Successfully processed and saved output for Gen 50:10 to /Users/joshua/work/strong_number_embedding/sn_within_unv_selfgroup_segmentation/output/Gen/50/10
Processing complete.
Processing Gen 50:11...
Successfully processed and saved output for Gen 50:11 to /Users/joshua/work/strong_number_embedding/sn_within_unv_selfgroup_segmentation/output/Gen/50/11
Processing complete.
Processing Gen 50:12...
Successfully processed and saved output for Gen 50:12 to /Users/joshua/work/strong_number_embedding/sn_within_unv_selfgroup_segmentation/output/Gen/50/12
Processing complete.
Processing Gen 50:13...
Successfully processed and saved output for Gen 50:13 to /Users/joshua/work/strong_number_embedding/sn_within_unv_selfgroup_segmentation/output/Gen/50/13
Processing complete.
Processing Gen 50:14...
Successfully processed and saved output for Gen 50:14 to /Users/joshua/work/strong_number_embedding/sn_within_unv_selfgroup_segmentation/output/Gen/50/14
Processing complete.
Processing Gen 50:15...
Successfully processed and saved output for Gen 50:15 to /Users/joshua/work/strong_number_embedding/sn_within_unv_selfgroup_segmentation/output/Gen/50/15
Processing complete.
Processing Gen 50:16...
Successfully processed and saved output for Gen 50:16 to /Users/joshua/work/strong_number_embedding/sn_within_unv_selfgroup_segmentation/output/Gen/50/16
Processing complete.
Processing Gen 50:17...
Successfully processed and saved output for Gen 50:17 to /Users/joshua/work/strong_number_embedding/sn_within_unv_selfgroup_segmentation/output/Gen/50/17
Processing complete.
Processing Gen 50:18...
Successfully processed and saved output for Gen 50:18 to /Users/joshua/work/strong_number_embedding/sn_within_unv_selfgroup_segmentation/output/Gen/50/18
Processing complete.
Processing Gen 50:19...
Successfully processed and saved output for Gen 50:19 to /Users/joshua/work/strong_number_embedding/sn_within_unv_selfgroup_segmentation/output/Gen/50/19
Processing complete.
Processing Gen 50:20...
Successfully processed and saved output for Gen 50:20 to /Users/joshua/work/strong_number_embedding/sn_within_unv_selfgroup_segmentation/output/Gen/50/20
Processing complete.
Processing Gen 50:21...
Successfully processed and saved output for Gen 50:21 to /Users/joshua/work/strong_number_embedding/sn_within_unv_selfgroup_segmentation/output/Gen/50/21
Processing complete.
Processing Gen 50:22...
Successfully processed and saved output for Gen 50:22 to /Users/joshua/work/strong_number_embedding/sn_within_unv_selfgroup_segmentation/output/Gen/50/22
Processing complete.
Processing Gen 50:23...
Successfully processed and saved output for Gen 50:23 to /Users/joshua/work/strong_number_embedding/sn_within_unv_selfgroup_segmentation/output/Gen/50/23
Processing complete.
Processing Gen 50:24...
Successfully processed and saved output for Gen 50:24 to /Users/joshua/work/strong_number_embedding/sn_within_unv_selfgroup_segmentation/output/Gen/50/24
Processing complete.
Processing Gen 50:25...
Successfully processed and saved output for Gen 50:25 to /Users/joshua/work/strong_number_embedding/sn_within_unv_selfgroup_segmentation/output/Gen/50/25
Processing complete.
Processing Gen 50:26...
Successfully processed and saved output for Gen 50:26 to /Users/joshua/work/strong_number_embedding/sn_within_unv_selfgroup_segmentation/output/Gen/50/26
Processing complete.
Parsing Exodus (出埃及記) - 40 chapters...
  Processing Exodus chapter 1 (22 verses)...
Processing Exod 1:1...
Successfully processed and saved output for Exod 1:1 to /Users/joshua/work/strong_number_embedding/sn_within_unv_selfgroup_segmentation/output/Exod/1/1
Processing complete.
Processing Exod 1:2...
Successfully processed and saved output for Exod 1:2 to /Users/joshua/work/strong_number_embedding/sn_within_unv_selfgroup_segmentation/output/Exod/1/2
Processing complete.
Processing Exod 1:3...
Successfully processed and saved output for Exod 1:3 to /Users/joshua/work/strong_number_embedding/sn_within_unv_selfgroup_segmentation/output/Exod/1/3
Processing complete.
Processing Exod 1:4...
Successfully processed and saved output for Exod 1:4 to /Users/joshua/work/strong_number_embedding/sn_within_unv_selfgroup_segmentation/output/Exod/1/4
Processing complete.
Processing Exod 1:5...
Successfully processed and saved output for Exod 1:5 to /Users/joshua/work/strong_number_embedding/sn_within_unv_selfgroup_segmentation/output/Exod/1/5
Processing complete.
Processing Exod 1:6...
Successfully processed and saved output for Exod 1:6 to /Users/joshua/work/strong_number_embedding/sn_within_unv_selfgroup_segmentation/output/Exod/1/6
Processing complete.
Processing Exod 1:7...
Successfully processed and saved output for Exod 1:7 to /Users/joshua/work/strong_number_embedding/sn_within_unv_selfgroup_segmentation/output/Exod/1/7
Processing complete.
Processing Exod 1:8...
Successfully processed and saved output for Exod 1:8 to /Users/joshua/work/strong_number_embedding/sn_within_unv_selfgroup_segmentation/output/Exod/1/8
Processing complete.
Processing Exod 1:9...
Successfully processed and saved output for Exod 1:9 to /Users/joshua/work/strong_number_embedding/sn_within_unv_selfgroup_segmentation/output/Exod/1/9
Processing complete.
Processing Exod 1:10...
Successfully processed and saved output for Exod 1:10 to /Users/joshua/work/strong_number_embedding/sn_within_unv_selfgroup_segmentation/output/Exod/1/10
Processing complete.
Processing Exod 1:11...
Successfully processed and saved output for Exod 1:11 to /Users/joshua/work/strong_number_embedding/sn_within_unv_selfgroup_segmentation/output/Exod/1/11
Processing complete.
Processing Exod 1:12...
Successfully processed and saved output for Exod 1:12 to /Users/joshua/work/strong_number_embedding/sn_within_unv_selfgroup_segmentation/output/Exod/1/12
Processing complete.
Processing Exod 1:13...
Successfully processed and saved output for Exod 1:13 to /Users/joshua/work/strong_number_embedding/sn_within_unv_selfgroup_segmentation/output/Exod/1/13
Processing complete.
Processing Exod 1:14...
Successfully processed and saved output for Exod 1:14 to /Users/joshua/work/strong_number_embedding/sn_within_unv_selfgroup_segmentation/output/Exod/1/14
Processing complete.
Processing Exod 1:15...
Successfully processed and saved output for Exod 1:15 to /Users/joshua/work/strong_number_embedding/sn_within_unv_selfgroup_segmentation/output/Exod/1/15
Processing complete.
Processing Exod 1:16...
Successfully processed and saved output for Exod 1:16 to /Users/joshua/work/strong_number_embedding/sn_within_unv_selfgroup_segmentation/output/Exod/1/16
Processing complete.
Processing Exod 1:17...
Successfully processed and saved output for Exod 1:17 to /Users/joshua/work/strong_number_embedding/sn_within_unv_selfgroup_segmentation/output/Exod/1/17
Processing complete.
Processing Exod 1:18...
Successfully processed and saved output for Exod 1:18 to /Users/joshua/work/strong_number_embedding/sn_within_unv_selfgroup_segmentation/output/Exod/1/18
Processing complete.
Processing Exod 1:19...
Successfully processed and saved output for Exod 1:19 to /Users/joshua/work/strong_number_embedding/sn_within_unv_selfgroup_segmentation/output/Exod/1/19
Processing complete.
Processing Exod 1:20...
Successfully processed and saved output for Exod 1:20 to /Users/joshua/work/strong_number_embedding/sn_within_unv_selfgroup_segmentation/output/Exod/1/20
Processing complete.
Processing Exod 1:21...
Successfully processed and saved output for Exod 1:21 to /Users/joshua/work/strong_number_embedding/sn_within_unv_selfgroup_segmentation/output/Exod/1/21
Processing complete.
Processing Exod 1:22...
Successfully processed and saved output for Exod 1:22 to /Users/joshua/work/strong_number_embedding/sn_within_unv_selfgroup_segmentation/output/Exod/1/22
Processing complete.
  Processing Exodus chapter 2 (25 verses)...
Processing Exod 2:1...
Successfully processed and saved output for Exod 2:1 to /Users/joshua/work/strong_number_embedding/sn_within_unv_selfgroup_segmentation/output/Exod/2/1
Processing complete.
Processing Exod 2:2...
Successfully processed and saved output for Exod 2:2 to /Users/joshua/work/strong_number_embedding/sn_within_unv_selfgroup_segmentation/output/Exod/2/2
Processing complete.
Processing Exod 2:3...
Successfully processed and saved output for Exod 2:3 to /Users/joshua/work/strong_number_embedding/sn_within_unv_selfgroup_segmentation/output/Exod/2/3
Processing complete.
Processing Exod 2:4...
Successfully processed and saved output for Exod 2:4 to /Users/joshua/work/strong_number_embedding/sn_within_unv_selfgroup_segmentation/output/Exod/2/4
Processing complete.
Processing Exod 2:5...
Successfully processed and saved output for Exod 2:5 to /Users/joshua/work/strong_number_embedding/sn_within_unv_selfgroup_segmentation/output/Exod/2/5
Processing complete.
Processing Exod 2:6...
Successfully processed and saved output for Exod 2:6 to /Users/joshua/work/strong_number_embedding/sn_within_unv_selfgroup_segmentation/output/Exod/2/6
Processing complete.
Processing Exod 2:7...
Successfully processed and saved output for Exod 2:7 to /Users/joshua/work/strong_number_embedding/sn_within_unv_selfgroup_segmentation/output/Exod/2/7
Processing complete.
Processing Exod 2:8...
Successfully processed and saved output for Exod 2:8 to /Users/joshua/work/strong_number_embedding/sn_within_unv_selfgroup_segmentation/output/Exod/2/8
Processing complete.
Processing Exod 2:9...
Successfully processed and saved output for Exod 2:9 to /Users/joshua/work/strong_number_embedding/sn_within_unv_selfgroup_segmentation/output/Exod/2/9
Processing complete.
Processing Exod 2:10...
Successfully processed and saved output for Exod 2:10 to /Users/joshua/work/strong_number_embedding/sn_within_unv_selfgroup_segmentation/output/Exod/2/10
Processing complete.
Processing Exod 2:11...
Successfully processed and saved output for Exod 2:11 to /Users/joshua/work/strong_number_embedding/sn_within_unv_selfgroup_segmentation/output/Exod/2/11
Processing complete.
Processing Exod 2:12...
Successfully processed and saved output for Exod 2:12 to /Users/joshua/work/strong_number_embedding/sn_within_unv_selfgroup_segmentation/output/Exod/2/12
Processing complete.
Processing Exod 2:13...
Successfully processed and saved output for Exod 2:13 to /Users/joshua/work/strong_number_embedding/sn_within_unv_selfgroup_segmentation/output/Exod/2/13
Processing complete.
Processing Exod 2:14...
Successfully processed and saved output for Exod 2:14 to /Users/joshua/work/strong_number_embedding/sn_within_unv_selfgroup_segmentation/output/Exod/2/14
Processing complete.
Processing Exod 2:15...
Successfully processed and saved output for Exod 2:15 to /Users/joshua/work/strong_number_embedding/sn_within_unv_selfgroup_segmentation/output/Exod/2/15
Processing complete.
Processing Exod 2:16...
Successfully processed and saved output for Exod 2:16 to /Users/joshua/work/strong_number_embedding/sn_within_unv_selfgroup_segmentation/output/Exod/2/16
Processing complete.
Processing Exod 2:17...
Successfully processed and saved output for Exod 2:17 to /Users/joshua/work/strong_number_embedding/sn_within_unv_selfgroup_segmentation/output/Exod/2/17
Processing complete.
Processing Exod 2:18...
Successfully processed and saved output for Exod 2:18 to /Users/joshua/work/strong_number_embedding/sn_within_unv_selfgroup_segmentation/output/Exod/2/18
Processing complete.
Processing Exod 2:19...
Successfully processed and saved output for Exod 2:19 to /Users/joshua/work/strong_number_embedding/sn_within_unv_selfgroup_segmentation/output/Exod/2/19
Processing complete.
Processing Exod 2:20...
Successfully processed and saved output for Exod 2:20 to /Users/joshua/work/strong_number_embedding/sn_within_unv_selfgroup_segmentation/output/Exod/2/20
Processing complete.
Processing Exod 2:21...
Successfully processed and saved output for Exod 2:21 to /Users/joshua/work/strong_number_embedding/sn_within_unv_selfgroup_segmentation/output/Exod/2/21
Processing complete.
Processing Exod 2:22...
Successfully processed and saved output for Exod 2:22 to /Users/joshua/work/strong_number_embedding/sn_within_unv_selfgroup_segmentation/output/Exod/2/22
Processing complete.
Processing Exod 2:23...
Successfully processed and saved output for Exod 2:23 to /Users/joshua/work/strong_number_embedding/sn_within_unv_selfgroup_segmentation/output/Exod/2/23
Processing complete.
Processing Exod 2:24...
Successfully processed and saved output for Exod 2:24 to /Users/joshua/work/strong_number_embedding/sn_within_unv_selfgroup_segmentation/output/Exod/2/24
Processing complete.
Processing Exod 2:25...
Successfully processed and saved output for Exod 2:25 to /Users/joshua/work/strong_number_embedding/sn_within_unv_selfgroup_segmentation/output/Exod/2/25
Processing complete.
  Processing Exodus chapter 3 (22 verses)...
Processing Exod 3:1...
Successfully processed and saved output for Exod 3:1 to /Users/joshua/work/strong_number_embedding/sn_within_unv_selfgroup_segmentation/output/Exod/3/1
Processing complete.
Processing Exod 3:2...
Successfully processed and saved output for Exod 3:2 to /Users/joshua/work/strong_number_embedding/sn_within_unv_selfgroup_segmentation/output/Exod/3/2
Processing complete.
Processing Exod 3:3...
Successfully processed and saved output for Exod 3:3 to /Users/joshua/work/strong_number_embedding/sn_within_unv_selfgroup_segmentation/output/Exod/3/3
Processing complete.
Processing Exod 3:4...
Successfully processed and saved output for Exod 3:4 to /Users/joshua/work/strong_number_embedding/sn_within_unv_selfgroup_segmentation/output/Exod/3/4
Processing complete.
Processing Exod 3:5...
Successfully processed and saved output for Exod 3:5 to /Users/joshua/work/strong_number_embedding/sn_within_unv_selfgroup_segmentation/output/Exod/3/5
Processing complete.
Processing Exod 3:6...
Successfully processed and saved output for Exod 3:6 to /Users/joshua/work/strong_number_embedding/sn_within_unv_selfgroup_segmentation/output/Exod/3/6
Processing complete.
Processing Exod 3:7...
Successfully processed and saved output for Exod 3:7 to /Users/joshua/work/strong_number_embedding/sn_within_unv_selfgroup_segmentation/output/Exod/3/7
Processing complete.
Processing Exod 3:8...
Successfully processed and saved output for Exod 3:8 to /Users/joshua/work/strong_number_embedding/sn_within_unv_selfgroup_segmentation/output/Exod/3/8
Processing complete.
Processing Exod 3:9...
Successfully processed and saved output for Exod 3:9 to /Users/joshua/work/strong_number_embedding/sn_within_unv_selfgroup_segmentation/output/Exod/3/9
Processing complete.
Processing Exod 3:10...
Successfully processed and saved output for Exod 3:10 to /Users/joshua/work/strong_number_embedding/sn_within_unv_selfgroup_segmentation/output/Exod/3/10
Processing complete.
Processing Exod 3:11...
Successfully processed and saved output for Exod 3:11 to /Users/joshua/work/strong_number_embedding/sn_within_unv_selfgroup_segmentation/output/Exod/3/11
Processing complete.
Processing Exod 3:12...
Successfully processed and saved output for Exod 3:12 to /Users/joshua/work/strong_number_embedding/sn_within_unv_selfgroup_segmentation/output/Exod/3/12
Processing complete.
Processing Exod 3:13...
Successfully processed and saved output for Exod 3:13 to /Users/joshua/work/strong_number_embedding/sn_within_unv_selfgroup_segmentation/output/Exod/3/13
Processing complete.
Processing Exod 3:14...
Successfully processed and saved output for Exod 3:14 to /Users/joshua/work/strong_number_embedding/sn_within_unv_selfgroup_segmentation/output/Exod/3/14
Processing complete.
Processing Exod 3:15...
Successfully processed and saved output for Exod 3:15 to /Users/joshua/work/strong_number_embedding/sn_within_unv_selfgroup_segmentation/output/Exod/3/15
Processing complete.
Processing Exod 3:16...
Successfully processed and saved output for Exod 3:16 to /Users/joshua/work/strong_number_embedding/sn_within_unv_selfgroup_segmentation/output/Exod/3/16
Processing complete.
Processing Exod 3:17...
Successfully processed and saved output for Exod 3:17 to /Users/joshua/work/strong_number_embedding/sn_within_unv_selfgroup_segmentation/output/Exod/3/17
Processing complete.
Processing Exod 3:18...
Successfully processed and saved output for Exod 3:18 to /Users/joshua/work/strong_number_embedding/sn_within_unv_selfgroup_segmentation/output/Exod/3/18
Processing complete.
Processing Exod 3:19...
Successfully processed and saved output for Exod 3:19 to /Users/joshua/work/strong_number_embedding/sn_within_unv_selfgroup_segmentation/output/Exod/3/19
Processing complete.
Processing Exod 3:20...
Successfully processed and saved output for Exod 3:20 to /Users/joshua/work/strong_number_embedding/sn_within_unv_selfgroup_segmentation/output/Exod/3/20
Processing complete.
Processing Exod 3:21...
Successfully processed and saved output for Exod 3:21 to /Users/joshua/work/strong_number_embedding/sn_within_unv_selfgroup_segmentation/output/Exod/3/21
Processing complete.
Processing Exod 3:22...
Successfully processed and saved output for Exod 3:22 to /Users/joshua/work/strong_number_embedding/sn_within_unv_selfgroup_segmentation/output/Exod/3/22
Processing complete.
  Processing Exodus chapter 4 (31 verses)...
Processing Exod 4:1...
Successfully processed and saved output for Exod 4:1 to /Users/joshua/work/strong_number_embedding/sn_within_unv_selfgroup_segmentation/output/Exod/4/1
Processing complete.
Processing Exod 4:2...
Successfully processed and saved output for Exod 4:2 to /Users/joshua/work/strong_number_embedding/sn_within_unv_selfgroup_segmentation/output/Exod/4/2
Processing complete.
Processing Exod 4:3...
Successfully processed and saved output for Exod 4:3 to /Users/joshua/work/strong_number_embedding/sn_within_unv_selfgroup_segmentation/output/Exod/4/3
Processing complete.
Processing Exod 4:4...
Successfully processed and saved output for Exod 4:4 to /Users/joshua/work/strong_number_embedding/sn_within_unv_selfgroup_segmentation/output/Exod/4/4
Processing complete.
Processing Exod 4:5...
Successfully processed and saved output for Exod 4:5 to /Users/joshua/work/strong_number_embedding/sn_within_unv_selfgroup_segmentation/output/Exod/4/5
Processing complete.
Processing Exod 4:6...
Successfully processed and saved output for Exod 4:6 to /Users/joshua/work/strong_number_embedding/sn_within_unv_selfgroup_segmentation/output/Exod/4/6
Processing complete.
Processing Exod 4:7...
Successfully processed and saved output for Exod 4:7 to /Users/joshua/work/strong_number_embedding/sn_within_unv_selfgroup_segmentation/output/Exod/4/7
Processing complete.
Processing Exod 4:8...
Successfully processed and saved output for Exod 4:8 to /Users/joshua/work/strong_number_embedding/sn_within_unv_selfgroup_segmentation/output/Exod/4/8
Processing complete.
Processing Exod 4:9...
Successfully processed and saved output for Exod 4:9 to /Users/joshua/work/strong_number_embedding/sn_within_unv_selfgroup_segmentation/output/Exod/4/9
Processing complete.
Processing Exod 4:10...
Successfully processed and saved output for Exod 4:10 to /Users/joshua/work/strong_number_embedding/sn_within_unv_selfgroup_segmentation/output/Exod/4/10
Processing complete.
Processing Exod 4:11...
Successfully processed and saved output for Exod 4:11 to /Users/joshua/work/strong_number_embedding/sn_within_unv_selfgroup_segmentation/output/Exod/4/11
Processing complete.
Processing Exod 4:12...
Successfully processed and saved output for Exod 4:12 to /Users/joshua/work/strong_number_embedding/sn_within_unv_selfgroup_segmentation/output/Exod/4/12
Processing complete.
Processing Exod 4:13...
Successfully processed and saved output for Exod 4:13 to /Users/joshua/work/strong_number_embedding/sn_within_unv_selfgroup_segmentation/output/Exod/4/13
Processing complete.
Processing Exod 4:14...
Successfully processed and saved output for Exod 4:14 to /Users/joshua/work/strong_number_embedding/sn_within_unv_selfgroup_segmentation/output/Exod/4/14
Processing complete.
Processing Exod 4:15...
Successfully processed and saved output for Exod 4:15 to /Users/joshua/work/strong_number_embedding/sn_within_unv_selfgroup_segmentation/output/Exod/4/15
Processing complete.
Processing Exod 4:16...
Successfully processed and saved output for Exod 4:16 to /Users/joshua/work/strong_number_embedding/sn_within_unv_selfgroup_segmentation/output/Exod/4/16
Processing complete.
Processing Exod 4:17...
Successfully processed and saved output for Exod 4:17 to /Users/joshua/work/strong_number_embedding/sn_within_unv_selfgroup_segmentation/output/Exod/4/17
Processing complete.
Processing Exod 4:18...
Successfully processed and saved output for Exod 4:18 to /Users/joshua/work/strong_number_embedding/sn_within_unv_selfgroup_segmentation/output/Exod/4/18
Processing complete.
Processing Exod 4:19...
Successfully processed and saved output for Exod 4:19 to /Users/joshua/work/strong_number_embedding/sn_within_unv_selfgroup_segmentation/output/Exod/4/19
Processing complete.
Processing Exod 4:20...
Successfully processed and saved output for Exod 4:20 to /Users/joshua/work/strong_number_embedding/sn_within_unv_selfgroup_segmentation/output/Exod/4/20
Processing complete.
Processing Exod 4:21...
Successfully processed and saved output for Exod 4:21 to /Users/joshua/work/strong_number_embedding/sn_within_unv_selfgroup_segmentation/output/Exod/4/21
Processing complete.
Processing Exod 4:22...
Successfully processed and saved output for Exod 4:22 to /Users/joshua/work/strong_number_embedding/sn_within_unv_selfgroup_segmentation/output/Exod/4/22
Processing complete.
Processing Exod 4:23...
Successfully processed and saved output for Exod 4:23 to /Users/joshua/work/strong_number_embedding/sn_within_unv_selfgroup_segmentation/output/Exod/4/23
Processing complete.
Processing Exod 4:24...
Successfully processed and saved output for Exod 4:24 to /Users/joshua/work/strong_number_embedding/sn_within_unv_selfgroup_segmentation/output/Exod/4/24
Processing complete.
Processing Exod 4:25...
Successfully processed and saved output for Exod 4:25 to /Users/joshua/work/strong_number_embedding/sn_within_unv_selfgroup_segmentation/output/Exod/4/25
Processing complete.
Processing Exod 4:26...
Successfully processed and saved output for Exod 4:26 to /Users/joshua/work/strong_number_embedding/sn_within_unv_selfgroup_segmentation/output/Exod/4/26
Processing complete.
Processing Exod 4:27...
Successfully processed and saved output for Exod 4:27 to /Users/joshua/work/strong_number_embedding/sn_within_unv_selfgroup_segmentation/output/Exod/4/27
Processing complete.
Processing Exod 4:28...
Successfully processed and saved output for Exod 4:28 to /Users/joshua/work/strong_number_embedding/sn_within_unv_selfgroup_segmentation/output/Exod/4/28
Processing complete.
Processing Exod 4:29...
Successfully processed and saved output for Exod 4:29 to /Users/joshua/work/strong_number_embedding/sn_within_unv_selfgroup_segmentation/output/Exod/4/29
Processing complete.
Processing Exod 4:30...
Successfully processed and saved output for Exod 4:30 to /Users/joshua/work/strong_number_embedding/sn_within_unv_selfgroup_segmentation/output/Exod/4/30
Processing complete.
Processing Exod 4:31...
Successfully processed and saved output for Exod 4:31 to /Users/joshua/work/strong_number_embedding/sn_within_unv_selfgroup_segmentation/output/Exod/4/31
Processing complete.
  Processing Exodus chapter 5 (23 verses)...
Processing Exod 5:1...
Successfully processed and saved output for Exod 5:1 to /Users/joshua/work/strong_number_embedding/sn_within_unv_selfgroup_segmentation/output/Exod/5/1
Processing complete.
Processing Exod 5:2...
Successfully processed and saved output for Exod 5:2 to /Users/joshua/work/strong_number_embedding/sn_within_unv_selfgroup_segmentation/output/Exod/5/2
Processing complete.
Processing Exod 5:3...
Successfully processed and saved output for Exod 5:3 to /Users/joshua/work/strong_number_embedding/sn_within_unv_selfgroup_segmentation/output/Exod/5/3
Processing complete.
Processing Exod 5:4...
Successfully processed and saved output for Exod 5:4 to /Users/joshua/work/strong_number_embedding/sn_within_unv_selfgroup_segmentation/output/Exod/5/4
Processing complete.
Processing Exod 5:5...
Successfully processed and saved output for Exod 5:5 to /Users/joshua/work/strong_number_embedding/sn_within_unv_selfgroup_segmentation/output/Exod/5/5
Processing complete.
Processing Exod 5:6...
Successfully processed and saved output for Exod 5:6 to /Users/joshua/work/strong_number_embedding/sn_within_unv_selfgroup_segmentation/output/Exod/5/6
Processing complete.
Processing Exod 5:7...
Successfully processed and saved output for Exod 5:7 to /Users/joshua/work/strong_number_embedding/sn_within_unv_selfgroup_segmentation/output/Exod/5/7
Processing complete.
Processing Exod 5:8...
Successfully processed and saved output for Exod 5:8 to /Users/joshua/work/strong_number_embedding/sn_within_unv_selfgroup_segmentation/output/Exod/5/8
Processing complete.
Processing Exod 5:9...
Successfully processed and saved output for Exod 5:9 to /Users/joshua/work/strong_number_embedding/sn_within_unv_selfgroup_segmentation/output/Exod/5/9
Processing complete.
Processing Exod 5:10...
Successfully processed and saved output for Exod 5:10 to /Users/joshua/work/strong_number_embedding/sn_within_unv_selfgroup_segmentation/output/Exod/5/10
Processing complete.
Processing Exod 5:11...
Successfully processed and saved output for Exod 5:11 to /Users/joshua/work/strong_number_embedding/sn_within_unv_selfgroup_segmentation/output/Exod/5/11
Processing complete.
Processing Exod 5:12...
Successfully processed and saved output for Exod 5:12 to /Users/joshua/work/strong_number_embedding/sn_within_unv_selfgroup_segmentation/output/Exod/5/12
Processing complete.
Processing Exod 5:13...
Successfully processed and saved output for Exod 5:13 to /Users/joshua/work/strong_number_embedding/sn_within_unv_selfgroup_segmentation/output/Exod/5/13
Processing complete.
Processing Exod 5:14...
Successfully processed and saved output for Exod 5:14 to /Users/joshua/work/strong_number_embedding/sn_within_unv_selfgroup_segmentation/output/Exod/5/14
Processing complete.
Processing Exod 5:15...
Successfully processed and saved output for Exod 5:15 to /Users/joshua/work/strong_number_embedding/sn_within_unv_selfgroup_segmentation/output/Exod/5/15
Processing complete.
Processing Exod 5:16...
Successfully processed and saved output for Exod 5:16 to /Users/joshua/work/strong_number_embedding/sn_within_unv_selfgroup_segmentation/output/Exod/5/16
Processing complete.
Processing Exod 5:17...
Successfully processed and saved output for Exod 5:17 to /Users/joshua/work/strong_number_embedding/sn_within_unv_selfgroup_segmentation/output/Exod/5/17
Processing complete.
Processing Exod 5:18...
Successfully processed and saved output for Exod 5:18 to /Users/joshua/work/strong_number_embedding/sn_within_unv_selfgroup_segmentation/output/Exod/5/18
Processing complete.
Processing Exod 5:19...
Successfully processed and saved output for Exod 5:19 to /Users/joshua/work/strong_number_embedding/sn_within_unv_selfgroup_segmentation/output/Exod/5/19
Processing complete.
Processing Exod 5:20...
Successfully processed and saved output for Exod 5:20 to /Users/joshua/work/strong_number_embedding/sn_within_unv_selfgroup_segmentation/output/Exod/5/20
Processing complete.
Processing Exod 5:21...
Successfully processed and saved output for Exod 5:21 to /Users/joshua/work/strong_number_embedding/sn_within_unv_selfgroup_segmentation/output/Exod/5/21
Processing complete.
Processing Exod 5:22...
Successfully processed and saved output for Exod 5:22 to /Users/joshua/work/strong_number_embedding/sn_within_unv_selfgroup_segmentation/output/Exod/5/22
Processing complete.
Processing Exod 5:23...
Successfully processed and saved output for Exod 5:23 to /Users/joshua/work/strong_number_embedding/sn_within_unv_selfgroup_segmentation/output/Exod/5/23
Processing complete.
  Processing Exodus chapter 6 (30 verses)...
Processing Exod 6:1...
Successfully processed and saved output for Exod 6:1 to /Users/joshua/work/strong_number_embedding/sn_within_unv_selfgroup_segmentation/output/Exod/6/1
Processing complete.
Processing Exod 6:2...
Successfully processed and saved output for Exod 6:2 to /Users/joshua/work/strong_number_embedding/sn_within_unv_selfgroup_segmentation/output/Exod/6/2
Processing complete.
Processing Exod 6:3...
Successfully processed and saved output for Exod 6:3 to /Users/joshua/work/strong_number_embedding/sn_within_unv_selfgroup_segmentation/output/Exod/6/3
Processing complete.
Processing Exod 6:4...
Successfully processed and saved output for Exod 6:4 to /Users/joshua/work/strong_number_embedding/sn_within_unv_selfgroup_segmentation/output/Exod/6/4
Processing complete.
Processing Exod 6:5...
Successfully processed and saved output for Exod 6:5 to /Users/joshua/work/strong_number_embedding/sn_within_unv_selfgroup_segmentation/output/Exod/6/5
Processing complete.
Processing Exod 6:6...
Successfully processed and saved output for Exod 6:6 to /Users/joshua/work/strong_number_embedding/sn_within_unv_selfgroup_segmentation/output/Exod/6/6
Processing complete.
Processing Exod 6:7...
Successfully processed and saved output for Exod 6:7 to /Users/joshua/work/strong_number_embedding/sn_within_unv_selfgroup_segmentation/output/Exod/6/7
Processing complete.
Processing Exod 6:8...
Successfully processed and saved output for Exod 6:8 to /Users/joshua/work/strong_number_embedding/sn_within_unv_selfgroup_segmentation/output/Exod/6/8
Processing complete.
Processing Exod 6:9...
Successfully processed and saved output for Exod 6:9 to /Users/joshua/work/strong_number_embedding/sn_within_unv_selfgroup_segmentation/output/Exod/6/9
Processing complete.
Processing Exod 6:10...
Successfully processed and saved output for Exod 6:10 to /Users/joshua/work/strong_number_embedding/sn_within_unv_selfgroup_segmentation/output/Exod/6/10
Processing complete.
Processing Exod 6:11...
Successfully processed and saved output for Exod 6:11 to /Users/joshua/work/strong_number_embedding/sn_within_unv_selfgroup_segmentation/output/Exod/6/11
Processing complete.
Processing Exod 6:12...
Successfully processed and saved output for Exod 6:12 to /Users/joshua/work/strong_number_embedding/sn_within_unv_selfgroup_segmentation/output/Exod/6/12
Processing complete.
Processing Exod 6:13...
Successfully processed and saved output for Exod 6:13 to /Users/joshua/work/strong_number_embedding/sn_within_unv_selfgroup_segmentation/output/Exod/6/13
Processing complete.
Processing Exod 6:14...
Successfully processed and saved output for Exod 6:14 to /Users/joshua/work/strong_number_embedding/sn_within_unv_selfgroup_segmentation/output/Exod/6/14
Processing complete.
Processing Exod 6:15...
Successfully processed and saved output for Exod 6:15 to /Users/joshua/work/strong_number_embedding/sn_within_unv_selfgroup_segmentation/output/Exod/6/15
Processing complete.
Processing Exod 6:16...
Successfully processed and saved output for Exod 6:16 to /Users/joshua/work/strong_number_embedding/sn_within_unv_selfgroup_segmentation/output/Exod/6/16
Processing complete.
Processing Exod 6:17...
Successfully processed and saved output for Exod 6:17 to /Users/joshua/work/strong_number_embedding/sn_within_unv_selfgroup_segmentation/output/Exod/6/17
Processing complete.
Processing Exod 6:18...
Successfully processed and saved output for Exod 6:18 to /Users/joshua/work/strong_number_embedding/sn_within_unv_selfgroup_segmentation/output/Exod/6/18
Processing complete.
Processing Exod 6:19...
Successfully processed and saved output for Exod 6:19 to /Users/joshua/work/strong_number_embedding/sn_within_unv_selfgroup_segmentation/output/Exod/6/19
Processing complete.
Processing Exod 6:20...
Successfully processed and saved output for Exod 6:20 to /Users/joshua/work/strong_number_embedding/sn_within_unv_selfgroup_segmentation/output/Exod/6/20
Processing complete.
Processing Exod 6:21...
Successfully processed and saved output for Exod 6:21 to /Users/joshua/work/strong_number_embedding/sn_within_unv_selfgroup_segmentation/output/Exod/6/21
Processing complete.
Processing Exod 6:22...
Successfully processed and saved output for Exod 6:22 to /Users/joshua/work/strong_number_embedding/sn_within_unv_selfgroup_segmentation/output/Exod/6/22
Processing complete.
Processing Exod 6:23...
Successfully processed and saved output for Exod 6:23 to /Users/joshua/work/strong_number_embedding/sn_within_unv_selfgroup_segmentation/output/Exod/6/23
Processing complete.
Processing Exod 6:24...
Successfully processed and saved output for Exod 6:24 to /Users/joshua/work/strong_number_embedding/sn_within_unv_selfgroup_segmentation/output/Exod/6/24
Processing complete.
Processing Exod 6:25...
Successfully processed and saved output for Exod 6:25 to /Users/joshua/work/strong_number_embedding/sn_within_unv_selfgroup_segmentation/output/Exod/6/25
Processing complete.
Processing Exod 6:26...
Successfully processed and saved output for Exod 6:26 to /Users/joshua/work/strong_number_embedding/sn_within_unv_selfgroup_segmentation/output/Exod/6/26
Processing complete.
Processing Exod 6:27...
Successfully processed and saved output for Exod 6:27 to /Users/joshua/work/strong_number_embedding/sn_within_unv_selfgroup_segmentation/output/Exod/6/27
Processing complete.
Processing Exod 6:28...
Successfully processed and saved output for Exod 6:28 to /Users/joshua/work/strong_number_embedding/sn_within_unv_selfgroup_segmentation/output/Exod/6/28
Processing complete.
Processing Exod 6:29...
Successfully processed and saved output for Exod 6:29 to /Users/joshua/work/strong_number_embedding/sn_within_unv_selfgroup_segmentation/output/Exod/6/29
Processing complete.
Processing Exod 6:30...
Successfully processed and saved output for Exod 6:30 to /Users/joshua/work/strong_number_embedding/sn_within_unv_selfgroup_segmentation/output/Exod/6/30
Processing complete.
  Processing Exodus chapter 7 (25 verses)...
Processing Exod 7:1...
Successfully processed and saved output for Exod 7:1 to /Users/joshua/work/strong_number_embedding/sn_within_unv_selfgroup_segmentation/output/Exod/7/1
Processing complete.
Processing Exod 7:2...
Successfully processed and saved output for Exod 7:2 to /Users/joshua/work/strong_number_embedding/sn_within_unv_selfgroup_segmentation/output/Exod/7/2
Processing complete.
Processing Exod 7:3...
Successfully processed and saved output for Exod 7:3 to /Users/joshua/work/strong_number_embedding/sn_within_unv_selfgroup_segmentation/output/Exod/7/3
Processing complete.
Processing Exod 7:4...
Successfully processed and saved output for Exod 7:4 to /Users/joshua/work/strong_number_embedding/sn_within_unv_selfgroup_segmentation/output/Exod/7/4
Processing complete.
Processing Exod 7:5...
Successfully processed and saved output for Exod 7:5 to /Users/joshua/work/strong_number_embedding/sn_within_unv_selfgroup_segmentation/output/Exod/7/5
Processing complete.
Processing Exod 7:6...
Successfully processed and saved output for Exod 7:6 to /Users/joshua/work/strong_number_embedding/sn_within_unv_selfgroup_segmentation/output/Exod/7/6
Processing complete.
Processing Exod 7:7...
Successfully processed and saved output for Exod 7:7 to /Users/joshua/work/strong_number_embedding/sn_within_unv_selfgroup_segmentation/output/Exod/7/7
Processing complete.
Processing Exod 7:8...
Successfully processed and saved output for Exod 7:8 to /Users/joshua/work/strong_number_embedding/sn_within_unv_selfgroup_segmentation/output/Exod/7/8
Processing complete.
Processing Exod 7:9...
Successfully processed and saved output for Exod 7:9 to /Users/joshua/work/strong_number_embedding/sn_within_unv_selfgroup_segmentation/output/Exod/7/9
Processing complete.
Processing Exod 7:10...
Successfully processed and saved output for Exod 7:10 to /Users/joshua/work/strong_number_embedding/sn_within_unv_selfgroup_segmentation/output/Exod/7/10
Processing complete.
Processing Exod 7:11...
Successfully processed and saved output for Exod 7:11 to /Users/joshua/work/strong_number_embedding/sn_within_unv_selfgroup_segmentation/output/Exod/7/11
Processing complete.
Processing Exod 7:12...
Successfully processed and saved output for Exod 7:12 to /Users/joshua/work/strong_number_embedding/sn_within_unv_selfgroup_segmentation/output/Exod/7/12
Processing complete.
Processing Exod 7:13...
Successfully processed and saved output for Exod 7:13 to /Users/joshua/work/strong_number_embedding/sn_within_unv_selfgroup_segmentation/output/Exod/7/13
Processing complete.
Processing Exod 7:14...
Successfully processed and saved output for Exod 7:14 to /Users/joshua/work/strong_number_embedding/sn_within_unv_selfgroup_segmentation/output/Exod/7/14
Processing complete.
Processing Exod 7:15...
Successfully processed and saved output for Exod 7:15 to /Users/joshua/work/strong_number_embedding/sn_within_unv_selfgroup_segmentation/output/Exod/7/15
Processing complete.
Processing Exod 7:16...
Successfully processed and saved output for Exod 7:16 to /Users/joshua/work/strong_number_embedding/sn_within_unv_selfgroup_segmentation/output/Exod/7/16
Processing complete.
Processing Exod 7:17...
Successfully processed and saved output for Exod 7:17 to /Users/joshua/work/strong_number_embedding/sn_within_unv_selfgroup_segmentation/output/Exod/7/17
Processing complete.
Processing Exod 7:18...
Successfully processed and saved output for Exod 7:18 to /Users/joshua/work/strong_number_embedding/sn_within_unv_selfgroup_segmentation/output/Exod/7/18
Processing complete.
Processing Exod 7:19...
Successfully processed and saved output for Exod 7:19 to /Users/joshua/work/strong_number_embedding/sn_within_unv_selfgroup_segmentation/output/Exod/7/19
Processing complete.
Processing Exod 7:20...
Successfully processed and saved output for Exod 7:20 to /Users/joshua/work/strong_number_embedding/sn_within_unv_selfgroup_segmentation/output/Exod/7/20
Processing complete.
Processing Exod 7:21...
Successfully processed and saved output for Exod 7:21 to /Users/joshua/work/strong_number_embedding/sn_within_unv_selfgroup_segmentation/output/Exod/7/21
Processing complete.
Processing Exod 7:22...
Successfully processed and saved output for Exod 7:22 to /Users/joshua/work/strong_number_embedding/sn_within_unv_selfgroup_segmentation/output/Exod/7/22
Processing complete.
Processing Exod 7:23...
Successfully processed and saved output for Exod 7:23 to /Users/joshua/work/strong_number_embedding/sn_within_unv_selfgroup_segmentation/output/Exod/7/23
Processing complete.
Processing Exod 7:24...
Successfully processed and saved output for Exod 7:24 to /Users/joshua/work/strong_number_embedding/sn_within_unv_selfgroup_segmentation/output/Exod/7/24
Processing complete.
Processing Exod 7:25...
Successfully processed and saved output for Exod 7:25 to /Users/joshua/work/strong_number_embedding/sn_within_unv_selfgroup_segmentation/output/Exod/7/25
Processing complete.
  Processing Exodus chapter 8 (32 verses)...
Processing Exod 8:1...
Successfully processed and saved output for Exod 8:1 to /Users/joshua/work/strong_number_embedding/sn_within_unv_selfgroup_segmentation/output/Exod/8/1
Processing complete.
Processing Exod 8:2...
Successfully processed and saved output for Exod 8:2 to /Users/joshua/work/strong_number_embedding/sn_within_unv_selfgroup_segmentation/output/Exod/8/2
Processing complete.
Processing Exod 8:3...
Successfully processed and saved output for Exod 8:3 to /Users/joshua/work/strong_number_embedding/sn_within_unv_selfgroup_segmentation/output/Exod/8/3
Processing complete.
Processing Exod 8:4...
Successfully processed and saved output for Exod 8:4 to /Users/joshua/work/strong_number_embedding/sn_within_unv_selfgroup_segmentation/output/Exod/8/4
Processing complete.
Processing Exod 8:5...
Successfully processed and saved output for Exod 8:5 to /Users/joshua/work/strong_number_embedding/sn_within_unv_selfgroup_segmentation/output/Exod/8/5
Processing complete.
Processing Exod 8:6...
Successfully processed and saved output for Exod 8:6 to /Users/joshua/work/strong_number_embedding/sn_within_unv_selfgroup_segmentation/output/Exod/8/6
Processing complete.
Processing Exod 8:7...
Successfully processed and saved output for Exod 8:7 to /Users/joshua/work/strong_number_embedding/sn_within_unv_selfgroup_segmentation/output/Exod/8/7
Processing complete.
Processing Exod 8:8...
Successfully processed and saved output for Exod 8:8 to /Users/joshua/work/strong_number_embedding/sn_within_unv_selfgroup_segmentation/output/Exod/8/8
Processing complete.
Processing Exod 8:9...
Successfully processed and saved output for Exod 8:9 to /Users/joshua/work/strong_number_embedding/sn_within_unv_selfgroup_segmentation/output/Exod/8/9
Processing complete.
Processing Exod 8:10...
Successfully processed and saved output for Exod 8:10 to /Users/joshua/work/strong_number_embedding/sn_within_unv_selfgroup_segmentation/output/Exod/8/10
Processing complete.
Processing Exod 8:11...
Successfully processed and saved output for Exod 8:11 to /Users/joshua/work/strong_number_embedding/sn_within_unv_selfgroup_segmentation/output/Exod/8/11
Processing complete.
Processing Exod 8:12...
Successfully processed and saved output for Exod 8:12 to /Users/joshua/work/strong_number_embedding/sn_within_unv_selfgroup_segmentation/output/Exod/8/12
Processing complete.
Processing Exod 8:13...
Successfully processed and saved output for Exod 8:13 to /Users/joshua/work/strong_number_embedding/sn_within_unv_selfgroup_segmentation/output/Exod/8/13
Processing complete.
Processing Exod 8:14...
Successfully processed and saved output for Exod 8:14 to /Users/joshua/work/strong_number_embedding/sn_within_unv_selfgroup_segmentation/output/Exod/8/14
Processing complete.
Processing Exod 8:15...
Successfully processed and saved output for Exod 8:15 to /Users/joshua/work/strong_number_embedding/sn_within_unv_selfgroup_segmentation/output/Exod/8/15
Processing complete.
Processing Exod 8:16...
Successfully processed and saved output for Exod 8:16 to /Users/joshua/work/strong_number_embedding/sn_within_unv_selfgroup_segmentation/output/Exod/8/16
Processing complete.
Processing Exod 8:17...
Successfully processed and saved output for Exod 8:17 to /Users/joshua/work/strong_number_embedding/sn_within_unv_selfgroup_segmentation/output/Exod/8/17
Processing complete.
Processing Exod 8:18...
Successfully processed and saved output for Exod 8:18 to /Users/joshua/work/strong_number_embedding/sn_within_unv_selfgroup_segmentation/output/Exod/8/18
Processing complete.
Processing Exod 8:19...
Successfully processed and saved output for Exod 8:19 to /Users/joshua/work/strong_number_embedding/sn_within_unv_selfgroup_segmentation/output/Exod/8/19
Processing complete.
Processing Exod 8:20...
Successfully processed and saved output for Exod 8:20 to /Users/joshua/work/strong_number_embedding/sn_within_unv_selfgroup_segmentation/output/Exod/8/20
Processing complete.
Processing Exod 8:21...
Successfully processed and saved output for Exod 8:21 to /Users/joshua/work/strong_number_embedding/sn_within_unv_selfgroup_segmentation/output/Exod/8/21
Processing complete.
Processing Exod 8:22...
Successfully processed and saved output for Exod 8:22 to /Users/joshua/work/strong_number_embedding/sn_within_unv_selfgroup_segmentation/output/Exod/8/22
Processing complete.
Processing Exod 8:23...
Successfully processed and saved output for Exod 8:23 to /Users/joshua/work/strong_number_embedding/sn_within_unv_selfgroup_segmentation/output/Exod/8/23
Processing complete.
Processing Exod 8:24...
Successfully processed and saved output for Exod 8:24 to /Users/joshua/work/strong_number_embedding/sn_within_unv_selfgroup_segmentation/output/Exod/8/24
Processing complete.
Processing Exod 8:25...
Successfully processed and saved output for Exod 8:25 to /Users/joshua/work/strong_number_embedding/sn_within_unv_selfgroup_segmentation/output/Exod/8/25
Processing complete.
Processing Exod 8:26...
Successfully processed and saved output for Exod 8:26 to /Users/joshua/work/strong_number_embedding/sn_within_unv_selfgroup_segmentation/output/Exod/8/26
Processing complete.
Processing Exod 8:27...
Successfully processed and saved output for Exod 8:27 to /Users/joshua/work/strong_number_embedding/sn_within_unv_selfgroup_segmentation/output/Exod/8/27
Processing complete.
Processing Exod 8:28...
Successfully processed and saved output for Exod 8:28 to /Users/joshua/work/strong_number_embedding/sn_within_unv_selfgroup_segmentation/output/Exod/8/28
Processing complete.
Processing Exod 8:29...
Successfully processed and saved output for Exod 8:29 to /Users/joshua/work/strong_number_embedding/sn_within_unv_selfgroup_segmentation/output/Exod/8/29
Processing complete.
Processing Exod 8:30...
Successfully processed and saved output for Exod 8:30 to /Users/joshua/work/strong_number_embedding/sn_within_unv_selfgroup_segmentation/output/Exod/8/30
Processing complete.
Processing Exod 8:31...
Successfully processed and saved output for Exod 8:31 to /Users/joshua/work/strong_number_embedding/sn_within_unv_selfgroup_segmentation/output/Exod/8/31
Processing complete.
Processing Exod 8:32...
Successfully processed and saved output for Exod 8:32 to /Users/joshua/work/strong_number_embedding/sn_within_unv_selfgroup_segmentation/output/Exod/8/32
Processing complete.
  Processing Exodus chapter 9 (35 verses)...
Processing Exod 9:1...
Successfully processed and saved output for Exod 9:1 to /Users/joshua/work/strong_number_embedding/sn_within_unv_selfgroup_segmentation/output/Exod/9/1
Processing complete.
Processing Exod 9:2...
Successfully processed and saved output for Exod 9:2 to /Users/joshua/work/strong_number_embedding/sn_within_unv_selfgroup_segmentation/output/Exod/9/2
Processing complete.
Processing Exod 9:3...
Successfully processed and saved output for Exod 9:3 to /Users/joshua/work/strong_number_embedding/sn_within_unv_selfgroup_segmentation/output/Exod/9/3
Processing complete.
Processing Exod 9:4...
Successfully processed and saved output for Exod 9:4 to /Users/joshua/work/strong_number_embedding/sn_within_unv_selfgroup_segmentation/output/Exod/9/4
Processing complete.
Processing Exod 9:5...
Successfully processed and saved output for Exod 9:5 to /Users/joshua/work/strong_number_embedding/sn_within_unv_selfgroup_segmentation/output/Exod/9/5
Processing complete.
Processing Exod 9:6...
Successfully processed and saved output for Exod 9:6 to /Users/joshua/work/strong_number_embedding/sn_within_unv_selfgroup_segmentation/output/Exod/9/6
Processing complete.
Processing Exod 9:7...
Successfully processed and saved output for Exod 9:7 to /Users/joshua/work/strong_number_embedding/sn_within_unv_selfgroup_segmentation/output/Exod/9/7
Processing complete.
Processing Exod 9:8...
Successfully processed and saved output for Exod 9:8 to /Users/joshua/work/strong_number_embedding/sn_within_unv_selfgroup_segmentation/output/Exod/9/8
Processing complete.
Processing Exod 9:9...
Successfully processed and saved output for Exod 9:9 to /Users/joshua/work/strong_number_embedding/sn_within_unv_selfgroup_segmentation/output/Exod/9/9
Processing complete.
Processing Exod 9:10...
Successfully processed and saved output for Exod 9:10 to /Users/joshua/work/strong_number_embedding/sn_within_unv_selfgroup_segmentation/output/Exod/9/10
Processing complete.
Processing Exod 9:11...
Successfully processed and saved output for Exod 9:11 to /Users/joshua/work/strong_number_embedding/sn_within_unv_selfgroup_segmentation/output/Exod/9/11
Processing complete.
Processing Exod 9:12...
Successfully processed and saved output for Exod 9:12 to /Users/joshua/work/strong_number_embedding/sn_within_unv_selfgroup_segmentation/output/Exod/9/12
Processing complete.
Processing Exod 9:13...
Successfully processed and saved output for Exod 9:13 to /Users/joshua/work/strong_number_embedding/sn_within_unv_selfgroup_segmentation/output/Exod/9/13
Processing complete.
Processing Exod 9:14...
Successfully processed and saved output for Exod 9:14 to /Users/joshua/work/strong_number_embedding/sn_within_unv_selfgroup_segmentation/output/Exod/9/14
Processing complete.
Processing Exod 9:15...
Successfully processed and saved output for Exod 9:15 to /Users/joshua/work/strong_number_embedding/sn_within_unv_selfgroup_segmentation/output/Exod/9/15
Processing complete.
Processing Exod 9:16...
Successfully processed and saved output for Exod 9:16 to /Users/joshua/work/strong_number_embedding/sn_within_unv_selfgroup_segmentation/output/Exod/9/16
Processing complete.
Processing Exod 9:17...
Successfully processed and saved output for Exod 9:17 to /Users/joshua/work/strong_number_embedding/sn_within_unv_selfgroup_segmentation/output/Exod/9/17
Processing complete.
Processing Exod 9:18...
Successfully processed and saved output for Exod 9:18 to /Users/joshua/work/strong_number_embedding/sn_within_unv_selfgroup_segmentation/output/Exod/9/18
Processing complete.
Processing Exod 9:19...
Successfully processed and saved output for Exod 9:19 to /Users/joshua/work/strong_number_embedding/sn_within_unv_selfgroup_segmentation/output/Exod/9/19
Processing complete.
Processing Exod 9:20...
Successfully processed and saved output for Exod 9:20 to /Users/joshua/work/strong_number_embedding/sn_within_unv_selfgroup_segmentation/output/Exod/9/20
Processing complete.
Processing Exod 9:21...
Successfully processed and saved output for Exod 9:21 to /Users/joshua/work/strong_number_embedding/sn_within_unv_selfgroup_segmentation/output/Exod/9/21
Processing complete.
Processing Exod 9:22...
Successfully processed and saved output for Exod 9:22 to /Users/joshua/work/strong_number_embedding/sn_within_unv_selfgroup_segmentation/output/Exod/9/22
Processing complete.
Processing Exod 9:23...
Successfully processed and saved output for Exod 9:23 to /Users/joshua/work/strong_number_embedding/sn_within_unv_selfgroup_segmentation/output/Exod/9/23
Processing complete.
Processing Exod 9:24...
Successfully processed and saved output for Exod 9:24 to /Users/joshua/work/strong_number_embedding/sn_within_unv_selfgroup_segmentation/output/Exod/9/24
Processing complete.
Processing Exod 9:25...
Successfully processed and saved output for Exod 9:25 to /Users/joshua/work/strong_number_embedding/sn_within_unv_selfgroup_segmentation/output/Exod/9/25
Processing complete.
Processing Exod 9:26...
Successfully processed and saved output for Exod 9:26 to /Users/joshua/work/strong_number_embedding/sn_within_unv_selfgroup_segmentation/output/Exod/9/26
Processing complete.
Processing Exod 9:27...
Successfully processed and saved output for Exod 9:27 to /Users/joshua/work/strong_number_embedding/sn_within_unv_selfgroup_segmentation/output/Exod/9/27
Processing complete.
Processing Exod 9:28...
Successfully processed and saved output for Exod 9:28 to /Users/joshua/work/strong_number_embedding/sn_within_unv_selfgroup_segmentation/output/Exod/9/28
Processing complete.
Processing Exod 9:29...
Successfully processed and saved output for Exod 9:29 to /Users/joshua/work/strong_number_embedding/sn_within_unv_selfgroup_segmentation/output/Exod/9/29
Processing complete.
Processing Exod 9:30...
Successfully processed and saved output for Exod 9:30 to /Users/joshua/work/strong_number_embedding/sn_within_unv_selfgroup_segmentation/output/Exod/9/30
Processing complete.
Processing Exod 9:31...
Successfully processed and saved output for Exod 9:31 to /Users/joshua/work/strong_number_embedding/sn_within_unv_selfgroup_segmentation/output/Exod/9/31
Processing complete.
Processing Exod 9:32...
Successfully processed and saved output for Exod 9:32 to /Users/joshua/work/strong_number_embedding/sn_within_unv_selfgroup_segmentation/output/Exod/9/32
Processing complete.
Processing Exod 9:33...
Successfully processed and saved output for Exod 9:33 to /Users/joshua/work/strong_number_embedding/sn_within_unv_selfgroup_segmentation/output/Exod/9/33
Processing complete.
Processing Exod 9:34...
Successfully processed and saved output for Exod 9:34 to /Users/joshua/work/strong_number_embedding/sn_within_unv_selfgroup_segmentation/output/Exod/9/34
Processing complete.
Processing Exod 9:35...
Successfully processed and saved output for Exod 9:35 to /Users/joshua/work/strong_number_embedding/sn_within_unv_selfgroup_segmentation/output/Exod/9/35
Processing complete.
  Processing Exodus chapter 10 (29 verses)...
Processing Exod 10:1...
Successfully processed and saved output for Exod 10:1 to /Users/joshua/work/strong_number_embedding/sn_within_unv_selfgroup_segmentation/output/Exod/10/1
Processing complete.
Processing Exod 10:2...
Successfully processed and saved output for Exod 10:2 to /Users/joshua/work/strong_number_embedding/sn_within_unv_selfgroup_segmentation/output/Exod/10/2
Processing complete.
Processing Exod 10:3...
Successfully processed and saved output for Exod 10:3 to /Users/joshua/work/strong_number_embedding/sn_within_unv_selfgroup_segmentation/output/Exod/10/3
Processing complete.
Processing Exod 10:4...
Successfully processed and saved output for Exod 10:4 to /Users/joshua/work/strong_number_embedding/sn_within_unv_selfgroup_segmentation/output/Exod/10/4
Processing complete.
Processing Exod 10:5...
Successfully processed and saved output for Exod 10:5 to /Users/joshua/work/strong_number_embedding/sn_within_unv_selfgroup_segmentation/output/Exod/10/5
Processing complete.
Processing Exod 10:6...
Successfully processed and saved output for Exod 10:6 to /Users/joshua/work/strong_number_embedding/sn_within_unv_selfgroup_segmentation/output/Exod/10/6
Processing complete.
Processing Exod 10:7...
Successfully processed and saved output for Exod 10:7 to /Users/joshua/work/strong_number_embedding/sn_within_unv_selfgroup_segmentation/output/Exod/10/7
Processing complete.
Processing Exod 10:8...
Successfully processed and saved output for Exod 10:8 to /Users/joshua/work/strong_number_embedding/sn_within_unv_selfgroup_segmentation/output/Exod/10/8
Processing complete.
Processing Exod 10:9...
Successfully processed and saved output for Exod 10:9 to /Users/joshua/work/strong_number_embedding/sn_within_unv_selfgroup_segmentation/output/Exod/10/9
Processing complete.
Processing Exod 10:10...
Successfully processed and saved output for Exod 10:10 to /Users/joshua/work/strong_number_embedding/sn_within_unv_selfgroup_segmentation/output/Exod/10/10
Processing complete.
Processing Exod 10:11...
Successfully processed and saved output for Exod 10:11 to /Users/joshua/work/strong_number_embedding/sn_within_unv_selfgroup_segmentation/output/Exod/10/11
Processing complete.
Processing Exod 10:12...
Successfully processed and saved output for Exod 10:12 to /Users/joshua/work/strong_number_embedding/sn_within_unv_selfgroup_segmentation/output/Exod/10/12
Processing complete.
Processing Exod 10:13...
Successfully processed and saved output for Exod 10:13 to /Users/joshua/work/strong_number_embedding/sn_within_unv_selfgroup_segmentation/output/Exod/10/13
Processing complete.
Processing Exod 10:14...
Successfully processed and saved output for Exod 10:14 to /Users/joshua/work/strong_number_embedding/sn_within_unv_selfgroup_segmentation/output/Exod/10/14
Processing complete.
Processing Exod 10:15...
Successfully processed and saved output for Exod 10:15 to /Users/joshua/work/strong_number_embedding/sn_within_unv_selfgroup_segmentation/output/Exod/10/15
Processing complete.
Processing Exod 10:16...
Successfully processed and saved output for Exod 10:16 to /Users/joshua/work/strong_number_embedding/sn_within_unv_selfgroup_segmentation/output/Exod/10/16
Processing complete.
Processing Exod 10:17...
Successfully processed and saved output for Exod 10:17 to /Users/joshua/work/strong_number_embedding/sn_within_unv_selfgroup_segmentation/output/Exod/10/17
Processing complete.
Processing Exod 10:18...
Successfully processed and saved output for Exod 10:18 to /Users/joshua/work/strong_number_embedding/sn_within_unv_selfgroup_segmentation/output/Exod/10/18
Processing complete.
Processing Exod 10:19...
Successfully processed and saved output for Exod 10:19 to /Users/joshua/work/strong_number_embedding/sn_within_unv_selfgroup_segmentation/output/Exod/10/19
Processing complete.
Processing Exod 10:20...
Successfully processed and saved output for Exod 10:20 to /Users/joshua/work/strong_number_embedding/sn_within_unv_selfgroup_segmentation/output/Exod/10/20
Processing complete.
Processing Exod 10:21...
Successfully processed and saved output for Exod 10:21 to /Users/joshua/work/strong_number_embedding/sn_within_unv_selfgroup_segmentation/output/Exod/10/21
Processing complete.
Processing Exod 10:22...
Successfully processed and saved output for Exod 10:22 to /Users/joshua/work/strong_number_embedding/sn_within_unv_selfgroup_segmentation/output/Exod/10/22
Processing complete.
Processing Exod 10:23...
Successfully processed and saved output for Exod 10:23 to /Users/joshua/work/strong_number_embedding/sn_within_unv_selfgroup_segmentation/output/Exod/10/23
Processing complete.
Processing Exod 10:24...
Successfully processed and saved output for Exod 10:24 to /Users/joshua/work/strong_number_embedding/sn_within_unv_selfgroup_segmentation/output/Exod/10/24
Processing complete.
Processing Exod 10:25...
Successfully processed and saved output for Exod 10:25 to /Users/joshua/work/strong_number_embedding/sn_within_unv_selfgroup_segmentation/output/Exod/10/25
Processing complete.
Processing Exod 10:26...
Successfully processed and saved output for Exod 10:26 to /Users/joshua/work/strong_number_embedding/sn_within_unv_selfgroup_segmentation/output/Exod/10/26
Processing complete.
Processing Exod 10:27...
Successfully processed and saved output for Exod 10:27 to /Users/joshua/work/strong_number_embedding/sn_within_unv_selfgroup_segmentation/output/Exod/10/27
Processing complete.
Processing Exod 10:28...
Successfully processed and saved output for Exod 10:28 to /Users/joshua/work/strong_number_embedding/sn_within_unv_selfgroup_segmentation/output/Exod/10/28
Processing complete.
Processing Exod 10:29...
Successfully processed and saved output for Exod 10:29 to /Users/joshua/work/strong_number_embedding/sn_within_unv_selfgroup_segmentation/output/Exod/10/29
Processing complete.
  Processing Exodus chapter 11 (10 verses)...
Processing Exod 11:1...
Successfully processed and saved output for Exod 11:1 to /Users/joshua/work/strong_number_embedding/sn_within_unv_selfgroup_segmentation/output/Exod/11/1
Processing complete.
Processing Exod 11:2...
Successfully processed and saved output for Exod 11:2 to /Users/joshua/work/strong_number_embedding/sn_within_unv_selfgroup_segmentation/output/Exod/11/2
Processing complete.
Processing Exod 11:3...
Successfully processed and saved output for Exod 11:3 to /Users/joshua/work/strong_number_embedding/sn_within_unv_selfgroup_segmentation/output/Exod/11/3
Processing complete.
Processing Exod 11:4...
Successfully processed and saved output for Exod 11:4 to /Users/joshua/work/strong_number_embedding/sn_within_unv_selfgroup_segmentation/output/Exod/11/4
Processing complete.
Processing Exod 11:5...
Successfully processed and saved output for Exod 11:5 to /Users/joshua/work/strong_number_embedding/sn_within_unv_selfgroup_segmentation/output/Exod/11/5
Processing complete.
Processing Exod 11:6...
Successfully processed and saved output for Exod 11:6 to /Users/joshua/work/strong_number_embedding/sn_within_unv_selfgroup_segmentation/output/Exod/11/6
Processing complete.
Processing Exod 11:7...
Successfully processed and saved output for Exod 11:7 to /Users/joshua/work/strong_number_embedding/sn_within_unv_selfgroup_segmentation/output/Exod/11/7
Processing complete.
Processing Exod 11:8...
Successfully processed and saved output for Exod 11:8 to /Users/joshua/work/strong_number_embedding/sn_within_unv_selfgroup_segmentation/output/Exod/11/8
Processing complete.
Processing Exod 11:9...
Successfully processed and saved output for Exod 11:9 to /Users/joshua/work/strong_number_embedding/sn_within_unv_selfgroup_segmentation/output/Exod/11/9
Processing complete.
Processing Exod 11:10...
Successfully processed and saved output for Exod 11:10 to /Users/joshua/work/strong_number_embedding/sn_within_unv_selfgroup_segmentation/output/Exod/11/10
Processing complete.
  Processing Exodus chapter 12 (51 verses)...
Processing Exod 12:1...
Successfully processed and saved output for Exod 12:1 to /Users/joshua/work/strong_number_embedding/sn_within_unv_selfgroup_segmentation/output/Exod/12/1
Processing complete.
Processing Exod 12:2...
Successfully processed and saved output for Exod 12:2 to /Users/joshua/work/strong_number_embedding/sn_within_unv_selfgroup_segmentation/output/Exod/12/2
Processing complete.
Processing Exod 12:3...
Successfully processed and saved output for Exod 12:3 to /Users/joshua/work/strong_number_embedding/sn_within_unv_selfgroup_segmentation/output/Exod/12/3
Processing complete.
Processing Exod 12:4...
Successfully processed and saved output for Exod 12:4 to /Users/joshua/work/strong_number_embedding/sn_within_unv_selfgroup_segmentation/output/Exod/12/4
Processing complete.
Processing Exod 12:5...
Successfully processed and saved output for Exod 12:5 to /Users/joshua/work/strong_number_embedding/sn_within_unv_selfgroup_segmentation/output/Exod/12/5
Processing complete.
Processing Exod 12:6...
Successfully processed and saved output for Exod 12:6 to /Users/joshua/work/strong_number_embedding/sn_within_unv_selfgroup_segmentation/output/Exod/12/6
Processing complete.
Processing Exod 12:7...
Successfully processed and saved output for Exod 12:7 to /Users/joshua/work/strong_number_embedding/sn_within_unv_selfgroup_segmentation/output/Exod/12/7
Processing complete.
Processing Exod 12:8...
Successfully processed and saved output for Exod 12:8 to /Users/joshua/work/strong_number_embedding/sn_within_unv_selfgroup_segmentation/output/Exod/12/8
Processing complete.
Processing Exod 12:9...
Successfully processed and saved output for Exod 12:9 to /Users/joshua/work/strong_number_embedding/sn_within_unv_selfgroup_segmentation/output/Exod/12/9
Processing complete.
Processing Exod 12:10...
Successfully processed and saved output for Exod 12:10 to /Users/joshua/work/strong_number_embedding/sn_within_unv_selfgroup_segmentation/output/Exod/12/10
Processing complete.
Processing Exod 12:11...
Successfully processed and saved output for Exod 12:11 to /Users/joshua/work/strong_number_embedding/sn_within_unv_selfgroup_segmentation/output/Exod/12/11
Processing complete.
Processing Exod 12:12...
Successfully processed and saved output for Exod 12:12 to /Users/joshua/work/strong_number_embedding/sn_within_unv_selfgroup_segmentation/output/Exod/12/12
Processing complete.
Processing Exod 12:13...
Successfully processed and saved output for Exod 12:13 to /Users/joshua/work/strong_number_embedding/sn_within_unv_selfgroup_segmentation/output/Exod/12/13
Processing complete.
Processing Exod 12:14...
Successfully processed and saved output for Exod 12:14 to /Users/joshua/work/strong_number_embedding/sn_within_unv_selfgroup_segmentation/output/Exod/12/14
Processing complete.
Processing Exod 12:15...
Successfully processed and saved output for Exod 12:15 to /Users/joshua/work/strong_number_embedding/sn_within_unv_selfgroup_segmentation/output/Exod/12/15
Processing complete.
Processing Exod 12:16...
Successfully processed and saved output for Exod 12:16 to /Users/joshua/work/strong_number_embedding/sn_within_unv_selfgroup_segmentation/output/Exod/12/16
Processing complete.
Processing Exod 12:17...
Successfully processed and saved output for Exod 12:17 to /Users/joshua/work/strong_number_embedding/sn_within_unv_selfgroup_segmentation/output/Exod/12/17
Processing complete.
Processing Exod 12:18...
Successfully processed and saved output for Exod 12:18 to /Users/joshua/work/strong_number_embedding/sn_within_unv_selfgroup_segmentation/output/Exod/12/18
Processing complete.
Processing Exod 12:19...
Successfully processed and saved output for Exod 12:19 to /Users/joshua/work/strong_number_embedding/sn_within_unv_selfgroup_segmentation/output/Exod/12/19
Processing complete.
Processing Exod 12:20...
Successfully processed and saved output for Exod 12:20 to /Users/joshua/work/strong_number_embedding/sn_within_unv_selfgroup_segmentation/output/Exod/12/20
Processing complete.
Processing Exod 12:21...
Successfully processed and saved output for Exod 12:21 to /Users/joshua/work/strong_number_embedding/sn_within_unv_selfgroup_segmentation/output/Exod/12/21
Processing complete.
Processing Exod 12:22...
Successfully processed and saved output for Exod 12:22 to /Users/joshua/work/strong_number_embedding/sn_within_unv_selfgroup_segmentation/output/Exod/12/22
Processing complete.
Processing Exod 12:23...
Successfully processed and saved output for Exod 12:23 to /Users/joshua/work/strong_number_embedding/sn_within_unv_selfgroup_segmentation/output/Exod/12/23
Processing complete.
Processing Exod 12:24...
Successfully processed and saved output for Exod 12:24 to /Users/joshua/work/strong_number_embedding/sn_within_unv_selfgroup_segmentation/output/Exod/12/24
Processing complete.
Processing Exod 12:25...
Successfully processed and saved output for Exod 12:25 to /Users/joshua/work/strong_number_embedding/sn_within_unv_selfgroup_segmentation/output/Exod/12/25
Processing complete.
Processing Exod 12:26...
Successfully processed and saved output for Exod 12:26 to /Users/joshua/work/strong_number_embedding/sn_within_unv_selfgroup_segmentation/output/Exod/12/26
Processing complete.
Processing Exod 12:27...
Successfully processed and saved output for Exod 12:27 to /Users/joshua/work/strong_number_embedding/sn_within_unv_selfgroup_segmentation/output/Exod/12/27
Processing complete.
Processing Exod 12:28...
Successfully processed and saved output for Exod 12:28 to /Users/joshua/work/strong_number_embedding/sn_within_unv_selfgroup_segmentation/output/Exod/12/28
Processing complete.
Processing Exod 12:29...
Successfully processed and saved output for Exod 12:29 to /Users/joshua/work/strong_number_embedding/sn_within_unv_selfgroup_segmentation/output/Exod/12/29
Processing complete.
Processing Exod 12:30...
Successfully processed and saved output for Exod 12:30 to /Users/joshua/work/strong_number_embedding/sn_within_unv_selfgroup_segmentation/output/Exod/12/30
Processing complete.
Processing Exod 12:31...
Successfully processed and saved output for Exod 12:31 to /Users/joshua/work/strong_number_embedding/sn_within_unv_selfgroup_segmentation/output/Exod/12/31
Processing complete.
Processing Exod 12:32...
Successfully processed and saved output for Exod 12:32 to /Users/joshua/work/strong_number_embedding/sn_within_unv_selfgroup_segmentation/output/Exod/12/32
Processing complete.
Processing Exod 12:33...
Successfully processed and saved output for Exod 12:33 to /Users/joshua/work/strong_number_embedding/sn_within_unv_selfgroup_segmentation/output/Exod/12/33
Processing complete.
Processing Exod 12:34...
Successfully processed and saved output for Exod 12:34 to /Users/joshua/work/strong_number_embedding/sn_within_unv_selfgroup_segmentation/output/Exod/12/34
Processing complete.
Processing Exod 12:35...
Successfully processed and saved output for Exod 12:35 to /Users/joshua/work/strong_number_embedding/sn_within_unv_selfgroup_segmentation/output/Exod/12/35
Processing complete.
Processing Exod 12:36...
Successfully processed and saved output for Exod 12:36 to /Users/joshua/work/strong_number_embedding/sn_within_unv_selfgroup_segmentation/output/Exod/12/36
Processing complete.
Processing Exod 12:37...
Successfully processed and saved output for Exod 12:37 to /Users/joshua/work/strong_number_embedding/sn_within_unv_selfgroup_segmentation/output/Exod/12/37
Processing complete.
Processing Exod 12:38...
Successfully processed and saved output for Exod 12:38 to /Users/joshua/work/strong_number_embedding/sn_within_unv_selfgroup_segmentation/output/Exod/12/38
Processing complete.
Processing Exod 12:39...
Successfully processed and saved output for Exod 12:39 to /Users/joshua/work/strong_number_embedding/sn_within_unv_selfgroup_segmentation/output/Exod/12/39
Processing complete.
Processing Exod 12:40...
Successfully processed and saved output for Exod 12:40 to /Users/joshua/work/strong_number_embedding/sn_within_unv_selfgroup_segmentation/output/Exod/12/40
Processing complete.
Processing Exod 12:41...
Successfully processed and saved output for Exod 12:41 to /Users/joshua/work/strong_number_embedding/sn_within_unv_selfgroup_segmentation/output/Exod/12/41
Processing complete.
Processing Exod 12:42...
Successfully processed and saved output for Exod 12:42 to /Users/joshua/work/strong_number_embedding/sn_within_unv_selfgroup_segmentation/output/Exod/12/42
Processing complete.
Processing Exod 12:43...
Successfully processed and saved output for Exod 12:43 to /Users/joshua/work/strong_number_embedding/sn_within_unv_selfgroup_segmentation/output/Exod/12/43
Processing complete.
Processing Exod 12:44...
Successfully processed and saved output for Exod 12:44 to /Users/joshua/work/strong_number_embedding/sn_within_unv_selfgroup_segmentation/output/Exod/12/44
Processing complete.
Processing Exod 12:45...
Successfully processed and saved output for Exod 12:45 to /Users/joshua/work/strong_number_embedding/sn_within_unv_selfgroup_segmentation/output/Exod/12/45
Processing complete.
Processing Exod 12:46...
Successfully processed and saved output for Exod 12:46 to /Users/joshua/work/strong_number_embedding/sn_within_unv_selfgroup_segmentation/output/Exod/12/46
Processing complete.
Processing Exod 12:47...
Successfully processed and saved output for Exod 12:47 to /Users/joshua/work/strong_number_embedding/sn_within_unv_selfgroup_segmentation/output/Exod/12/47
Processing complete.
Processing Exod 12:48...
Successfully processed and saved output for Exod 12:48 to /Users/joshua/work/strong_number_embedding/sn_within_unv_selfgroup_segmentation/output/Exod/12/48
Processing complete.
Processing Exod 12:49...
Successfully processed and saved output for Exod 12:49 to /Users/joshua/work/strong_number_embedding/sn_within_unv_selfgroup_segmentation/output/Exod/12/49
Processing complete.
Processing Exod 12:50...
Successfully processed and saved output for Exod 12:50 to /Users/joshua/work/strong_number_embedding/sn_within_unv_selfgroup_segmentation/output/Exod/12/50
Processing complete.
Processing Exod 12:51...
Successfully processed and saved output for Exod 12:51 to /Users/joshua/work/strong_number_embedding/sn_within_unv_selfgroup_segmentation/output/Exod/12/51
Processing complete.
  Processing Exodus chapter 13 (22 verses)...
Processing Exod 13:1...
Successfully processed and saved output for Exod 13:1 to /Users/joshua/work/strong_number_embedding/sn_within_unv_selfgroup_segmentation/output/Exod/13/1
Processing complete.
Processing Exod 13:2...
Successfully processed and saved output for Exod 13:2 to /Users/joshua/work/strong_number_embedding/sn_within_unv_selfgroup_segmentation/output/Exod/13/2
Processing complete.
Processing Exod 13:3...
Successfully processed and saved output for Exod 13:3 to /Users/joshua/work/strong_number_embedding/sn_within_unv_selfgroup_segmentation/output/Exod/13/3
Processing complete.
Processing Exod 13:4...
Successfully processed and saved output for Exod 13:4 to /Users/joshua/work/strong_number_embedding/sn_within_unv_selfgroup_segmentation/output/Exod/13/4
Processing complete.
Processing Exod 13:5...
Successfully processed and saved output for Exod 13:5 to /Users/joshua/work/strong_number_embedding/sn_within_unv_selfgroup_segmentation/output/Exod/13/5
Processing complete.
Processing Exod 13:6...
Successfully processed and saved output for Exod 13:6 to /Users/joshua/work/strong_number_embedding/sn_within_unv_selfgroup_segmentation/output/Exod/13/6
Processing complete.
Processing Exod 13:7...
Successfully processed and saved output for Exod 13:7 to /Users/joshua/work/strong_number_embedding/sn_within_unv_selfgroup_segmentation/output/Exod/13/7
Processing complete.
Processing Exod 13:8...
Successfully processed and saved output for Exod 13:8 to /Users/joshua/work/strong_number_embedding/sn_within_unv_selfgroup_segmentation/output/Exod/13/8
Processing complete.
Processing Exod 13:9...
Successfully processed and saved output for Exod 13:9 to /Users/joshua/work/strong_number_embedding/sn_within_unv_selfgroup_segmentation/output/Exod/13/9
Processing complete.
Processing Exod 13:10...
Successfully processed and saved output for Exod 13:10 to /Users/joshua/work/strong_number_embedding/sn_within_unv_selfgroup_segmentation/output/Exod/13/10
Processing complete.
Processing Exod 13:11...
Successfully processed and saved output for Exod 13:11 to /Users/joshua/work/strong_number_embedding/sn_within_unv_selfgroup_segmentation/output/Exod/13/11
Processing complete.
Processing Exod 13:12...
Successfully processed and saved output for Exod 13:12 to /Users/joshua/work/strong_number_embedding/sn_within_unv_selfgroup_segmentation/output/Exod/13/12
Processing complete.
Processing Exod 13:13...
Successfully processed and saved output for Exod 13:13 to /Users/joshua/work/strong_number_embedding/sn_within_unv_selfgroup_segmentation/output/Exod/13/13
Processing complete.
Processing Exod 13:14...
Successfully processed and saved output for Exod 13:14 to /Users/joshua/work/strong_number_embedding/sn_within_unv_selfgroup_segmentation/output/Exod/13/14
Processing complete.
Processing Exod 13:15...
Successfully processed and saved output for Exod 13:15 to /Users/joshua/work/strong_number_embedding/sn_within_unv_selfgroup_segmentation/output/Exod/13/15
Processing complete.
Processing Exod 13:16...
Successfully processed and saved output for Exod 13:16 to /Users/joshua/work/strong_number_embedding/sn_within_unv_selfgroup_segmentation/output/Exod/13/16
Processing complete.
Processing Exod 13:17...
Successfully processed and saved output for Exod 13:17 to /Users/joshua/work/strong_number_embedding/sn_within_unv_selfgroup_segmentation/output/Exod/13/17
Processing complete.
Processing Exod 13:18...
Successfully processed and saved output for Exod 13:18 to /Users/joshua/work/strong_number_embedding/sn_within_unv_selfgroup_segmentation/output/Exod/13/18
Processing complete.
Processing Exod 13:19...
Successfully processed and saved output for Exod 13:19 to /Users/joshua/work/strong_number_embedding/sn_within_unv_selfgroup_segmentation/output/Exod/13/19
Processing complete.
Processing Exod 13:20...
Successfully processed and saved output for Exod 13:20 to /Users/joshua/work/strong_number_embedding/sn_within_unv_selfgroup_segmentation/output/Exod/13/20
Processing complete.
Processing Exod 13:21...
Successfully processed and saved output for Exod 13:21 to /Users/joshua/work/strong_number_embedding/sn_within_unv_selfgroup_segmentation/output/Exod/13/21
Processing complete.
Processing Exod 13:22...
Successfully processed and saved output for Exod 13:22 to /Users/joshua/work/strong_number_embedding/sn_within_unv_selfgroup_segmentation/output/Exod/13/22
Processing complete.
  Processing Exodus chapter 14 (31 verses)...
Processing Exod 14:1...
Successfully processed and saved output for Exod 14:1 to /Users/joshua/work/strong_number_embedding/sn_within_unv_selfgroup_segmentation/output/Exod/14/1
Processing complete.
Processing Exod 14:2...
Successfully processed and saved output for Exod 14:2 to /Users/joshua/work/strong_number_embedding/sn_within_unv_selfgroup_segmentation/output/Exod/14/2
Processing complete.
Processing Exod 14:3...
Successfully processed and saved output for Exod 14:3 to /Users/joshua/work/strong_number_embedding/sn_within_unv_selfgroup_segmentation/output/Exod/14/3
Processing complete.
Processing Exod 14:4...
Successfully processed and saved output for Exod 14:4 to /Users/joshua/work/strong_number_embedding/sn_within_unv_selfgroup_segmentation/output/Exod/14/4
Processing complete.
Processing Exod 14:5...
Successfully processed and saved output for Exod 14:5 to /Users/joshua/work/strong_number_embedding/sn_within_unv_selfgroup_segmentation/output/Exod/14/5
Processing complete.
Processing Exod 14:6...
Successfully processed and saved output for Exod 14:6 to /Users/joshua/work/strong_number_embedding/sn_within_unv_selfgroup_segmentation/output/Exod/14/6
Processing complete.
Processing Exod 14:7...
Successfully processed and saved output for Exod 14:7 to /Users/joshua/work/strong_number_embedding/sn_within_unv_selfgroup_segmentation/output/Exod/14/7
Processing complete.
Processing Exod 14:8...
Successfully processed and saved output for Exod 14:8 to /Users/joshua/work/strong_number_embedding/sn_within_unv_selfgroup_segmentation/output/Exod/14/8
Processing complete.
Processing Exod 14:9...
Successfully processed and saved output for Exod 14:9 to /Users/joshua/work/strong_number_embedding/sn_within_unv_selfgroup_segmentation/output/Exod/14/9
Processing complete.
Processing Exod 14:10...
Successfully processed and saved output for Exod 14:10 to /Users/joshua/work/strong_number_embedding/sn_within_unv_selfgroup_segmentation/output/Exod/14/10
Processing complete.
Processing Exod 14:11...
Successfully processed and saved output for Exod 14:11 to /Users/joshua/work/strong_number_embedding/sn_within_unv_selfgroup_segmentation/output/Exod/14/11
Processing complete.
Processing Exod 14:12...
Successfully processed and saved output for Exod 14:12 to /Users/joshua/work/strong_number_embedding/sn_within_unv_selfgroup_segmentation/output/Exod/14/12
Processing complete.
Processing Exod 14:13...
Successfully processed and saved output for Exod 14:13 to /Users/joshua/work/strong_number_embedding/sn_within_unv_selfgroup_segmentation/output/Exod/14/13
Processing complete.
Processing Exod 14:14...
Successfully processed and saved output for Exod 14:14 to /Users/joshua/work/strong_number_embedding/sn_within_unv_selfgroup_segmentation/output/Exod/14/14
Processing complete.
Processing Exod 14:15...
Successfully processed and saved output for Exod 14:15 to /Users/joshua/work/strong_number_embedding/sn_within_unv_selfgroup_segmentation/output/Exod/14/15
Processing complete.
Processing Exod 14:16...
Successfully processed and saved output for Exod 14:16 to /Users/joshua/work/strong_number_embedding/sn_within_unv_selfgroup_segmentation/output/Exod/14/16
Processing complete.
Processing Exod 14:17...
Successfully processed and saved output for Exod 14:17 to /Users/joshua/work/strong_number_embedding/sn_within_unv_selfgroup_segmentation/output/Exod/14/17
Processing complete.
Processing Exod 14:18...
Successfully processed and saved output for Exod 14:18 to /Users/joshua/work/strong_number_embedding/sn_within_unv_selfgroup_segmentation/output/Exod/14/18
Processing complete.
Processing Exod 14:19...
Successfully processed and saved output for Exod 14:19 to /Users/joshua/work/strong_number_embedding/sn_within_unv_selfgroup_segmentation/output/Exod/14/19
Processing complete.
Processing Exod 14:20...
Successfully processed and saved output for Exod 14:20 to /Users/joshua/work/strong_number_embedding/sn_within_unv_selfgroup_segmentation/output/Exod/14/20
Processing complete.
Processing Exod 14:21...
Successfully processed and saved output for Exod 14:21 to /Users/joshua/work/strong_number_embedding/sn_within_unv_selfgroup_segmentation/output/Exod/14/21
Processing complete.
Processing Exod 14:22...
Successfully processed and saved output for Exod 14:22 to /Users/joshua/work/strong_number_embedding/sn_within_unv_selfgroup_segmentation/output/Exod/14/22
Processing complete.
Processing Exod 14:23...
Successfully processed and saved output for Exod 14:23 to /Users/joshua/work/strong_number_embedding/sn_within_unv_selfgroup_segmentation/output/Exod/14/23
Processing complete.
Processing Exod 14:24...
Successfully processed and saved output for Exod 14:24 to /Users/joshua/work/strong_number_embedding/sn_within_unv_selfgroup_segmentation/output/Exod/14/24
Processing complete.
Processing Exod 14:25...
Successfully processed and saved output for Exod 14:25 to /Users/joshua/work/strong_number_embedding/sn_within_unv_selfgroup_segmentation/output/Exod/14/25
Processing complete.
Processing Exod 14:26...
Successfully processed and saved output for Exod 14:26 to /Users/joshua/work/strong_number_embedding/sn_within_unv_selfgroup_segmentation/output/Exod/14/26
Processing complete.
Processing Exod 14:27...
Successfully processed and saved output for Exod 14:27 to /Users/joshua/work/strong_number_embedding/sn_within_unv_selfgroup_segmentation/output/Exod/14/27
Processing complete.
Processing Exod 14:28...
Successfully processed and saved output for Exod 14:28 to /Users/joshua/work/strong_number_embedding/sn_within_unv_selfgroup_segmentation/output/Exod/14/28
Processing complete.
Processing Exod 14:29...
Successfully processed and saved output for Exod 14:29 to /Users/joshua/work/strong_number_embedding/sn_within_unv_selfgroup_segmentation/output/Exod/14/29
Processing complete.
Processing Exod 14:30...
Successfully processed and saved output for Exod 14:30 to /Users/joshua/work/strong_number_embedding/sn_within_unv_selfgroup_segmentation/output/Exod/14/30
Processing complete.
Processing Exod 14:31...
Successfully processed and saved output for Exod 14:31 to /Users/joshua/work/strong_number_embedding/sn_within_unv_selfgroup_segmentation/output/Exod/14/31
Processing complete.
  Processing Exodus chapter 15 (27 verses)...
Processing Exod 15:1...
Successfully processed and saved output for Exod 15:1 to /Users/joshua/work/strong_number_embedding/sn_within_unv_selfgroup_segmentation/output/Exod/15/1
Processing complete.
Processing Exod 15:2...
Successfully processed and saved output for Exod 15:2 to /Users/joshua/work/strong_number_embedding/sn_within_unv_selfgroup_segmentation/output/Exod/15/2
Processing complete.
Processing Exod 15:3...
Successfully processed and saved output for Exod 15:3 to /Users/joshua/work/strong_number_embedding/sn_within_unv_selfgroup_segmentation/output/Exod/15/3
Processing complete.
Processing Exod 15:4...
Successfully processed and saved output for Exod 15:4 to /Users/joshua/work/strong_number_embedding/sn_within_unv_selfgroup_segmentation/output/Exod/15/4
Processing complete.
Processing Exod 15:5...
Successfully processed and saved output for Exod 15:5 to /Users/joshua/work/strong_number_embedding/sn_within_unv_selfgroup_segmentation/output/Exod/15/5
Processing complete.
Processing Exod 15:6...
Successfully processed and saved output for Exod 15:6 to /Users/joshua/work/strong_number_embedding/sn_within_unv_selfgroup_segmentation/output/Exod/15/6
Processing complete.
Processing Exod 15:7...
Successfully processed and saved output for Exod 15:7 to /Users/joshua/work/strong_number_embedding/sn_within_unv_selfgroup_segmentation/output/Exod/15/7
Processing complete.
Processing Exod 15:8...
Successfully processed and saved output for Exod 15:8 to /Users/joshua/work/strong_number_embedding/sn_within_unv_selfgroup_segmentation/output/Exod/15/8
Processing complete.
Processing Exod 15:9...
Successfully processed and saved output for Exod 15:9 to /Users/joshua/work/strong_number_embedding/sn_within_unv_selfgroup_segmentation/output/Exod/15/9
Processing complete.
Processing Exod 15:10...
Successfully processed and saved output for Exod 15:10 to /Users/joshua/work/strong_number_embedding/sn_within_unv_selfgroup_segmentation/output/Exod/15/10
Processing complete.
Processing Exod 15:11...
Successfully processed and saved output for Exod 15:11 to /Users/joshua/work/strong_number_embedding/sn_within_unv_selfgroup_segmentation/output/Exod/15/11
Processing complete.
Processing Exod 15:12...
Successfully processed and saved output for Exod 15:12 to /Users/joshua/work/strong_number_embedding/sn_within_unv_selfgroup_segmentation/output/Exod/15/12
Processing complete.
Processing Exod 15:13...
Successfully processed and saved output for Exod 15:13 to /Users/joshua/work/strong_number_embedding/sn_within_unv_selfgroup_segmentation/output/Exod/15/13
Processing complete.
Processing Exod 15:14...
Successfully processed and saved output for Exod 15:14 to /Users/joshua/work/strong_number_embedding/sn_within_unv_selfgroup_segmentation/output/Exod/15/14
Processing complete.
Processing Exod 15:15...
Successfully processed and saved output for Exod 15:15 to /Users/joshua/work/strong_number_embedding/sn_within_unv_selfgroup_segmentation/output/Exod/15/15
Processing complete.
Processing Exod 15:16...
Successfully processed and saved output for Exod 15:16 to /Users/joshua/work/strong_number_embedding/sn_within_unv_selfgroup_segmentation/output/Exod/15/16
Processing complete.
Processing Exod 15:17...
Successfully processed and saved output for Exod 15:17 to /Users/joshua/work/strong_number_embedding/sn_within_unv_selfgroup_segmentation/output/Exod/15/17
Processing complete.
Processing Exod 15:18...
Successfully processed and saved output for Exod 15:18 to /Users/joshua/work/strong_number_embedding/sn_within_unv_selfgroup_segmentation/output/Exod/15/18
Processing complete.
Processing Exod 15:19...
Successfully processed and saved output for Exod 15:19 to /Users/joshua/work/strong_number_embedding/sn_within_unv_selfgroup_segmentation/output/Exod/15/19
Processing complete.
Processing Exod 15:20...
Successfully processed and saved output for Exod 15:20 to /Users/joshua/work/strong_number_embedding/sn_within_unv_selfgroup_segmentation/output/Exod/15/20
Processing complete.
Processing Exod 15:21...
Successfully processed and saved output for Exod 15:21 to /Users/joshua/work/strong_number_embedding/sn_within_unv_selfgroup_segmentation/output/Exod/15/21
Processing complete.
Processing Exod 15:22...
Successfully processed and saved output for Exod 15:22 to /Users/joshua/work/strong_number_embedding/sn_within_unv_selfgroup_segmentation/output/Exod/15/22
Processing complete.
Processing Exod 15:23...
Successfully processed and saved output for Exod 15:23 to /Users/joshua/work/strong_number_embedding/sn_within_unv_selfgroup_segmentation/output/Exod/15/23
Processing complete.
Processing Exod 15:24...
Successfully processed and saved output for Exod 15:24 to /Users/joshua/work/strong_number_embedding/sn_within_unv_selfgroup_segmentation/output/Exod/15/24
Processing complete.
Processing Exod 15:25...
Successfully processed and saved output for Exod 15:25 to /Users/joshua/work/strong_number_embedding/sn_within_unv_selfgroup_segmentation/output/Exod/15/25
Processing complete.
Processing Exod 15:26...
Successfully processed and saved output for Exod 15:26 to /Users/joshua/work/strong_number_embedding/sn_within_unv_selfgroup_segmentation/output/Exod/15/26
Processing complete.
Processing Exod 15:27...
Successfully processed and saved output for Exod 15:27 to /Users/joshua/work/strong_number_embedding/sn_within_unv_selfgroup_segmentation/output/Exod/15/27
Processing complete.
  Processing Exodus chapter 16 (36 verses)...
Processing Exod 16:1...
Successfully processed and saved output for Exod 16:1 to /Users/joshua/work/strong_number_embedding/sn_within_unv_selfgroup_segmentation/output/Exod/16/1
Processing complete.
Processing Exod 16:2...
Successfully processed and saved output for Exod 16:2 to /Users/joshua/work/strong_number_embedding/sn_within_unv_selfgroup_segmentation/output/Exod/16/2
Processing complete.
Processing Exod 16:3...
Successfully processed and saved output for Exod 16:3 to /Users/joshua/work/strong_number_embedding/sn_within_unv_selfgroup_segmentation/output/Exod/16/3
Processing complete.
Processing Exod 16:4...
Successfully processed and saved output for Exod 16:4 to /Users/joshua/work/strong_number_embedding/sn_within_unv_selfgroup_segmentation/output/Exod/16/4
Processing complete.
Processing Exod 16:5...
Successfully processed and saved output for Exod 16:5 to /Users/joshua/work/strong_number_embedding/sn_within_unv_selfgroup_segmentation/output/Exod/16/5
Processing complete.
Processing Exod 16:6...
Successfully processed and saved output for Exod 16:6 to /Users/joshua/work/strong_number_embedding/sn_within_unv_selfgroup_segmentation/output/Exod/16/6
Processing complete.
Processing Exod 16:7...
Successfully processed and saved output for Exod 16:7 to /Users/joshua/work/strong_number_embedding/sn_within_unv_selfgroup_segmentation/output/Exod/16/7
Processing complete.
Processing Exod 16:8...
Successfully processed and saved output for Exod 16:8 to /Users/joshua/work/strong_number_embedding/sn_within_unv_selfgroup_segmentation/output/Exod/16/8
Processing complete.
Processing Exod 16:9...
Successfully processed and saved output for Exod 16:9 to /Users/joshua/work/strong_number_embedding/sn_within_unv_selfgroup_segmentation/output/Exod/16/9
Processing complete.
Processing Exod 16:10...
Successfully processed and saved output for Exod 16:10 to /Users/joshua/work/strong_number_embedding/sn_within_unv_selfgroup_segmentation/output/Exod/16/10
Processing complete.
Processing Exod 16:11...
Successfully processed and saved output for Exod 16:11 to /Users/joshua/work/strong_number_embedding/sn_within_unv_selfgroup_segmentation/output/Exod/16/11
Processing complete.
Processing Exod 16:12...
Successfully processed and saved output for Exod 16:12 to /Users/joshua/work/strong_number_embedding/sn_within_unv_selfgroup_segmentation/output/Exod/16/12
Processing complete.
Processing Exod 16:13...
Successfully processed and saved output for Exod 16:13 to /Users/joshua/work/strong_number_embedding/sn_within_unv_selfgroup_segmentation/output/Exod/16/13
Processing complete.
Processing Exod 16:14...
Successfully processed and saved output for Exod 16:14 to /Users/joshua/work/strong_number_embedding/sn_within_unv_selfgroup_segmentation/output/Exod/16/14
Processing complete.
Processing Exod 16:15...
Successfully processed and saved output for Exod 16:15 to /Users/joshua/work/strong_number_embedding/sn_within_unv_selfgroup_segmentation/output/Exod/16/15
Processing complete.
Processing Exod 16:16...
Successfully processed and saved output for Exod 16:16 to /Users/joshua/work/strong_number_embedding/sn_within_unv_selfgroup_segmentation/output/Exod/16/16
Processing complete.
Processing Exod 16:17...
Successfully processed and saved output for Exod 16:17 to /Users/joshua/work/strong_number_embedding/sn_within_unv_selfgroup_segmentation/output/Exod/16/17
Processing complete.
Processing Exod 16:18...
Successfully processed and saved output for Exod 16:18 to /Users/joshua/work/strong_number_embedding/sn_within_unv_selfgroup_segmentation/output/Exod/16/18
Processing complete.
Processing Exod 16:19...
Successfully processed and saved output for Exod 16:19 to /Users/joshua/work/strong_number_embedding/sn_within_unv_selfgroup_segmentation/output/Exod/16/19
Processing complete.
Processing Exod 16:20...
Successfully processed and saved output for Exod 16:20 to /Users/joshua/work/strong_number_embedding/sn_within_unv_selfgroup_segmentation/output/Exod/16/20
Processing complete.
Processing Exod 16:21...
Successfully processed and saved output for Exod 16:21 to /Users/joshua/work/strong_number_embedding/sn_within_unv_selfgroup_segmentation/output/Exod/16/21
Processing complete.
Processing Exod 16:22...
Successfully processed and saved output for Exod 16:22 to /Users/joshua/work/strong_number_embedding/sn_within_unv_selfgroup_segmentation/output/Exod/16/22
Processing complete.
Processing Exod 16:23...
Successfully processed and saved output for Exod 16:23 to /Users/joshua/work/strong_number_embedding/sn_within_unv_selfgroup_segmentation/output/Exod/16/23
Processing complete.
Processing Exod 16:24...
Successfully processed and saved output for Exod 16:24 to /Users/joshua/work/strong_number_embedding/sn_within_unv_selfgroup_segmentation/output/Exod/16/24
Processing complete.
Processing Exod 16:25...
Successfully processed and saved output for Exod 16:25 to /Users/joshua/work/strong_number_embedding/sn_within_unv_selfgroup_segmentation/output/Exod/16/25
Processing complete.
Processing Exod 16:26...
Successfully processed and saved output for Exod 16:26 to /Users/joshua/work/strong_number_embedding/sn_within_unv_selfgroup_segmentation/output/Exod/16/26
Processing complete.
Processing Exod 16:27...
Successfully processed and saved output for Exod 16:27 to /Users/joshua/work/strong_number_embedding/sn_within_unv_selfgroup_segmentation/output/Exod/16/27
Processing complete.
Processing Exod 16:28...
Successfully processed and saved output for Exod 16:28 to /Users/joshua/work/strong_number_embedding/sn_within_unv_selfgroup_segmentation/output/Exod/16/28
Processing complete.
Processing Exod 16:29...
Successfully processed and saved output for Exod 16:29 to /Users/joshua/work/strong_number_embedding/sn_within_unv_selfgroup_segmentation/output/Exod/16/29
Processing complete.
Processing Exod 16:30...
Successfully processed and saved output for Exod 16:30 to /Users/joshua/work/strong_number_embedding/sn_within_unv_selfgroup_segmentation/output/Exod/16/30
Processing complete.
Processing Exod 16:31...
Successfully processed and saved output for Exod 16:31 to /Users/joshua/work/strong_number_embedding/sn_within_unv_selfgroup_segmentation/output/Exod/16/31
Processing complete.
Processing Exod 16:32...
Successfully processed and saved output for Exod 16:32 to /Users/joshua/work/strong_number_embedding/sn_within_unv_selfgroup_segmentation/output/Exod/16/32
Processing complete.
Processing Exod 16:33...
Successfully processed and saved output for Exod 16:33 to /Users/joshua/work/strong_number_embedding/sn_within_unv_selfgroup_segmentation/output/Exod/16/33
Processing complete.
Processing Exod 16:34...
Successfully processed and saved output for Exod 16:34 to /Users/joshua/work/strong_number_embedding/sn_within_unv_selfgroup_segmentation/output/Exod/16/34
Processing complete.
Processing Exod 16:35...
Successfully processed and saved output for Exod 16:35 to /Users/joshua/work/strong_number_embedding/sn_within_unv_selfgroup_segmentation/output/Exod/16/35
Processing complete.
Processing Exod 16:36...
Successfully processed and saved output for Exod 16:36 to /Users/joshua/work/strong_number_embedding/sn_within_unv_selfgroup_segmentation/output/Exod/16/36
Processing complete.
  Processing Exodus chapter 17 (16 verses)...
Processing Exod 17:1...
Successfully processed and saved output for Exod 17:1 to /Users/joshua/work/strong_number_embedding/sn_within_unv_selfgroup_segmentation/output/Exod/17/1
Processing complete.
Processing Exod 17:2...
Successfully processed and saved output for Exod 17:2 to /Users/joshua/work/strong_number_embedding/sn_within_unv_selfgroup_segmentation/output/Exod/17/2
Processing complete.
Processing Exod 17:3...
Successfully processed and saved output for Exod 17:3 to /Users/joshua/work/strong_number_embedding/sn_within_unv_selfgroup_segmentation/output/Exod/17/3
Processing complete.
Processing Exod 17:4...
Successfully processed and saved output for Exod 17:4 to /Users/joshua/work/strong_number_embedding/sn_within_unv_selfgroup_segmentation/output/Exod/17/4
Processing complete.
Processing Exod 17:5...
Successfully processed and saved output for Exod 17:5 to /Users/joshua/work/strong_number_embedding/sn_within_unv_selfgroup_segmentation/output/Exod/17/5
Processing complete.
Processing Exod 17:6...
Successfully processed and saved output for Exod 17:6 to /Users/joshua/work/strong_number_embedding/sn_within_unv_selfgroup_segmentation/output/Exod/17/6
Processing complete.
Processing Exod 17:7...
Successfully processed and saved output for Exod 17:7 to /Users/joshua/work/strong_number_embedding/sn_within_unv_selfgroup_segmentation/output/Exod/17/7
Processing complete.
Processing Exod 17:8...
Successfully processed and saved output for Exod 17:8 to /Users/joshua/work/strong_number_embedding/sn_within_unv_selfgroup_segmentation/output/Exod/17/8
Processing complete.
Processing Exod 17:9...
Successfully processed and saved output for Exod 17:9 to /Users/joshua/work/strong_number_embedding/sn_within_unv_selfgroup_segmentation/output/Exod/17/9
Processing complete.
Processing Exod 17:10...
Successfully processed and saved output for Exod 17:10 to /Users/joshua/work/strong_number_embedding/sn_within_unv_selfgroup_segmentation/output/Exod/17/10
Processing complete.
Processing Exod 17:11...
Successfully processed and saved output for Exod 17:11 to /Users/joshua/work/strong_number_embedding/sn_within_unv_selfgroup_segmentation/output/Exod/17/11
Processing complete.
Processing Exod 17:12...
Successfully processed and saved output for Exod 17:12 to /Users/joshua/work/strong_number_embedding/sn_within_unv_selfgroup_segmentation/output/Exod/17/12
Processing complete.
Processing Exod 17:13...
Successfully processed and saved output for Exod 17:13 to /Users/joshua/work/strong_number_embedding/sn_within_unv_selfgroup_segmentation/output/Exod/17/13
Processing complete.
Processing Exod 17:14...
Successfully processed and saved output for Exod 17:14 to /Users/joshua/work/strong_number_embedding/sn_within_unv_selfgroup_segmentation/output/Exod/17/14
Processing complete.
Processing Exod 17:15...
Successfully processed and saved output for Exod 17:15 to /Users/joshua/work/strong_number_embedding/sn_within_unv_selfgroup_segmentation/output/Exod/17/15
Processing complete.
Processing Exod 17:16...
Successfully processed and saved output for Exod 17:16 to /Users/joshua/work/strong_number_embedding/sn_within_unv_selfgroup_segmentation/output/Exod/17/16
Processing complete.
  Processing Exodus chapter 18 (27 verses)...
Processing Exod 18:1...
Successfully processed and saved output for Exod 18:1 to /Users/joshua/work/strong_number_embedding/sn_within_unv_selfgroup_segmentation/output/Exod/18/1
Processing complete.
Processing Exod 18:2...
Successfully processed and saved output for Exod 18:2 to /Users/joshua/work/strong_number_embedding/sn_within_unv_selfgroup_segmentation/output/Exod/18/2
Processing complete.
Processing Exod 18:3...
Successfully processed and saved output for Exod 18:3 to /Users/joshua/work/strong_number_embedding/sn_within_unv_selfgroup_segmentation/output/Exod/18/3
Processing complete.
Processing Exod 18:4...
Successfully processed and saved output for Exod 18:4 to /Users/joshua/work/strong_number_embedding/sn_within_unv_selfgroup_segmentation/output/Exod/18/4
Processing complete.
Processing Exod 18:5...
Successfully processed and saved output for Exod 18:5 to /Users/joshua/work/strong_number_embedding/sn_within_unv_selfgroup_segmentation/output/Exod/18/5
Processing complete.
Processing Exod 18:6...
Successfully processed and saved output for Exod 18:6 to /Users/joshua/work/strong_number_embedding/sn_within_unv_selfgroup_segmentation/output/Exod/18/6
Processing complete.
Processing Exod 18:7...
Successfully processed and saved output for Exod 18:7 to /Users/joshua/work/strong_number_embedding/sn_within_unv_selfgroup_segmentation/output/Exod/18/7
Processing complete.
Processing Exod 18:8...
Successfully processed and saved output for Exod 18:8 to /Users/joshua/work/strong_number_embedding/sn_within_unv_selfgroup_segmentation/output/Exod/18/8
Processing complete.
Processing Exod 18:9...
Successfully processed and saved output for Exod 18:9 to /Users/joshua/work/strong_number_embedding/sn_within_unv_selfgroup_segmentation/output/Exod/18/9
Processing complete.
Processing Exod 18:10...
Successfully processed and saved output for Exod 18:10 to /Users/joshua/work/strong_number_embedding/sn_within_unv_selfgroup_segmentation/output/Exod/18/10
Processing complete.
Processing Exod 18:11...
Successfully processed and saved output for Exod 18:11 to /Users/joshua/work/strong_number_embedding/sn_within_unv_selfgroup_segmentation/output/Exod/18/11
Processing complete.
Processing Exod 18:12...
Successfully processed and saved output for Exod 18:12 to /Users/joshua/work/strong_number_embedding/sn_within_unv_selfgroup_segmentation/output/Exod/18/12
Processing complete.
Processing Exod 18:13...
Successfully processed and saved output for Exod 18:13 to /Users/joshua/work/strong_number_embedding/sn_within_unv_selfgroup_segmentation/output/Exod/18/13
Processing complete.
Processing Exod 18:14...
Successfully processed and saved output for Exod 18:14 to /Users/joshua/work/strong_number_embedding/sn_within_unv_selfgroup_segmentation/output/Exod/18/14
Processing complete.
Processing Exod 18:15...
Successfully processed and saved output for Exod 18:15 to /Users/joshua/work/strong_number_embedding/sn_within_unv_selfgroup_segmentation/output/Exod/18/15
Processing complete.
Processing Exod 18:16...
Successfully processed and saved output for Exod 18:16 to /Users/joshua/work/strong_number_embedding/sn_within_unv_selfgroup_segmentation/output/Exod/18/16
Processing complete.
Processing Exod 18:17...
Successfully processed and saved output for Exod 18:17 to /Users/joshua/work/strong_number_embedding/sn_within_unv_selfgroup_segmentation/output/Exod/18/17
Processing complete.
Processing Exod 18:18...
Successfully processed and saved output for Exod 18:18 to /Users/joshua/work/strong_number_embedding/sn_within_unv_selfgroup_segmentation/output/Exod/18/18
Processing complete.
Processing Exod 18:19...
Successfully processed and saved output for Exod 18:19 to /Users/joshua/work/strong_number_embedding/sn_within_unv_selfgroup_segmentation/output/Exod/18/19
Processing complete.
Processing Exod 18:20...
Successfully processed and saved output for Exod 18:20 to /Users/joshua/work/strong_number_embedding/sn_within_unv_selfgroup_segmentation/output/Exod/18/20
Processing complete.
Processing Exod 18:21...
Successfully processed and saved output for Exod 18:21 to /Users/joshua/work/strong_number_embedding/sn_within_unv_selfgroup_segmentation/output/Exod/18/21
Processing complete.
Processing Exod 18:22...
Successfully processed and saved output for Exod 18:22 to /Users/joshua/work/strong_number_embedding/sn_within_unv_selfgroup_segmentation/output/Exod/18/22
Processing complete.
Processing Exod 18:23...
Successfully processed and saved output for Exod 18:23 to /Users/joshua/work/strong_number_embedding/sn_within_unv_selfgroup_segmentation/output/Exod/18/23
Processing complete.
Processing Exod 18:24...
Successfully processed and saved output for Exod 18:24 to /Users/joshua/work/strong_number_embedding/sn_within_unv_selfgroup_segmentation/output/Exod/18/24
Processing complete.
Processing Exod 18:25...
Successfully processed and saved output for Exod 18:25 to /Users/joshua/work/strong_number_embedding/sn_within_unv_selfgroup_segmentation/output/Exod/18/25
Processing complete.
Processing Exod 18:26...
Successfully processed and saved output for Exod 18:26 to /Users/joshua/work/strong_number_embedding/sn_within_unv_selfgroup_segmentation/output/Exod/18/26
Processing complete.
Processing Exod 18:27...
Successfully processed and saved output for Exod 18:27 to /Users/joshua/work/strong_number_embedding/sn_within_unv_selfgroup_segmentation/output/Exod/18/27
Processing complete.
  Processing Exodus chapter 19 (25 verses)...
Processing Exod 19:1...
Successfully processed and saved output for Exod 19:1 to /Users/joshua/work/strong_number_embedding/sn_within_unv_selfgroup_segmentation/output/Exod/19/1
Processing complete.
Processing Exod 19:2...
Successfully processed and saved output for Exod 19:2 to /Users/joshua/work/strong_number_embedding/sn_within_unv_selfgroup_segmentation/output/Exod/19/2
Processing complete.
Processing Exod 19:3...
Successfully processed and saved output for Exod 19:3 to /Users/joshua/work/strong_number_embedding/sn_within_unv_selfgroup_segmentation/output/Exod/19/3
Processing complete.
Processing Exod 19:4...
Successfully processed and saved output for Exod 19:4 to /Users/joshua/work/strong_number_embedding/sn_within_unv_selfgroup_segmentation/output/Exod/19/4
Processing complete.
Processing Exod 19:5...
Successfully processed and saved output for Exod 19:5 to /Users/joshua/work/strong_number_embedding/sn_within_unv_selfgroup_segmentation/output/Exod/19/5
Processing complete.
Processing Exod 19:6...
Successfully processed and saved output for Exod 19:6 to /Users/joshua/work/strong_number_embedding/sn_within_unv_selfgroup_segmentation/output/Exod/19/6
Processing complete.
Processing Exod 19:7...
Successfully processed and saved output for Exod 19:7 to /Users/joshua/work/strong_number_embedding/sn_within_unv_selfgroup_segmentation/output/Exod/19/7
Processing complete.
Processing Exod 19:8...
Successfully processed and saved output for Exod 19:8 to /Users/joshua/work/strong_number_embedding/sn_within_unv_selfgroup_segmentation/output/Exod/19/8
Processing complete.
Processing Exod 19:9...
Successfully processed and saved output for Exod 19:9 to /Users/joshua/work/strong_number_embedding/sn_within_unv_selfgroup_segmentation/output/Exod/19/9
Processing complete.
Processing Exod 19:10...
Successfully processed and saved output for Exod 19:10 to /Users/joshua/work/strong_number_embedding/sn_within_unv_selfgroup_segmentation/output/Exod/19/10
Processing complete.
Processing Exod 19:11...
Successfully processed and saved output for Exod 19:11 to /Users/joshua/work/strong_number_embedding/sn_within_unv_selfgroup_segmentation/output/Exod/19/11
Processing complete.
Processing Exod 19:12...
Successfully processed and saved output for Exod 19:12 to /Users/joshua/work/strong_number_embedding/sn_within_unv_selfgroup_segmentation/output/Exod/19/12
Processing complete.
Processing Exod 19:13...
Successfully processed and saved output for Exod 19:13 to /Users/joshua/work/strong_number_embedding/sn_within_unv_selfgroup_segmentation/output/Exod/19/13
Processing complete.
Processing Exod 19:14...
Successfully processed and saved output for Exod 19:14 to /Users/joshua/work/strong_number_embedding/sn_within_unv_selfgroup_segmentation/output/Exod/19/14
Processing complete.
Processing Exod 19:15...
Successfully processed and saved output for Exod 19:15 to /Users/joshua/work/strong_number_embedding/sn_within_unv_selfgroup_segmentation/output/Exod/19/15
Processing complete.
Processing Exod 19:16...
Successfully processed and saved output for Exod 19:16 to /Users/joshua/work/strong_number_embedding/sn_within_unv_selfgroup_segmentation/output/Exod/19/16
Processing complete.
Processing Exod 19:17...
Successfully processed and saved output for Exod 19:17 to /Users/joshua/work/strong_number_embedding/sn_within_unv_selfgroup_segmentation/output/Exod/19/17
Processing complete.
Processing Exod 19:18...
Successfully processed and saved output for Exod 19:18 to /Users/joshua/work/strong_number_embedding/sn_within_unv_selfgroup_segmentation/output/Exod/19/18
Processing complete.
Processing Exod 19:19...
Successfully processed and saved output for Exod 19:19 to /Users/joshua/work/strong_number_embedding/sn_within_unv_selfgroup_segmentation/output/Exod/19/19
Processing complete.
Processing Exod 19:20...
Successfully processed and saved output for Exod 19:20 to /Users/joshua/work/strong_number_embedding/sn_within_unv_selfgroup_segmentation/output/Exod/19/20
Processing complete.
Processing Exod 19:21...
Successfully processed and saved output for Exod 19:21 to /Users/joshua/work/strong_number_embedding/sn_within_unv_selfgroup_segmentation/output/Exod/19/21
Processing complete.
Processing Exod 19:22...
Successfully processed and saved output for Exod 19:22 to /Users/joshua/work/strong_number_embedding/sn_within_unv_selfgroup_segmentation/output/Exod/19/22
Processing complete.
Processing Exod 19:23...
Successfully processed and saved output for Exod 19:23 to /Users/joshua/work/strong_number_embedding/sn_within_unv_selfgroup_segmentation/output/Exod/19/23
Processing complete.
Processing Exod 19:24...
Successfully processed and saved output for Exod 19:24 to /Users/joshua/work/strong_number_embedding/sn_within_unv_selfgroup_segmentation/output/Exod/19/24
Processing complete.
Processing Exod 19:25...
Successfully processed and saved output for Exod 19:25 to /Users/joshua/work/strong_number_embedding/sn_within_unv_selfgroup_segmentation/output/Exod/19/25
Processing complete.
  Processing Exodus chapter 20 (26 verses)...
Processing Exod 20:1...
Successfully processed and saved output for Exod 20:1 to /Users/joshua/work/strong_number_embedding/sn_within_unv_selfgroup_segmentation/output/Exod/20/1
Processing complete.
Processing Exod 20:2...
Successfully processed and saved output for Exod 20:2 to /Users/joshua/work/strong_number_embedding/sn_within_unv_selfgroup_segmentation/output/Exod/20/2
Processing complete.
Processing Exod 20:3...
Successfully processed and saved output for Exod 20:3 to /Users/joshua/work/strong_number_embedding/sn_within_unv_selfgroup_segmentation/output/Exod/20/3
Processing complete.
Processing Exod 20:4...
Successfully processed and saved output for Exod 20:4 to /Users/joshua/work/strong_number_embedding/sn_within_unv_selfgroup_segmentation/output/Exod/20/4
Processing complete.
Processing Exod 20:5...
Successfully processed and saved output for Exod 20:5 to /Users/joshua/work/strong_number_embedding/sn_within_unv_selfgroup_segmentation/output/Exod/20/5
Processing complete.
Processing Exod 20:6...
Successfully processed and saved output for Exod 20:6 to /Users/joshua/work/strong_number_embedding/sn_within_unv_selfgroup_segmentation/output/Exod/20/6
Processing complete.
Processing Exod 20:7...
Successfully processed and saved output for Exod 20:7 to /Users/joshua/work/strong_number_embedding/sn_within_unv_selfgroup_segmentation/output/Exod/20/7
Processing complete.
Processing Exod 20:8...
Successfully processed and saved output for Exod 20:8 to /Users/joshua/work/strong_number_embedding/sn_within_unv_selfgroup_segmentation/output/Exod/20/8
Processing complete.
Processing Exod 20:9...
Successfully processed and saved output for Exod 20:9 to /Users/joshua/work/strong_number_embedding/sn_within_unv_selfgroup_segmentation/output/Exod/20/9
Processing complete.
Processing Exod 20:10...
Successfully processed and saved output for Exod 20:10 to /Users/joshua/work/strong_number_embedding/sn_within_unv_selfgroup_segmentation/output/Exod/20/10
Processing complete.
Processing Exod 20:11...
Successfully processed and saved output for Exod 20:11 to /Users/joshua/work/strong_number_embedding/sn_within_unv_selfgroup_segmentation/output/Exod/20/11
Processing complete.
Processing Exod 20:12...
Successfully processed and saved output for Exod 20:12 to /Users/joshua/work/strong_number_embedding/sn_within_unv_selfgroup_segmentation/output/Exod/20/12
Processing complete.
Processing Exod 20:13...
Successfully processed and saved output for Exod 20:13 to /Users/joshua/work/strong_number_embedding/sn_within_unv_selfgroup_segmentation/output/Exod/20/13
Processing complete.
Processing Exod 20:14...
Successfully processed and saved output for Exod 20:14 to /Users/joshua/work/strong_number_embedding/sn_within_unv_selfgroup_segmentation/output/Exod/20/14
Processing complete.
Processing Exod 20:15...
Successfully processed and saved output for Exod 20:15 to /Users/joshua/work/strong_number_embedding/sn_within_unv_selfgroup_segmentation/output/Exod/20/15
Processing complete.
Processing Exod 20:16...
Successfully processed and saved output for Exod 20:16 to /Users/joshua/work/strong_number_embedding/sn_within_unv_selfgroup_segmentation/output/Exod/20/16
Processing complete.
Processing Exod 20:17...
Successfully processed and saved output for Exod 20:17 to /Users/joshua/work/strong_number_embedding/sn_within_unv_selfgroup_segmentation/output/Exod/20/17
Processing complete.
Processing Exod 20:18...
Successfully processed and saved output for Exod 20:18 to /Users/joshua/work/strong_number_embedding/sn_within_unv_selfgroup_segmentation/output/Exod/20/18
Processing complete.
Processing Exod 20:19...
Successfully processed and saved output for Exod 20:19 to /Users/joshua/work/strong_number_embedding/sn_within_unv_selfgroup_segmentation/output/Exod/20/19
Processing complete.
Processing Exod 20:20...
Successfully processed and saved output for Exod 20:20 to /Users/joshua/work/strong_number_embedding/sn_within_unv_selfgroup_segmentation/output/Exod/20/20
Processing complete.
Processing Exod 20:21...
Successfully processed and saved output for Exod 20:21 to /Users/joshua/work/strong_number_embedding/sn_within_unv_selfgroup_segmentation/output/Exod/20/21
Processing complete.
Processing Exod 20:22...
Successfully processed and saved output for Exod 20:22 to /Users/joshua/work/strong_number_embedding/sn_within_unv_selfgroup_segmentation/output/Exod/20/22
Processing complete.
Processing Exod 20:23...
Successfully processed and saved output for Exod 20:23 to /Users/joshua/work/strong_number_embedding/sn_within_unv_selfgroup_segmentation/output/Exod/20/23
Processing complete.
Processing Exod 20:24...
Successfully processed and saved output for Exod 20:24 to /Users/joshua/work/strong_number_embedding/sn_within_unv_selfgroup_segmentation/output/Exod/20/24
Processing complete.
Processing Exod 20:25...
Successfully processed and saved output for Exod 20:25 to /Users/joshua/work/strong_number_embedding/sn_within_unv_selfgroup_segmentation/output/Exod/20/25
Processing complete.
Processing Exod 20:26...
Successfully processed and saved output for Exod 20:26 to /Users/joshua/work/strong_number_embedding/sn_within_unv_selfgroup_segmentation/output/Exod/20/26
Processing complete.
  Processing Exodus chapter 21 (36 verses)...
Processing Exod 21:1...
Successfully processed and saved output for Exod 21:1 to /Users/joshua/work/strong_number_embedding/sn_within_unv_selfgroup_segmentation/output/Exod/21/1
Processing complete.
Processing Exod 21:2...
Successfully processed and saved output for Exod 21:2 to /Users/joshua/work/strong_number_embedding/sn_within_unv_selfgroup_segmentation/output/Exod/21/2
Processing complete.
Processing Exod 21:3...
Successfully processed and saved output for Exod 21:3 to /Users/joshua/work/strong_number_embedding/sn_within_unv_selfgroup_segmentation/output/Exod/21/3
Processing complete.
Processing Exod 21:4...
Successfully processed and saved output for Exod 21:4 to /Users/joshua/work/strong_number_embedding/sn_within_unv_selfgroup_segmentation/output/Exod/21/4
Processing complete.
Processing Exod 21:5...
Successfully processed and saved output for Exod 21:5 to /Users/joshua/work/strong_number_embedding/sn_within_unv_selfgroup_segmentation/output/Exod/21/5
Processing complete.
Processing Exod 21:6...
Successfully processed and saved output for Exod 21:6 to /Users/joshua/work/strong_number_embedding/sn_within_unv_selfgroup_segmentation/output/Exod/21/6
Processing complete.
Processing Exod 21:7...
Successfully processed and saved output for Exod 21:7 to /Users/joshua/work/strong_number_embedding/sn_within_unv_selfgroup_segmentation/output/Exod/21/7
Processing complete.
Processing Exod 21:8...
Successfully processed and saved output for Exod 21:8 to /Users/joshua/work/strong_number_embedding/sn_within_unv_selfgroup_segmentation/output/Exod/21/8
Processing complete.
Processing Exod 21:9...
Successfully processed and saved output for Exod 21:9 to /Users/joshua/work/strong_number_embedding/sn_within_unv_selfgroup_segmentation/output/Exod/21/9
Processing complete.
Processing Exod 21:10...
Successfully processed and saved output for Exod 21:10 to /Users/joshua/work/strong_number_embedding/sn_within_unv_selfgroup_segmentation/output/Exod/21/10
Processing complete.
Processing Exod 21:11...
Successfully processed and saved output for Exod 21:11 to /Users/joshua/work/strong_number_embedding/sn_within_unv_selfgroup_segmentation/output/Exod/21/11
Processing complete.
Processing Exod 21:12...
Successfully processed and saved output for Exod 21:12 to /Users/joshua/work/strong_number_embedding/sn_within_unv_selfgroup_segmentation/output/Exod/21/12
Processing complete.
Processing Exod 21:13...
Successfully processed and saved output for Exod 21:13 to /Users/joshua/work/strong_number_embedding/sn_within_unv_selfgroup_segmentation/output/Exod/21/13
Processing complete.
Processing Exod 21:14...
Successfully processed and saved output for Exod 21:14 to /Users/joshua/work/strong_number_embedding/sn_within_unv_selfgroup_segmentation/output/Exod/21/14
Processing complete.
Processing Exod 21:15...
Successfully processed and saved output for Exod 21:15 to /Users/joshua/work/strong_number_embedding/sn_within_unv_selfgroup_segmentation/output/Exod/21/15
Processing complete.
Processing Exod 21:16...
Successfully processed and saved output for Exod 21:16 to /Users/joshua/work/strong_number_embedding/sn_within_unv_selfgroup_segmentation/output/Exod/21/16
Processing complete.
Processing Exod 21:17...
Successfully processed and saved output for Exod 21:17 to /Users/joshua/work/strong_number_embedding/sn_within_unv_selfgroup_segmentation/output/Exod/21/17
Processing complete.
Processing Exod 21:18...
Successfully processed and saved output for Exod 21:18 to /Users/joshua/work/strong_number_embedding/sn_within_unv_selfgroup_segmentation/output/Exod/21/18
Processing complete.
Processing Exod 21:19...
Successfully processed and saved output for Exod 21:19 to /Users/joshua/work/strong_number_embedding/sn_within_unv_selfgroup_segmentation/output/Exod/21/19
Processing complete.
Processing Exod 21:20...
Successfully processed and saved output for Exod 21:20 to /Users/joshua/work/strong_number_embedding/sn_within_unv_selfgroup_segmentation/output/Exod/21/20
Processing complete.
Processing Exod 21:21...
Successfully processed and saved output for Exod 21:21 to /Users/joshua/work/strong_number_embedding/sn_within_unv_selfgroup_segmentation/output/Exod/21/21
Processing complete.
Processing Exod 21:22...
Successfully processed and saved output for Exod 21:22 to /Users/joshua/work/strong_number_embedding/sn_within_unv_selfgroup_segmentation/output/Exod/21/22
Processing complete.
Processing Exod 21:23...
Successfully processed and saved output for Exod 21:23 to /Users/joshua/work/strong_number_embedding/sn_within_unv_selfgroup_segmentation/output/Exod/21/23
Processing complete.
Processing Exod 21:24...
Successfully processed and saved output for Exod 21:24 to /Users/joshua/work/strong_number_embedding/sn_within_unv_selfgroup_segmentation/output/Exod/21/24
Processing complete.
Processing Exod 21:25...
Successfully processed and saved output for Exod 21:25 to /Users/joshua/work/strong_number_embedding/sn_within_unv_selfgroup_segmentation/output/Exod/21/25
Processing complete.
Processing Exod 21:26...
Successfully processed and saved output for Exod 21:26 to /Users/joshua/work/strong_number_embedding/sn_within_unv_selfgroup_segmentation/output/Exod/21/26
Processing complete.
Processing Exod 21:27...
Successfully processed and saved output for Exod 21:27 to /Users/joshua/work/strong_number_embedding/sn_within_unv_selfgroup_segmentation/output/Exod/21/27
Processing complete.
Processing Exod 21:28...
Successfully processed and saved output for Exod 21:28 to /Users/joshua/work/strong_number_embedding/sn_within_unv_selfgroup_segmentation/output/Exod/21/28
Processing complete.
Processing Exod 21:29...
Successfully processed and saved output for Exod 21:29 to /Users/joshua/work/strong_number_embedding/sn_within_unv_selfgroup_segmentation/output/Exod/21/29
Processing complete.
Processing Exod 21:30...
Successfully processed and saved output for Exod 21:30 to /Users/joshua/work/strong_number_embedding/sn_within_unv_selfgroup_segmentation/output/Exod/21/30
Processing complete.
Processing Exod 21:31...
Successfully processed and saved output for Exod 21:31 to /Users/joshua/work/strong_number_embedding/sn_within_unv_selfgroup_segmentation/output/Exod/21/31
Processing complete.
Processing Exod 21:32...
Successfully processed and saved output for Exod 21:32 to /Users/joshua/work/strong_number_embedding/sn_within_unv_selfgroup_segmentation/output/Exod/21/32
Processing complete.
Processing Exod 21:33...
Successfully processed and saved output for Exod 21:33 to /Users/joshua/work/strong_number_embedding/sn_within_unv_selfgroup_segmentation/output/Exod/21/33
Processing complete.
Processing Exod 21:34...
Successfully processed and saved output for Exod 21:34 to /Users/joshua/work/strong_number_embedding/sn_within_unv_selfgroup_segmentation/output/Exod/21/34
Processing complete.
Processing Exod 21:35...
Successfully processed and saved output for Exod 21:35 to /Users/joshua/work/strong_number_embedding/sn_within_unv_selfgroup_segmentation/output/Exod/21/35
Processing complete.
Processing Exod 21:36...
Successfully processed and saved output for Exod 21:36 to /Users/joshua/work/strong_number_embedding/sn_within_unv_selfgroup_segmentation/output/Exod/21/36
Processing complete.
  Processing Exodus chapter 22 (31 verses)...
Processing Exod 22:1...
Successfully processed and saved output for Exod 22:1 to /Users/joshua/work/strong_number_embedding/sn_within_unv_selfgroup_segmentation/output/Exod/22/1
Processing complete.
Processing Exod 22:2...
Successfully processed and saved output for Exod 22:2 to /Users/joshua/work/strong_number_embedding/sn_within_unv_selfgroup_segmentation/output/Exod/22/2
Processing complete.
Processing Exod 22:3...
Successfully processed and saved output for Exod 22:3 to /Users/joshua/work/strong_number_embedding/sn_within_unv_selfgroup_segmentation/output/Exod/22/3
Processing complete.
Processing Exod 22:4...
Successfully processed and saved output for Exod 22:4 to /Users/joshua/work/strong_number_embedding/sn_within_unv_selfgroup_segmentation/output/Exod/22/4
Processing complete.
Processing Exod 22:5...
Successfully processed and saved output for Exod 22:5 to /Users/joshua/work/strong_number_embedding/sn_within_unv_selfgroup_segmentation/output/Exod/22/5
Processing complete.
Processing Exod 22:6...
Successfully processed and saved output for Exod 22:6 to /Users/joshua/work/strong_number_embedding/sn_within_unv_selfgroup_segmentation/output/Exod/22/6
Processing complete.
Processing Exod 22:7...
Successfully processed and saved output for Exod 22:7 to /Users/joshua/work/strong_number_embedding/sn_within_unv_selfgroup_segmentation/output/Exod/22/7
Processing complete.
Processing Exod 22:8...
Successfully processed and saved output for Exod 22:8 to /Users/joshua/work/strong_number_embedding/sn_within_unv_selfgroup_segmentation/output/Exod/22/8
Processing complete.
Processing Exod 22:9...
Successfully processed and saved output for Exod 22:9 to /Users/joshua/work/strong_number_embedding/sn_within_unv_selfgroup_segmentation/output/Exod/22/9
Processing complete.
Processing Exod 22:10...
Successfully processed and saved output for Exod 22:10 to /Users/joshua/work/strong_number_embedding/sn_within_unv_selfgroup_segmentation/output/Exod/22/10
Processing complete.
Processing Exod 22:11...
Successfully processed and saved output for Exod 22:11 to /Users/joshua/work/strong_number_embedding/sn_within_unv_selfgroup_segmentation/output/Exod/22/11
Processing complete.
Processing Exod 22:12...
Successfully processed and saved output for Exod 22:12 to /Users/joshua/work/strong_number_embedding/sn_within_unv_selfgroup_segmentation/output/Exod/22/12
Processing complete.
Processing Exod 22:13...
Successfully processed and saved output for Exod 22:13 to /Users/joshua/work/strong_number_embedding/sn_within_unv_selfgroup_segmentation/output/Exod/22/13
Processing complete.
Processing Exod 22:14...
Successfully processed and saved output for Exod 22:14 to /Users/joshua/work/strong_number_embedding/sn_within_unv_selfgroup_segmentation/output/Exod/22/14
Processing complete.
Processing Exod 22:15...
Successfully processed and saved output for Exod 22:15 to /Users/joshua/work/strong_number_embedding/sn_within_unv_selfgroup_segmentation/output/Exod/22/15
Processing complete.
Processing Exod 22:16...
Successfully processed and saved output for Exod 22:16 to /Users/joshua/work/strong_number_embedding/sn_within_unv_selfgroup_segmentation/output/Exod/22/16
Processing complete.
Processing Exod 22:17...
Successfully processed and saved output for Exod 22:17 to /Users/joshua/work/strong_number_embedding/sn_within_unv_selfgroup_segmentation/output/Exod/22/17
Processing complete.
Processing Exod 22:18...
Successfully processed and saved output for Exod 22:18 to /Users/joshua/work/strong_number_embedding/sn_within_unv_selfgroup_segmentation/output/Exod/22/18
Processing complete.
Processing Exod 22:19...
Successfully processed and saved output for Exod 22:19 to /Users/joshua/work/strong_number_embedding/sn_within_unv_selfgroup_segmentation/output/Exod/22/19
Processing complete.
Processing Exod 22:20...
Successfully processed and saved output for Exod 22:20 to /Users/joshua/work/strong_number_embedding/sn_within_unv_selfgroup_segmentation/output/Exod/22/20
Processing complete.
Processing Exod 22:21...
Successfully processed and saved output for Exod 22:21 to /Users/joshua/work/strong_number_embedding/sn_within_unv_selfgroup_segmentation/output/Exod/22/21
Processing complete.
Processing Exod 22:22...
Successfully processed and saved output for Exod 22:22 to /Users/joshua/work/strong_number_embedding/sn_within_unv_selfgroup_segmentation/output/Exod/22/22
Processing complete.
Processing Exod 22:23...
Successfully processed and saved output for Exod 22:23 to /Users/joshua/work/strong_number_embedding/sn_within_unv_selfgroup_segmentation/output/Exod/22/23
Processing complete.
Processing Exod 22:24...
Successfully processed and saved output for Exod 22:24 to /Users/joshua/work/strong_number_embedding/sn_within_unv_selfgroup_segmentation/output/Exod/22/24
Processing complete.
Processing Exod 22:25...
Successfully processed and saved output for Exod 22:25 to /Users/joshua/work/strong_number_embedding/sn_within_unv_selfgroup_segmentation/output/Exod/22/25
Processing complete.
Processing Exod 22:26...
Successfully processed and saved output for Exod 22:26 to /Users/joshua/work/strong_number_embedding/sn_within_unv_selfgroup_segmentation/output/Exod/22/26
Processing complete.
Processing Exod 22:27...
Successfully processed and saved output for Exod 22:27 to /Users/joshua/work/strong_number_embedding/sn_within_unv_selfgroup_segmentation/output/Exod/22/27
Processing complete.
Processing Exod 22:28...
Successfully processed and saved output for Exod 22:28 to /Users/joshua/work/strong_number_embedding/sn_within_unv_selfgroup_segmentation/output/Exod/22/28
Processing complete.
Processing Exod 22:29...
Successfully processed and saved output for Exod 22:29 to /Users/joshua/work/strong_number_embedding/sn_within_unv_selfgroup_segmentation/output/Exod/22/29
Processing complete.
Processing Exod 22:30...
Successfully processed and saved output for Exod 22:30 to /Users/joshua/work/strong_number_embedding/sn_within_unv_selfgroup_segmentation/output/Exod/22/30
Processing complete.
Processing Exod 22:31...
Successfully processed and saved output for Exod 22:31 to /Users/joshua/work/strong_number_embedding/sn_within_unv_selfgroup_segmentation/output/Exod/22/31
Processing complete.
  Processing Exodus chapter 23 (33 verses)...
Processing Exod 23:1...
Successfully processed and saved output for Exod 23:1 to /Users/joshua/work/strong_number_embedding/sn_within_unv_selfgroup_segmentation/output/Exod/23/1
Processing complete.
Processing Exod 23:2...
Successfully processed and saved output for Exod 23:2 to /Users/joshua/work/strong_number_embedding/sn_within_unv_selfgroup_segmentation/output/Exod/23/2
Processing complete.
Processing Exod 23:3...
Successfully processed and saved output for Exod 23:3 to /Users/joshua/work/strong_number_embedding/sn_within_unv_selfgroup_segmentation/output/Exod/23/3
Processing complete.
Processing Exod 23:4...
Successfully processed and saved output for Exod 23:4 to /Users/joshua/work/strong_number_embedding/sn_within_unv_selfgroup_segmentation/output/Exod/23/4
Processing complete.
Processing Exod 23:5...
Successfully processed and saved output for Exod 23:5 to /Users/joshua/work/strong_number_embedding/sn_within_unv_selfgroup_segmentation/output/Exod/23/5
Processing complete.
Processing Exod 23:6...
Successfully processed and saved output for Exod 23:6 to /Users/joshua/work/strong_number_embedding/sn_within_unv_selfgroup_segmentation/output/Exod/23/6
Processing complete.
Processing Exod 23:7...
Successfully processed and saved output for Exod 23:7 to /Users/joshua/work/strong_number_embedding/sn_within_unv_selfgroup_segmentation/output/Exod/23/7
Processing complete.
Processing Exod 23:8...
Successfully processed and saved output for Exod 23:8 to /Users/joshua/work/strong_number_embedding/sn_within_unv_selfgroup_segmentation/output/Exod/23/8
Processing complete.
Processing Exod 23:9...
Successfully processed and saved output for Exod 23:9 to /Users/joshua/work/strong_number_embedding/sn_within_unv_selfgroup_segmentation/output/Exod/23/9
Processing complete.
Processing Exod 23:10...
Successfully processed and saved output for Exod 23:10 to /Users/joshua/work/strong_number_embedding/sn_within_unv_selfgroup_segmentation/output/Exod/23/10
Processing complete.
Processing Exod 23:11...
Successfully processed and saved output for Exod 23:11 to /Users/joshua/work/strong_number_embedding/sn_within_unv_selfgroup_segmentation/output/Exod/23/11
Processing complete.
Processing Exod 23:12...
Successfully processed and saved output for Exod 23:12 to /Users/joshua/work/strong_number_embedding/sn_within_unv_selfgroup_segmentation/output/Exod/23/12
Processing complete.
Processing Exod 23:13...
Successfully processed and saved output for Exod 23:13 to /Users/joshua/work/strong_number_embedding/sn_within_unv_selfgroup_segmentation/output/Exod/23/13
Processing complete.
Processing Exod 23:14...
Successfully processed and saved output for Exod 23:14 to /Users/joshua/work/strong_number_embedding/sn_within_unv_selfgroup_segmentation/output/Exod/23/14
Processing complete.
Processing Exod 23:15...
Successfully processed and saved output for Exod 23:15 to /Users/joshua/work/strong_number_embedding/sn_within_unv_selfgroup_segmentation/output/Exod/23/15
Processing complete.
Processing Exod 23:16...
Successfully processed and saved output for Exod 23:16 to /Users/joshua/work/strong_number_embedding/sn_within_unv_selfgroup_segmentation/output/Exod/23/16
Processing complete.
Processing Exod 23:17...
Successfully processed and saved output for Exod 23:17 to /Users/joshua/work/strong_number_embedding/sn_within_unv_selfgroup_segmentation/output/Exod/23/17
Processing complete.
Processing Exod 23:18...
Successfully processed and saved output for Exod 23:18 to /Users/joshua/work/strong_number_embedding/sn_within_unv_selfgroup_segmentation/output/Exod/23/18
Processing complete.
Processing Exod 23:19...
Successfully processed and saved output for Exod 23:19 to /Users/joshua/work/strong_number_embedding/sn_within_unv_selfgroup_segmentation/output/Exod/23/19
Processing complete.
Processing Exod 23:20...
Successfully processed and saved output for Exod 23:20 to /Users/joshua/work/strong_number_embedding/sn_within_unv_selfgroup_segmentation/output/Exod/23/20
Processing complete.
Processing Exod 23:21...
Successfully processed and saved output for Exod 23:21 to /Users/joshua/work/strong_number_embedding/sn_within_unv_selfgroup_segmentation/output/Exod/23/21
Processing complete.
Processing Exod 23:22...
Successfully processed and saved output for Exod 23:22 to /Users/joshua/work/strong_number_embedding/sn_within_unv_selfgroup_segmentation/output/Exod/23/22
Processing complete.
Processing Exod 23:23...
Successfully processed and saved output for Exod 23:23 to /Users/joshua/work/strong_number_embedding/sn_within_unv_selfgroup_segmentation/output/Exod/23/23
Processing complete.
Processing Exod 23:24...
Successfully processed and saved output for Exod 23:24 to /Users/joshua/work/strong_number_embedding/sn_within_unv_selfgroup_segmentation/output/Exod/23/24
Processing complete.
Processing Exod 23:25...
Successfully processed and saved output for Exod 23:25 to /Users/joshua/work/strong_number_embedding/sn_within_unv_selfgroup_segmentation/output/Exod/23/25
Processing complete.
Processing Exod 23:26...
Successfully processed and saved output for Exod 23:26 to /Users/joshua/work/strong_number_embedding/sn_within_unv_selfgroup_segmentation/output/Exod/23/26
Processing complete.
Processing Exod 23:27...
Successfully processed and saved output for Exod 23:27 to /Users/joshua/work/strong_number_embedding/sn_within_unv_selfgroup_segmentation/output/Exod/23/27
Processing complete.
Processing Exod 23:28...
Successfully processed and saved output for Exod 23:28 to /Users/joshua/work/strong_number_embedding/sn_within_unv_selfgroup_segmentation/output/Exod/23/28
Processing complete.
Processing Exod 23:29...
Successfully processed and saved output for Exod 23:29 to /Users/joshua/work/strong_number_embedding/sn_within_unv_selfgroup_segmentation/output/Exod/23/29
Processing complete.
Processing Exod 23:30...
Successfully processed and saved output for Exod 23:30 to /Users/joshua/work/strong_number_embedding/sn_within_unv_selfgroup_segmentation/output/Exod/23/30
Processing complete.
Processing Exod 23:31...
Successfully processed and saved output for Exod 23:31 to /Users/joshua/work/strong_number_embedding/sn_within_unv_selfgroup_segmentation/output/Exod/23/31
Processing complete.
Processing Exod 23:32...
Successfully processed and saved output for Exod 23:32 to /Users/joshua/work/strong_number_embedding/sn_within_unv_selfgroup_segmentation/output/Exod/23/32
Processing complete.
Processing Exod 23:33...
Successfully processed and saved output for Exod 23:33 to /Users/joshua/work/strong_number_embedding/sn_within_unv_selfgroup_segmentation/output/Exod/23/33
Processing complete.
  Processing Exodus chapter 24 (18 verses)...
Processing Exod 24:1...
Successfully processed and saved output for Exod 24:1 to /Users/joshua/work/strong_number_embedding/sn_within_unv_selfgroup_segmentation/output/Exod/24/1
Processing complete.
Processing Exod 24:2...
Successfully processed and saved output for Exod 24:2 to /Users/joshua/work/strong_number_embedding/sn_within_unv_selfgroup_segmentation/output/Exod/24/2
Processing complete.
Processing Exod 24:3...
Successfully processed and saved output for Exod 24:3 to /Users/joshua/work/strong_number_embedding/sn_within_unv_selfgroup_segmentation/output/Exod/24/3
Processing complete.
Processing Exod 24:4...
Successfully processed and saved output for Exod 24:4 to /Users/joshua/work/strong_number_embedding/sn_within_unv_selfgroup_segmentation/output/Exod/24/4
Processing complete.
Processing Exod 24:5...
Successfully processed and saved output for Exod 24:5 to /Users/joshua/work/strong_number_embedding/sn_within_unv_selfgroup_segmentation/output/Exod/24/5
Processing complete.
Processing Exod 24:6...
Successfully processed and saved output for Exod 24:6 to /Users/joshua/work/strong_number_embedding/sn_within_unv_selfgroup_segmentation/output/Exod/24/6
Processing complete.
Processing Exod 24:7...
Successfully processed and saved output for Exod 24:7 to /Users/joshua/work/strong_number_embedding/sn_within_unv_selfgroup_segmentation/output/Exod/24/7
Processing complete.
Processing Exod 24:8...
Successfully processed and saved output for Exod 24:8 to /Users/joshua/work/strong_number_embedding/sn_within_unv_selfgroup_segmentation/output/Exod/24/8
Processing complete.
Processing Exod 24:9...
Successfully processed and saved output for Exod 24:9 to /Users/joshua/work/strong_number_embedding/sn_within_unv_selfgroup_segmentation/output/Exod/24/9
Processing complete.
Processing Exod 24:10...
Successfully processed and saved output for Exod 24:10 to /Users/joshua/work/strong_number_embedding/sn_within_unv_selfgroup_segmentation/output/Exod/24/10
Processing complete.
Processing Exod 24:11...
Successfully processed and saved output for Exod 24:11 to /Users/joshua/work/strong_number_embedding/sn_within_unv_selfgroup_segmentation/output/Exod/24/11
Processing complete.
Processing Exod 24:12...
Successfully processed and saved output for Exod 24:12 to /Users/joshua/work/strong_number_embedding/sn_within_unv_selfgroup_segmentation/output/Exod/24/12
Processing complete.
Processing Exod 24:13...
Successfully processed and saved output for Exod 24:13 to /Users/joshua/work/strong_number_embedding/sn_within_unv_selfgroup_segmentation/output/Exod/24/13
Processing complete.
Processing Exod 24:14...
Successfully processed and saved output for Exod 24:14 to /Users/joshua/work/strong_number_embedding/sn_within_unv_selfgroup_segmentation/output/Exod/24/14
Processing complete.
Processing Exod 24:15...
Successfully processed and saved output for Exod 24:15 to /Users/joshua/work/strong_number_embedding/sn_within_unv_selfgroup_segmentation/output/Exod/24/15
Processing complete.
Processing Exod 24:16...
Successfully processed and saved output for Exod 24:16 to /Users/joshua/work/strong_number_embedding/sn_within_unv_selfgroup_segmentation/output/Exod/24/16
Processing complete.
Processing Exod 24:17...
Successfully processed and saved output for Exod 24:17 to /Users/joshua/work/strong_number_embedding/sn_within_unv_selfgroup_segmentation/output/Exod/24/17
Processing complete.
Processing Exod 24:18...
Successfully processed and saved output for Exod 24:18 to /Users/joshua/work/strong_number_embedding/sn_within_unv_selfgroup_segmentation/output/Exod/24/18
Processing complete.
  Processing Exodus chapter 25 (40 verses)...
Processing Exod 25:1...
Successfully processed and saved output for Exod 25:1 to /Users/joshua/work/strong_number_embedding/sn_within_unv_selfgroup_segmentation/output/Exod/25/1
Processing complete.
Processing Exod 25:2...
Successfully processed and saved output for Exod 25:2 to /Users/joshua/work/strong_number_embedding/sn_within_unv_selfgroup_segmentation/output/Exod/25/2
Processing complete.
Processing Exod 25:3...
Successfully processed and saved output for Exod 25:3 to /Users/joshua/work/strong_number_embedding/sn_within_unv_selfgroup_segmentation/output/Exod/25/3
Processing complete.
Processing Exod 25:4...
Successfully processed and saved output for Exod 25:4 to /Users/joshua/work/strong_number_embedding/sn_within_unv_selfgroup_segmentation/output/Exod/25/4
Processing complete.
Processing Exod 25:5...
Successfully processed and saved output for Exod 25:5 to /Users/joshua/work/strong_number_embedding/sn_within_unv_selfgroup_segmentation/output/Exod/25/5
Processing complete.
Processing Exod 25:6...
Successfully processed and saved output for Exod 25:6 to /Users/joshua/work/strong_number_embedding/sn_within_unv_selfgroup_segmentation/output/Exod/25/6
Processing complete.
Processing Exod 25:7...
Successfully processed and saved output for Exod 25:7 to /Users/joshua/work/strong_number_embedding/sn_within_unv_selfgroup_segmentation/output/Exod/25/7
Processing complete.
Processing Exod 25:8...
Successfully processed and saved output for Exod 25:8 to /Users/joshua/work/strong_number_embedding/sn_within_unv_selfgroup_segmentation/output/Exod/25/8
Processing complete.
Processing Exod 25:9...
Successfully processed and saved output for Exod 25:9 to /Users/joshua/work/strong_number_embedding/sn_within_unv_selfgroup_segmentation/output/Exod/25/9
Processing complete.
Processing Exod 25:10...
Successfully processed and saved output for Exod 25:10 to /Users/joshua/work/strong_number_embedding/sn_within_unv_selfgroup_segmentation/output/Exod/25/10
Processing complete.
Processing Exod 25:11...
Successfully processed and saved output for Exod 25:11 to /Users/joshua/work/strong_number_embedding/sn_within_unv_selfgroup_segmentation/output/Exod/25/11
Processing complete.
Processing Exod 25:12...
Successfully processed and saved output for Exod 25:12 to /Users/joshua/work/strong_number_embedding/sn_within_unv_selfgroup_segmentation/output/Exod/25/12
Processing complete.
Processing Exod 25:13...
Successfully processed and saved output for Exod 25:13 to /Users/joshua/work/strong_number_embedding/sn_within_unv_selfgroup_segmentation/output/Exod/25/13
Processing complete.
Processing Exod 25:14...
Successfully processed and saved output for Exod 25:14 to /Users/joshua/work/strong_number_embedding/sn_within_unv_selfgroup_segmentation/output/Exod/25/14
Processing complete.
Processing Exod 25:15...
Successfully processed and saved output for Exod 25:15 to /Users/joshua/work/strong_number_embedding/sn_within_unv_selfgroup_segmentation/output/Exod/25/15
Processing complete.
Processing Exod 25:16...
Successfully processed and saved output for Exod 25:16 to /Users/joshua/work/strong_number_embedding/sn_within_unv_selfgroup_segmentation/output/Exod/25/16
Processing complete.
Processing Exod 25:17...
Successfully processed and saved output for Exod 25:17 to /Users/joshua/work/strong_number_embedding/sn_within_unv_selfgroup_segmentation/output/Exod/25/17
Processing complete.
Processing Exod 25:18...
Successfully processed and saved output for Exod 25:18 to /Users/joshua/work/strong_number_embedding/sn_within_unv_selfgroup_segmentation/output/Exod/25/18
Processing complete.
Processing Exod 25:19...
Successfully processed and saved output for Exod 25:19 to /Users/joshua/work/strong_number_embedding/sn_within_unv_selfgroup_segmentation/output/Exod/25/19
Processing complete.
Processing Exod 25:20...
Successfully processed and saved output for Exod 25:20 to /Users/joshua/work/strong_number_embedding/sn_within_unv_selfgroup_segmentation/output/Exod/25/20
Processing complete.
Processing Exod 25:21...
Successfully processed and saved output for Exod 25:21 to /Users/joshua/work/strong_number_embedding/sn_within_unv_selfgroup_segmentation/output/Exod/25/21
Processing complete.
Processing Exod 25:22...
Successfully processed and saved output for Exod 25:22 to /Users/joshua/work/strong_number_embedding/sn_within_unv_selfgroup_segmentation/output/Exod/25/22
Processing complete.
Processing Exod 25:23...
Successfully processed and saved output for Exod 25:23 to /Users/joshua/work/strong_number_embedding/sn_within_unv_selfgroup_segmentation/output/Exod/25/23
Processing complete.
Processing Exod 25:24...
Successfully processed and saved output for Exod 25:24 to /Users/joshua/work/strong_number_embedding/sn_within_unv_selfgroup_segmentation/output/Exod/25/24
Processing complete.
Processing Exod 25:25...
Successfully processed and saved output for Exod 25:25 to /Users/joshua/work/strong_number_embedding/sn_within_unv_selfgroup_segmentation/output/Exod/25/25
Processing complete.
Processing Exod 25:26...
Successfully processed and saved output for Exod 25:26 to /Users/joshua/work/strong_number_embedding/sn_within_unv_selfgroup_segmentation/output/Exod/25/26
Processing complete.
Processing Exod 25:27...
Successfully processed and saved output for Exod 25:27 to /Users/joshua/work/strong_number_embedding/sn_within_unv_selfgroup_segmentation/output/Exod/25/27
Processing complete.
Processing Exod 25:28...
Successfully processed and saved output for Exod 25:28 to /Users/joshua/work/strong_number_embedding/sn_within_unv_selfgroup_segmentation/output/Exod/25/28
Processing complete.
Processing Exod 25:29...
Successfully processed and saved output for Exod 25:29 to /Users/joshua/work/strong_number_embedding/sn_within_unv_selfgroup_segmentation/output/Exod/25/29
Processing complete.
Processing Exod 25:30...
Successfully processed and saved output for Exod 25:30 to /Users/joshua/work/strong_number_embedding/sn_within_unv_selfgroup_segmentation/output/Exod/25/30
Processing complete.
Processing Exod 25:31...
Successfully processed and saved output for Exod 25:31 to /Users/joshua/work/strong_number_embedding/sn_within_unv_selfgroup_segmentation/output/Exod/25/31
Processing complete.
Processing Exod 25:32...
Successfully processed and saved output for Exod 25:32 to /Users/joshua/work/strong_number_embedding/sn_within_unv_selfgroup_segmentation/output/Exod/25/32
Processing complete.
Processing Exod 25:33...
Successfully processed and saved output for Exod 25:33 to /Users/joshua/work/strong_number_embedding/sn_within_unv_selfgroup_segmentation/output/Exod/25/33
Processing complete.
Processing Exod 25:34...
Successfully processed and saved output for Exod 25:34 to /Users/joshua/work/strong_number_embedding/sn_within_unv_selfgroup_segmentation/output/Exod/25/34
Processing complete.
Processing Exod 25:35...
Successfully processed and saved output for Exod 25:35 to /Users/joshua/work/strong_number_embedding/sn_within_unv_selfgroup_segmentation/output/Exod/25/35
Processing complete.
Processing Exod 25:36...
Successfully processed and saved output for Exod 25:36 to /Users/joshua/work/strong_number_embedding/sn_within_unv_selfgroup_segmentation/output/Exod/25/36
Processing complete.
Processing Exod 25:37...
Successfully processed and saved output for Exod 25:37 to /Users/joshua/work/strong_number_embedding/sn_within_unv_selfgroup_segmentation/output/Exod/25/37
Processing complete.
Processing Exod 25:38...
Successfully processed and saved output for Exod 25:38 to /Users/joshua/work/strong_number_embedding/sn_within_unv_selfgroup_segmentation/output/Exod/25/38
Processing complete.
Processing Exod 25:39...
Successfully processed and saved output for Exod 25:39 to /Users/joshua/work/strong_number_embedding/sn_within_unv_selfgroup_segmentation/output/Exod/25/39
Processing complete.
Processing Exod 25:40...
Successfully processed and saved output for Exod 25:40 to /Users/joshua/work/strong_number_embedding/sn_within_unv_selfgroup_segmentation/output/Exod/25/40
Processing complete.
  Processing Exodus chapter 26 (37 verses)...
Processing Exod 26:1...
Successfully processed and saved output for Exod 26:1 to /Users/joshua/work/strong_number_embedding/sn_within_unv_selfgroup_segmentation/output/Exod/26/1
Processing complete.
Processing Exod 26:2...
Successfully processed and saved output for Exod 26:2 to /Users/joshua/work/strong_number_embedding/sn_within_unv_selfgroup_segmentation/output/Exod/26/2
Processing complete.
Processing Exod 26:3...
Successfully processed and saved output for Exod 26:3 to /Users/joshua/work/strong_number_embedding/sn_within_unv_selfgroup_segmentation/output/Exod/26/3
Processing complete.
Processing Exod 26:4...
Successfully processed and saved output for Exod 26:4 to /Users/joshua/work/strong_number_embedding/sn_within_unv_selfgroup_segmentation/output/Exod/26/4
Processing complete.
Processing Exod 26:5...
Successfully processed and saved output for Exod 26:5 to /Users/joshua/work/strong_number_embedding/sn_within_unv_selfgroup_segmentation/output/Exod/26/5
Processing complete.
Processing Exod 26:6...
Successfully processed and saved output for Exod 26:6 to /Users/joshua/work/strong_number_embedding/sn_within_unv_selfgroup_segmentation/output/Exod/26/6
Processing complete.
Processing Exod 26:7...
Successfully processed and saved output for Exod 26:7 to /Users/joshua/work/strong_number_embedding/sn_within_unv_selfgroup_segmentation/output/Exod/26/7
Processing complete.
Processing Exod 26:8...
Successfully processed and saved output for Exod 26:8 to /Users/joshua/work/strong_number_embedding/sn_within_unv_selfgroup_segmentation/output/Exod/26/8
Processing complete.
Processing Exod 26:9...
Successfully processed and saved output for Exod 26:9 to /Users/joshua/work/strong_number_embedding/sn_within_unv_selfgroup_segmentation/output/Exod/26/9
Processing complete.
Processing Exod 26:10...
Successfully processed and saved output for Exod 26:10 to /Users/joshua/work/strong_number_embedding/sn_within_unv_selfgroup_segmentation/output/Exod/26/10
Processing complete.
Processing Exod 26:11...
Successfully processed and saved output for Exod 26:11 to /Users/joshua/work/strong_number_embedding/sn_within_unv_selfgroup_segmentation/output/Exod/26/11
Processing complete.
Processing Exod 26:12...
Successfully processed and saved output for Exod 26:12 to /Users/joshua/work/strong_number_embedding/sn_within_unv_selfgroup_segmentation/output/Exod/26/12
Processing complete.
Processing Exod 26:13...
Successfully processed and saved output for Exod 26:13 to /Users/joshua/work/strong_number_embedding/sn_within_unv_selfgroup_segmentation/output/Exod/26/13
Processing complete.
Processing Exod 26:14...
Successfully processed and saved output for Exod 26:14 to /Users/joshua/work/strong_number_embedding/sn_within_unv_selfgroup_segmentation/output/Exod/26/14
Processing complete.
Processing Exod 26:15...
Successfully processed and saved output for Exod 26:15 to /Users/joshua/work/strong_number_embedding/sn_within_unv_selfgroup_segmentation/output/Exod/26/15
Processing complete.
Processing Exod 26:16...
Successfully processed and saved output for Exod 26:16 to /Users/joshua/work/strong_number_embedding/sn_within_unv_selfgroup_segmentation/output/Exod/26/16
Processing complete.
Processing Exod 26:17...
Successfully processed and saved output for Exod 26:17 to /Users/joshua/work/strong_number_embedding/sn_within_unv_selfgroup_segmentation/output/Exod/26/17
Processing complete.
Processing Exod 26:18...
Successfully processed and saved output for Exod 26:18 to /Users/joshua/work/strong_number_embedding/sn_within_unv_selfgroup_segmentation/output/Exod/26/18
Processing complete.
Processing Exod 26:19...
Successfully processed and saved output for Exod 26:19 to /Users/joshua/work/strong_number_embedding/sn_within_unv_selfgroup_segmentation/output/Exod/26/19
Processing complete.
Processing Exod 26:20...
Successfully processed and saved output for Exod 26:20 to /Users/joshua/work/strong_number_embedding/sn_within_unv_selfgroup_segmentation/output/Exod/26/20
Processing complete.
Processing Exod 26:21...
Successfully processed and saved output for Exod 26:21 to /Users/joshua/work/strong_number_embedding/sn_within_unv_selfgroup_segmentation/output/Exod/26/21
Processing complete.
Processing Exod 26:22...
Successfully processed and saved output for Exod 26:22 to /Users/joshua/work/strong_number_embedding/sn_within_unv_selfgroup_segmentation/output/Exod/26/22
Processing complete.
Processing Exod 26:23...
Successfully processed and saved output for Exod 26:23 to /Users/joshua/work/strong_number_embedding/sn_within_unv_selfgroup_segmentation/output/Exod/26/23
Processing complete.
Processing Exod 26:24...
Successfully processed and saved output for Exod 26:24 to /Users/joshua/work/strong_number_embedding/sn_within_unv_selfgroup_segmentation/output/Exod/26/24
Processing complete.
Processing Exod 26:25...
Successfully processed and saved output for Exod 26:25 to /Users/joshua/work/strong_number_embedding/sn_within_unv_selfgroup_segmentation/output/Exod/26/25
Processing complete.
Processing Exod 26:26...
Successfully processed and saved output for Exod 26:26 to /Users/joshua/work/strong_number_embedding/sn_within_unv_selfgroup_segmentation/output/Exod/26/26
Processing complete.
Processing Exod 26:27...
Successfully processed and saved output for Exod 26:27 to /Users/joshua/work/strong_number_embedding/sn_within_unv_selfgroup_segmentation/output/Exod/26/27
Processing complete.
Processing Exod 26:28...
Successfully processed and saved output for Exod 26:28 to /Users/joshua/work/strong_number_embedding/sn_within_unv_selfgroup_segmentation/output/Exod/26/28
Processing complete.
Processing Exod 26:29...
Successfully processed and saved output for Exod 26:29 to /Users/joshua/work/strong_number_embedding/sn_within_unv_selfgroup_segmentation/output/Exod/26/29
Processing complete.
Processing Exod 26:30...
Successfully processed and saved output for Exod 26:30 to /Users/joshua/work/strong_number_embedding/sn_within_unv_selfgroup_segmentation/output/Exod/26/30
Processing complete.
Processing Exod 26:31...
Successfully processed and saved output for Exod 26:31 to /Users/joshua/work/strong_number_embedding/sn_within_unv_selfgroup_segmentation/output/Exod/26/31
Processing complete.
Processing Exod 26:32...
Successfully processed and saved output for Exod 26:32 to /Users/joshua/work/strong_number_embedding/sn_within_unv_selfgroup_segmentation/output/Exod/26/32
Processing complete.
Processing Exod 26:33...
Successfully processed and saved output for Exod 26:33 to /Users/joshua/work/strong_number_embedding/sn_within_unv_selfgroup_segmentation/output/Exod/26/33
Processing complete.
Processing Exod 26:34...
Successfully processed and saved output for Exod 26:34 to /Users/joshua/work/strong_number_embedding/sn_within_unv_selfgroup_segmentation/output/Exod/26/34
Processing complete.
Processing Exod 26:35...
Successfully processed and saved output for Exod 26:35 to /Users/joshua/work/strong_number_embedding/sn_within_unv_selfgroup_segmentation/output/Exod/26/35
Processing complete.
Processing Exod 26:36...
Successfully processed and saved output for Exod 26:36 to /Users/joshua/work/strong_number_embedding/sn_within_unv_selfgroup_segmentation/output/Exod/26/36
Processing complete.
Processing Exod 26:37...
Successfully processed and saved output for Exod 26:37 to /Users/joshua/work/strong_number_embedding/sn_within_unv_selfgroup_segmentation/output/Exod/26/37
Processing complete.
  Processing Exodus chapter 27 (21 verses)...
Processing Exod 27:1...
Successfully processed and saved output for Exod 27:1 to /Users/joshua/work/strong_number_embedding/sn_within_unv_selfgroup_segmentation/output/Exod/27/1
Processing complete.
Processing Exod 27:2...
Successfully processed and saved output for Exod 27:2 to /Users/joshua/work/strong_number_embedding/sn_within_unv_selfgroup_segmentation/output/Exod/27/2
Processing complete.
Processing Exod 27:3...
Successfully processed and saved output for Exod 27:3 to /Users/joshua/work/strong_number_embedding/sn_within_unv_selfgroup_segmentation/output/Exod/27/3
Processing complete.
Processing Exod 27:4...
Successfully processed and saved output for Exod 27:4 to /Users/joshua/work/strong_number_embedding/sn_within_unv_selfgroup_segmentation/output/Exod/27/4
Processing complete.
Processing Exod 27:5...
Successfully processed and saved output for Exod 27:5 to /Users/joshua/work/strong_number_embedding/sn_within_unv_selfgroup_segmentation/output/Exod/27/5
Processing complete.
Processing Exod 27:6...
Successfully processed and saved output for Exod 27:6 to /Users/joshua/work/strong_number_embedding/sn_within_unv_selfgroup_segmentation/output/Exod/27/6
Processing complete.
Processing Exod 27:7...
Successfully processed and saved output for Exod 27:7 to /Users/joshua/work/strong_number_embedding/sn_within_unv_selfgroup_segmentation/output/Exod/27/7
Processing complete.
Processing Exod 27:8...
Successfully processed and saved output for Exod 27:8 to /Users/joshua/work/strong_number_embedding/sn_within_unv_selfgroup_segmentation/output/Exod/27/8
Processing complete.
Processing Exod 27:9...
Successfully processed and saved output for Exod 27:9 to /Users/joshua/work/strong_number_embedding/sn_within_unv_selfgroup_segmentation/output/Exod/27/9
Processing complete.
Processing Exod 27:10...
Successfully processed and saved output for Exod 27:10 to /Users/joshua/work/strong_number_embedding/sn_within_unv_selfgroup_segmentation/output/Exod/27/10
Processing complete.
Processing Exod 27:11...
Successfully processed and saved output for Exod 27:11 to /Users/joshua/work/strong_number_embedding/sn_within_unv_selfgroup_segmentation/output/Exod/27/11
Processing complete.
Processing Exod 27:12...
Successfully processed and saved output for Exod 27:12 to /Users/joshua/work/strong_number_embedding/sn_within_unv_selfgroup_segmentation/output/Exod/27/12
Processing complete.
Processing Exod 27:13...
Successfully processed and saved output for Exod 27:13 to /Users/joshua/work/strong_number_embedding/sn_within_unv_selfgroup_segmentation/output/Exod/27/13
Processing complete.
Processing Exod 27:14...
Successfully processed and saved output for Exod 27:14 to /Users/joshua/work/strong_number_embedding/sn_within_unv_selfgroup_segmentation/output/Exod/27/14
Processing complete.
Processing Exod 27:15...
Successfully processed and saved output for Exod 27:15 to /Users/joshua/work/strong_number_embedding/sn_within_unv_selfgroup_segmentation/output/Exod/27/15
Processing complete.
Processing Exod 27:16...
Successfully processed and saved output for Exod 27:16 to /Users/joshua/work/strong_number_embedding/sn_within_unv_selfgroup_segmentation/output/Exod/27/16
Processing complete.
Processing Exod 27:17...
Successfully processed and saved output for Exod 27:17 to /Users/joshua/work/strong_number_embedding/sn_within_unv_selfgroup_segmentation/output/Exod/27/17
Processing complete.
Processing Exod 27:18...
Successfully processed and saved output for Exod 27:18 to /Users/joshua/work/strong_number_embedding/sn_within_unv_selfgroup_segmentation/output/Exod/27/18
Processing complete.
Processing Exod 27:19...
Successfully processed and saved output for Exod 27:19 to /Users/joshua/work/strong_number_embedding/sn_within_unv_selfgroup_segmentation/output/Exod/27/19
Processing complete.
Processing Exod 27:20...
Successfully processed and saved output for Exod 27:20 to /Users/joshua/work/strong_number_embedding/sn_within_unv_selfgroup_segmentation/output/Exod/27/20
Processing complete.
Processing Exod 27:21...
Successfully processed and saved output for Exod 27:21 to /Users/joshua/work/strong_number_embedding/sn_within_unv_selfgroup_segmentation/output/Exod/27/21
Processing complete.
  Processing Exodus chapter 28 (43 verses)...
Processing Exod 28:1...
Successfully processed and saved output for Exod 28:1 to /Users/joshua/work/strong_number_embedding/sn_within_unv_selfgroup_segmentation/output/Exod/28/1
Processing complete.
Processing Exod 28:2...
Successfully processed and saved output for Exod 28:2 to /Users/joshua/work/strong_number_embedding/sn_within_unv_selfgroup_segmentation/output/Exod/28/2
Processing complete.
Processing Exod 28:3...
Successfully processed and saved output for Exod 28:3 to /Users/joshua/work/strong_number_embedding/sn_within_unv_selfgroup_segmentation/output/Exod/28/3
Processing complete.
Processing Exod 28:4...
Successfully processed and saved output for Exod 28:4 to /Users/joshua/work/strong_number_embedding/sn_within_unv_selfgroup_segmentation/output/Exod/28/4
Processing complete.
Processing Exod 28:5...
Successfully processed and saved output for Exod 28:5 to /Users/joshua/work/strong_number_embedding/sn_within_unv_selfgroup_segmentation/output/Exod/28/5
Processing complete.
Processing Exod 28:6...
Successfully processed and saved output for Exod 28:6 to /Users/joshua/work/strong_number_embedding/sn_within_unv_selfgroup_segmentation/output/Exod/28/6
Processing complete.
Processing Exod 28:7...
Successfully processed and saved output for Exod 28:7 to /Users/joshua/work/strong_number_embedding/sn_within_unv_selfgroup_segmentation/output/Exod/28/7
Processing complete.
Processing Exod 28:8...
Successfully processed and saved output for Exod 28:8 to /Users/joshua/work/strong_number_embedding/sn_within_unv_selfgroup_segmentation/output/Exod/28/8
Processing complete.
Processing Exod 28:9...
Successfully processed and saved output for Exod 28:9 to /Users/joshua/work/strong_number_embedding/sn_within_unv_selfgroup_segmentation/output/Exod/28/9
Processing complete.
Processing Exod 28:10...
Successfully processed and saved output for Exod 28:10 to /Users/joshua/work/strong_number_embedding/sn_within_unv_selfgroup_segmentation/output/Exod/28/10
Processing complete.
Processing Exod 28:11...
Successfully processed and saved output for Exod 28:11 to /Users/joshua/work/strong_number_embedding/sn_within_unv_selfgroup_segmentation/output/Exod/28/11
Processing complete.
Processing Exod 28:12...
Successfully processed and saved output for Exod 28:12 to /Users/joshua/work/strong_number_embedding/sn_within_unv_selfgroup_segmentation/output/Exod/28/12
Processing complete.
Processing Exod 28:13...
Successfully processed and saved output for Exod 28:13 to /Users/joshua/work/strong_number_embedding/sn_within_unv_selfgroup_segmentation/output/Exod/28/13
Processing complete.
Processing Exod 28:14...
Successfully processed and saved output for Exod 28:14 to /Users/joshua/work/strong_number_embedding/sn_within_unv_selfgroup_segmentation/output/Exod/28/14
Processing complete.
Processing Exod 28:15...
Successfully processed and saved output for Exod 28:15 to /Users/joshua/work/strong_number_embedding/sn_within_unv_selfgroup_segmentation/output/Exod/28/15
Processing complete.
Processing Exod 28:16...
Successfully processed and saved output for Exod 28:16 to /Users/joshua/work/strong_number_embedding/sn_within_unv_selfgroup_segmentation/output/Exod/28/16
Processing complete.
Processing Exod 28:17...
Successfully processed and saved output for Exod 28:17 to /Users/joshua/work/strong_number_embedding/sn_within_unv_selfgroup_segmentation/output/Exod/28/17
Processing complete.
Processing Exod 28:18...
Successfully processed and saved output for Exod 28:18 to /Users/joshua/work/strong_number_embedding/sn_within_unv_selfgroup_segmentation/output/Exod/28/18
Processing complete.
Processing Exod 28:19...
Successfully processed and saved output for Exod 28:19 to /Users/joshua/work/strong_number_embedding/sn_within_unv_selfgroup_segmentation/output/Exod/28/19
Processing complete.
Processing Exod 28:20...
Successfully processed and saved output for Exod 28:20 to /Users/joshua/work/strong_number_embedding/sn_within_unv_selfgroup_segmentation/output/Exod/28/20
Processing complete.
Processing Exod 28:21...
Successfully processed and saved output for Exod 28:21 to /Users/joshua/work/strong_number_embedding/sn_within_unv_selfgroup_segmentation/output/Exod/28/21
Processing complete.
Processing Exod 28:22...
Successfully processed and saved output for Exod 28:22 to /Users/joshua/work/strong_number_embedding/sn_within_unv_selfgroup_segmentation/output/Exod/28/22
Processing complete.
Processing Exod 28:23...
Successfully processed and saved output for Exod 28:23 to /Users/joshua/work/strong_number_embedding/sn_within_unv_selfgroup_segmentation/output/Exod/28/23
Processing complete.
Processing Exod 28:24...
Successfully processed and saved output for Exod 28:24 to /Users/joshua/work/strong_number_embedding/sn_within_unv_selfgroup_segmentation/output/Exod/28/24
Processing complete.
Processing Exod 28:25...
Successfully processed and saved output for Exod 28:25 to /Users/joshua/work/strong_number_embedding/sn_within_unv_selfgroup_segmentation/output/Exod/28/25
Processing complete.
Processing Exod 28:26...
Successfully processed and saved output for Exod 28:26 to /Users/joshua/work/strong_number_embedding/sn_within_unv_selfgroup_segmentation/output/Exod/28/26
Processing complete.
Processing Exod 28:27...
Successfully processed and saved output for Exod 28:27 to /Users/joshua/work/strong_number_embedding/sn_within_unv_selfgroup_segmentation/output/Exod/28/27
Processing complete.
Processing Exod 28:28...
Successfully processed and saved output for Exod 28:28 to /Users/joshua/work/strong_number_embedding/sn_within_unv_selfgroup_segmentation/output/Exod/28/28
Processing complete.
Processing Exod 28:29...
Successfully processed and saved output for Exod 28:29 to /Users/joshua/work/strong_number_embedding/sn_within_unv_selfgroup_segmentation/output/Exod/28/29
Processing complete.
Processing Exod 28:30...
Successfully processed and saved output for Exod 28:30 to /Users/joshua/work/strong_number_embedding/sn_within_unv_selfgroup_segmentation/output/Exod/28/30
Processing complete.
Processing Exod 28:31...
Successfully processed and saved output for Exod 28:31 to /Users/joshua/work/strong_number_embedding/sn_within_unv_selfgroup_segmentation/output/Exod/28/31
Processing complete.
Processing Exod 28:32...
Successfully processed and saved output for Exod 28:32 to /Users/joshua/work/strong_number_embedding/sn_within_unv_selfgroup_segmentation/output/Exod/28/32
Processing complete.
Processing Exod 28:33...
Successfully processed and saved output for Exod 28:33 to /Users/joshua/work/strong_number_embedding/sn_within_unv_selfgroup_segmentation/output/Exod/28/33
Processing complete.
Processing Exod 28:34...
Successfully processed and saved output for Exod 28:34 to /Users/joshua/work/strong_number_embedding/sn_within_unv_selfgroup_segmentation/output/Exod/28/34
Processing complete.
Processing Exod 28:35...
Successfully processed and saved output for Exod 28:35 to /Users/joshua/work/strong_number_embedding/sn_within_unv_selfgroup_segmentation/output/Exod/28/35
Processing complete.
Processing Exod 28:36...
Successfully processed and saved output for Exod 28:36 to /Users/joshua/work/strong_number_embedding/sn_within_unv_selfgroup_segmentation/output/Exod/28/36
Processing complete.
Processing Exod 28:37...
Successfully processed and saved output for Exod 28:37 to /Users/joshua/work/strong_number_embedding/sn_within_unv_selfgroup_segmentation/output/Exod/28/37
Processing complete.
Processing Exod 28:38...
Successfully processed and saved output for Exod 28:38 to /Users/joshua/work/strong_number_embedding/sn_within_unv_selfgroup_segmentation/output/Exod/28/38
Processing complete.
Processing Exod 28:39...
Successfully processed and saved output for Exod 28:39 to /Users/joshua/work/strong_number_embedding/sn_within_unv_selfgroup_segmentation/output/Exod/28/39
Processing complete.
Processing Exod 28:40...
Successfully processed and saved output for Exod 28:40 to /Users/joshua/work/strong_number_embedding/sn_within_unv_selfgroup_segmentation/output/Exod/28/40
Processing complete.
Processing Exod 28:41...
Successfully processed and saved output for Exod 28:41 to /Users/joshua/work/strong_number_embedding/sn_within_unv_selfgroup_segmentation/output/Exod/28/41
Processing complete.
Processing Exod 28:42...
Successfully processed and saved output for Exod 28:42 to /Users/joshua/work/strong_number_embedding/sn_within_unv_selfgroup_segmentation/output/Exod/28/42
Processing complete.
Processing Exod 28:43...
Successfully processed and saved output for Exod 28:43 to /Users/joshua/work/strong_number_embedding/sn_within_unv_selfgroup_segmentation/output/Exod/28/43
Processing complete.
  Processing Exodus chapter 29 (46 verses)...
Processing Exod 29:1...
Successfully processed and saved output for Exod 29:1 to /Users/joshua/work/strong_number_embedding/sn_within_unv_selfgroup_segmentation/output/Exod/29/1
Processing complete.
Processing Exod 29:2...
Successfully processed and saved output for Exod 29:2 to /Users/joshua/work/strong_number_embedding/sn_within_unv_selfgroup_segmentation/output/Exod/29/2
Processing complete.
Processing Exod 29:3...
Successfully processed and saved output for Exod 29:3 to /Users/joshua/work/strong_number_embedding/sn_within_unv_selfgroup_segmentation/output/Exod/29/3
Processing complete.
Processing Exod 29:4...
Successfully processed and saved output for Exod 29:4 to /Users/joshua/work/strong_number_embedding/sn_within_unv_selfgroup_segmentation/output/Exod/29/4
Processing complete.
Processing Exod 29:5...
Successfully processed and saved output for Exod 29:5 to /Users/joshua/work/strong_number_embedding/sn_within_unv_selfgroup_segmentation/output/Exod/29/5
Processing complete.
Processing Exod 29:6...
Successfully processed and saved output for Exod 29:6 to /Users/joshua/work/strong_number_embedding/sn_within_unv_selfgroup_segmentation/output/Exod/29/6
Processing complete.
Processing Exod 29:7...
Successfully processed and saved output for Exod 29:7 to /Users/joshua/work/strong_number_embedding/sn_within_unv_selfgroup_segmentation/output/Exod/29/7
Processing complete.
Processing Exod 29:8...
Successfully processed and saved output for Exod 29:8 to /Users/joshua/work/strong_number_embedding/sn_within_unv_selfgroup_segmentation/output/Exod/29/8
Processing complete.
Processing Exod 29:9...
Successfully processed and saved output for Exod 29:9 to /Users/joshua/work/strong_number_embedding/sn_within_unv_selfgroup_segmentation/output/Exod/29/9
Processing complete.
Processing Exod 29:10...
Successfully processed and saved output for Exod 29:10 to /Users/joshua/work/strong_number_embedding/sn_within_unv_selfgroup_segmentation/output/Exod/29/10
Processing complete.
Processing Exod 29:11...
Successfully processed and saved output for Exod 29:11 to /Users/joshua/work/strong_number_embedding/sn_within_unv_selfgroup_segmentation/output/Exod/29/11
Processing complete.
Processing Exod 29:12...
Successfully processed and saved output for Exod 29:12 to /Users/joshua/work/strong_number_embedding/sn_within_unv_selfgroup_segmentation/output/Exod/29/12
Processing complete.
Processing Exod 29:13...
Successfully processed and saved output for Exod 29:13 to /Users/joshua/work/strong_number_embedding/sn_within_unv_selfgroup_segmentation/output/Exod/29/13
Processing complete.
Processing Exod 29:14...
Successfully processed and saved output for Exod 29:14 to /Users/joshua/work/strong_number_embedding/sn_within_unv_selfgroup_segmentation/output/Exod/29/14
Processing complete.
Processing Exod 29:15...
Successfully processed and saved output for Exod 29:15 to /Users/joshua/work/strong_number_embedding/sn_within_unv_selfgroup_segmentation/output/Exod/29/15
Processing complete.
Processing Exod 29:16...
Successfully processed and saved output for Exod 29:16 to /Users/joshua/work/strong_number_embedding/sn_within_unv_selfgroup_segmentation/output/Exod/29/16
Processing complete.
Processing Exod 29:17...
Successfully processed and saved output for Exod 29:17 to /Users/joshua/work/strong_number_embedding/sn_within_unv_selfgroup_segmentation/output/Exod/29/17
Processing complete.
Processing Exod 29:18...
Successfully processed and saved output for Exod 29:18 to /Users/joshua/work/strong_number_embedding/sn_within_unv_selfgroup_segmentation/output/Exod/29/18
Processing complete.
Processing Exod 29:19...
Successfully processed and saved output for Exod 29:19 to /Users/joshua/work/strong_number_embedding/sn_within_unv_selfgroup_segmentation/output/Exod/29/19
Processing complete.
Processing Exod 29:20...
Successfully processed and saved output for Exod 29:20 to /Users/joshua/work/strong_number_embedding/sn_within_unv_selfgroup_segmentation/output/Exod/29/20
Processing complete.
Processing Exod 29:21...
Successfully processed and saved output for Exod 29:21 to /Users/joshua/work/strong_number_embedding/sn_within_unv_selfgroup_segmentation/output/Exod/29/21
Processing complete.
Processing Exod 29:22...
Successfully processed and saved output for Exod 29:22 to /Users/joshua/work/strong_number_embedding/sn_within_unv_selfgroup_segmentation/output/Exod/29/22
Processing complete.
Processing Exod 29:23...
Successfully processed and saved output for Exod 29:23 to /Users/joshua/work/strong_number_embedding/sn_within_unv_selfgroup_segmentation/output/Exod/29/23
Processing complete.
Processing Exod 29:24...
Successfully processed and saved output for Exod 29:24 to /Users/joshua/work/strong_number_embedding/sn_within_unv_selfgroup_segmentation/output/Exod/29/24
Processing complete.
Processing Exod 29:25...
Successfully processed and saved output for Exod 29:25 to /Users/joshua/work/strong_number_embedding/sn_within_unv_selfgroup_segmentation/output/Exod/29/25
Processing complete.
Processing Exod 29:26...
Successfully processed and saved output for Exod 29:26 to /Users/joshua/work/strong_number_embedding/sn_within_unv_selfgroup_segmentation/output/Exod/29/26
Processing complete.
Processing Exod 29:27...
Successfully processed and saved output for Exod 29:27 to /Users/joshua/work/strong_number_embedding/sn_within_unv_selfgroup_segmentation/output/Exod/29/27
Processing complete.
Processing Exod 29:28...
Successfully processed and saved output for Exod 29:28 to /Users/joshua/work/strong_number_embedding/sn_within_unv_selfgroup_segmentation/output/Exod/29/28
Processing complete.
Processing Exod 29:29...
Successfully processed and saved output for Exod 29:29 to /Users/joshua/work/strong_number_embedding/sn_within_unv_selfgroup_segmentation/output/Exod/29/29
Processing complete.
Processing Exod 29:30...
Successfully processed and saved output for Exod 29:30 to /Users/joshua/work/strong_number_embedding/sn_within_unv_selfgroup_segmentation/output/Exod/29/30
Processing complete.
Processing Exod 29:31...
Successfully processed and saved output for Exod 29:31 to /Users/joshua/work/strong_number_embedding/sn_within_unv_selfgroup_segmentation/output/Exod/29/31
Processing complete.
Processing Exod 29:32...
Successfully processed and saved output for Exod 29:32 to /Users/joshua/work/strong_number_embedding/sn_within_unv_selfgroup_segmentation/output/Exod/29/32
Processing complete.
Processing Exod 29:33...
Successfully processed and saved output for Exod 29:33 to /Users/joshua/work/strong_number_embedding/sn_within_unv_selfgroup_segmentation/output/Exod/29/33
Processing complete.
Processing Exod 29:34...
Successfully processed and saved output for Exod 29:34 to /Users/joshua/work/strong_number_embedding/sn_within_unv_selfgroup_segmentation/output/Exod/29/34
Processing complete.
Processing Exod 29:35...
Successfully processed and saved output for Exod 29:35 to /Users/joshua/work/strong_number_embedding/sn_within_unv_selfgroup_segmentation/output/Exod/29/35
Processing complete.
Processing Exod 29:36...
Successfully processed and saved output for Exod 29:36 to /Users/joshua/work/strong_number_embedding/sn_within_unv_selfgroup_segmentation/output/Exod/29/36
Processing complete.
Processing Exod 29:37...
Successfully processed and saved output for Exod 29:37 to /Users/joshua/work/strong_number_embedding/sn_within_unv_selfgroup_segmentation/output/Exod/29/37
Processing complete.
Processing Exod 29:38...
Successfully processed and saved output for Exod 29:38 to /Users/joshua/work/strong_number_embedding/sn_within_unv_selfgroup_segmentation/output/Exod/29/38
Processing complete.
Processing Exod 29:39...
Successfully processed and saved output for Exod 29:39 to /Users/joshua/work/strong_number_embedding/sn_within_unv_selfgroup_segmentation/output/Exod/29/39
Processing complete.
Processing Exod 29:40...
Successfully processed and saved output for Exod 29:40 to /Users/joshua/work/strong_number_embedding/sn_within_unv_selfgroup_segmentation/output/Exod/29/40
Processing complete.
Processing Exod 29:41...
Successfully processed and saved output for Exod 29:41 to /Users/joshua/work/strong_number_embedding/sn_within_unv_selfgroup_segmentation/output/Exod/29/41
Processing complete.
Processing Exod 29:42...
Successfully processed and saved output for Exod 29:42 to /Users/joshua/work/strong_number_embedding/sn_within_unv_selfgroup_segmentation/output/Exod/29/42
Processing complete.
Processing Exod 29:43...
Successfully processed and saved output for Exod 29:43 to /Users/joshua/work/strong_number_embedding/sn_within_unv_selfgroup_segmentation/output/Exod/29/43
Processing complete.
Processing Exod 29:44...
Successfully processed and saved output for Exod 29:44 to /Users/joshua/work/strong_number_embedding/sn_within_unv_selfgroup_segmentation/output/Exod/29/44
Processing complete.
Processing Exod 29:45...
Successfully processed and saved output for Exod 29:45 to /Users/joshua/work/strong_number_embedding/sn_within_unv_selfgroup_segmentation/output/Exod/29/45
Processing complete.
Processing Exod 29:46...
Successfully processed and saved output for Exod 29:46 to /Users/joshua/work/strong_number_embedding/sn_within_unv_selfgroup_segmentation/output/Exod/29/46
Processing complete.
  Processing Exodus chapter 30 (38 verses)...
Processing Exod 30:1...
Successfully processed and saved output for Exod 30:1 to /Users/joshua/work/strong_number_embedding/sn_within_unv_selfgroup_segmentation/output/Exod/30/1
Processing complete.
Processing Exod 30:2...
Successfully processed and saved output for Exod 30:2 to /Users/joshua/work/strong_number_embedding/sn_within_unv_selfgroup_segmentation/output/Exod/30/2
Processing complete.
Processing Exod 30:3...
Successfully processed and saved output for Exod 30:3 to /Users/joshua/work/strong_number_embedding/sn_within_unv_selfgroup_segmentation/output/Exod/30/3
Processing complete.
Processing Exod 30:4...
Successfully processed and saved output for Exod 30:4 to /Users/joshua/work/strong_number_embedding/sn_within_unv_selfgroup_segmentation/output/Exod/30/4
Processing complete.
Processing Exod 30:5...
Successfully processed and saved output for Exod 30:5 to /Users/joshua/work/strong_number_embedding/sn_within_unv_selfgroup_segmentation/output/Exod/30/5
Processing complete.
Processing Exod 30:6...
Successfully processed and saved output for Exod 30:6 to /Users/joshua/work/strong_number_embedding/sn_within_unv_selfgroup_segmentation/output/Exod/30/6
Processing complete.
Processing Exod 30:7...
Successfully processed and saved output for Exod 30:7 to /Users/joshua/work/strong_number_embedding/sn_within_unv_selfgroup_segmentation/output/Exod/30/7
Processing complete.
Processing Exod 30:8...
Successfully processed and saved output for Exod 30:8 to /Users/joshua/work/strong_number_embedding/sn_within_unv_selfgroup_segmentation/output/Exod/30/8
Processing complete.
Processing Exod 30:9...
Successfully processed and saved output for Exod 30:9 to /Users/joshua/work/strong_number_embedding/sn_within_unv_selfgroup_segmentation/output/Exod/30/9
Processing complete.
Processing Exod 30:10...
Successfully processed and saved output for Exod 30:10 to /Users/joshua/work/strong_number_embedding/sn_within_unv_selfgroup_segmentation/output/Exod/30/10
Processing complete.
Processing Exod 30:11...
Successfully processed and saved output for Exod 30:11 to /Users/joshua/work/strong_number_embedding/sn_within_unv_selfgroup_segmentation/output/Exod/30/11
Processing complete.
Processing Exod 30:12...
Successfully processed and saved output for Exod 30:12 to /Users/joshua/work/strong_number_embedding/sn_within_unv_selfgroup_segmentation/output/Exod/30/12
Processing complete.
Processing Exod 30:13...
Successfully processed and saved output for Exod 30:13 to /Users/joshua/work/strong_number_embedding/sn_within_unv_selfgroup_segmentation/output/Exod/30/13
Processing complete.
Processing Exod 30:14...
Successfully processed and saved output for Exod 30:14 to /Users/joshua/work/strong_number_embedding/sn_within_unv_selfgroup_segmentation/output/Exod/30/14
Processing complete.
Processing Exod 30:15...
Successfully processed and saved output for Exod 30:15 to /Users/joshua/work/strong_number_embedding/sn_within_unv_selfgroup_segmentation/output/Exod/30/15
Processing complete.
Processing Exod 30:16...
Successfully processed and saved output for Exod 30:16 to /Users/joshua/work/strong_number_embedding/sn_within_unv_selfgroup_segmentation/output/Exod/30/16
Processing complete.
Processing Exod 30:17...
Successfully processed and saved output for Exod 30:17 to /Users/joshua/work/strong_number_embedding/sn_within_unv_selfgroup_segmentation/output/Exod/30/17
Processing complete.
Processing Exod 30:18...
Successfully processed and saved output for Exod 30:18 to /Users/joshua/work/strong_number_embedding/sn_within_unv_selfgroup_segmentation/output/Exod/30/18
Processing complete.
Processing Exod 30:19...
Successfully processed and saved output for Exod 30:19 to /Users/joshua/work/strong_number_embedding/sn_within_unv_selfgroup_segmentation/output/Exod/30/19
Processing complete.
Processing Exod 30:20...
Successfully processed and saved output for Exod 30:20 to /Users/joshua/work/strong_number_embedding/sn_within_unv_selfgroup_segmentation/output/Exod/30/20
Processing complete.
Processing Exod 30:21...
Successfully processed and saved output for Exod 30:21 to /Users/joshua/work/strong_number_embedding/sn_within_unv_selfgroup_segmentation/output/Exod/30/21
Processing complete.
Processing Exod 30:22...
Successfully processed and saved output for Exod 30:22 to /Users/joshua/work/strong_number_embedding/sn_within_unv_selfgroup_segmentation/output/Exod/30/22
Processing complete.
Processing Exod 30:23...
Successfully processed and saved output for Exod 30:23 to /Users/joshua/work/strong_number_embedding/sn_within_unv_selfgroup_segmentation/output/Exod/30/23
Processing complete.
Processing Exod 30:24...
Successfully processed and saved output for Exod 30:24 to /Users/joshua/work/strong_number_embedding/sn_within_unv_selfgroup_segmentation/output/Exod/30/24
Processing complete.
Processing Exod 30:25...
Successfully processed and saved output for Exod 30:25 to /Users/joshua/work/strong_number_embedding/sn_within_unv_selfgroup_segmentation/output/Exod/30/25
Processing complete.
Processing Exod 30:26...
Successfully processed and saved output for Exod 30:26 to /Users/joshua/work/strong_number_embedding/sn_within_unv_selfgroup_segmentation/output/Exod/30/26
Processing complete.
Processing Exod 30:27...
Successfully processed and saved output for Exod 30:27 to /Users/joshua/work/strong_number_embedding/sn_within_unv_selfgroup_segmentation/output/Exod/30/27
Processing complete.
Processing Exod 30:28...
Successfully processed and saved output for Exod 30:28 to /Users/joshua/work/strong_number_embedding/sn_within_unv_selfgroup_segmentation/output/Exod/30/28
Processing complete.
Processing Exod 30:29...
Successfully processed and saved output for Exod 30:29 to /Users/joshua/work/strong_number_embedding/sn_within_unv_selfgroup_segmentation/output/Exod/30/29
Processing complete.
Processing Exod 30:30...
Successfully processed and saved output for Exod 30:30 to /Users/joshua/work/strong_number_embedding/sn_within_unv_selfgroup_segmentation/output/Exod/30/30
Processing complete.
Processing Exod 30:31...
Successfully processed and saved output for Exod 30:31 to /Users/joshua/work/strong_number_embedding/sn_within_unv_selfgroup_segmentation/output/Exod/30/31
Processing complete.
Processing Exod 30:32...
Successfully processed and saved output for Exod 30:32 to /Users/joshua/work/strong_number_embedding/sn_within_unv_selfgroup_segmentation/output/Exod/30/32
Processing complete.
Processing Exod 30:33...
Successfully processed and saved output for Exod 30:33 to /Users/joshua/work/strong_number_embedding/sn_within_unv_selfgroup_segmentation/output/Exod/30/33
Processing complete.
Processing Exod 30:34...
Successfully processed and saved output for Exod 30:34 to /Users/joshua/work/strong_number_embedding/sn_within_unv_selfgroup_segmentation/output/Exod/30/34
Processing complete.
Processing Exod 30:35...
Successfully processed and saved output for Exod 30:35 to /Users/joshua/work/strong_number_embedding/sn_within_unv_selfgroup_segmentation/output/Exod/30/35
Processing complete.
Processing Exod 30:36...
Successfully processed and saved output for Exod 30:36 to /Users/joshua/work/strong_number_embedding/sn_within_unv_selfgroup_segmentation/output/Exod/30/36
Processing complete.
Processing Exod 30:37...
Successfully processed and saved output for Exod 30:37 to /Users/joshua/work/strong_number_embedding/sn_within_unv_selfgroup_segmentation/output/Exod/30/37
Processing complete.
Processing Exod 30:38...
Successfully processed and saved output for Exod 30:38 to /Users/joshua/work/strong_number_embedding/sn_within_unv_selfgroup_segmentation/output/Exod/30/38
Processing complete.
  Processing Exodus chapter 31 (18 verses)...
Processing Exod 31:1...
Successfully processed and saved output for Exod 31:1 to /Users/joshua/work/strong_number_embedding/sn_within_unv_selfgroup_segmentation/output/Exod/31/1
Processing complete.
Processing Exod 31:2...
Successfully processed and saved output for Exod 31:2 to /Users/joshua/work/strong_number_embedding/sn_within_unv_selfgroup_segmentation/output/Exod/31/2
Processing complete.
Processing Exod 31:3...
Successfully processed and saved output for Exod 31:3 to /Users/joshua/work/strong_number_embedding/sn_within_unv_selfgroup_segmentation/output/Exod/31/3
Processing complete.
Processing Exod 31:4...
Successfully processed and saved output for Exod 31:4 to /Users/joshua/work/strong_number_embedding/sn_within_unv_selfgroup_segmentation/output/Exod/31/4
Processing complete.
Processing Exod 31:5...
Successfully processed and saved output for Exod 31:5 to /Users/joshua/work/strong_number_embedding/sn_within_unv_selfgroup_segmentation/output/Exod/31/5
Processing complete.
Processing Exod 31:6...
Successfully processed and saved output for Exod 31:6 to /Users/joshua/work/strong_number_embedding/sn_within_unv_selfgroup_segmentation/output/Exod/31/6
Processing complete.
Processing Exod 31:7...
Successfully processed and saved output for Exod 31:7 to /Users/joshua/work/strong_number_embedding/sn_within_unv_selfgroup_segmentation/output/Exod/31/7
Processing complete.
Processing Exod 31:8...
Successfully processed and saved output for Exod 31:8 to /Users/joshua/work/strong_number_embedding/sn_within_unv_selfgroup_segmentation/output/Exod/31/8
Processing complete.
Processing Exod 31:9...
Successfully processed and saved output for Exod 31:9 to /Users/joshua/work/strong_number_embedding/sn_within_unv_selfgroup_segmentation/output/Exod/31/9
Processing complete.
Processing Exod 31:10...
Successfully processed and saved output for Exod 31:10 to /Users/joshua/work/strong_number_embedding/sn_within_unv_selfgroup_segmentation/output/Exod/31/10
Processing complete.
Processing Exod 31:11...
Successfully processed and saved output for Exod 31:11 to /Users/joshua/work/strong_number_embedding/sn_within_unv_selfgroup_segmentation/output/Exod/31/11
Processing complete.
Processing Exod 31:12...
Successfully processed and saved output for Exod 31:12 to /Users/joshua/work/strong_number_embedding/sn_within_unv_selfgroup_segmentation/output/Exod/31/12
Processing complete.
Processing Exod 31:13...
Successfully processed and saved output for Exod 31:13 to /Users/joshua/work/strong_number_embedding/sn_within_unv_selfgroup_segmentation/output/Exod/31/13
Processing complete.
Processing Exod 31:14...
Successfully processed and saved output for Exod 31:14 to /Users/joshua/work/strong_number_embedding/sn_within_unv_selfgroup_segmentation/output/Exod/31/14
Processing complete.
Processing Exod 31:15...
Successfully processed and saved output for Exod 31:15 to /Users/joshua/work/strong_number_embedding/sn_within_unv_selfgroup_segmentation/output/Exod/31/15
Processing complete.
Processing Exod 31:16...
Successfully processed and saved output for Exod 31:16 to /Users/joshua/work/strong_number_embedding/sn_within_unv_selfgroup_segmentation/output/Exod/31/16
Processing complete.
Processing Exod 31:17...
Successfully processed and saved output for Exod 31:17 to /Users/joshua/work/strong_number_embedding/sn_within_unv_selfgroup_segmentation/output/Exod/31/17
Processing complete.
Processing Exod 31:18...
Successfully processed and saved output for Exod 31:18 to /Users/joshua/work/strong_number_embedding/sn_within_unv_selfgroup_segmentation/output/Exod/31/18
Processing complete.
  Processing Exodus chapter 32 (35 verses)...
Processing Exod 32:1...
Successfully processed and saved output for Exod 32:1 to /Users/joshua/work/strong_number_embedding/sn_within_unv_selfgroup_segmentation/output/Exod/32/1
Processing complete.
Processing Exod 32:2...
Successfully processed and saved output for Exod 32:2 to /Users/joshua/work/strong_number_embedding/sn_within_unv_selfgroup_segmentation/output/Exod/32/2
Processing complete.
Processing Exod 32:3...
Successfully processed and saved output for Exod 32:3 to /Users/joshua/work/strong_number_embedding/sn_within_unv_selfgroup_segmentation/output/Exod/32/3
Processing complete.
Processing Exod 32:4...
Successfully processed and saved output for Exod 32:4 to /Users/joshua/work/strong_number_embedding/sn_within_unv_selfgroup_segmentation/output/Exod/32/4
Processing complete.
Processing Exod 32:5...
Successfully processed and saved output for Exod 32:5 to /Users/joshua/work/strong_number_embedding/sn_within_unv_selfgroup_segmentation/output/Exod/32/5
Processing complete.
Processing Exod 32:6...
Successfully processed and saved output for Exod 32:6 to /Users/joshua/work/strong_number_embedding/sn_within_unv_selfgroup_segmentation/output/Exod/32/6
Processing complete.
Processing Exod 32:7...
Successfully processed and saved output for Exod 32:7 to /Users/joshua/work/strong_number_embedding/sn_within_unv_selfgroup_segmentation/output/Exod/32/7
Processing complete.
Processing Exod 32:8...
Successfully processed and saved output for Exod 32:8 to /Users/joshua/work/strong_number_embedding/sn_within_unv_selfgroup_segmentation/output/Exod/32/8
Processing complete.
Processing Exod 32:9...
Successfully processed and saved output for Exod 32:9 to /Users/joshua/work/strong_number_embedding/sn_within_unv_selfgroup_segmentation/output/Exod/32/9
Processing complete.
Processing Exod 32:10...
Successfully processed and saved output for Exod 32:10 to /Users/joshua/work/strong_number_embedding/sn_within_unv_selfgroup_segmentation/output/Exod/32/10
Processing complete.
Processing Exod 32:11...
Successfully processed and saved output for Exod 32:11 to /Users/joshua/work/strong_number_embedding/sn_within_unv_selfgroup_segmentation/output/Exod/32/11
Processing complete.
Processing Exod 32:12...
Successfully processed and saved output for Exod 32:12 to /Users/joshua/work/strong_number_embedding/sn_within_unv_selfgroup_segmentation/output/Exod/32/12
Processing complete.
Processing Exod 32:13...
Successfully processed and saved output for Exod 32:13 to /Users/joshua/work/strong_number_embedding/sn_within_unv_selfgroup_segmentation/output/Exod/32/13
Processing complete.
Processing Exod 32:14...
Successfully processed and saved output for Exod 32:14 to /Users/joshua/work/strong_number_embedding/sn_within_unv_selfgroup_segmentation/output/Exod/32/14
Processing complete.
Processing Exod 32:15...
Successfully processed and saved output for Exod 32:15 to /Users/joshua/work/strong_number_embedding/sn_within_unv_selfgroup_segmentation/output/Exod/32/15
Processing complete.
Processing Exod 32:16...
Successfully processed and saved output for Exod 32:16 to /Users/joshua/work/strong_number_embedding/sn_within_unv_selfgroup_segmentation/output/Exod/32/16
Processing complete.
Processing Exod 32:17...
Successfully processed and saved output for Exod 32:17 to /Users/joshua/work/strong_number_embedding/sn_within_unv_selfgroup_segmentation/output/Exod/32/17
Processing complete.
Processing Exod 32:18...
Successfully processed and saved output for Exod 32:18 to /Users/joshua/work/strong_number_embedding/sn_within_unv_selfgroup_segmentation/output/Exod/32/18
Processing complete.
Processing Exod 32:19...
Successfully processed and saved output for Exod 32:19 to /Users/joshua/work/strong_number_embedding/sn_within_unv_selfgroup_segmentation/output/Exod/32/19
Processing complete.
Processing Exod 32:20...
Successfully processed and saved output for Exod 32:20 to /Users/joshua/work/strong_number_embedding/sn_within_unv_selfgroup_segmentation/output/Exod/32/20
Processing complete.
Processing Exod 32:21...
Successfully processed and saved output for Exod 32:21 to /Users/joshua/work/strong_number_embedding/sn_within_unv_selfgroup_segmentation/output/Exod/32/21
Processing complete.
Processing Exod 32:22...
Successfully processed and saved output for Exod 32:22 to /Users/joshua/work/strong_number_embedding/sn_within_unv_selfgroup_segmentation/output/Exod/32/22
Processing complete.
Processing Exod 32:23...
Successfully processed and saved output for Exod 32:23 to /Users/joshua/work/strong_number_embedding/sn_within_unv_selfgroup_segmentation/output/Exod/32/23
Processing complete.
Processing Exod 32:24...
Successfully processed and saved output for Exod 32:24 to /Users/joshua/work/strong_number_embedding/sn_within_unv_selfgroup_segmentation/output/Exod/32/24
Processing complete.
Processing Exod 32:25...
Successfully processed and saved output for Exod 32:25 to /Users/joshua/work/strong_number_embedding/sn_within_unv_selfgroup_segmentation/output/Exod/32/25
Processing complete.
Processing Exod 32:26...
Successfully processed and saved output for Exod 32:26 to /Users/joshua/work/strong_number_embedding/sn_within_unv_selfgroup_segmentation/output/Exod/32/26
Processing complete.
Processing Exod 32:27...
Successfully processed and saved output for Exod 32:27 to /Users/joshua/work/strong_number_embedding/sn_within_unv_selfgroup_segmentation/output/Exod/32/27
Processing complete.
Processing Exod 32:28...
Successfully processed and saved output for Exod 32:28 to /Users/joshua/work/strong_number_embedding/sn_within_unv_selfgroup_segmentation/output/Exod/32/28
Processing complete.
Processing Exod 32:29...
Successfully processed and saved output for Exod 32:29 to /Users/joshua/work/strong_number_embedding/sn_within_unv_selfgroup_segmentation/output/Exod/32/29
Processing complete.
Processing Exod 32:30...
Successfully processed and saved output for Exod 32:30 to /Users/joshua/work/strong_number_embedding/sn_within_unv_selfgroup_segmentation/output/Exod/32/30
Processing complete.
Processing Exod 32:31...
Successfully processed and saved output for Exod 32:31 to /Users/joshua/work/strong_number_embedding/sn_within_unv_selfgroup_segmentation/output/Exod/32/31
Processing complete.
Processing Exod 32:32...
Successfully processed and saved output for Exod 32:32 to /Users/joshua/work/strong_number_embedding/sn_within_unv_selfgroup_segmentation/output/Exod/32/32
Processing complete.
Processing Exod 32:33...
Successfully processed and saved output for Exod 32:33 to /Users/joshua/work/strong_number_embedding/sn_within_unv_selfgroup_segmentation/output/Exod/32/33
Processing complete.
Processing Exod 32:34...
Successfully processed and saved output for Exod 32:34 to /Users/joshua/work/strong_number_embedding/sn_within_unv_selfgroup_segmentation/output/Exod/32/34
Processing complete.
Processing Exod 32:35...
Successfully processed and saved output for Exod 32:35 to /Users/joshua/work/strong_number_embedding/sn_within_unv_selfgroup_segmentation/output/Exod/32/35
Processing complete.
  Processing Exodus chapter 33 (23 verses)...
Processing Exod 33:1...
Successfully processed and saved output for Exod 33:1 to /Users/joshua/work/strong_number_embedding/sn_within_unv_selfgroup_segmentation/output/Exod/33/1
Processing complete.
Processing Exod 33:2...
Successfully processed and saved output for Exod 33:2 to /Users/joshua/work/strong_number_embedding/sn_within_unv_selfgroup_segmentation/output/Exod/33/2
Processing complete.
Processing Exod 33:3...
Successfully processed and saved output for Exod 33:3 to /Users/joshua/work/strong_number_embedding/sn_within_unv_selfgroup_segmentation/output/Exod/33/3
Processing complete.
Processing Exod 33:4...
Successfully processed and saved output for Exod 33:4 to /Users/joshua/work/strong_number_embedding/sn_within_unv_selfgroup_segmentation/output/Exod/33/4
Processing complete.
Processing Exod 33:5...
Successfully processed and saved output for Exod 33:5 to /Users/joshua/work/strong_number_embedding/sn_within_unv_selfgroup_segmentation/output/Exod/33/5
Processing complete.
Processing Exod 33:6...
Successfully processed and saved output for Exod 33:6 to /Users/joshua/work/strong_number_embedding/sn_within_unv_selfgroup_segmentation/output/Exod/33/6
Processing complete.
Processing Exod 33:7...
Successfully processed and saved output for Exod 33:7 to /Users/joshua/work/strong_number_embedding/sn_within_unv_selfgroup_segmentation/output/Exod/33/7
Processing complete.
Processing Exod 33:8...
Successfully processed and saved output for Exod 33:8 to /Users/joshua/work/strong_number_embedding/sn_within_unv_selfgroup_segmentation/output/Exod/33/8
Processing complete.
Processing Exod 33:9...
Successfully processed and saved output for Exod 33:9 to /Users/joshua/work/strong_number_embedding/sn_within_unv_selfgroup_segmentation/output/Exod/33/9
Processing complete.
Processing Exod 33:10...
Successfully processed and saved output for Exod 33:10 to /Users/joshua/work/strong_number_embedding/sn_within_unv_selfgroup_segmentation/output/Exod/33/10
Processing complete.
Processing Exod 33:11...
Successfully processed and saved output for Exod 33:11 to /Users/joshua/work/strong_number_embedding/sn_within_unv_selfgroup_segmentation/output/Exod/33/11
Processing complete.
Processing Exod 33:12...
Successfully processed and saved output for Exod 33:12 to /Users/joshua/work/strong_number_embedding/sn_within_unv_selfgroup_segmentation/output/Exod/33/12
Processing complete.
Processing Exod 33:13...
Successfully processed and saved output for Exod 33:13 to /Users/joshua/work/strong_number_embedding/sn_within_unv_selfgroup_segmentation/output/Exod/33/13
Processing complete.
Processing Exod 33:14...
Successfully processed and saved output for Exod 33:14 to /Users/joshua/work/strong_number_embedding/sn_within_unv_selfgroup_segmentation/output/Exod/33/14
Processing complete.
Processing Exod 33:15...
Successfully processed and saved output for Exod 33:15 to /Users/joshua/work/strong_number_embedding/sn_within_unv_selfgroup_segmentation/output/Exod/33/15
Processing complete.
Processing Exod 33:16...
Successfully processed and saved output for Exod 33:16 to /Users/joshua/work/strong_number_embedding/sn_within_unv_selfgroup_segmentation/output/Exod/33/16
Processing complete.
Processing Exod 33:17...
Successfully processed and saved output for Exod 33:17 to /Users/joshua/work/strong_number_embedding/sn_within_unv_selfgroup_segmentation/output/Exod/33/17
Processing complete.
Processing Exod 33:18...
Successfully processed and saved output for Exod 33:18 to /Users/joshua/work/strong_number_embedding/sn_within_unv_selfgroup_segmentation/output/Exod/33/18
Processing complete.
Processing Exod 33:19...
Successfully processed and saved output for Exod 33:19 to /Users/joshua/work/strong_number_embedding/sn_within_unv_selfgroup_segmentation/output/Exod/33/19
Processing complete.
Processing Exod 33:20...
Successfully processed and saved output for Exod 33:20 to /Users/joshua/work/strong_number_embedding/sn_within_unv_selfgroup_segmentation/output/Exod/33/20
Processing complete.
Processing Exod 33:21...
Successfully processed and saved output for Exod 33:21 to /Users/joshua/work/strong_number_embedding/sn_within_unv_selfgroup_segmentation/output/Exod/33/21
Processing complete.
Processing Exod 33:22...
Successfully processed and saved output for Exod 33:22 to /Users/joshua/work/strong_number_embedding/sn_within_unv_selfgroup_segmentation/output/Exod/33/22
Processing complete.
Processing Exod 33:23...
Successfully processed and saved output for Exod 33:23 to /Users/joshua/work/strong_number_embedding/sn_within_unv_selfgroup_segmentation/output/Exod/33/23
Processing complete.
  Processing Exodus chapter 34 (35 verses)...
Processing Exod 34:1...
Successfully processed and saved output for Exod 34:1 to /Users/joshua/work/strong_number_embedding/sn_within_unv_selfgroup_segmentation/output/Exod/34/1
Processing complete.
Processing Exod 34:2...
Successfully processed and saved output for Exod 34:2 to /Users/joshua/work/strong_number_embedding/sn_within_unv_selfgroup_segmentation/output/Exod/34/2
Processing complete.
Processing Exod 34:3...
Successfully processed and saved output for Exod 34:3 to /Users/joshua/work/strong_number_embedding/sn_within_unv_selfgroup_segmentation/output/Exod/34/3
Processing complete.
Processing Exod 34:4...
Successfully processed and saved output for Exod 34:4 to /Users/joshua/work/strong_number_embedding/sn_within_unv_selfgroup_segmentation/output/Exod/34/4
Processing complete.
Processing Exod 34:5...
Successfully processed and saved output for Exod 34:5 to /Users/joshua/work/strong_number_embedding/sn_within_unv_selfgroup_segmentation/output/Exod/34/5
Processing complete.
Processing Exod 34:6...
Successfully processed and saved output for Exod 34:6 to /Users/joshua/work/strong_number_embedding/sn_within_unv_selfgroup_segmentation/output/Exod/34/6
Processing complete.
Processing Exod 34:7...
Successfully processed and saved output for Exod 34:7 to /Users/joshua/work/strong_number_embedding/sn_within_unv_selfgroup_segmentation/output/Exod/34/7
Processing complete.
Processing Exod 34:8...
Successfully processed and saved output for Exod 34:8 to /Users/joshua/work/strong_number_embedding/sn_within_unv_selfgroup_segmentation/output/Exod/34/8
Processing complete.
Processing Exod 34:9...
Successfully processed and saved output for Exod 34:9 to /Users/joshua/work/strong_number_embedding/sn_within_unv_selfgroup_segmentation/output/Exod/34/9
Processing complete.
Processing Exod 34:10...
Successfully processed and saved output for Exod 34:10 to /Users/joshua/work/strong_number_embedding/sn_within_unv_selfgroup_segmentation/output/Exod/34/10
Processing complete.
Processing Exod 34:11...
Successfully processed and saved output for Exod 34:11 to /Users/joshua/work/strong_number_embedding/sn_within_unv_selfgroup_segmentation/output/Exod/34/11
Processing complete.
Processing Exod 34:12...
Successfully processed and saved output for Exod 34:12 to /Users/joshua/work/strong_number_embedding/sn_within_unv_selfgroup_segmentation/output/Exod/34/12
Processing complete.
Processing Exod 34:13...
Successfully processed and saved output for Exod 34:13 to /Users/joshua/work/strong_number_embedding/sn_within_unv_selfgroup_segmentation/output/Exod/34/13
Processing complete.
Processing Exod 34:14...
Successfully processed and saved output for Exod 34:14 to /Users/joshua/work/strong_number_embedding/sn_within_unv_selfgroup_segmentation/output/Exod/34/14
Processing complete.
Processing Exod 34:15...
Successfully processed and saved output for Exod 34:15 to /Users/joshua/work/strong_number_embedding/sn_within_unv_selfgroup_segmentation/output/Exod/34/15
Processing complete.
Processing Exod 34:16...
Successfully processed and saved output for Exod 34:16 to /Users/joshua/work/strong_number_embedding/sn_within_unv_selfgroup_segmentation/output/Exod/34/16
Processing complete.
Processing Exod 34:17...
Successfully processed and saved output for Exod 34:17 to /Users/joshua/work/strong_number_embedding/sn_within_unv_selfgroup_segmentation/output/Exod/34/17
Processing complete.
Processing Exod 34:18...
Successfully processed and saved output for Exod 34:18 to /Users/joshua/work/strong_number_embedding/sn_within_unv_selfgroup_segmentation/output/Exod/34/18
Processing complete.
Processing Exod 34:19...
Successfully processed and saved output for Exod 34:19 to /Users/joshua/work/strong_number_embedding/sn_within_unv_selfgroup_segmentation/output/Exod/34/19
Processing complete.
Processing Exod 34:20...
Successfully processed and saved output for Exod 34:20 to /Users/joshua/work/strong_number_embedding/sn_within_unv_selfgroup_segmentation/output/Exod/34/20
Processing complete.
Processing Exod 34:21...
Successfully processed and saved output for Exod 34:21 to /Users/joshua/work/strong_number_embedding/sn_within_unv_selfgroup_segmentation/output/Exod/34/21
Processing complete.
Processing Exod 34:22...
Successfully processed and saved output for Exod 34:22 to /Users/joshua/work/strong_number_embedding/sn_within_unv_selfgroup_segmentation/output/Exod/34/22
Processing complete.
Processing Exod 34:23...
Successfully processed and saved output for Exod 34:23 to /Users/joshua/work/strong_number_embedding/sn_within_unv_selfgroup_segmentation/output/Exod/34/23
Processing complete.
Processing Exod 34:24...
Successfully processed and saved output for Exod 34:24 to /Users/joshua/work/strong_number_embedding/sn_within_unv_selfgroup_segmentation/output/Exod/34/24
Processing complete.
Processing Exod 34:25...
Successfully processed and saved output for Exod 34:25 to /Users/joshua/work/strong_number_embedding/sn_within_unv_selfgroup_segmentation/output/Exod/34/25
Processing complete.
Processing Exod 34:26...
Successfully processed and saved output for Exod 34:26 to /Users/joshua/work/strong_number_embedding/sn_within_unv_selfgroup_segmentation/output/Exod/34/26
Processing complete.
Processing Exod 34:27...
Successfully processed and saved output for Exod 34:27 to /Users/joshua/work/strong_number_embedding/sn_within_unv_selfgroup_segmentation/output/Exod/34/27
Processing complete.
Processing Exod 34:28...
Successfully processed and saved output for Exod 34:28 to /Users/joshua/work/strong_number_embedding/sn_within_unv_selfgroup_segmentation/output/Exod/34/28
Processing complete.
Processing Exod 34:29...
Successfully processed and saved output for Exod 34:29 to /Users/joshua/work/strong_number_embedding/sn_within_unv_selfgroup_segmentation/output/Exod/34/29
Processing complete.
Processing Exod 34:30...
Successfully processed and saved output for Exod 34:30 to /Users/joshua/work/strong_number_embedding/sn_within_unv_selfgroup_segmentation/output/Exod/34/30
Processing complete.
Processing Exod 34:31...
Successfully processed and saved output for Exod 34:31 to /Users/joshua/work/strong_number_embedding/sn_within_unv_selfgroup_segmentation/output/Exod/34/31
Processing complete.
Processing Exod 34:32...
Successfully processed and saved output for Exod 34:32 to /Users/joshua/work/strong_number_embedding/sn_within_unv_selfgroup_segmentation/output/Exod/34/32
Processing complete.
Processing Exod 34:33...
Successfully processed and saved output for Exod 34:33 to /Users/joshua/work/strong_number_embedding/sn_within_unv_selfgroup_segmentation/output/Exod/34/33
Processing complete.
Processing Exod 34:34...
Successfully processed and saved output for Exod 34:34 to /Users/joshua/work/strong_number_embedding/sn_within_unv_selfgroup_segmentation/output/Exod/34/34
Processing complete.
Processing Exod 34:35...
Successfully processed and saved output for Exod 34:35 to /Users/joshua/work/strong_number_embedding/sn_within_unv_selfgroup_segmentation/output/Exod/34/35
Processing complete.
  Processing Exodus chapter 35 (35 verses)...
Processing Exod 35:1...
Successfully processed and saved output for Exod 35:1 to /Users/joshua/work/strong_number_embedding/sn_within_unv_selfgroup_segmentation/output/Exod/35/1
Processing complete.
Processing Exod 35:2...
Successfully processed and saved output for Exod 35:2 to /Users/joshua/work/strong_number_embedding/sn_within_unv_selfgroup_segmentation/output/Exod/35/2
Processing complete.
Processing Exod 35:3...
Successfully processed and saved output for Exod 35:3 to /Users/joshua/work/strong_number_embedding/sn_within_unv_selfgroup_segmentation/output/Exod/35/3
Processing complete.
Processing Exod 35:4...
Successfully processed and saved output for Exod 35:4 to /Users/joshua/work/strong_number_embedding/sn_within_unv_selfgroup_segmentation/output/Exod/35/4
Processing complete.
Processing Exod 35:5...
Successfully processed and saved output for Exod 35:5 to /Users/joshua/work/strong_number_embedding/sn_within_unv_selfgroup_segmentation/output/Exod/35/5
Processing complete.
Processing Exod 35:6...
Successfully processed and saved output for Exod 35:6 to /Users/joshua/work/strong_number_embedding/sn_within_unv_selfgroup_segmentation/output/Exod/35/6
Processing complete.
Processing Exod 35:7...
Successfully processed and saved output for Exod 35:7 to /Users/joshua/work/strong_number_embedding/sn_within_unv_selfgroup_segmentation/output/Exod/35/7
Processing complete.
Processing Exod 35:8...
Successfully processed and saved output for Exod 35:8 to /Users/joshua/work/strong_number_embedding/sn_within_unv_selfgroup_segmentation/output/Exod/35/8
Processing complete.
Processing Exod 35:9...
Successfully processed and saved output for Exod 35:9 to /Users/joshua/work/strong_number_embedding/sn_within_unv_selfgroup_segmentation/output/Exod/35/9
Processing complete.
Processing Exod 35:10...
Successfully processed and saved output for Exod 35:10 to /Users/joshua/work/strong_number_embedding/sn_within_unv_selfgroup_segmentation/output/Exod/35/10
Processing complete.
Processing Exod 35:11...
Successfully processed and saved output for Exod 35:11 to /Users/joshua/work/strong_number_embedding/sn_within_unv_selfgroup_segmentation/output/Exod/35/11
Processing complete.
Processing Exod 35:12...
Successfully processed and saved output for Exod 35:12 to /Users/joshua/work/strong_number_embedding/sn_within_unv_selfgroup_segmentation/output/Exod/35/12
Processing complete.
Processing Exod 35:13...
Successfully processed and saved output for Exod 35:13 to /Users/joshua/work/strong_number_embedding/sn_within_unv_selfgroup_segmentation/output/Exod/35/13
Processing complete.
Processing Exod 35:14...
Successfully processed and saved output for Exod 35:14 to /Users/joshua/work/strong_number_embedding/sn_within_unv_selfgroup_segmentation/output/Exod/35/14
Processing complete.
Processing Exod 35:15...
Successfully processed and saved output for Exod 35:15 to /Users/joshua/work/strong_number_embedding/sn_within_unv_selfgroup_segmentation/output/Exod/35/15
Processing complete.
Processing Exod 35:16...
Successfully processed and saved output for Exod 35:16 to /Users/joshua/work/strong_number_embedding/sn_within_unv_selfgroup_segmentation/output/Exod/35/16
Processing complete.
Processing Exod 35:17...
Successfully processed and saved output for Exod 35:17 to /Users/joshua/work/strong_number_embedding/sn_within_unv_selfgroup_segmentation/output/Exod/35/17
Processing complete.
Processing Exod 35:18...
Successfully processed and saved output for Exod 35:18 to /Users/joshua/work/strong_number_embedding/sn_within_unv_selfgroup_segmentation/output/Exod/35/18
Processing complete.
Processing Exod 35:19...
Successfully processed and saved output for Exod 35:19 to /Users/joshua/work/strong_number_embedding/sn_within_unv_selfgroup_segmentation/output/Exod/35/19
Processing complete.
Processing Exod 35:20...
Successfully processed and saved output for Exod 35:20 to /Users/joshua/work/strong_number_embedding/sn_within_unv_selfgroup_segmentation/output/Exod/35/20
Processing complete.
Processing Exod 35:21...
Successfully processed and saved output for Exod 35:21 to /Users/joshua/work/strong_number_embedding/sn_within_unv_selfgroup_segmentation/output/Exod/35/21
Processing complete.
Processing Exod 35:22...
Successfully processed and saved output for Exod 35:22 to /Users/joshua/work/strong_number_embedding/sn_within_unv_selfgroup_segmentation/output/Exod/35/22
Processing complete.
Processing Exod 35:23...
Successfully processed and saved output for Exod 35:23 to /Users/joshua/work/strong_number_embedding/sn_within_unv_selfgroup_segmentation/output/Exod/35/23
Processing complete.
Processing Exod 35:24...
Successfully processed and saved output for Exod 35:24 to /Users/joshua/work/strong_number_embedding/sn_within_unv_selfgroup_segmentation/output/Exod/35/24
Processing complete.
Processing Exod 35:25...
Successfully processed and saved output for Exod 35:25 to /Users/joshua/work/strong_number_embedding/sn_within_unv_selfgroup_segmentation/output/Exod/35/25
Processing complete.
Processing Exod 35:26...
Successfully processed and saved output for Exod 35:26 to /Users/joshua/work/strong_number_embedding/sn_within_unv_selfgroup_segmentation/output/Exod/35/26
Processing complete.
Processing Exod 35:27...
Successfully processed and saved output for Exod 35:27 to /Users/joshua/work/strong_number_embedding/sn_within_unv_selfgroup_segmentation/output/Exod/35/27
Processing complete.
Processing Exod 35:28...
Successfully processed and saved output for Exod 35:28 to /Users/joshua/work/strong_number_embedding/sn_within_unv_selfgroup_segmentation/output/Exod/35/28
Processing complete.
Processing Exod 35:29...
Successfully processed and saved output for Exod 35:29 to /Users/joshua/work/strong_number_embedding/sn_within_unv_selfgroup_segmentation/output/Exod/35/29
Processing complete.
Processing Exod 35:30...
Successfully processed and saved output for Exod 35:30 to /Users/joshua/work/strong_number_embedding/sn_within_unv_selfgroup_segmentation/output/Exod/35/30
Processing complete.
Processing Exod 35:31...
Successfully processed and saved output for Exod 35:31 to /Users/joshua/work/strong_number_embedding/sn_within_unv_selfgroup_segmentation/output/Exod/35/31
Processing complete.
Processing Exod 35:32...
Successfully processed and saved output for Exod 35:32 to /Users/joshua/work/strong_number_embedding/sn_within_unv_selfgroup_segmentation/output/Exod/35/32
Processing complete.
Processing Exod 35:33...
Successfully processed and saved output for Exod 35:33 to /Users/joshua/work/strong_number_embedding/sn_within_unv_selfgroup_segmentation/output/Exod/35/33
Processing complete.
Processing Exod 35:34...
Successfully processed and saved output for Exod 35:34 to /Users/joshua/work/strong_number_embedding/sn_within_unv_selfgroup_segmentation/output/Exod/35/34
Processing complete.
Processing Exod 35:35...
Successfully processed and saved output for Exod 35:35 to /Users/joshua/work/strong_number_embedding/sn_within_unv_selfgroup_segmentation/output/Exod/35/35
Processing complete.
  Processing Exodus chapter 36 (38 verses)...
Processing Exod 36:1...
Successfully processed and saved output for Exod 36:1 to /Users/joshua/work/strong_number_embedding/sn_within_unv_selfgroup_segmentation/output/Exod/36/1
Processing complete.
Processing Exod 36:2...
Successfully processed and saved output for Exod 36:2 to /Users/joshua/work/strong_number_embedding/sn_within_unv_selfgroup_segmentation/output/Exod/36/2
Processing complete.
Processing Exod 36:3...
Successfully processed and saved output for Exod 36:3 to /Users/joshua/work/strong_number_embedding/sn_within_unv_selfgroup_segmentation/output/Exod/36/3
Processing complete.
Processing Exod 36:4...
Successfully processed and saved output for Exod 36:4 to /Users/joshua/work/strong_number_embedding/sn_within_unv_selfgroup_segmentation/output/Exod/36/4
Processing complete.
Processing Exod 36:5...
Successfully processed and saved output for Exod 36:5 to /Users/joshua/work/strong_number_embedding/sn_within_unv_selfgroup_segmentation/output/Exod/36/5
Processing complete.
Processing Exod 36:6...
Successfully processed and saved output for Exod 36:6 to /Users/joshua/work/strong_number_embedding/sn_within_unv_selfgroup_segmentation/output/Exod/36/6
Processing complete.
Processing Exod 36:7...
Successfully processed and saved output for Exod 36:7 to /Users/joshua/work/strong_number_embedding/sn_within_unv_selfgroup_segmentation/output/Exod/36/7
Processing complete.
Processing Exod 36:8...
Successfully processed and saved output for Exod 36:8 to /Users/joshua/work/strong_number_embedding/sn_within_unv_selfgroup_segmentation/output/Exod/36/8
Processing complete.
Processing Exod 36:9...
Successfully processed and saved output for Exod 36:9 to /Users/joshua/work/strong_number_embedding/sn_within_unv_selfgroup_segmentation/output/Exod/36/9
Processing complete.
Processing Exod 36:10...
Successfully processed and saved output for Exod 36:10 to /Users/joshua/work/strong_number_embedding/sn_within_unv_selfgroup_segmentation/output/Exod/36/10
Processing complete.
Processing Exod 36:11...
Successfully processed and saved output for Exod 36:11 to /Users/joshua/work/strong_number_embedding/sn_within_unv_selfgroup_segmentation/output/Exod/36/11
Processing complete.
Processing Exod 36:12...
Successfully processed and saved output for Exod 36:12 to /Users/joshua/work/strong_number_embedding/sn_within_unv_selfgroup_segmentation/output/Exod/36/12
Processing complete.
Processing Exod 36:13...
Successfully processed and saved output for Exod 36:13 to /Users/joshua/work/strong_number_embedding/sn_within_unv_selfgroup_segmentation/output/Exod/36/13
Processing complete.
Processing Exod 36:14...
Successfully processed and saved output for Exod 36:14 to /Users/joshua/work/strong_number_embedding/sn_within_unv_selfgroup_segmentation/output/Exod/36/14
Processing complete.
Processing Exod 36:15...
Successfully processed and saved output for Exod 36:15 to /Users/joshua/work/strong_number_embedding/sn_within_unv_selfgroup_segmentation/output/Exod/36/15
Processing complete.
Processing Exod 36:16...
Successfully processed and saved output for Exod 36:16 to /Users/joshua/work/strong_number_embedding/sn_within_unv_selfgroup_segmentation/output/Exod/36/16
Processing complete.
Processing Exod 36:17...
Successfully processed and saved output for Exod 36:17 to /Users/joshua/work/strong_number_embedding/sn_within_unv_selfgroup_segmentation/output/Exod/36/17
Processing complete.
Processing Exod 36:18...
Successfully processed and saved output for Exod 36:18 to /Users/joshua/work/strong_number_embedding/sn_within_unv_selfgroup_segmentation/output/Exod/36/18
Processing complete.
Processing Exod 36:19...
Successfully processed and saved output for Exod 36:19 to /Users/joshua/work/strong_number_embedding/sn_within_unv_selfgroup_segmentation/output/Exod/36/19
Processing complete.
Processing Exod 36:20...
Successfully processed and saved output for Exod 36:20 to /Users/joshua/work/strong_number_embedding/sn_within_unv_selfgroup_segmentation/output/Exod/36/20
Processing complete.
Processing Exod 36:21...
Successfully processed and saved output for Exod 36:21 to /Users/joshua/work/strong_number_embedding/sn_within_unv_selfgroup_segmentation/output/Exod/36/21
Processing complete.
Processing Exod 36:22...
Successfully processed and saved output for Exod 36:22 to /Users/joshua/work/strong_number_embedding/sn_within_unv_selfgroup_segmentation/output/Exod/36/22
Processing complete.
Processing Exod 36:23...
Successfully processed and saved output for Exod 36:23 to /Users/joshua/work/strong_number_embedding/sn_within_unv_selfgroup_segmentation/output/Exod/36/23
Processing complete.
Processing Exod 36:24...
Successfully processed and saved output for Exod 36:24 to /Users/joshua/work/strong_number_embedding/sn_within_unv_selfgroup_segmentation/output/Exod/36/24
Processing complete.
Processing Exod 36:25...
Successfully processed and saved output for Exod 36:25 to /Users/joshua/work/strong_number_embedding/sn_within_unv_selfgroup_segmentation/output/Exod/36/25
Processing complete.
Processing Exod 36:26...
Successfully processed and saved output for Exod 36:26 to /Users/joshua/work/strong_number_embedding/sn_within_unv_selfgroup_segmentation/output/Exod/36/26
Processing complete.
Processing Exod 36:27...
Successfully processed and saved output for Exod 36:27 to /Users/joshua/work/strong_number_embedding/sn_within_unv_selfgroup_segmentation/output/Exod/36/27
Processing complete.
Processing Exod 36:28...
Successfully processed and saved output for Exod 36:28 to /Users/joshua/work/strong_number_embedding/sn_within_unv_selfgroup_segmentation/output/Exod/36/28
Processing complete.
Processing Exod 36:29...
Successfully processed and saved output for Exod 36:29 to /Users/joshua/work/strong_number_embedding/sn_within_unv_selfgroup_segmentation/output/Exod/36/29
Processing complete.
Processing Exod 36:30...
Successfully processed and saved output for Exod 36:30 to /Users/joshua/work/strong_number_embedding/sn_within_unv_selfgroup_segmentation/output/Exod/36/30
Processing complete.
Processing Exod 36:31...
Successfully processed and saved output for Exod 36:31 to /Users/joshua/work/strong_number_embedding/sn_within_unv_selfgroup_segmentation/output/Exod/36/31
Processing complete.
Processing Exod 36:32...
Successfully processed and saved output for Exod 36:32 to /Users/joshua/work/strong_number_embedding/sn_within_unv_selfgroup_segmentation/output/Exod/36/32
Processing complete.
Processing Exod 36:33...
Successfully processed and saved output for Exod 36:33 to /Users/joshua/work/strong_number_embedding/sn_within_unv_selfgroup_segmentation/output/Exod/36/33
Processing complete.
Processing Exod 36:34...
Successfully processed and saved output for Exod 36:34 to /Users/joshua/work/strong_number_embedding/sn_within_unv_selfgroup_segmentation/output/Exod/36/34
Processing complete.
Processing Exod 36:35...
Successfully processed and saved output for Exod 36:35 to /Users/joshua/work/strong_number_embedding/sn_within_unv_selfgroup_segmentation/output/Exod/36/35
Processing complete.
Processing Exod 36:36...
Successfully processed and saved output for Exod 36:36 to /Users/joshua/work/strong_number_embedding/sn_within_unv_selfgroup_segmentation/output/Exod/36/36
Processing complete.
Processing Exod 36:37...
Successfully processed and saved output for Exod 36:37 to /Users/joshua/work/strong_number_embedding/sn_within_unv_selfgroup_segmentation/output/Exod/36/37
Processing complete.
Processing Exod 36:38...
Successfully processed and saved output for Exod 36:38 to /Users/joshua/work/strong_number_embedding/sn_within_unv_selfgroup_segmentation/output/Exod/36/38
Processing complete.
  Processing Exodus chapter 37 (29 verses)...
Processing Exod 37:1...
Successfully processed and saved output for Exod 37:1 to /Users/joshua/work/strong_number_embedding/sn_within_unv_selfgroup_segmentation/output/Exod/37/1
Processing complete.
Processing Exod 37:2...
Successfully processed and saved output for Exod 37:2 to /Users/joshua/work/strong_number_embedding/sn_within_unv_selfgroup_segmentation/output/Exod/37/2
Processing complete.
Processing Exod 37:3...
Successfully processed and saved output for Exod 37:3 to /Users/joshua/work/strong_number_embedding/sn_within_unv_selfgroup_segmentation/output/Exod/37/3
Processing complete.
Processing Exod 37:4...
Successfully processed and saved output for Exod 37:4 to /Users/joshua/work/strong_number_embedding/sn_within_unv_selfgroup_segmentation/output/Exod/37/4
Processing complete.
Processing Exod 37:5...
Successfully processed and saved output for Exod 37:5 to /Users/joshua/work/strong_number_embedding/sn_within_unv_selfgroup_segmentation/output/Exod/37/5
Processing complete.
Processing Exod 37:6...
Successfully processed and saved output for Exod 37:6 to /Users/joshua/work/strong_number_embedding/sn_within_unv_selfgroup_segmentation/output/Exod/37/6
Processing complete.
Processing Exod 37:7...
Successfully processed and saved output for Exod 37:7 to /Users/joshua/work/strong_number_embedding/sn_within_unv_selfgroup_segmentation/output/Exod/37/7
Processing complete.
Processing Exod 37:8...
Successfully processed and saved output for Exod 37:8 to /Users/joshua/work/strong_number_embedding/sn_within_unv_selfgroup_segmentation/output/Exod/37/8
Processing complete.
Processing Exod 37:9...
Successfully processed and saved output for Exod 37:9 to /Users/joshua/work/strong_number_embedding/sn_within_unv_selfgroup_segmentation/output/Exod/37/9
Processing complete.
Processing Exod 37:10...
Successfully processed and saved output for Exod 37:10 to /Users/joshua/work/strong_number_embedding/sn_within_unv_selfgroup_segmentation/output/Exod/37/10
Processing complete.
Processing Exod 37:11...
Successfully processed and saved output for Exod 37:11 to /Users/joshua/work/strong_number_embedding/sn_within_unv_selfgroup_segmentation/output/Exod/37/11
Processing complete.
Processing Exod 37:12...
Successfully processed and saved output for Exod 37:12 to /Users/joshua/work/strong_number_embedding/sn_within_unv_selfgroup_segmentation/output/Exod/37/12
Processing complete.
Processing Exod 37:13...
Successfully processed and saved output for Exod 37:13 to /Users/joshua/work/strong_number_embedding/sn_within_unv_selfgroup_segmentation/output/Exod/37/13
Processing complete.
Processing Exod 37:14...
Successfully processed and saved output for Exod 37:14 to /Users/joshua/work/strong_number_embedding/sn_within_unv_selfgroup_segmentation/output/Exod/37/14
Processing complete.
Processing Exod 37:15...
Successfully processed and saved output for Exod 37:15 to /Users/joshua/work/strong_number_embedding/sn_within_unv_selfgroup_segmentation/output/Exod/37/15
Processing complete.
Processing Exod 37:16...
Successfully processed and saved output for Exod 37:16 to /Users/joshua/work/strong_number_embedding/sn_within_unv_selfgroup_segmentation/output/Exod/37/16
Processing complete.
Processing Exod 37:17...
Successfully processed and saved output for Exod 37:17 to /Users/joshua/work/strong_number_embedding/sn_within_unv_selfgroup_segmentation/output/Exod/37/17
Processing complete.
Processing Exod 37:18...
Successfully processed and saved output for Exod 37:18 to /Users/joshua/work/strong_number_embedding/sn_within_unv_selfgroup_segmentation/output/Exod/37/18
Processing complete.
Processing Exod 37:19...
Successfully processed and saved output for Exod 37:19 to /Users/joshua/work/strong_number_embedding/sn_within_unv_selfgroup_segmentation/output/Exod/37/19
Processing complete.
Processing Exod 37:20...
Successfully processed and saved output for Exod 37:20 to /Users/joshua/work/strong_number_embedding/sn_within_unv_selfgroup_segmentation/output/Exod/37/20
Processing complete.
Processing Exod 37:21...
Successfully processed and saved output for Exod 37:21 to /Users/joshua/work/strong_number_embedding/sn_within_unv_selfgroup_segmentation/output/Exod/37/21
Processing complete.
Processing Exod 37:22...
Successfully processed and saved output for Exod 37:22 to /Users/joshua/work/strong_number_embedding/sn_within_unv_selfgroup_segmentation/output/Exod/37/22
Processing complete.
Processing Exod 37:23...
Successfully processed and saved output for Exod 37:23 to /Users/joshua/work/strong_number_embedding/sn_within_unv_selfgroup_segmentation/output/Exod/37/23
Processing complete.
Processing Exod 37:24...
Successfully processed and saved output for Exod 37:24 to /Users/joshua/work/strong_number_embedding/sn_within_unv_selfgroup_segmentation/output/Exod/37/24
Processing complete.
Processing Exod 37:25...
Successfully processed and saved output for Exod 37:25 to /Users/joshua/work/strong_number_embedding/sn_within_unv_selfgroup_segmentation/output/Exod/37/25
Processing complete.
Processing Exod 37:26...
Successfully processed and saved output for Exod 37:26 to /Users/joshua/work/strong_number_embedding/sn_within_unv_selfgroup_segmentation/output/Exod/37/26
Processing complete.
Processing Exod 37:27...
Successfully processed and saved output for Exod 37:27 to /Users/joshua/work/strong_number_embedding/sn_within_unv_selfgroup_segmentation/output/Exod/37/27
Processing complete.
Processing Exod 37:28...
Successfully processed and saved output for Exod 37:28 to /Users/joshua/work/strong_number_embedding/sn_within_unv_selfgroup_segmentation/output/Exod/37/28
Processing complete.
Processing Exod 37:29...
Successfully processed and saved output for Exod 37:29 to /Users/joshua/work/strong_number_embedding/sn_within_unv_selfgroup_segmentation/output/Exod/37/29
Processing complete.
  Processing Exodus chapter 38 (31 verses)...
Processing Exod 38:1...
Successfully processed and saved output for Exod 38:1 to /Users/joshua/work/strong_number_embedding/sn_within_unv_selfgroup_segmentation/output/Exod/38/1
Processing complete.
Processing Exod 38:2...
Successfully processed and saved output for Exod 38:2 to /Users/joshua/work/strong_number_embedding/sn_within_unv_selfgroup_segmentation/output/Exod/38/2
Processing complete.
Processing Exod 38:3...
Successfully processed and saved output for Exod 38:3 to /Users/joshua/work/strong_number_embedding/sn_within_unv_selfgroup_segmentation/output/Exod/38/3
Processing complete.
Processing Exod 38:4...
Successfully processed and saved output for Exod 38:4 to /Users/joshua/work/strong_number_embedding/sn_within_unv_selfgroup_segmentation/output/Exod/38/4
Processing complete.
Processing Exod 38:5...
Successfully processed and saved output for Exod 38:5 to /Users/joshua/work/strong_number_embedding/sn_within_unv_selfgroup_segmentation/output/Exod/38/5
Processing complete.
Processing Exod 38:6...
Successfully processed and saved output for Exod 38:6 to /Users/joshua/work/strong_number_embedding/sn_within_unv_selfgroup_segmentation/output/Exod/38/6
Processing complete.
Processing Exod 38:7...
Successfully processed and saved output for Exod 38:7 to /Users/joshua/work/strong_number_embedding/sn_within_unv_selfgroup_segmentation/output/Exod/38/7
Processing complete.
Processing Exod 38:8...
Successfully processed and saved output for Exod 38:8 to /Users/joshua/work/strong_number_embedding/sn_within_unv_selfgroup_segmentation/output/Exod/38/8
Processing complete.
Processing Exod 38:9...
Successfully processed and saved output for Exod 38:9 to /Users/joshua/work/strong_number_embedding/sn_within_unv_selfgroup_segmentation/output/Exod/38/9
Processing complete.
Processing Exod 38:10...
Successfully processed and saved output for Exod 38:10 to /Users/joshua/work/strong_number_embedding/sn_within_unv_selfgroup_segmentation/output/Exod/38/10
Processing complete.
Processing Exod 38:11...
Successfully processed and saved output for Exod 38:11 to /Users/joshua/work/strong_number_embedding/sn_within_unv_selfgroup_segmentation/output/Exod/38/11
Processing complete.
Processing Exod 38:12...
Successfully processed and saved output for Exod 38:12 to /Users/joshua/work/strong_number_embedding/sn_within_unv_selfgroup_segmentation/output/Exod/38/12
Processing complete.
Processing Exod 38:13...
Successfully processed and saved output for Exod 38:13 to /Users/joshua/work/strong_number_embedding/sn_within_unv_selfgroup_segmentation/output/Exod/38/13
Processing complete.
Processing Exod 38:14...
Successfully processed and saved output for Exod 38:14 to /Users/joshua/work/strong_number_embedding/sn_within_unv_selfgroup_segmentation/output/Exod/38/14
Processing complete.
Processing Exod 38:15...
Successfully processed and saved output for Exod 38:15 to /Users/joshua/work/strong_number_embedding/sn_within_unv_selfgroup_segmentation/output/Exod/38/15
Processing complete.
Processing Exod 38:16...
Successfully processed and saved output for Exod 38:16 to /Users/joshua/work/strong_number_embedding/sn_within_unv_selfgroup_segmentation/output/Exod/38/16
Processing complete.
Processing Exod 38:17...
Successfully processed and saved output for Exod 38:17 to /Users/joshua/work/strong_number_embedding/sn_within_unv_selfgroup_segmentation/output/Exod/38/17
Processing complete.
Processing Exod 38:18...
Successfully processed and saved output for Exod 38:18 to /Users/joshua/work/strong_number_embedding/sn_within_unv_selfgroup_segmentation/output/Exod/38/18
Processing complete.
Processing Exod 38:19...
Successfully processed and saved output for Exod 38:19 to /Users/joshua/work/strong_number_embedding/sn_within_unv_selfgroup_segmentation/output/Exod/38/19
Processing complete.
Processing Exod 38:20...
Successfully processed and saved output for Exod 38:20 to /Users/joshua/work/strong_number_embedding/sn_within_unv_selfgroup_segmentation/output/Exod/38/20
Processing complete.
Processing Exod 38:21...
Successfully processed and saved output for Exod 38:21 to /Users/joshua/work/strong_number_embedding/sn_within_unv_selfgroup_segmentation/output/Exod/38/21
Processing complete.
Processing Exod 38:22...
Successfully processed and saved output for Exod 38:22 to /Users/joshua/work/strong_number_embedding/sn_within_unv_selfgroup_segmentation/output/Exod/38/22
Processing complete.
Processing Exod 38:23...
Successfully processed and saved output for Exod 38:23 to /Users/joshua/work/strong_number_embedding/sn_within_unv_selfgroup_segmentation/output/Exod/38/23
Processing complete.
Processing Exod 38:24...
Successfully processed and saved output for Exod 38:24 to /Users/joshua/work/strong_number_embedding/sn_within_unv_selfgroup_segmentation/output/Exod/38/24
Processing complete.
Processing Exod 38:25...
Successfully processed and saved output for Exod 38:25 to /Users/joshua/work/strong_number_embedding/sn_within_unv_selfgroup_segmentation/output/Exod/38/25
Processing complete.
Processing Exod 38:26...
Successfully processed and saved output for Exod 38:26 to /Users/joshua/work/strong_number_embedding/sn_within_unv_selfgroup_segmentation/output/Exod/38/26
Processing complete.
Processing Exod 38:27...
Successfully processed and saved output for Exod 38:27 to /Users/joshua/work/strong_number_embedding/sn_within_unv_selfgroup_segmentation/output/Exod/38/27
Processing complete.
Processing Exod 38:28...
Successfully processed and saved output for Exod 38:28 to /Users/joshua/work/strong_number_embedding/sn_within_unv_selfgroup_segmentation/output/Exod/38/28
Processing complete.
Processing Exod 38:29...
Successfully processed and saved output for Exod 38:29 to /Users/joshua/work/strong_number_embedding/sn_within_unv_selfgroup_segmentation/output/Exod/38/29
Processing complete.
Processing Exod 38:30...
Successfully processed and saved output for Exod 38:30 to /Users/joshua/work/strong_number_embedding/sn_within_unv_selfgroup_segmentation/output/Exod/38/30
Processing complete.
Processing Exod 38:31...
Successfully processed and saved output for Exod 38:31 to /Users/joshua/work/strong_number_embedding/sn_within_unv_selfgroup_segmentation/output/Exod/38/31
Processing complete.
  Processing Exodus chapter 39 (43 verses)...
Processing Exod 39:1...
Successfully processed and saved output for Exod 39:1 to /Users/joshua/work/strong_number_embedding/sn_within_unv_selfgroup_segmentation/output/Exod/39/1
Processing complete.
Processing Exod 39:2...
Successfully processed and saved output for Exod 39:2 to /Users/joshua/work/strong_number_embedding/sn_within_unv_selfgroup_segmentation/output/Exod/39/2
Processing complete.
Processing Exod 39:3...
Successfully processed and saved output for Exod 39:3 to /Users/joshua/work/strong_number_embedding/sn_within_unv_selfgroup_segmentation/output/Exod/39/3
Processing complete.
Processing Exod 39:4...
Successfully processed and saved output for Exod 39:4 to /Users/joshua/work/strong_number_embedding/sn_within_unv_selfgroup_segmentation/output/Exod/39/4
Processing complete.
Processing Exod 39:5...
Successfully processed and saved output for Exod 39:5 to /Users/joshua/work/strong_number_embedding/sn_within_unv_selfgroup_segmentation/output/Exod/39/5
Processing complete.
Processing Exod 39:6...
Successfully processed and saved output for Exod 39:6 to /Users/joshua/work/strong_number_embedding/sn_within_unv_selfgroup_segmentation/output/Exod/39/6
Processing complete.
Processing Exod 39:7...
Successfully processed and saved output for Exod 39:7 to /Users/joshua/work/strong_number_embedding/sn_within_unv_selfgroup_segmentation/output/Exod/39/7
Processing complete.
Processing Exod 39:8...
Successfully processed and saved output for Exod 39:8 to /Users/joshua/work/strong_number_embedding/sn_within_unv_selfgroup_segmentation/output/Exod/39/8
Processing complete.
Processing Exod 39:9...
Successfully processed and saved output for Exod 39:9 to /Users/joshua/work/strong_number_embedding/sn_within_unv_selfgroup_segmentation/output/Exod/39/9
Processing complete.
Processing Exod 39:10...
Successfully processed and saved output for Exod 39:10 to /Users/joshua/work/strong_number_embedding/sn_within_unv_selfgroup_segmentation/output/Exod/39/10
Processing complete.
Processing Exod 39:11...
Successfully processed and saved output for Exod 39:11 to /Users/joshua/work/strong_number_embedding/sn_within_unv_selfgroup_segmentation/output/Exod/39/11
Processing complete.
Processing Exod 39:12...
Successfully processed and saved output for Exod 39:12 to /Users/joshua/work/strong_number_embedding/sn_within_unv_selfgroup_segmentation/output/Exod/39/12
Processing complete.
Processing Exod 39:13...
Successfully processed and saved output for Exod 39:13 to /Users/joshua/work/strong_number_embedding/sn_within_unv_selfgroup_segmentation/output/Exod/39/13
Processing complete.
Processing Exod 39:14...
Successfully processed and saved output for Exod 39:14 to /Users/joshua/work/strong_number_embedding/sn_within_unv_selfgroup_segmentation/output/Exod/39/14
Processing complete.
Processing Exod 39:15...
Successfully processed and saved output for Exod 39:15 to /Users/joshua/work/strong_number_embedding/sn_within_unv_selfgroup_segmentation/output/Exod/39/15
Processing complete.
Processing Exod 39:16...
Successfully processed and saved output for Exod 39:16 to /Users/joshua/work/strong_number_embedding/sn_within_unv_selfgroup_segmentation/output/Exod/39/16
Processing complete.
Processing Exod 39:17...
Successfully processed and saved output for Exod 39:17 to /Users/joshua/work/strong_number_embedding/sn_within_unv_selfgroup_segmentation/output/Exod/39/17
Processing complete.
Processing Exod 39:18...
Successfully processed and saved output for Exod 39:18 to /Users/joshua/work/strong_number_embedding/sn_within_unv_selfgroup_segmentation/output/Exod/39/18
Processing complete.
Processing Exod 39:19...
Successfully processed and saved output for Exod 39:19 to /Users/joshua/work/strong_number_embedding/sn_within_unv_selfgroup_segmentation/output/Exod/39/19
Processing complete.
Processing Exod 39:20...
Successfully processed and saved output for Exod 39:20 to /Users/joshua/work/strong_number_embedding/sn_within_unv_selfgroup_segmentation/output/Exod/39/20
Processing complete.
Processing Exod 39:21...
Successfully processed and saved output for Exod 39:21 to /Users/joshua/work/strong_number_embedding/sn_within_unv_selfgroup_segmentation/output/Exod/39/21
Processing complete.
Processing Exod 39:22...
Successfully processed and saved output for Exod 39:22 to /Users/joshua/work/strong_number_embedding/sn_within_unv_selfgroup_segmentation/output/Exod/39/22
Processing complete.
Processing Exod 39:23...
Successfully processed and saved output for Exod 39:23 to /Users/joshua/work/strong_number_embedding/sn_within_unv_selfgroup_segmentation/output/Exod/39/23
Processing complete.
Processing Exod 39:24...
Successfully processed and saved output for Exod 39:24 to /Users/joshua/work/strong_number_embedding/sn_within_unv_selfgroup_segmentation/output/Exod/39/24
Processing complete.
Processing Exod 39:25...
Successfully processed and saved output for Exod 39:25 to /Users/joshua/work/strong_number_embedding/sn_within_unv_selfgroup_segmentation/output/Exod/39/25
Processing complete.
Processing Exod 39:26...
Successfully processed and saved output for Exod 39:26 to /Users/joshua/work/strong_number_embedding/sn_within_unv_selfgroup_segmentation/output/Exod/39/26
Processing complete.
Processing Exod 39:27...
Successfully processed and saved output for Exod 39:27 to /Users/joshua/work/strong_number_embedding/sn_within_unv_selfgroup_segmentation/output/Exod/39/27
Processing complete.
Processing Exod 39:28...
Successfully processed and saved output for Exod 39:28 to /Users/joshua/work/strong_number_embedding/sn_within_unv_selfgroup_segmentation/output/Exod/39/28
Processing complete.
Processing Exod 39:29...
Successfully processed and saved output for Exod 39:29 to /Users/joshua/work/strong_number_embedding/sn_within_unv_selfgroup_segmentation/output/Exod/39/29
Processing complete.
Processing Exod 39:30...
Successfully processed and saved output for Exod 39:30 to /Users/joshua/work/strong_number_embedding/sn_within_unv_selfgroup_segmentation/output/Exod/39/30
Processing complete.
Processing Exod 39:31...
Successfully processed and saved output for Exod 39:31 to /Users/joshua/work/strong_number_embedding/sn_within_unv_selfgroup_segmentation/output/Exod/39/31
Processing complete.
Processing Exod 39:32...
Successfully processed and saved output for Exod 39:32 to /Users/joshua/work/strong_number_embedding/sn_within_unv_selfgroup_segmentation/output/Exod/39/32
Processing complete.
Processing Exod 39:33...
Successfully processed and saved output for Exod 39:33 to /Users/joshua/work/strong_number_embedding/sn_within_unv_selfgroup_segmentation/output/Exod/39/33
Processing complete.
Processing Exod 39:34...
Successfully processed and saved output for Exod 39:34 to /Users/joshua/work/strong_number_embedding/sn_within_unv_selfgroup_segmentation/output/Exod/39/34
Processing complete.
Processing Exod 39:35...
Successfully processed and saved output for Exod 39:35 to /Users/joshua/work/strong_number_embedding/sn_within_unv_selfgroup_segmentation/output/Exod/39/35
Processing complete.
Processing Exod 39:36...
Successfully processed and saved output for Exod 39:36 to /Users/joshua/work/strong_number_embedding/sn_within_unv_selfgroup_segmentation/output/Exod/39/36
Processing complete.
Processing Exod 39:37...
Successfully processed and saved output for Exod 39:37 to /Users/joshua/work/strong_number_embedding/sn_within_unv_selfgroup_segmentation/output/Exod/39/37
Processing complete.
Processing Exod 39:38...
Successfully processed and saved output for Exod 39:38 to /Users/joshua/work/strong_number_embedding/sn_within_unv_selfgroup_segmentation/output/Exod/39/38
Processing complete.
Processing Exod 39:39...
Successfully processed and saved output for Exod 39:39 to /Users/joshua/work/strong_number_embedding/sn_within_unv_selfgroup_segmentation/output/Exod/39/39
Processing complete.
Processing Exod 39:40...
Successfully processed and saved output for Exod 39:40 to /Users/joshua/work/strong_number_embedding/sn_within_unv_selfgroup_segmentation/output/Exod/39/40
Processing complete.
Processing Exod 39:41...
Successfully processed and saved output for Exod 39:41 to /Users/joshua/work/strong_number_embedding/sn_within_unv_selfgroup_segmentation/output/Exod/39/41
Processing complete.
Processing Exod 39:42...
Successfully processed and saved output for Exod 39:42 to /Users/joshua/work/strong_number_embedding/sn_within_unv_selfgroup_segmentation/output/Exod/39/42
Processing complete.
Processing Exod 39:43...
Successfully processed and saved output for Exod 39:43 to /Users/joshua/work/strong_number_embedding/sn_within_unv_selfgroup_segmentation/output/Exod/39/43
Processing complete.
  Processing Exodus chapter 40 (38 verses)...
Processing Exod 40:1...
Successfully processed and saved output for Exod 40:1 to /Users/joshua/work/strong_number_embedding/sn_within_unv_selfgroup_segmentation/output/Exod/40/1
Processing complete.
Processing Exod 40:2...
Successfully processed and saved output for Exod 40:2 to /Users/joshua/work/strong_number_embedding/sn_within_unv_selfgroup_segmentation/output/Exod/40/2
Processing complete.
Processing Exod 40:3...
Successfully processed and saved output for Exod 40:3 to /Users/joshua/work/strong_number_embedding/sn_within_unv_selfgroup_segmentation/output/Exod/40/3
Processing complete.
Processing Exod 40:4...
Successfully processed and saved output for Exod 40:4 to /Users/joshua/work/strong_number_embedding/sn_within_unv_selfgroup_segmentation/output/Exod/40/4
Processing complete.
Processing Exod 40:5...
Successfully processed and saved output for Exod 40:5 to /Users/joshua/work/strong_number_embedding/sn_within_unv_selfgroup_segmentation/output/Exod/40/5
Processing complete.
Processing Exod 40:6...
Successfully processed and saved output for Exod 40:6 to /Users/joshua/work/strong_number_embedding/sn_within_unv_selfgroup_segmentation/output/Exod/40/6
Processing complete.
Processing Exod 40:7...
Successfully processed and saved output for Exod 40:7 to /Users/joshua/work/strong_number_embedding/sn_within_unv_selfgroup_segmentation/output/Exod/40/7
Processing complete.
Processing Exod 40:8...
Successfully processed and saved output for Exod 40:8 to /Users/joshua/work/strong_number_embedding/sn_within_unv_selfgroup_segmentation/output/Exod/40/8
Processing complete.
Processing Exod 40:9...
Successfully processed and saved output for Exod 40:9 to /Users/joshua/work/strong_number_embedding/sn_within_unv_selfgroup_segmentation/output/Exod/40/9
Processing complete.
Processing Exod 40:10...
Successfully processed and saved output for Exod 40:10 to /Users/joshua/work/strong_number_embedding/sn_within_unv_selfgroup_segmentation/output/Exod/40/10
Processing complete.
Processing Exod 40:11...
Successfully processed and saved output for Exod 40:11 to /Users/joshua/work/strong_number_embedding/sn_within_unv_selfgroup_segmentation/output/Exod/40/11
Processing complete.
Processing Exod 40:12...
Successfully processed and saved output for Exod 40:12 to /Users/joshua/work/strong_number_embedding/sn_within_unv_selfgroup_segmentation/output/Exod/40/12
Processing complete.
Processing Exod 40:13...
Successfully processed and saved output for Exod 40:13 to /Users/joshua/work/strong_number_embedding/sn_within_unv_selfgroup_segmentation/output/Exod/40/13
Processing complete.
Processing Exod 40:14...
Successfully processed and saved output for Exod 40:14 to /Users/joshua/work/strong_number_embedding/sn_within_unv_selfgroup_segmentation/output/Exod/40/14
Processing complete.
Processing Exod 40:15...
Successfully processed and saved output for Exod 40:15 to /Users/joshua/work/strong_number_embedding/sn_within_unv_selfgroup_segmentation/output/Exod/40/15
Processing complete.
Processing Exod 40:16...
Successfully processed and saved output for Exod 40:16 to /Users/joshua/work/strong_number_embedding/sn_within_unv_selfgroup_segmentation/output/Exod/40/16
Processing complete.
Processing Exod 40:17...
Successfully processed and saved output for Exod 40:17 to /Users/joshua/work/strong_number_embedding/sn_within_unv_selfgroup_segmentation/output/Exod/40/17
Processing complete.
Processing Exod 40:18...
Successfully processed and saved output for Exod 40:18 to /Users/joshua/work/strong_number_embedding/sn_within_unv_selfgroup_segmentation/output/Exod/40/18
Processing complete.
Processing Exod 40:19...
Successfully processed and saved output for Exod 40:19 to /Users/joshua/work/strong_number_embedding/sn_within_unv_selfgroup_segmentation/output/Exod/40/19
Processing complete.
Processing Exod 40:20...
Successfully processed and saved output for Exod 40:20 to /Users/joshua/work/strong_number_embedding/sn_within_unv_selfgroup_segmentation/output/Exod/40/20
Processing complete.
Processing Exod 40:21...
Successfully processed and saved output for Exod 40:21 to /Users/joshua/work/strong_number_embedding/sn_within_unv_selfgroup_segmentation/output/Exod/40/21
Processing complete.
Processing Exod 40:22...
Successfully processed and saved output for Exod 40:22 to /Users/joshua/work/strong_number_embedding/sn_within_unv_selfgroup_segmentation/output/Exod/40/22
Processing complete.
Processing Exod 40:23...
Successfully processed and saved output for Exod 40:23 to /Users/joshua/work/strong_number_embedding/sn_within_unv_selfgroup_segmentation/output/Exod/40/23
Processing complete.
Processing Exod 40:24...
Successfully processed and saved output for Exod 40:24 to /Users/joshua/work/strong_number_embedding/sn_within_unv_selfgroup_segmentation/output/Exod/40/24
Processing complete.
Processing Exod 40:25...
Successfully processed and saved output for Exod 40:25 to /Users/joshua/work/strong_number_embedding/sn_within_unv_selfgroup_segmentation/output/Exod/40/25
Processing complete.
Processing Exod 40:26...
Successfully processed and saved output for Exod 40:26 to /Users/joshua/work/strong_number_embedding/sn_within_unv_selfgroup_segmentation/output/Exod/40/26
Processing complete.
Processing Exod 40:27...
Successfully processed and saved output for Exod 40:27 to /Users/joshua/work/strong_number_embedding/sn_within_unv_selfgroup_segmentation/output/Exod/40/27
Processing complete.
Processing Exod 40:28...
Successfully processed and saved output for Exod 40:28 to /Users/joshua/work/strong_number_embedding/sn_within_unv_selfgroup_segmentation/output/Exod/40/28
Processing complete.
Processing Exod 40:29...
Successfully processed and saved output for Exod 40:29 to /Users/joshua/work/strong_number_embedding/sn_within_unv_selfgroup_segmentation/output/Exod/40/29
Processing complete.
Processing Exod 40:30...
Successfully processed and saved output for Exod 40:30 to /Users/joshua/work/strong_number_embedding/sn_within_unv_selfgroup_segmentation/output/Exod/40/30
Processing complete.
Processing Exod 40:31...
Successfully processed and saved output for Exod 40:31 to /Users/joshua/work/strong_number_embedding/sn_within_unv_selfgroup_segmentation/output/Exod/40/31
Processing complete.
Processing Exod 40:32...
Successfully processed and saved output for Exod 40:32 to /Users/joshua/work/strong_number_embedding/sn_within_unv_selfgroup_segmentation/output/Exod/40/32
Processing complete.
Processing Exod 40:33...
Successfully processed and saved output for Exod 40:33 to /Users/joshua/work/strong_number_embedding/sn_within_unv_selfgroup_segmentation/output/Exod/40/33
Processing complete.
Processing Exod 40:34...
Successfully processed and saved output for Exod 40:34 to /Users/joshua/work/strong_number_embedding/sn_within_unv_selfgroup_segmentation/output/Exod/40/34
Processing complete.
Processing Exod 40:35...
Successfully processed and saved output for Exod 40:35 to /Users/joshua/work/strong_number_embedding/sn_within_unv_selfgroup_segmentation/output/Exod/40/35
Processing complete.
Processing Exod 40:36...
Successfully processed and saved output for Exod 40:36 to /Users/joshua/work/strong_number_embedding/sn_within_unv_selfgroup_segmentation/output/Exod/40/36
Processing complete.
Processing Exod 40:37...
Successfully processed and saved output for Exod 40:37 to /Users/joshua/work/strong_number_embedding/sn_within_unv_selfgroup_segmentation/output/Exod/40/37
Processing complete.
Processing Exod 40:38...
Successfully processed and saved output for Exod 40:38 to /Users/joshua/work/strong_number_embedding/sn_within_unv_selfgroup_segmentation/output/Exod/40/38
Processing complete.
Parsing Leviticus (利未記) - 27 chapters...
  Processing Leviticus chapter 1 (17 verses)...
Processing Lev 1:1...
Successfully processed and saved output for Lev 1:1 to /Users/joshua/work/strong_number_embedding/sn_within_unv_selfgroup_segmentation/output/Lev/1/1
Processing complete.
Processing Lev 1:2...
Successfully processed and saved output for Lev 1:2 to /Users/joshua/work/strong_number_embedding/sn_within_unv_selfgroup_segmentation/output/Lev/1/2
Processing complete.
Processing Lev 1:3...
Successfully processed and saved output for Lev 1:3 to /Users/joshua/work/strong_number_embedding/sn_within_unv_selfgroup_segmentation/output/Lev/1/3
Processing complete.
Processing Lev 1:4...
Successfully processed and saved output for Lev 1:4 to /Users/joshua/work/strong_number_embedding/sn_within_unv_selfgroup_segmentation/output/Lev/1/4
Processing complete.
Processing Lev 1:5...
Successfully processed and saved output for Lev 1:5 to /Users/joshua/work/strong_number_embedding/sn_within_unv_selfgroup_segmentation/output/Lev/1/5
Processing complete.
Processing Lev 1:6...
Successfully processed and saved output for Lev 1:6 to /Users/joshua/work/strong_number_embedding/sn_within_unv_selfgroup_segmentation/output/Lev/1/6
Processing complete.
Processing Lev 1:7...
Successfully processed and saved output for Lev 1:7 to /Users/joshua/work/strong_number_embedding/sn_within_unv_selfgroup_segmentation/output/Lev/1/7
Processing complete.
Processing Lev 1:8...
Successfully processed and saved output for Lev 1:8 to /Users/joshua/work/strong_number_embedding/sn_within_unv_selfgroup_segmentation/output/Lev/1/8
Processing complete.
Processing Lev 1:9...
Successfully processed and saved output for Lev 1:9 to /Users/joshua/work/strong_number_embedding/sn_within_unv_selfgroup_segmentation/output/Lev/1/9
Processing complete.
Processing Lev 1:10...
Successfully processed and saved output for Lev 1:10 to /Users/joshua/work/strong_number_embedding/sn_within_unv_selfgroup_segmentation/output/Lev/1/10
Processing complete.
Processing Lev 1:11...
Successfully processed and saved output for Lev 1:11 to /Users/joshua/work/strong_number_embedding/sn_within_unv_selfgroup_segmentation/output/Lev/1/11
Processing complete.
Processing Lev 1:12...
Successfully processed and saved output for Lev 1:12 to /Users/joshua/work/strong_number_embedding/sn_within_unv_selfgroup_segmentation/output/Lev/1/12
Processing complete.
Processing Lev 1:13...
Successfully processed and saved output for Lev 1:13 to /Users/joshua/work/strong_number_embedding/sn_within_unv_selfgroup_segmentation/output/Lev/1/13
Processing complete.
Processing Lev 1:14...
Successfully processed and saved output for Lev 1:14 to /Users/joshua/work/strong_number_embedding/sn_within_unv_selfgroup_segmentation/output/Lev/1/14
Processing complete.
Processing Lev 1:15...
Successfully processed and saved output for Lev 1:15 to /Users/joshua/work/strong_number_embedding/sn_within_unv_selfgroup_segmentation/output/Lev/1/15
Processing complete.
Processing Lev 1:16...
Successfully processed and saved output for Lev 1:16 to /Users/joshua/work/strong_number_embedding/sn_within_unv_selfgroup_segmentation/output/Lev/1/16
Processing complete.
Processing Lev 1:17...
Successfully processed and saved output for Lev 1:17 to /Users/joshua/work/strong_number_embedding/sn_within_unv_selfgroup_segmentation/output/Lev/1/17
Processing complete.
  Processing Leviticus chapter 2 (16 verses)...
Processing Lev 2:1...
Successfully processed and saved output for Lev 2:1 to /Users/joshua/work/strong_number_embedding/sn_within_unv_selfgroup_segmentation/output/Lev/2/1
Processing complete.
Processing Lev 2:2...
Successfully processed and saved output for Lev 2:2 to /Users/joshua/work/strong_number_embedding/sn_within_unv_selfgroup_segmentation/output/Lev/2/2
Processing complete.
Processing Lev 2:3...
Successfully processed and saved output for Lev 2:3 to /Users/joshua/work/strong_number_embedding/sn_within_unv_selfgroup_segmentation/output/Lev/2/3
Processing complete.
Processing Lev 2:4...
Successfully processed and saved output for Lev 2:4 to /Users/joshua/work/strong_number_embedding/sn_within_unv_selfgroup_segmentation/output/Lev/2/4
Processing complete.
Processing Lev 2:5...
Successfully processed and saved output for Lev 2:5 to /Users/joshua/work/strong_number_embedding/sn_within_unv_selfgroup_segmentation/output/Lev/2/5
Processing complete.
Processing Lev 2:6...
Successfully processed and saved output for Lev 2:6 to /Users/joshua/work/strong_number_embedding/sn_within_unv_selfgroup_segmentation/output/Lev/2/6
Processing complete.
Processing Lev 2:7...
Successfully processed and saved output for Lev 2:7 to /Users/joshua/work/strong_number_embedding/sn_within_unv_selfgroup_segmentation/output/Lev/2/7
Processing complete.
Processing Lev 2:8...
Successfully processed and saved output for Lev 2:8 to /Users/joshua/work/strong_number_embedding/sn_within_unv_selfgroup_segmentation/output/Lev/2/8
Processing complete.
Processing Lev 2:9...
Successfully processed and saved output for Lev 2:9 to /Users/joshua/work/strong_number_embedding/sn_within_unv_selfgroup_segmentation/output/Lev/2/9
Processing complete.
Processing Lev 2:10...
Successfully processed and saved output for Lev 2:10 to /Users/joshua/work/strong_number_embedding/sn_within_unv_selfgroup_segmentation/output/Lev/2/10
Processing complete.
Processing Lev 2:11...
Successfully processed and saved output for Lev 2:11 to /Users/joshua/work/strong_number_embedding/sn_within_unv_selfgroup_segmentation/output/Lev/2/11
Processing complete.
Processing Lev 2:12...
Successfully processed and saved output for Lev 2:12 to /Users/joshua/work/strong_number_embedding/sn_within_unv_selfgroup_segmentation/output/Lev/2/12
Processing complete.
Processing Lev 2:13...
Successfully processed and saved output for Lev 2:13 to /Users/joshua/work/strong_number_embedding/sn_within_unv_selfgroup_segmentation/output/Lev/2/13
Processing complete.
Processing Lev 2:14...
Successfully processed and saved output for Lev 2:14 to /Users/joshua/work/strong_number_embedding/sn_within_unv_selfgroup_segmentation/output/Lev/2/14
Processing complete.
Processing Lev 2:15...
Successfully processed and saved output for Lev 2:15 to /Users/joshua/work/strong_number_embedding/sn_within_unv_selfgroup_segmentation/output/Lev/2/15
Processing complete.
Processing Lev 2:16...
Successfully processed and saved output for Lev 2:16 to /Users/joshua/work/strong_number_embedding/sn_within_unv_selfgroup_segmentation/output/Lev/2/16
Processing complete.
  Processing Leviticus chapter 3 (17 verses)...
Processing Lev 3:1...
Successfully processed and saved output for Lev 3:1 to /Users/joshua/work/strong_number_embedding/sn_within_unv_selfgroup_segmentation/output/Lev/3/1
Processing complete.
Processing Lev 3:2...
Successfully processed and saved output for Lev 3:2 to /Users/joshua/work/strong_number_embedding/sn_within_unv_selfgroup_segmentation/output/Lev/3/2
Processing complete.
Processing Lev 3:3...
Successfully processed and saved output for Lev 3:3 to /Users/joshua/work/strong_number_embedding/sn_within_unv_selfgroup_segmentation/output/Lev/3/3
Processing complete.
Processing Lev 3:4...
Successfully processed and saved output for Lev 3:4 to /Users/joshua/work/strong_number_embedding/sn_within_unv_selfgroup_segmentation/output/Lev/3/4
Processing complete.
Processing Lev 3:5...
Successfully processed and saved output for Lev 3:5 to /Users/joshua/work/strong_number_embedding/sn_within_unv_selfgroup_segmentation/output/Lev/3/5
Processing complete.
Processing Lev 3:6...
Successfully processed and saved output for Lev 3:6 to /Users/joshua/work/strong_number_embedding/sn_within_unv_selfgroup_segmentation/output/Lev/3/6
Processing complete.
Processing Lev 3:7...
Successfully processed and saved output for Lev 3:7 to /Users/joshua/work/strong_number_embedding/sn_within_unv_selfgroup_segmentation/output/Lev/3/7
Processing complete.
Processing Lev 3:8...
Successfully processed and saved output for Lev 3:8 to /Users/joshua/work/strong_number_embedding/sn_within_unv_selfgroup_segmentation/output/Lev/3/8
Processing complete.
Processing Lev 3:9...
Successfully processed and saved output for Lev 3:9 to /Users/joshua/work/strong_number_embedding/sn_within_unv_selfgroup_segmentation/output/Lev/3/9
Processing complete.
Processing Lev 3:10...
Successfully processed and saved output for Lev 3:10 to /Users/joshua/work/strong_number_embedding/sn_within_unv_selfgroup_segmentation/output/Lev/3/10
Processing complete.
Processing Lev 3:11...
Successfully processed and saved output for Lev 3:11 to /Users/joshua/work/strong_number_embedding/sn_within_unv_selfgroup_segmentation/output/Lev/3/11
Processing complete.
Processing Lev 3:12...
Successfully processed and saved output for Lev 3:12 to /Users/joshua/work/strong_number_embedding/sn_within_unv_selfgroup_segmentation/output/Lev/3/12
Processing complete.
Processing Lev 3:13...
Successfully processed and saved output for Lev 3:13 to /Users/joshua/work/strong_number_embedding/sn_within_unv_selfgroup_segmentation/output/Lev/3/13
Processing complete.
Processing Lev 3:14...
Successfully processed and saved output for Lev 3:14 to /Users/joshua/work/strong_number_embedding/sn_within_unv_selfgroup_segmentation/output/Lev/3/14
Processing complete.
Processing Lev 3:15...
Successfully processed and saved output for Lev 3:15 to /Users/joshua/work/strong_number_embedding/sn_within_unv_selfgroup_segmentation/output/Lev/3/15
Processing complete.
Processing Lev 3:16...
Successfully processed and saved output for Lev 3:16 to /Users/joshua/work/strong_number_embedding/sn_within_unv_selfgroup_segmentation/output/Lev/3/16
Processing complete.
Processing Lev 3:17...
Successfully processed and saved output for Lev 3:17 to /Users/joshua/work/strong_number_embedding/sn_within_unv_selfgroup_segmentation/output/Lev/3/17
Processing complete.
  Processing Leviticus chapter 4 (35 verses)...
Processing Lev 4:1...
Successfully processed and saved output for Lev 4:1 to /Users/joshua/work/strong_number_embedding/sn_within_unv_selfgroup_segmentation/output/Lev/4/1
Processing complete.
Processing Lev 4:2...
Successfully processed and saved output for Lev 4:2 to /Users/joshua/work/strong_number_embedding/sn_within_unv_selfgroup_segmentation/output/Lev/4/2
Processing complete.
Processing Lev 4:3...
Successfully processed and saved output for Lev 4:3 to /Users/joshua/work/strong_number_embedding/sn_within_unv_selfgroup_segmentation/output/Lev/4/3
Processing complete.
Processing Lev 4:4...
Successfully processed and saved output for Lev 4:4 to /Users/joshua/work/strong_number_embedding/sn_within_unv_selfgroup_segmentation/output/Lev/4/4
Processing complete.
Processing Lev 4:5...
Successfully processed and saved output for Lev 4:5 to /Users/joshua/work/strong_number_embedding/sn_within_unv_selfgroup_segmentation/output/Lev/4/5
Processing complete.
Processing Lev 4:6...
Successfully processed and saved output for Lev 4:6 to /Users/joshua/work/strong_number_embedding/sn_within_unv_selfgroup_segmentation/output/Lev/4/6
Processing complete.
Processing Lev 4:7...
Successfully processed and saved output for Lev 4:7 to /Users/joshua/work/strong_number_embedding/sn_within_unv_selfgroup_segmentation/output/Lev/4/7
Processing complete.
Processing Lev 4:8...
Successfully processed and saved output for Lev 4:8 to /Users/joshua/work/strong_number_embedding/sn_within_unv_selfgroup_segmentation/output/Lev/4/8
Processing complete.
Processing Lev 4:9...
Successfully processed and saved output for Lev 4:9 to /Users/joshua/work/strong_number_embedding/sn_within_unv_selfgroup_segmentation/output/Lev/4/9
Processing complete.
Processing Lev 4:10...
Successfully processed and saved output for Lev 4:10 to /Users/joshua/work/strong_number_embedding/sn_within_unv_selfgroup_segmentation/output/Lev/4/10
Processing complete.
Processing Lev 4:11...
Successfully processed and saved output for Lev 4:11 to /Users/joshua/work/strong_number_embedding/sn_within_unv_selfgroup_segmentation/output/Lev/4/11
Processing complete.
Processing Lev 4:12...
Successfully processed and saved output for Lev 4:12 to /Users/joshua/work/strong_number_embedding/sn_within_unv_selfgroup_segmentation/output/Lev/4/12
Processing complete.
Processing Lev 4:13...
Successfully processed and saved output for Lev 4:13 to /Users/joshua/work/strong_number_embedding/sn_within_unv_selfgroup_segmentation/output/Lev/4/13
Processing complete.
Processing Lev 4:14...
Successfully processed and saved output for Lev 4:14 to /Users/joshua/work/strong_number_embedding/sn_within_unv_selfgroup_segmentation/output/Lev/4/14
Processing complete.
Processing Lev 4:15...
Successfully processed and saved output for Lev 4:15 to /Users/joshua/work/strong_number_embedding/sn_within_unv_selfgroup_segmentation/output/Lev/4/15
Processing complete.
Processing Lev 4:16...
Successfully processed and saved output for Lev 4:16 to /Users/joshua/work/strong_number_embedding/sn_within_unv_selfgroup_segmentation/output/Lev/4/16
Processing complete.
Processing Lev 4:17...
Successfully processed and saved output for Lev 4:17 to /Users/joshua/work/strong_number_embedding/sn_within_unv_selfgroup_segmentation/output/Lev/4/17
Processing complete.
Processing Lev 4:18...
Successfully processed and saved output for Lev 4:18 to /Users/joshua/work/strong_number_embedding/sn_within_unv_selfgroup_segmentation/output/Lev/4/18
Processing complete.
Processing Lev 4:19...
Successfully processed and saved output for Lev 4:19 to /Users/joshua/work/strong_number_embedding/sn_within_unv_selfgroup_segmentation/output/Lev/4/19
Processing complete.
Processing Lev 4:20...
Successfully processed and saved output for Lev 4:20 to /Users/joshua/work/strong_number_embedding/sn_within_unv_selfgroup_segmentation/output/Lev/4/20
Processing complete.
Processing Lev 4:21...
Successfully processed and saved output for Lev 4:21 to /Users/joshua/work/strong_number_embedding/sn_within_unv_selfgroup_segmentation/output/Lev/4/21
Processing complete.
Processing Lev 4:22...
Successfully processed and saved output for Lev 4:22 to /Users/joshua/work/strong_number_embedding/sn_within_unv_selfgroup_segmentation/output/Lev/4/22
Processing complete.
Processing Lev 4:23...
Successfully processed and saved output for Lev 4:23 to /Users/joshua/work/strong_number_embedding/sn_within_unv_selfgroup_segmentation/output/Lev/4/23
Processing complete.
Processing Lev 4:24...
Successfully processed and saved output for Lev 4:24 to /Users/joshua/work/strong_number_embedding/sn_within_unv_selfgroup_segmentation/output/Lev/4/24
Processing complete.
Processing Lev 4:25...
Successfully processed and saved output for Lev 4:25 to /Users/joshua/work/strong_number_embedding/sn_within_unv_selfgroup_segmentation/output/Lev/4/25
Processing complete.
Processing Lev 4:26...
Successfully processed and saved output for Lev 4:26 to /Users/joshua/work/strong_number_embedding/sn_within_unv_selfgroup_segmentation/output/Lev/4/26
Processing complete.
Processing Lev 4:27...
Successfully processed and saved output for Lev 4:27 to /Users/joshua/work/strong_number_embedding/sn_within_unv_selfgroup_segmentation/output/Lev/4/27
Processing complete.
Processing Lev 4:28...
Successfully processed and saved output for Lev 4:28 to /Users/joshua/work/strong_number_embedding/sn_within_unv_selfgroup_segmentation/output/Lev/4/28
Processing complete.
Processing Lev 4:29...
Successfully processed and saved output for Lev 4:29 to /Users/joshua/work/strong_number_embedding/sn_within_unv_selfgroup_segmentation/output/Lev/4/29
Processing complete.
Processing Lev 4:30...
Successfully processed and saved output for Lev 4:30 to /Users/joshua/work/strong_number_embedding/sn_within_unv_selfgroup_segmentation/output/Lev/4/30
Processing complete.
Processing Lev 4:31...
Successfully processed and saved output for Lev 4:31 to /Users/joshua/work/strong_number_embedding/sn_within_unv_selfgroup_segmentation/output/Lev/4/31
Processing complete.
Processing Lev 4:32...
Successfully processed and saved output for Lev 4:32 to /Users/joshua/work/strong_number_embedding/sn_within_unv_selfgroup_segmentation/output/Lev/4/32
Processing complete.
Processing Lev 4:33...
Successfully processed and saved output for Lev 4:33 to /Users/joshua/work/strong_number_embedding/sn_within_unv_selfgroup_segmentation/output/Lev/4/33
Processing complete.
Processing Lev 4:34...
Successfully processed and saved output for Lev 4:34 to /Users/joshua/work/strong_number_embedding/sn_within_unv_selfgroup_segmentation/output/Lev/4/34
Processing complete.
Processing Lev 4:35...
Successfully processed and saved output for Lev 4:35 to /Users/joshua/work/strong_number_embedding/sn_within_unv_selfgroup_segmentation/output/Lev/4/35
Processing complete.
  Processing Leviticus chapter 5 (19 verses)...
Processing Lev 5:1...
Successfully processed and saved output for Lev 5:1 to /Users/joshua/work/strong_number_embedding/sn_within_unv_selfgroup_segmentation/output/Lev/5/1
Processing complete.
Processing Lev 5:2...
Successfully processed and saved output for Lev 5:2 to /Users/joshua/work/strong_number_embedding/sn_within_unv_selfgroup_segmentation/output/Lev/5/2
Processing complete.
Processing Lev 5:3...
Successfully processed and saved output for Lev 5:3 to /Users/joshua/work/strong_number_embedding/sn_within_unv_selfgroup_segmentation/output/Lev/5/3
Processing complete.
Processing Lev 5:4...
Successfully processed and saved output for Lev 5:4 to /Users/joshua/work/strong_number_embedding/sn_within_unv_selfgroup_segmentation/output/Lev/5/4
Processing complete.
Processing Lev 5:5...
Successfully processed and saved output for Lev 5:5 to /Users/joshua/work/strong_number_embedding/sn_within_unv_selfgroup_segmentation/output/Lev/5/5
Processing complete.
Processing Lev 5:6...
Successfully processed and saved output for Lev 5:6 to /Users/joshua/work/strong_number_embedding/sn_within_unv_selfgroup_segmentation/output/Lev/5/6
Processing complete.
Processing Lev 5:7...
Successfully processed and saved output for Lev 5:7 to /Users/joshua/work/strong_number_embedding/sn_within_unv_selfgroup_segmentation/output/Lev/5/7
Processing complete.
Processing Lev 5:8...
Successfully processed and saved output for Lev 5:8 to /Users/joshua/work/strong_number_embedding/sn_within_unv_selfgroup_segmentation/output/Lev/5/8
Processing complete.
Processing Lev 5:9...
Successfully processed and saved output for Lev 5:9 to /Users/joshua/work/strong_number_embedding/sn_within_unv_selfgroup_segmentation/output/Lev/5/9
Processing complete.
Processing Lev 5:10...
Successfully processed and saved output for Lev 5:10 to /Users/joshua/work/strong_number_embedding/sn_within_unv_selfgroup_segmentation/output/Lev/5/10
Processing complete.
Processing Lev 5:11...
Successfully processed and saved output for Lev 5:11 to /Users/joshua/work/strong_number_embedding/sn_within_unv_selfgroup_segmentation/output/Lev/5/11
Processing complete.
Processing Lev 5:12...
Successfully processed and saved output for Lev 5:12 to /Users/joshua/work/strong_number_embedding/sn_within_unv_selfgroup_segmentation/output/Lev/5/12
Processing complete.
Processing Lev 5:13...
Successfully processed and saved output for Lev 5:13 to /Users/joshua/work/strong_number_embedding/sn_within_unv_selfgroup_segmentation/output/Lev/5/13
Processing complete.
Processing Lev 5:14...
Successfully processed and saved output for Lev 5:14 to /Users/joshua/work/strong_number_embedding/sn_within_unv_selfgroup_segmentation/output/Lev/5/14
Processing complete.
Processing Lev 5:15...
Successfully processed and saved output for Lev 5:15 to /Users/joshua/work/strong_number_embedding/sn_within_unv_selfgroup_segmentation/output/Lev/5/15
Processing complete.
Processing Lev 5:16...
Successfully processed and saved output for Lev 5:16 to /Users/joshua/work/strong_number_embedding/sn_within_unv_selfgroup_segmentation/output/Lev/5/16
Processing complete.
Processing Lev 5:17...
Successfully processed and saved output for Lev 5:17 to /Users/joshua/work/strong_number_embedding/sn_within_unv_selfgroup_segmentation/output/Lev/5/17
Processing complete.
Processing Lev 5:18...
Successfully processed and saved output for Lev 5:18 to /Users/joshua/work/strong_number_embedding/sn_within_unv_selfgroup_segmentation/output/Lev/5/18
Processing complete.
Processing Lev 5:19...
Successfully processed and saved output for Lev 5:19 to /Users/joshua/work/strong_number_embedding/sn_within_unv_selfgroup_segmentation/output/Lev/5/19
Processing complete.
  Processing Leviticus chapter 6 (30 verses)...
Processing Lev 6:1...
Successfully processed and saved output for Lev 6:1 to /Users/joshua/work/strong_number_embedding/sn_within_unv_selfgroup_segmentation/output/Lev/6/1
Processing complete.
Processing Lev 6:2...
Successfully processed and saved output for Lev 6:2 to /Users/joshua/work/strong_number_embedding/sn_within_unv_selfgroup_segmentation/output/Lev/6/2
Processing complete.
Processing Lev 6:3...
Successfully processed and saved output for Lev 6:3 to /Users/joshua/work/strong_number_embedding/sn_within_unv_selfgroup_segmentation/output/Lev/6/3
Processing complete.
Processing Lev 6:4...
Successfully processed and saved output for Lev 6:4 to /Users/joshua/work/strong_number_embedding/sn_within_unv_selfgroup_segmentation/output/Lev/6/4
Processing complete.
Processing Lev 6:5...
Successfully processed and saved output for Lev 6:5 to /Users/joshua/work/strong_number_embedding/sn_within_unv_selfgroup_segmentation/output/Lev/6/5
Processing complete.
Processing Lev 6:6...
Successfully processed and saved output for Lev 6:6 to /Users/joshua/work/strong_number_embedding/sn_within_unv_selfgroup_segmentation/output/Lev/6/6
Processing complete.
Processing Lev 6:7...
Successfully processed and saved output for Lev 6:7 to /Users/joshua/work/strong_number_embedding/sn_within_unv_selfgroup_segmentation/output/Lev/6/7
Processing complete.
Processing Lev 6:8...
Successfully processed and saved output for Lev 6:8 to /Users/joshua/work/strong_number_embedding/sn_within_unv_selfgroup_segmentation/output/Lev/6/8
Processing complete.
Processing Lev 6:9...
Successfully processed and saved output for Lev 6:9 to /Users/joshua/work/strong_number_embedding/sn_within_unv_selfgroup_segmentation/output/Lev/6/9
Processing complete.
Processing Lev 6:10...
Successfully processed and saved output for Lev 6:10 to /Users/joshua/work/strong_number_embedding/sn_within_unv_selfgroup_segmentation/output/Lev/6/10
Processing complete.
Processing Lev 6:11...
Successfully processed and saved output for Lev 6:11 to /Users/joshua/work/strong_number_embedding/sn_within_unv_selfgroup_segmentation/output/Lev/6/11
Processing complete.
Processing Lev 6:12...
Successfully processed and saved output for Lev 6:12 to /Users/joshua/work/strong_number_embedding/sn_within_unv_selfgroup_segmentation/output/Lev/6/12
Processing complete.
Processing Lev 6:13...
Successfully processed and saved output for Lev 6:13 to /Users/joshua/work/strong_number_embedding/sn_within_unv_selfgroup_segmentation/output/Lev/6/13
Processing complete.
Processing Lev 6:14...
Successfully processed and saved output for Lev 6:14 to /Users/joshua/work/strong_number_embedding/sn_within_unv_selfgroup_segmentation/output/Lev/6/14
Processing complete.
Processing Lev 6:15...
Successfully processed and saved output for Lev 6:15 to /Users/joshua/work/strong_number_embedding/sn_within_unv_selfgroup_segmentation/output/Lev/6/15
Processing complete.
Processing Lev 6:16...
Successfully processed and saved output for Lev 6:16 to /Users/joshua/work/strong_number_embedding/sn_within_unv_selfgroup_segmentation/output/Lev/6/16
Processing complete.
Processing Lev 6:17...
Successfully processed and saved output for Lev 6:17 to /Users/joshua/work/strong_number_embedding/sn_within_unv_selfgroup_segmentation/output/Lev/6/17
Processing complete.
Processing Lev 6:18...
Successfully processed and saved output for Lev 6:18 to /Users/joshua/work/strong_number_embedding/sn_within_unv_selfgroup_segmentation/output/Lev/6/18
Processing complete.
Processing Lev 6:19...
Successfully processed and saved output for Lev 6:19 to /Users/joshua/work/strong_number_embedding/sn_within_unv_selfgroup_segmentation/output/Lev/6/19
Processing complete.
Processing Lev 6:20...
Successfully processed and saved output for Lev 6:20 to /Users/joshua/work/strong_number_embedding/sn_within_unv_selfgroup_segmentation/output/Lev/6/20
Processing complete.
Processing Lev 6:21...
Successfully processed and saved output for Lev 6:21 to /Users/joshua/work/strong_number_embedding/sn_within_unv_selfgroup_segmentation/output/Lev/6/21
Processing complete.
Processing Lev 6:22...
Successfully processed and saved output for Lev 6:22 to /Users/joshua/work/strong_number_embedding/sn_within_unv_selfgroup_segmentation/output/Lev/6/22
Processing complete.
Processing Lev 6:23...
Successfully processed and saved output for Lev 6:23 to /Users/joshua/work/strong_number_embedding/sn_within_unv_selfgroup_segmentation/output/Lev/6/23
Processing complete.
Processing Lev 6:24...
Successfully processed and saved output for Lev 6:24 to /Users/joshua/work/strong_number_embedding/sn_within_unv_selfgroup_segmentation/output/Lev/6/24
Processing complete.
Processing Lev 6:25...
Successfully processed and saved output for Lev 6:25 to /Users/joshua/work/strong_number_embedding/sn_within_unv_selfgroup_segmentation/output/Lev/6/25
Processing complete.
Processing Lev 6:26...
Successfully processed and saved output for Lev 6:26 to /Users/joshua/work/strong_number_embedding/sn_within_unv_selfgroup_segmentation/output/Lev/6/26
Processing complete.
Processing Lev 6:27...
Successfully processed and saved output for Lev 6:27 to /Users/joshua/work/strong_number_embedding/sn_within_unv_selfgroup_segmentation/output/Lev/6/27
Processing complete.
Processing Lev 6:28...
Successfully processed and saved output for Lev 6:28 to /Users/joshua/work/strong_number_embedding/sn_within_unv_selfgroup_segmentation/output/Lev/6/28
Processing complete.
Processing Lev 6:29...
Successfully processed and saved output for Lev 6:29 to /Users/joshua/work/strong_number_embedding/sn_within_unv_selfgroup_segmentation/output/Lev/6/29
Processing complete.
Processing Lev 6:30...
Successfully processed and saved output for Lev 6:30 to /Users/joshua/work/strong_number_embedding/sn_within_unv_selfgroup_segmentation/output/Lev/6/30
Processing complete.
  Processing Leviticus chapter 7 (38 verses)...
Processing Lev 7:1...
Successfully processed and saved output for Lev 7:1 to /Users/joshua/work/strong_number_embedding/sn_within_unv_selfgroup_segmentation/output/Lev/7/1
Processing complete.
Processing Lev 7:2...
Successfully processed and saved output for Lev 7:2 to /Users/joshua/work/strong_number_embedding/sn_within_unv_selfgroup_segmentation/output/Lev/7/2
Processing complete.
Processing Lev 7:3...
Successfully processed and saved output for Lev 7:3 to /Users/joshua/work/strong_number_embedding/sn_within_unv_selfgroup_segmentation/output/Lev/7/3
Processing complete.
Processing Lev 7:4...
Successfully processed and saved output for Lev 7:4 to /Users/joshua/work/strong_number_embedding/sn_within_unv_selfgroup_segmentation/output/Lev/7/4
Processing complete.
Processing Lev 7:5...
Successfully processed and saved output for Lev 7:5 to /Users/joshua/work/strong_number_embedding/sn_within_unv_selfgroup_segmentation/output/Lev/7/5
Processing complete.
Processing Lev 7:6...
Successfully processed and saved output for Lev 7:6 to /Users/joshua/work/strong_number_embedding/sn_within_unv_selfgroup_segmentation/output/Lev/7/6
Processing complete.
Processing Lev 7:7...
Successfully processed and saved output for Lev 7:7 to /Users/joshua/work/strong_number_embedding/sn_within_unv_selfgroup_segmentation/output/Lev/7/7
Processing complete.
Processing Lev 7:8...
Successfully processed and saved output for Lev 7:8 to /Users/joshua/work/strong_number_embedding/sn_within_unv_selfgroup_segmentation/output/Lev/7/8
Processing complete.
Processing Lev 7:9...
Successfully processed and saved output for Lev 7:9 to /Users/joshua/work/strong_number_embedding/sn_within_unv_selfgroup_segmentation/output/Lev/7/9
Processing complete.
Processing Lev 7:10...
Successfully processed and saved output for Lev 7:10 to /Users/joshua/work/strong_number_embedding/sn_within_unv_selfgroup_segmentation/output/Lev/7/10
Processing complete.
Processing Lev 7:11...
Successfully processed and saved output for Lev 7:11 to /Users/joshua/work/strong_number_embedding/sn_within_unv_selfgroup_segmentation/output/Lev/7/11
Processing complete.
Processing Lev 7:12...
Successfully processed and saved output for Lev 7:12 to /Users/joshua/work/strong_number_embedding/sn_within_unv_selfgroup_segmentation/output/Lev/7/12
Processing complete.
Processing Lev 7:13...
Successfully processed and saved output for Lev 7:13 to /Users/joshua/work/strong_number_embedding/sn_within_unv_selfgroup_segmentation/output/Lev/7/13
Processing complete.
Processing Lev 7:14...
Successfully processed and saved output for Lev 7:14 to /Users/joshua/work/strong_number_embedding/sn_within_unv_selfgroup_segmentation/output/Lev/7/14
Processing complete.
Processing Lev 7:15...
Successfully processed and saved output for Lev 7:15 to /Users/joshua/work/strong_number_embedding/sn_within_unv_selfgroup_segmentation/output/Lev/7/15
Processing complete.
Processing Lev 7:16...
Successfully processed and saved output for Lev 7:16 to /Users/joshua/work/strong_number_embedding/sn_within_unv_selfgroup_segmentation/output/Lev/7/16
Processing complete.
Processing Lev 7:17...
Successfully processed and saved output for Lev 7:17 to /Users/joshua/work/strong_number_embedding/sn_within_unv_selfgroup_segmentation/output/Lev/7/17
Processing complete.
Processing Lev 7:18...
Successfully processed and saved output for Lev 7:18 to /Users/joshua/work/strong_number_embedding/sn_within_unv_selfgroup_segmentation/output/Lev/7/18
Processing complete.
Processing Lev 7:19...
Successfully processed and saved output for Lev 7:19 to /Users/joshua/work/strong_number_embedding/sn_within_unv_selfgroup_segmentation/output/Lev/7/19
Processing complete.
Processing Lev 7:20...
Successfully processed and saved output for Lev 7:20 to /Users/joshua/work/strong_number_embedding/sn_within_unv_selfgroup_segmentation/output/Lev/7/20
Processing complete.
Processing Lev 7:21...
Successfully processed and saved output for Lev 7:21 to /Users/joshua/work/strong_number_embedding/sn_within_unv_selfgroup_segmentation/output/Lev/7/21
Processing complete.
Processing Lev 7:22...
Successfully processed and saved output for Lev 7:22 to /Users/joshua/work/strong_number_embedding/sn_within_unv_selfgroup_segmentation/output/Lev/7/22
Processing complete.
Processing Lev 7:23...
Successfully processed and saved output for Lev 7:23 to /Users/joshua/work/strong_number_embedding/sn_within_unv_selfgroup_segmentation/output/Lev/7/23
Processing complete.
Processing Lev 7:24...
Successfully processed and saved output for Lev 7:24 to /Users/joshua/work/strong_number_embedding/sn_within_unv_selfgroup_segmentation/output/Lev/7/24
Processing complete.
Processing Lev 7:25...
Successfully processed and saved output for Lev 7:25 to /Users/joshua/work/strong_number_embedding/sn_within_unv_selfgroup_segmentation/output/Lev/7/25
Processing complete.
Processing Lev 7:26...
Successfully processed and saved output for Lev 7:26 to /Users/joshua/work/strong_number_embedding/sn_within_unv_selfgroup_segmentation/output/Lev/7/26
Processing complete.
Processing Lev 7:27...
Successfully processed and saved output for Lev 7:27 to /Users/joshua/work/strong_number_embedding/sn_within_unv_selfgroup_segmentation/output/Lev/7/27
Processing complete.
Processing Lev 7:28...
Successfully processed and saved output for Lev 7:28 to /Users/joshua/work/strong_number_embedding/sn_within_unv_selfgroup_segmentation/output/Lev/7/28
Processing complete.
Processing Lev 7:29...
Successfully processed and saved output for Lev 7:29 to /Users/joshua/work/strong_number_embedding/sn_within_unv_selfgroup_segmentation/output/Lev/7/29
Processing complete.
Processing Lev 7:30...
Successfully processed and saved output for Lev 7:30 to /Users/joshua/work/strong_number_embedding/sn_within_unv_selfgroup_segmentation/output/Lev/7/30
Processing complete.
Processing Lev 7:31...
Successfully processed and saved output for Lev 7:31 to /Users/joshua/work/strong_number_embedding/sn_within_unv_selfgroup_segmentation/output/Lev/7/31
Processing complete.
Processing Lev 7:32...
Successfully processed and saved output for Lev 7:32 to /Users/joshua/work/strong_number_embedding/sn_within_unv_selfgroup_segmentation/output/Lev/7/32
Processing complete.
Processing Lev 7:33...
Successfully processed and saved output for Lev 7:33 to /Users/joshua/work/strong_number_embedding/sn_within_unv_selfgroup_segmentation/output/Lev/7/33
Processing complete.
Processing Lev 7:34...
Successfully processed and saved output for Lev 7:34 to /Users/joshua/work/strong_number_embedding/sn_within_unv_selfgroup_segmentation/output/Lev/7/34
Processing complete.
Processing Lev 7:35...
Successfully processed and saved output for Lev 7:35 to /Users/joshua/work/strong_number_embedding/sn_within_unv_selfgroup_segmentation/output/Lev/7/35
Processing complete.
Processing Lev 7:36...
Successfully processed and saved output for Lev 7:36 to /Users/joshua/work/strong_number_embedding/sn_within_unv_selfgroup_segmentation/output/Lev/7/36
Processing complete.
Processing Lev 7:37...
Successfully processed and saved output for Lev 7:37 to /Users/joshua/work/strong_number_embedding/sn_within_unv_selfgroup_segmentation/output/Lev/7/37
Processing complete.
Processing Lev 7:38...
Successfully processed and saved output for Lev 7:38 to /Users/joshua/work/strong_number_embedding/sn_within_unv_selfgroup_segmentation/output/Lev/7/38
Processing complete.
  Processing Leviticus chapter 8 (36 verses)...
Processing Lev 8:1...
Successfully processed and saved output for Lev 8:1 to /Users/joshua/work/strong_number_embedding/sn_within_unv_selfgroup_segmentation/output/Lev/8/1
Processing complete.
Processing Lev 8:2...
Successfully processed and saved output for Lev 8:2 to /Users/joshua/work/strong_number_embedding/sn_within_unv_selfgroup_segmentation/output/Lev/8/2
Processing complete.
Processing Lev 8:3...
Successfully processed and saved output for Lev 8:3 to /Users/joshua/work/strong_number_embedding/sn_within_unv_selfgroup_segmentation/output/Lev/8/3
Processing complete.
Processing Lev 8:4...
Successfully processed and saved output for Lev 8:4 to /Users/joshua/work/strong_number_embedding/sn_within_unv_selfgroup_segmentation/output/Lev/8/4
Processing complete.
Processing Lev 8:5...
Successfully processed and saved output for Lev 8:5 to /Users/joshua/work/strong_number_embedding/sn_within_unv_selfgroup_segmentation/output/Lev/8/5
Processing complete.
Processing Lev 8:6...
Successfully processed and saved output for Lev 8:6 to /Users/joshua/work/strong_number_embedding/sn_within_unv_selfgroup_segmentation/output/Lev/8/6
Processing complete.
Processing Lev 8:7...
Successfully processed and saved output for Lev 8:7 to /Users/joshua/work/strong_number_embedding/sn_within_unv_selfgroup_segmentation/output/Lev/8/7
Processing complete.
Processing Lev 8:8...
Successfully processed and saved output for Lev 8:8 to /Users/joshua/work/strong_number_embedding/sn_within_unv_selfgroup_segmentation/output/Lev/8/8
Processing complete.
Processing Lev 8:9...
Successfully processed and saved output for Lev 8:9 to /Users/joshua/work/strong_number_embedding/sn_within_unv_selfgroup_segmentation/output/Lev/8/9
Processing complete.
Processing Lev 8:10...
Successfully processed and saved output for Lev 8:10 to /Users/joshua/work/strong_number_embedding/sn_within_unv_selfgroup_segmentation/output/Lev/8/10
Processing complete.
Processing Lev 8:11...
Successfully processed and saved output for Lev 8:11 to /Users/joshua/work/strong_number_embedding/sn_within_unv_selfgroup_segmentation/output/Lev/8/11
Processing complete.
Processing Lev 8:12...
Successfully processed and saved output for Lev 8:12 to /Users/joshua/work/strong_number_embedding/sn_within_unv_selfgroup_segmentation/output/Lev/8/12
Processing complete.
Processing Lev 8:13...
Successfully processed and saved output for Lev 8:13 to /Users/joshua/work/strong_number_embedding/sn_within_unv_selfgroup_segmentation/output/Lev/8/13
Processing complete.
Processing Lev 8:14...
Successfully processed and saved output for Lev 8:14 to /Users/joshua/work/strong_number_embedding/sn_within_unv_selfgroup_segmentation/output/Lev/8/14
Processing complete.
Processing Lev 8:15...
Successfully processed and saved output for Lev 8:15 to /Users/joshua/work/strong_number_embedding/sn_within_unv_selfgroup_segmentation/output/Lev/8/15
Processing complete.
Processing Lev 8:16...
Successfully processed and saved output for Lev 8:16 to /Users/joshua/work/strong_number_embedding/sn_within_unv_selfgroup_segmentation/output/Lev/8/16
Processing complete.
Processing Lev 8:17...
Successfully processed and saved output for Lev 8:17 to /Users/joshua/work/strong_number_embedding/sn_within_unv_selfgroup_segmentation/output/Lev/8/17
Processing complete.
Processing Lev 8:18...
Successfully processed and saved output for Lev 8:18 to /Users/joshua/work/strong_number_embedding/sn_within_unv_selfgroup_segmentation/output/Lev/8/18
Processing complete.
Processing Lev 8:19...
Successfully processed and saved output for Lev 8:19 to /Users/joshua/work/strong_number_embedding/sn_within_unv_selfgroup_segmentation/output/Lev/8/19
Processing complete.
Processing Lev 8:20...
Successfully processed and saved output for Lev 8:20 to /Users/joshua/work/strong_number_embedding/sn_within_unv_selfgroup_segmentation/output/Lev/8/20
Processing complete.
Processing Lev 8:21...
Successfully processed and saved output for Lev 8:21 to /Users/joshua/work/strong_number_embedding/sn_within_unv_selfgroup_segmentation/output/Lev/8/21
Processing complete.
Processing Lev 8:22...
Successfully processed and saved output for Lev 8:22 to /Users/joshua/work/strong_number_embedding/sn_within_unv_selfgroup_segmentation/output/Lev/8/22
Processing complete.
Processing Lev 8:23...
Successfully processed and saved output for Lev 8:23 to /Users/joshua/work/strong_number_embedding/sn_within_unv_selfgroup_segmentation/output/Lev/8/23
Processing complete.
Processing Lev 8:24...
Successfully processed and saved output for Lev 8:24 to /Users/joshua/work/strong_number_embedding/sn_within_unv_selfgroup_segmentation/output/Lev/8/24
Processing complete.
Processing Lev 8:25...
Successfully processed and saved output for Lev 8:25 to /Users/joshua/work/strong_number_embedding/sn_within_unv_selfgroup_segmentation/output/Lev/8/25
Processing complete.
Processing Lev 8:26...
Successfully processed and saved output for Lev 8:26 to /Users/joshua/work/strong_number_embedding/sn_within_unv_selfgroup_segmentation/output/Lev/8/26
Processing complete.
Processing Lev 8:27...
Successfully processed and saved output for Lev 8:27 to /Users/joshua/work/strong_number_embedding/sn_within_unv_selfgroup_segmentation/output/Lev/8/27
Processing complete.
Processing Lev 8:28...
Successfully processed and saved output for Lev 8:28 to /Users/joshua/work/strong_number_embedding/sn_within_unv_selfgroup_segmentation/output/Lev/8/28
Processing complete.
Processing Lev 8:29...
Successfully processed and saved output for Lev 8:29 to /Users/joshua/work/strong_number_embedding/sn_within_unv_selfgroup_segmentation/output/Lev/8/29
Processing complete.
Processing Lev 8:30...
Successfully processed and saved output for Lev 8:30 to /Users/joshua/work/strong_number_embedding/sn_within_unv_selfgroup_segmentation/output/Lev/8/30
Processing complete.
Processing Lev 8:31...
Successfully processed and saved output for Lev 8:31 to /Users/joshua/work/strong_number_embedding/sn_within_unv_selfgroup_segmentation/output/Lev/8/31
Processing complete.
Processing Lev 8:32...
Successfully processed and saved output for Lev 8:32 to /Users/joshua/work/strong_number_embedding/sn_within_unv_selfgroup_segmentation/output/Lev/8/32
Processing complete.
Processing Lev 8:33...
Successfully processed and saved output for Lev 8:33 to /Users/joshua/work/strong_number_embedding/sn_within_unv_selfgroup_segmentation/output/Lev/8/33
Processing complete.
Processing Lev 8:34...
Successfully processed and saved output for Lev 8:34 to /Users/joshua/work/strong_number_embedding/sn_within_unv_selfgroup_segmentation/output/Lev/8/34
Processing complete.
Processing Lev 8:35...
Successfully processed and saved output for Lev 8:35 to /Users/joshua/work/strong_number_embedding/sn_within_unv_selfgroup_segmentation/output/Lev/8/35
Processing complete.
Processing Lev 8:36...
Successfully processed and saved output for Lev 8:36 to /Users/joshua/work/strong_number_embedding/sn_within_unv_selfgroup_segmentation/output/Lev/8/36
Processing complete.
  Processing Leviticus chapter 9 (24 verses)...
Processing Lev 9:1...
Successfully processed and saved output for Lev 9:1 to /Users/joshua/work/strong_number_embedding/sn_within_unv_selfgroup_segmentation/output/Lev/9/1
Processing complete.
Processing Lev 9:2...
Successfully processed and saved output for Lev 9:2 to /Users/joshua/work/strong_number_embedding/sn_within_unv_selfgroup_segmentation/output/Lev/9/2
Processing complete.
Processing Lev 9:3...
Successfully processed and saved output for Lev 9:3 to /Users/joshua/work/strong_number_embedding/sn_within_unv_selfgroup_segmentation/output/Lev/9/3
Processing complete.
Processing Lev 9:4...
Successfully processed and saved output for Lev 9:4 to /Users/joshua/work/strong_number_embedding/sn_within_unv_selfgroup_segmentation/output/Lev/9/4
Processing complete.
Processing Lev 9:5...
Successfully processed and saved output for Lev 9:5 to /Users/joshua/work/strong_number_embedding/sn_within_unv_selfgroup_segmentation/output/Lev/9/5
Processing complete.
Processing Lev 9:6...
Successfully processed and saved output for Lev 9:6 to /Users/joshua/work/strong_number_embedding/sn_within_unv_selfgroup_segmentation/output/Lev/9/6
Processing complete.
Processing Lev 9:7...
Successfully processed and saved output for Lev 9:7 to /Users/joshua/work/strong_number_embedding/sn_within_unv_selfgroup_segmentation/output/Lev/9/7
Processing complete.
Processing Lev 9:8...
Successfully processed and saved output for Lev 9:8 to /Users/joshua/work/strong_number_embedding/sn_within_unv_selfgroup_segmentation/output/Lev/9/8
Processing complete.
Processing Lev 9:9...
Successfully processed and saved output for Lev 9:9 to /Users/joshua/work/strong_number_embedding/sn_within_unv_selfgroup_segmentation/output/Lev/9/9
Processing complete.
Processing Lev 9:10...
Successfully processed and saved output for Lev 9:10 to /Users/joshua/work/strong_number_embedding/sn_within_unv_selfgroup_segmentation/output/Lev/9/10
Processing complete.
Processing Lev 9:11...
Successfully processed and saved output for Lev 9:11 to /Users/joshua/work/strong_number_embedding/sn_within_unv_selfgroup_segmentation/output/Lev/9/11
Processing complete.
Processing Lev 9:12...
Successfully processed and saved output for Lev 9:12 to /Users/joshua/work/strong_number_embedding/sn_within_unv_selfgroup_segmentation/output/Lev/9/12
Processing complete.
Processing Lev 9:13...
Successfully processed and saved output for Lev 9:13 to /Users/joshua/work/strong_number_embedding/sn_within_unv_selfgroup_segmentation/output/Lev/9/13
Processing complete.
Processing Lev 9:14...
Successfully processed and saved output for Lev 9:14 to /Users/joshua/work/strong_number_embedding/sn_within_unv_selfgroup_segmentation/output/Lev/9/14
Processing complete.
Processing Lev 9:15...
Successfully processed and saved output for Lev 9:15 to /Users/joshua/work/strong_number_embedding/sn_within_unv_selfgroup_segmentation/output/Lev/9/15
Processing complete.
Processing Lev 9:16...
Successfully processed and saved output for Lev 9:16 to /Users/joshua/work/strong_number_embedding/sn_within_unv_selfgroup_segmentation/output/Lev/9/16
Processing complete.
Processing Lev 9:17...
Successfully processed and saved output for Lev 9:17 to /Users/joshua/work/strong_number_embedding/sn_within_unv_selfgroup_segmentation/output/Lev/9/17
Processing complete.
Processing Lev 9:18...
Successfully processed and saved output for Lev 9:18 to /Users/joshua/work/strong_number_embedding/sn_within_unv_selfgroup_segmentation/output/Lev/9/18
Processing complete.
Processing Lev 9:19...
Successfully processed and saved output for Lev 9:19 to /Users/joshua/work/strong_number_embedding/sn_within_unv_selfgroup_segmentation/output/Lev/9/19
Processing complete.
Processing Lev 9:20...
Successfully processed and saved output for Lev 9:20 to /Users/joshua/work/strong_number_embedding/sn_within_unv_selfgroup_segmentation/output/Lev/9/20
Processing complete.
Processing Lev 9:21...
Successfully processed and saved output for Lev 9:21 to /Users/joshua/work/strong_number_embedding/sn_within_unv_selfgroup_segmentation/output/Lev/9/21
Processing complete.
Processing Lev 9:22...
Successfully processed and saved output for Lev 9:22 to /Users/joshua/work/strong_number_embedding/sn_within_unv_selfgroup_segmentation/output/Lev/9/22
Processing complete.
Processing Lev 9:23...
Successfully processed and saved output for Lev 9:23 to /Users/joshua/work/strong_number_embedding/sn_within_unv_selfgroup_segmentation/output/Lev/9/23
Processing complete.
Processing Lev 9:24...
Successfully processed and saved output for Lev 9:24 to /Users/joshua/work/strong_number_embedding/sn_within_unv_selfgroup_segmentation/output/Lev/9/24
Processing complete.
  Processing Leviticus chapter 10 (20 verses)...
Processing Lev 10:1...
Successfully processed and saved output for Lev 10:1 to /Users/joshua/work/strong_number_embedding/sn_within_unv_selfgroup_segmentation/output/Lev/10/1
Processing complete.
Processing Lev 10:2...
Successfully processed and saved output for Lev 10:2 to /Users/joshua/work/strong_number_embedding/sn_within_unv_selfgroup_segmentation/output/Lev/10/2
Processing complete.
Processing Lev 10:3...
Successfully processed and saved output for Lev 10:3 to /Users/joshua/work/strong_number_embedding/sn_within_unv_selfgroup_segmentation/output/Lev/10/3
Processing complete.
Processing Lev 10:4...
Successfully processed and saved output for Lev 10:4 to /Users/joshua/work/strong_number_embedding/sn_within_unv_selfgroup_segmentation/output/Lev/10/4
Processing complete.
Processing Lev 10:5...
Successfully processed and saved output for Lev 10:5 to /Users/joshua/work/strong_number_embedding/sn_within_unv_selfgroup_segmentation/output/Lev/10/5
Processing complete.
Processing Lev 10:6...
Successfully processed and saved output for Lev 10:6 to /Users/joshua/work/strong_number_embedding/sn_within_unv_selfgroup_segmentation/output/Lev/10/6
Processing complete.
Processing Lev 10:7...
Successfully processed and saved output for Lev 10:7 to /Users/joshua/work/strong_number_embedding/sn_within_unv_selfgroup_segmentation/output/Lev/10/7
Processing complete.
Processing Lev 10:8...
Successfully processed and saved output for Lev 10:8 to /Users/joshua/work/strong_number_embedding/sn_within_unv_selfgroup_segmentation/output/Lev/10/8
Processing complete.
Processing Lev 10:9...
Successfully processed and saved output for Lev 10:9 to /Users/joshua/work/strong_number_embedding/sn_within_unv_selfgroup_segmentation/output/Lev/10/9
Processing complete.
Processing Lev 10:10...
Successfully processed and saved output for Lev 10:10 to /Users/joshua/work/strong_number_embedding/sn_within_unv_selfgroup_segmentation/output/Lev/10/10
Processing complete.
Processing Lev 10:11...
Successfully processed and saved output for Lev 10:11 to /Users/joshua/work/strong_number_embedding/sn_within_unv_selfgroup_segmentation/output/Lev/10/11
Processing complete.
Processing Lev 10:12...
Successfully processed and saved output for Lev 10:12 to /Users/joshua/work/strong_number_embedding/sn_within_unv_selfgroup_segmentation/output/Lev/10/12
Processing complete.
Processing Lev 10:13...
Successfully processed and saved output for Lev 10:13 to /Users/joshua/work/strong_number_embedding/sn_within_unv_selfgroup_segmentation/output/Lev/10/13
Processing complete.
Processing Lev 10:14...
Successfully processed and saved output for Lev 10:14 to /Users/joshua/work/strong_number_embedding/sn_within_unv_selfgroup_segmentation/output/Lev/10/14
Processing complete.
Processing Lev 10:15...
Successfully processed and saved output for Lev 10:15 to /Users/joshua/work/strong_number_embedding/sn_within_unv_selfgroup_segmentation/output/Lev/10/15
Processing complete.
Processing Lev 10:16...
Successfully processed and saved output for Lev 10:16 to /Users/joshua/work/strong_number_embedding/sn_within_unv_selfgroup_segmentation/output/Lev/10/16
Processing complete.
Processing Lev 10:17...
Successfully processed and saved output for Lev 10:17 to /Users/joshua/work/strong_number_embedding/sn_within_unv_selfgroup_segmentation/output/Lev/10/17
Processing complete.
Processing Lev 10:18...
Successfully processed and saved output for Lev 10:18 to /Users/joshua/work/strong_number_embedding/sn_within_unv_selfgroup_segmentation/output/Lev/10/18
Processing complete.
Processing Lev 10:19...
Successfully processed and saved output for Lev 10:19 to /Users/joshua/work/strong_number_embedding/sn_within_unv_selfgroup_segmentation/output/Lev/10/19
Processing complete.
Processing Lev 10:20...
Successfully processed and saved output for Lev 10:20 to /Users/joshua/work/strong_number_embedding/sn_within_unv_selfgroup_segmentation/output/Lev/10/20
Processing complete.
  Processing Leviticus chapter 11 (47 verses)...
Processing Lev 11:1...
Successfully processed and saved output for Lev 11:1 to /Users/joshua/work/strong_number_embedding/sn_within_unv_selfgroup_segmentation/output/Lev/11/1
Processing complete.
Processing Lev 11:2...
Successfully processed and saved output for Lev 11:2 to /Users/joshua/work/strong_number_embedding/sn_within_unv_selfgroup_segmentation/output/Lev/11/2
Processing complete.
Processing Lev 11:3...
Successfully processed and saved output for Lev 11:3 to /Users/joshua/work/strong_number_embedding/sn_within_unv_selfgroup_segmentation/output/Lev/11/3
Processing complete.
Processing Lev 11:4...
Successfully processed and saved output for Lev 11:4 to /Users/joshua/work/strong_number_embedding/sn_within_unv_selfgroup_segmentation/output/Lev/11/4
Processing complete.
Processing Lev 11:5...
Successfully processed and saved output for Lev 11:5 to /Users/joshua/work/strong_number_embedding/sn_within_unv_selfgroup_segmentation/output/Lev/11/5
Processing complete.
Processing Lev 11:6...
Successfully processed and saved output for Lev 11:6 to /Users/joshua/work/strong_number_embedding/sn_within_unv_selfgroup_segmentation/output/Lev/11/6
Processing complete.
Processing Lev 11:7...
Successfully processed and saved output for Lev 11:7 to /Users/joshua/work/strong_number_embedding/sn_within_unv_selfgroup_segmentation/output/Lev/11/7
Processing complete.
Processing Lev 11:8...
Successfully processed and saved output for Lev 11:8 to /Users/joshua/work/strong_number_embedding/sn_within_unv_selfgroup_segmentation/output/Lev/11/8
Processing complete.
Processing Lev 11:9...
Successfully processed and saved output for Lev 11:9 to /Users/joshua/work/strong_number_embedding/sn_within_unv_selfgroup_segmentation/output/Lev/11/9
Processing complete.
Processing Lev 11:10...
Successfully processed and saved output for Lev 11:10 to /Users/joshua/work/strong_number_embedding/sn_within_unv_selfgroup_segmentation/output/Lev/11/10
Processing complete.
Processing Lev 11:11...
Successfully processed and saved output for Lev 11:11 to /Users/joshua/work/strong_number_embedding/sn_within_unv_selfgroup_segmentation/output/Lev/11/11
Processing complete.
Processing Lev 11:12...
Successfully processed and saved output for Lev 11:12 to /Users/joshua/work/strong_number_embedding/sn_within_unv_selfgroup_segmentation/output/Lev/11/12
Processing complete.
Processing Lev 11:13...
Successfully processed and saved output for Lev 11:13 to /Users/joshua/work/strong_number_embedding/sn_within_unv_selfgroup_segmentation/output/Lev/11/13
Processing complete.
Processing Lev 11:14...
Successfully processed and saved output for Lev 11:14 to /Users/joshua/work/strong_number_embedding/sn_within_unv_selfgroup_segmentation/output/Lev/11/14
Processing complete.
Processing Lev 11:15...
Successfully processed and saved output for Lev 11:15 to /Users/joshua/work/strong_number_embedding/sn_within_unv_selfgroup_segmentation/output/Lev/11/15
Processing complete.
Processing Lev 11:16...
Successfully processed and saved output for Lev 11:16 to /Users/joshua/work/strong_number_embedding/sn_within_unv_selfgroup_segmentation/output/Lev/11/16
Processing complete.
Processing Lev 11:17...
Successfully processed and saved output for Lev 11:17 to /Users/joshua/work/strong_number_embedding/sn_within_unv_selfgroup_segmentation/output/Lev/11/17
Processing complete.
Processing Lev 11:18...
Successfully processed and saved output for Lev 11:18 to /Users/joshua/work/strong_number_embedding/sn_within_unv_selfgroup_segmentation/output/Lev/11/18
Processing complete.
Processing Lev 11:19...
Successfully processed and saved output for Lev 11:19 to /Users/joshua/work/strong_number_embedding/sn_within_unv_selfgroup_segmentation/output/Lev/11/19
Processing complete.
Processing Lev 11:20...
Successfully processed and saved output for Lev 11:20 to /Users/joshua/work/strong_number_embedding/sn_within_unv_selfgroup_segmentation/output/Lev/11/20
Processing complete.
Processing Lev 11:21...
Successfully processed and saved output for Lev 11:21 to /Users/joshua/work/strong_number_embedding/sn_within_unv_selfgroup_segmentation/output/Lev/11/21
Processing complete.
Processing Lev 11:22...
Successfully processed and saved output for Lev 11:22 to /Users/joshua/work/strong_number_embedding/sn_within_unv_selfgroup_segmentation/output/Lev/11/22
Processing complete.
Processing Lev 11:23...
Successfully processed and saved output for Lev 11:23 to /Users/joshua/work/strong_number_embedding/sn_within_unv_selfgroup_segmentation/output/Lev/11/23
Processing complete.
Processing Lev 11:24...
Successfully processed and saved output for Lev 11:24 to /Users/joshua/work/strong_number_embedding/sn_within_unv_selfgroup_segmentation/output/Lev/11/24
Processing complete.
Processing Lev 11:25...
Successfully processed and saved output for Lev 11:25 to /Users/joshua/work/strong_number_embedding/sn_within_unv_selfgroup_segmentation/output/Lev/11/25
Processing complete.
Processing Lev 11:26...
Successfully processed and saved output for Lev 11:26 to /Users/joshua/work/strong_number_embedding/sn_within_unv_selfgroup_segmentation/output/Lev/11/26
Processing complete.
Processing Lev 11:27...
Successfully processed and saved output for Lev 11:27 to /Users/joshua/work/strong_number_embedding/sn_within_unv_selfgroup_segmentation/output/Lev/11/27
Processing complete.
Processing Lev 11:28...
Successfully processed and saved output for Lev 11:28 to /Users/joshua/work/strong_number_embedding/sn_within_unv_selfgroup_segmentation/output/Lev/11/28
Processing complete.
Processing Lev 11:29...
Successfully processed and saved output for Lev 11:29 to /Users/joshua/work/strong_number_embedding/sn_within_unv_selfgroup_segmentation/output/Lev/11/29
Processing complete.
Processing Lev 11:30...
Successfully processed and saved output for Lev 11:30 to /Users/joshua/work/strong_number_embedding/sn_within_unv_selfgroup_segmentation/output/Lev/11/30
Processing complete.
Processing Lev 11:31...
Successfully processed and saved output for Lev 11:31 to /Users/joshua/work/strong_number_embedding/sn_within_unv_selfgroup_segmentation/output/Lev/11/31
Processing complete.
Processing Lev 11:32...
Successfully processed and saved output for Lev 11:32 to /Users/joshua/work/strong_number_embedding/sn_within_unv_selfgroup_segmentation/output/Lev/11/32
Processing complete.
Processing Lev 11:33...
Successfully processed and saved output for Lev 11:33 to /Users/joshua/work/strong_number_embedding/sn_within_unv_selfgroup_segmentation/output/Lev/11/33
Processing complete.
Processing Lev 11:34...
Successfully processed and saved output for Lev 11:34 to /Users/joshua/work/strong_number_embedding/sn_within_unv_selfgroup_segmentation/output/Lev/11/34
Processing complete.
Processing Lev 11:35...
Successfully processed and saved output for Lev 11:35 to /Users/joshua/work/strong_number_embedding/sn_within_unv_selfgroup_segmentation/output/Lev/11/35
Processing complete.
Processing Lev 11:36...
Successfully processed and saved output for Lev 11:36 to /Users/joshua/work/strong_number_embedding/sn_within_unv_selfgroup_segmentation/output/Lev/11/36
Processing complete.
Processing Lev 11:37...
Successfully processed and saved output for Lev 11:37 to /Users/joshua/work/strong_number_embedding/sn_within_unv_selfgroup_segmentation/output/Lev/11/37
Processing complete.
Processing Lev 11:38...
Successfully processed and saved output for Lev 11:38 to /Users/joshua/work/strong_number_embedding/sn_within_unv_selfgroup_segmentation/output/Lev/11/38
Processing complete.
Processing Lev 11:39...
Successfully processed and saved output for Lev 11:39 to /Users/joshua/work/strong_number_embedding/sn_within_unv_selfgroup_segmentation/output/Lev/11/39
Processing complete.
Processing Lev 11:40...
Successfully processed and saved output for Lev 11:40 to /Users/joshua/work/strong_number_embedding/sn_within_unv_selfgroup_segmentation/output/Lev/11/40
Processing complete.
Processing Lev 11:41...
Successfully processed and saved output for Lev 11:41 to /Users/joshua/work/strong_number_embedding/sn_within_unv_selfgroup_segmentation/output/Lev/11/41
Processing complete.
Processing Lev 11:42...
Successfully processed and saved output for Lev 11:42 to /Users/joshua/work/strong_number_embedding/sn_within_unv_selfgroup_segmentation/output/Lev/11/42
Processing complete.
Processing Lev 11:43...
Successfully processed and saved output for Lev 11:43 to /Users/joshua/work/strong_number_embedding/sn_within_unv_selfgroup_segmentation/output/Lev/11/43
Processing complete.
Processing Lev 11:44...
Successfully processed and saved output for Lev 11:44 to /Users/joshua/work/strong_number_embedding/sn_within_unv_selfgroup_segmentation/output/Lev/11/44
Processing complete.
Processing Lev 11:45...
Successfully processed and saved output for Lev 11:45 to /Users/joshua/work/strong_number_embedding/sn_within_unv_selfgroup_segmentation/output/Lev/11/45
Processing complete.
Processing Lev 11:46...
Successfully processed and saved output for Lev 11:46 to /Users/joshua/work/strong_number_embedding/sn_within_unv_selfgroup_segmentation/output/Lev/11/46
Processing complete.
Processing Lev 11:47...
Successfully processed and saved output for Lev 11:47 to /Users/joshua/work/strong_number_embedding/sn_within_unv_selfgroup_segmentation/output/Lev/11/47
Processing complete.
  Processing Leviticus chapter 12 (8 verses)...
Processing Lev 12:1...
Successfully processed and saved output for Lev 12:1 to /Users/joshua/work/strong_number_embedding/sn_within_unv_selfgroup_segmentation/output/Lev/12/1
Processing complete.
Processing Lev 12:2...
Successfully processed and saved output for Lev 12:2 to /Users/joshua/work/strong_number_embedding/sn_within_unv_selfgroup_segmentation/output/Lev/12/2
Processing complete.
Processing Lev 12:3...
Successfully processed and saved output for Lev 12:3 to /Users/joshua/work/strong_number_embedding/sn_within_unv_selfgroup_segmentation/output/Lev/12/3
Processing complete.
Processing Lev 12:4...
Successfully processed and saved output for Lev 12:4 to /Users/joshua/work/strong_number_embedding/sn_within_unv_selfgroup_segmentation/output/Lev/12/4
Processing complete.
Processing Lev 12:5...
Successfully processed and saved output for Lev 12:5 to /Users/joshua/work/strong_number_embedding/sn_within_unv_selfgroup_segmentation/output/Lev/12/5
Processing complete.
Processing Lev 12:6...
Successfully processed and saved output for Lev 12:6 to /Users/joshua/work/strong_number_embedding/sn_within_unv_selfgroup_segmentation/output/Lev/12/6
Processing complete.
Processing Lev 12:7...
Successfully processed and saved output for Lev 12:7 to /Users/joshua/work/strong_number_embedding/sn_within_unv_selfgroup_segmentation/output/Lev/12/7
Processing complete.
Processing Lev 12:8...
Successfully processed and saved output for Lev 12:8 to /Users/joshua/work/strong_number_embedding/sn_within_unv_selfgroup_segmentation/output/Lev/12/8
Processing complete.
  Processing Leviticus chapter 13 (59 verses)...
Processing Lev 13:1...
Successfully processed and saved output for Lev 13:1 to /Users/joshua/work/strong_number_embedding/sn_within_unv_selfgroup_segmentation/output/Lev/13/1
Processing complete.
Processing Lev 13:2...
Successfully processed and saved output for Lev 13:2 to /Users/joshua/work/strong_number_embedding/sn_within_unv_selfgroup_segmentation/output/Lev/13/2
Processing complete.
Processing Lev 13:3...
Successfully processed and saved output for Lev 13:3 to /Users/joshua/work/strong_number_embedding/sn_within_unv_selfgroup_segmentation/output/Lev/13/3
Processing complete.
Processing Lev 13:4...
Successfully processed and saved output for Lev 13:4 to /Users/joshua/work/strong_number_embedding/sn_within_unv_selfgroup_segmentation/output/Lev/13/4
Processing complete.
Processing Lev 13:5...
Successfully processed and saved output for Lev 13:5 to /Users/joshua/work/strong_number_embedding/sn_within_unv_selfgroup_segmentation/output/Lev/13/5
Processing complete.
Processing Lev 13:6...
Successfully processed and saved output for Lev 13:6 to /Users/joshua/work/strong_number_embedding/sn_within_unv_selfgroup_segmentation/output/Lev/13/6
Processing complete.
Processing Lev 13:7...
Successfully processed and saved output for Lev 13:7 to /Users/joshua/work/strong_number_embedding/sn_within_unv_selfgroup_segmentation/output/Lev/13/7
Processing complete.
Processing Lev 13:8...
Successfully processed and saved output for Lev 13:8 to /Users/joshua/work/strong_number_embedding/sn_within_unv_selfgroup_segmentation/output/Lev/13/8
Processing complete.
Processing Lev 13:9...
Successfully processed and saved output for Lev 13:9 to /Users/joshua/work/strong_number_embedding/sn_within_unv_selfgroup_segmentation/output/Lev/13/9
Processing complete.
Processing Lev 13:10...
Successfully processed and saved output for Lev 13:10 to /Users/joshua/work/strong_number_embedding/sn_within_unv_selfgroup_segmentation/output/Lev/13/10
Processing complete.
Processing Lev 13:11...
Successfully processed and saved output for Lev 13:11 to /Users/joshua/work/strong_number_embedding/sn_within_unv_selfgroup_segmentation/output/Lev/13/11
Processing complete.
Processing Lev 13:12...
Successfully processed and saved output for Lev 13:12 to /Users/joshua/work/strong_number_embedding/sn_within_unv_selfgroup_segmentation/output/Lev/13/12
Processing complete.
Processing Lev 13:13...
Successfully processed and saved output for Lev 13:13 to /Users/joshua/work/strong_number_embedding/sn_within_unv_selfgroup_segmentation/output/Lev/13/13
Processing complete.
Processing Lev 13:14...
Successfully processed and saved output for Lev 13:14 to /Users/joshua/work/strong_number_embedding/sn_within_unv_selfgroup_segmentation/output/Lev/13/14
Processing complete.
Processing Lev 13:15...
Successfully processed and saved output for Lev 13:15 to /Users/joshua/work/strong_number_embedding/sn_within_unv_selfgroup_segmentation/output/Lev/13/15
Processing complete.
Processing Lev 13:16...
Successfully processed and saved output for Lev 13:16 to /Users/joshua/work/strong_number_embedding/sn_within_unv_selfgroup_segmentation/output/Lev/13/16
Processing complete.
Processing Lev 13:17...
Successfully processed and saved output for Lev 13:17 to /Users/joshua/work/strong_number_embedding/sn_within_unv_selfgroup_segmentation/output/Lev/13/17
Processing complete.
Processing Lev 13:18...
Successfully processed and saved output for Lev 13:18 to /Users/joshua/work/strong_number_embedding/sn_within_unv_selfgroup_segmentation/output/Lev/13/18
Processing complete.
Processing Lev 13:19...
Successfully processed and saved output for Lev 13:19 to /Users/joshua/work/strong_number_embedding/sn_within_unv_selfgroup_segmentation/output/Lev/13/19
Processing complete.
Processing Lev 13:20...
Successfully processed and saved output for Lev 13:20 to /Users/joshua/work/strong_number_embedding/sn_within_unv_selfgroup_segmentation/output/Lev/13/20
Processing complete.
Processing Lev 13:21...
Successfully processed and saved output for Lev 13:21 to /Users/joshua/work/strong_number_embedding/sn_within_unv_selfgroup_segmentation/output/Lev/13/21
Processing complete.
Processing Lev 13:22...
Successfully processed and saved output for Lev 13:22 to /Users/joshua/work/strong_number_embedding/sn_within_unv_selfgroup_segmentation/output/Lev/13/22
Processing complete.
Processing Lev 13:23...
Successfully processed and saved output for Lev 13:23 to /Users/joshua/work/strong_number_embedding/sn_within_unv_selfgroup_segmentation/output/Lev/13/23
Processing complete.
Processing Lev 13:24...
Successfully processed and saved output for Lev 13:24 to /Users/joshua/work/strong_number_embedding/sn_within_unv_selfgroup_segmentation/output/Lev/13/24
Processing complete.
Processing Lev 13:25...
Successfully processed and saved output for Lev 13:25 to /Users/joshua/work/strong_number_embedding/sn_within_unv_selfgroup_segmentation/output/Lev/13/25
Processing complete.
Processing Lev 13:26...
Successfully processed and saved output for Lev 13:26 to /Users/joshua/work/strong_number_embedding/sn_within_unv_selfgroup_segmentation/output/Lev/13/26
Processing complete.
Processing Lev 13:27...
Successfully processed and saved output for Lev 13:27 to /Users/joshua/work/strong_number_embedding/sn_within_unv_selfgroup_segmentation/output/Lev/13/27
Processing complete.
Processing Lev 13:28...
Successfully processed and saved output for Lev 13:28 to /Users/joshua/work/strong_number_embedding/sn_within_unv_selfgroup_segmentation/output/Lev/13/28
Processing complete.
Processing Lev 13:29...
Successfully processed and saved output for Lev 13:29 to /Users/joshua/work/strong_number_embedding/sn_within_unv_selfgroup_segmentation/output/Lev/13/29
Processing complete.
Processing Lev 13:30...
Successfully processed and saved output for Lev 13:30 to /Users/joshua/work/strong_number_embedding/sn_within_unv_selfgroup_segmentation/output/Lev/13/30
Processing complete.
Processing Lev 13:31...
Successfully processed and saved output for Lev 13:31 to /Users/joshua/work/strong_number_embedding/sn_within_unv_selfgroup_segmentation/output/Lev/13/31
Processing complete.
Processing Lev 13:32...
Successfully processed and saved output for Lev 13:32 to /Users/joshua/work/strong_number_embedding/sn_within_unv_selfgroup_segmentation/output/Lev/13/32
Processing complete.
Processing Lev 13:33...
Successfully processed and saved output for Lev 13:33 to /Users/joshua/work/strong_number_embedding/sn_within_unv_selfgroup_segmentation/output/Lev/13/33
Processing complete.
Processing Lev 13:34...
Successfully processed and saved output for Lev 13:34 to /Users/joshua/work/strong_number_embedding/sn_within_unv_selfgroup_segmentation/output/Lev/13/34
Processing complete.
Processing Lev 13:35...
Successfully processed and saved output for Lev 13:35 to /Users/joshua/work/strong_number_embedding/sn_within_unv_selfgroup_segmentation/output/Lev/13/35
Processing complete.
Processing Lev 13:36...
Successfully processed and saved output for Lev 13:36 to /Users/joshua/work/strong_number_embedding/sn_within_unv_selfgroup_segmentation/output/Lev/13/36
Processing complete.
Processing Lev 13:37...
Successfully processed and saved output for Lev 13:37 to /Users/joshua/work/strong_number_embedding/sn_within_unv_selfgroup_segmentation/output/Lev/13/37
Processing complete.
Processing Lev 13:38...
Successfully processed and saved output for Lev 13:38 to /Users/joshua/work/strong_number_embedding/sn_within_unv_selfgroup_segmentation/output/Lev/13/38
Processing complete.
Processing Lev 13:39...
Successfully processed and saved output for Lev 13:39 to /Users/joshua/work/strong_number_embedding/sn_within_unv_selfgroup_segmentation/output/Lev/13/39
Processing complete.
Processing Lev 13:40...
Successfully processed and saved output for Lev 13:40 to /Users/joshua/work/strong_number_embedding/sn_within_unv_selfgroup_segmentation/output/Lev/13/40
Processing complete.
Processing Lev 13:41...
Successfully processed and saved output for Lev 13:41 to /Users/joshua/work/strong_number_embedding/sn_within_unv_selfgroup_segmentation/output/Lev/13/41
Processing complete.
Processing Lev 13:42...
Successfully processed and saved output for Lev 13:42 to /Users/joshua/work/strong_number_embedding/sn_within_unv_selfgroup_segmentation/output/Lev/13/42
Processing complete.
Processing Lev 13:43...
Successfully processed and saved output for Lev 13:43 to /Users/joshua/work/strong_number_embedding/sn_within_unv_selfgroup_segmentation/output/Lev/13/43
Processing complete.
Processing Lev 13:44...
Successfully processed and saved output for Lev 13:44 to /Users/joshua/work/strong_number_embedding/sn_within_unv_selfgroup_segmentation/output/Lev/13/44
Processing complete.
Processing Lev 13:45...
Successfully processed and saved output for Lev 13:45 to /Users/joshua/work/strong_number_embedding/sn_within_unv_selfgroup_segmentation/output/Lev/13/45
Processing complete.
Processing Lev 13:46...
Successfully processed and saved output for Lev 13:46 to /Users/joshua/work/strong_number_embedding/sn_within_unv_selfgroup_segmentation/output/Lev/13/46
Processing complete.
Processing Lev 13:47...
Successfully processed and saved output for Lev 13:47 to /Users/joshua/work/strong_number_embedding/sn_within_unv_selfgroup_segmentation/output/Lev/13/47
Processing complete.
Processing Lev 13:48...
Successfully processed and saved output for Lev 13:48 to /Users/joshua/work/strong_number_embedding/sn_within_unv_selfgroup_segmentation/output/Lev/13/48
Processing complete.
Processing Lev 13:49...
Successfully processed and saved output for Lev 13:49 to /Users/joshua/work/strong_number_embedding/sn_within_unv_selfgroup_segmentation/output/Lev/13/49
Processing complete.
Processing Lev 13:50...
Successfully processed and saved output for Lev 13:50 to /Users/joshua/work/strong_number_embedding/sn_within_unv_selfgroup_segmentation/output/Lev/13/50
Processing complete.
Processing Lev 13:51...
Successfully processed and saved output for Lev 13:51 to /Users/joshua/work/strong_number_embedding/sn_within_unv_selfgroup_segmentation/output/Lev/13/51
Processing complete.
Processing Lev 13:52...
Successfully processed and saved output for Lev 13:52 to /Users/joshua/work/strong_number_embedding/sn_within_unv_selfgroup_segmentation/output/Lev/13/52
Processing complete.
Processing Lev 13:53...
Successfully processed and saved output for Lev 13:53 to /Users/joshua/work/strong_number_embedding/sn_within_unv_selfgroup_segmentation/output/Lev/13/53
Processing complete.
Processing Lev 13:54...
Successfully processed and saved output for Lev 13:54 to /Users/joshua/work/strong_number_embedding/sn_within_unv_selfgroup_segmentation/output/Lev/13/54
Processing complete.
Processing Lev 13:55...
Successfully processed and saved output for Lev 13:55 to /Users/joshua/work/strong_number_embedding/sn_within_unv_selfgroup_segmentation/output/Lev/13/55
Processing complete.
Processing Lev 13:56...
Successfully processed and saved output for Lev 13:56 to /Users/joshua/work/strong_number_embedding/sn_within_unv_selfgroup_segmentation/output/Lev/13/56
Processing complete.
Processing Lev 13:57...
Successfully processed and saved output for Lev 13:57 to /Users/joshua/work/strong_number_embedding/sn_within_unv_selfgroup_segmentation/output/Lev/13/57
Processing complete.
Processing Lev 13:58...
Successfully processed and saved output for Lev 13:58 to /Users/joshua/work/strong_number_embedding/sn_within_unv_selfgroup_segmentation/output/Lev/13/58
Processing complete.
Processing Lev 13:59...
Successfully processed and saved output for Lev 13:59 to /Users/joshua/work/strong_number_embedding/sn_within_unv_selfgroup_segmentation/output/Lev/13/59
Processing complete.
  Processing Leviticus chapter 14 (57 verses)...
Processing Lev 14:1...
Successfully processed and saved output for Lev 14:1 to /Users/joshua/work/strong_number_embedding/sn_within_unv_selfgroup_segmentation/output/Lev/14/1
Processing complete.
Processing Lev 14:2...
Successfully processed and saved output for Lev 14:2 to /Users/joshua/work/strong_number_embedding/sn_within_unv_selfgroup_segmentation/output/Lev/14/2
Processing complete.
Processing Lev 14:3...
Successfully processed and saved output for Lev 14:3 to /Users/joshua/work/strong_number_embedding/sn_within_unv_selfgroup_segmentation/output/Lev/14/3
Processing complete.
Processing Lev 14:4...
Successfully processed and saved output for Lev 14:4 to /Users/joshua/work/strong_number_embedding/sn_within_unv_selfgroup_segmentation/output/Lev/14/4
Processing complete.
Processing Lev 14:5...
Successfully processed and saved output for Lev 14:5 to /Users/joshua/work/strong_number_embedding/sn_within_unv_selfgroup_segmentation/output/Lev/14/5
Processing complete.
Processing Lev 14:6...
Successfully processed and saved output for Lev 14:6 to /Users/joshua/work/strong_number_embedding/sn_within_unv_selfgroup_segmentation/output/Lev/14/6
Processing complete.
Processing Lev 14:7...
Successfully processed and saved output for Lev 14:7 to /Users/joshua/work/strong_number_embedding/sn_within_unv_selfgroup_segmentation/output/Lev/14/7
Processing complete.
Processing Lev 14:8...
Successfully processed and saved output for Lev 14:8 to /Users/joshua/work/strong_number_embedding/sn_within_unv_selfgroup_segmentation/output/Lev/14/8
Processing complete.
Processing Lev 14:9...
Successfully processed and saved output for Lev 14:9 to /Users/joshua/work/strong_number_embedding/sn_within_unv_selfgroup_segmentation/output/Lev/14/9
Processing complete.
Processing Lev 14:10...
Successfully processed and saved output for Lev 14:10 to /Users/joshua/work/strong_number_embedding/sn_within_unv_selfgroup_segmentation/output/Lev/14/10
Processing complete.
Processing Lev 14:11...
Successfully processed and saved output for Lev 14:11 to /Users/joshua/work/strong_number_embedding/sn_within_unv_selfgroup_segmentation/output/Lev/14/11
Processing complete.
Processing Lev 14:12...
Successfully processed and saved output for Lev 14:12 to /Users/joshua/work/strong_number_embedding/sn_within_unv_selfgroup_segmentation/output/Lev/14/12
Processing complete.
Processing Lev 14:13...
Successfully processed and saved output for Lev 14:13 to /Users/joshua/work/strong_number_embedding/sn_within_unv_selfgroup_segmentation/output/Lev/14/13
Processing complete.
Processing Lev 14:14...
Successfully processed and saved output for Lev 14:14 to /Users/joshua/work/strong_number_embedding/sn_within_unv_selfgroup_segmentation/output/Lev/14/14
Processing complete.
Processing Lev 14:15...
Successfully processed and saved output for Lev 14:15 to /Users/joshua/work/strong_number_embedding/sn_within_unv_selfgroup_segmentation/output/Lev/14/15
Processing complete.
Processing Lev 14:16...
Successfully processed and saved output for Lev 14:16 to /Users/joshua/work/strong_number_embedding/sn_within_unv_selfgroup_segmentation/output/Lev/14/16
Processing complete.
Processing Lev 14:17...
Successfully processed and saved output for Lev 14:17 to /Users/joshua/work/strong_number_embedding/sn_within_unv_selfgroup_segmentation/output/Lev/14/17
Processing complete.
Processing Lev 14:18...
Successfully processed and saved output for Lev 14:18 to /Users/joshua/work/strong_number_embedding/sn_within_unv_selfgroup_segmentation/output/Lev/14/18
Processing complete.
Processing Lev 14:19...
Successfully processed and saved output for Lev 14:19 to /Users/joshua/work/strong_number_embedding/sn_within_unv_selfgroup_segmentation/output/Lev/14/19
Processing complete.
Processing Lev 14:20...
Successfully processed and saved output for Lev 14:20 to /Users/joshua/work/strong_number_embedding/sn_within_unv_selfgroup_segmentation/output/Lev/14/20
Processing complete.
Processing Lev 14:21...
Successfully processed and saved output for Lev 14:21 to /Users/joshua/work/strong_number_embedding/sn_within_unv_selfgroup_segmentation/output/Lev/14/21
Processing complete.
Processing Lev 14:22...
Successfully processed and saved output for Lev 14:22 to /Users/joshua/work/strong_number_embedding/sn_within_unv_selfgroup_segmentation/output/Lev/14/22
Processing complete.
Processing Lev 14:23...
Successfully processed and saved output for Lev 14:23 to /Users/joshua/work/strong_number_embedding/sn_within_unv_selfgroup_segmentation/output/Lev/14/23
Processing complete.
Processing Lev 14:24...
Successfully processed and saved output for Lev 14:24 to /Users/joshua/work/strong_number_embedding/sn_within_unv_selfgroup_segmentation/output/Lev/14/24
Processing complete.
Processing Lev 14:25...
Successfully processed and saved output for Lev 14:25 to /Users/joshua/work/strong_number_embedding/sn_within_unv_selfgroup_segmentation/output/Lev/14/25
Processing complete.
Processing Lev 14:26...
Successfully processed and saved output for Lev 14:26 to /Users/joshua/work/strong_number_embedding/sn_within_unv_selfgroup_segmentation/output/Lev/14/26
Processing complete.
Processing Lev 14:27...
Successfully processed and saved output for Lev 14:27 to /Users/joshua/work/strong_number_embedding/sn_within_unv_selfgroup_segmentation/output/Lev/14/27
Processing complete.
Processing Lev 14:28...
Successfully processed and saved output for Lev 14:28 to /Users/joshua/work/strong_number_embedding/sn_within_unv_selfgroup_segmentation/output/Lev/14/28
Processing complete.
Processing Lev 14:29...
Successfully processed and saved output for Lev 14:29 to /Users/joshua/work/strong_number_embedding/sn_within_unv_selfgroup_segmentation/output/Lev/14/29
Processing complete.
Processing Lev 14:30...
Successfully processed and saved output for Lev 14:30 to /Users/joshua/work/strong_number_embedding/sn_within_unv_selfgroup_segmentation/output/Lev/14/30
Processing complete.
Processing Lev 14:31...
Successfully processed and saved output for Lev 14:31 to /Users/joshua/work/strong_number_embedding/sn_within_unv_selfgroup_segmentation/output/Lev/14/31
Processing complete.
Processing Lev 14:32...
Successfully processed and saved output for Lev 14:32 to /Users/joshua/work/strong_number_embedding/sn_within_unv_selfgroup_segmentation/output/Lev/14/32
Processing complete.
Processing Lev 14:33...
Successfully processed and saved output for Lev 14:33 to /Users/joshua/work/strong_number_embedding/sn_within_unv_selfgroup_segmentation/output/Lev/14/33
Processing complete.
Processing Lev 14:34...
Successfully processed and saved output for Lev 14:34 to /Users/joshua/work/strong_number_embedding/sn_within_unv_selfgroup_segmentation/output/Lev/14/34
Processing complete.
Processing Lev 14:35...
Successfully processed and saved output for Lev 14:35 to /Users/joshua/work/strong_number_embedding/sn_within_unv_selfgroup_segmentation/output/Lev/14/35
Processing complete.
Processing Lev 14:36...
Successfully processed and saved output for Lev 14:36 to /Users/joshua/work/strong_number_embedding/sn_within_unv_selfgroup_segmentation/output/Lev/14/36
Processing complete.
Processing Lev 14:37...
Successfully processed and saved output for Lev 14:37 to /Users/joshua/work/strong_number_embedding/sn_within_unv_selfgroup_segmentation/output/Lev/14/37
Processing complete.
Processing Lev 14:38...
Successfully processed and saved output for Lev 14:38 to /Users/joshua/work/strong_number_embedding/sn_within_unv_selfgroup_segmentation/output/Lev/14/38
Processing complete.
Processing Lev 14:39...
Successfully processed and saved output for Lev 14:39 to /Users/joshua/work/strong_number_embedding/sn_within_unv_selfgroup_segmentation/output/Lev/14/39
Processing complete.
Processing Lev 14:40...
Successfully processed and saved output for Lev 14:40 to /Users/joshua/work/strong_number_embedding/sn_within_unv_selfgroup_segmentation/output/Lev/14/40
Processing complete.
Processing Lev 14:41...
Successfully processed and saved output for Lev 14:41 to /Users/joshua/work/strong_number_embedding/sn_within_unv_selfgroup_segmentation/output/Lev/14/41
Processing complete.
Processing Lev 14:42...
Successfully processed and saved output for Lev 14:42 to /Users/joshua/work/strong_number_embedding/sn_within_unv_selfgroup_segmentation/output/Lev/14/42
Processing complete.
Processing Lev 14:43...
Successfully processed and saved output for Lev 14:43 to /Users/joshua/work/strong_number_embedding/sn_within_unv_selfgroup_segmentation/output/Lev/14/43
Processing complete.
Processing Lev 14:44...
Successfully processed and saved output for Lev 14:44 to /Users/joshua/work/strong_number_embedding/sn_within_unv_selfgroup_segmentation/output/Lev/14/44
Processing complete.
Processing Lev 14:45...
Successfully processed and saved output for Lev 14:45 to /Users/joshua/work/strong_number_embedding/sn_within_unv_selfgroup_segmentation/output/Lev/14/45
Processing complete.
Processing Lev 14:46...
Successfully processed and saved output for Lev 14:46 to /Users/joshua/work/strong_number_embedding/sn_within_unv_selfgroup_segmentation/output/Lev/14/46
Processing complete.
Processing Lev 14:47...
Successfully processed and saved output for Lev 14:47 to /Users/joshua/work/strong_number_embedding/sn_within_unv_selfgroup_segmentation/output/Lev/14/47
Processing complete.
Processing Lev 14:48...
Successfully processed and saved output for Lev 14:48 to /Users/joshua/work/strong_number_embedding/sn_within_unv_selfgroup_segmentation/output/Lev/14/48
Processing complete.
Processing Lev 14:49...
Successfully processed and saved output for Lev 14:49 to /Users/joshua/work/strong_number_embedding/sn_within_unv_selfgroup_segmentation/output/Lev/14/49
Processing complete.
Processing Lev 14:50...
Successfully processed and saved output for Lev 14:50 to /Users/joshua/work/strong_number_embedding/sn_within_unv_selfgroup_segmentation/output/Lev/14/50
Processing complete.
Processing Lev 14:51...
Successfully processed and saved output for Lev 14:51 to /Users/joshua/work/strong_number_embedding/sn_within_unv_selfgroup_segmentation/output/Lev/14/51
Processing complete.
Processing Lev 14:52...
Successfully processed and saved output for Lev 14:52 to /Users/joshua/work/strong_number_embedding/sn_within_unv_selfgroup_segmentation/output/Lev/14/52
Processing complete.
Processing Lev 14:53...
Successfully processed and saved output for Lev 14:53 to /Users/joshua/work/strong_number_embedding/sn_within_unv_selfgroup_segmentation/output/Lev/14/53
Processing complete.
Processing Lev 14:54...
Successfully processed and saved output for Lev 14:54 to /Users/joshua/work/strong_number_embedding/sn_within_unv_selfgroup_segmentation/output/Lev/14/54
Processing complete.
Processing Lev 14:55...
Successfully processed and saved output for Lev 14:55 to /Users/joshua/work/strong_number_embedding/sn_within_unv_selfgroup_segmentation/output/Lev/14/55
Processing complete.
Processing Lev 14:56...
Successfully processed and saved output for Lev 14:56 to /Users/joshua/work/strong_number_embedding/sn_within_unv_selfgroup_segmentation/output/Lev/14/56
Processing complete.
Processing Lev 14:57...
Successfully processed and saved output for Lev 14:57 to /Users/joshua/work/strong_number_embedding/sn_within_unv_selfgroup_segmentation/output/Lev/14/57
Processing complete.
  Processing Leviticus chapter 15 (33 verses)...
Processing Lev 15:1...
Successfully processed and saved output for Lev 15:1 to /Users/joshua/work/strong_number_embedding/sn_within_unv_selfgroup_segmentation/output/Lev/15/1
Processing complete.
Processing Lev 15:2...
Successfully processed and saved output for Lev 15:2 to /Users/joshua/work/strong_number_embedding/sn_within_unv_selfgroup_segmentation/output/Lev/15/2
Processing complete.
Processing Lev 15:3...
Successfully processed and saved output for Lev 15:3 to /Users/joshua/work/strong_number_embedding/sn_within_unv_selfgroup_segmentation/output/Lev/15/3
Processing complete.
Processing Lev 15:4...
Successfully processed and saved output for Lev 15:4 to /Users/joshua/work/strong_number_embedding/sn_within_unv_selfgroup_segmentation/output/Lev/15/4
Processing complete.
Processing Lev 15:5...
Successfully processed and saved output for Lev 15:5 to /Users/joshua/work/strong_number_embedding/sn_within_unv_selfgroup_segmentation/output/Lev/15/5
Processing complete.
Processing Lev 15:6...
Successfully processed and saved output for Lev 15:6 to /Users/joshua/work/strong_number_embedding/sn_within_unv_selfgroup_segmentation/output/Lev/15/6
Processing complete.
Processing Lev 15:7...
Successfully processed and saved output for Lev 15:7 to /Users/joshua/work/strong_number_embedding/sn_within_unv_selfgroup_segmentation/output/Lev/15/7
Processing complete.
Processing Lev 15:8...
Successfully processed and saved output for Lev 15:8 to /Users/joshua/work/strong_number_embedding/sn_within_unv_selfgroup_segmentation/output/Lev/15/8
Processing complete.
Processing Lev 15:9...
Successfully processed and saved output for Lev 15:9 to /Users/joshua/work/strong_number_embedding/sn_within_unv_selfgroup_segmentation/output/Lev/15/9
Processing complete.
Processing Lev 15:10...
Successfully processed and saved output for Lev 15:10 to /Users/joshua/work/strong_number_embedding/sn_within_unv_selfgroup_segmentation/output/Lev/15/10
Processing complete.
Processing Lev 15:11...
Successfully processed and saved output for Lev 15:11 to /Users/joshua/work/strong_number_embedding/sn_within_unv_selfgroup_segmentation/output/Lev/15/11
Processing complete.
Processing Lev 15:12...
Successfully processed and saved output for Lev 15:12 to /Users/joshua/work/strong_number_embedding/sn_within_unv_selfgroup_segmentation/output/Lev/15/12
Processing complete.
Processing Lev 15:13...
Successfully processed and saved output for Lev 15:13 to /Users/joshua/work/strong_number_embedding/sn_within_unv_selfgroup_segmentation/output/Lev/15/13
Processing complete.
Processing Lev 15:14...
Successfully processed and saved output for Lev 15:14 to /Users/joshua/work/strong_number_embedding/sn_within_unv_selfgroup_segmentation/output/Lev/15/14
Processing complete.
Processing Lev 15:15...
Successfully processed and saved output for Lev 15:15 to /Users/joshua/work/strong_number_embedding/sn_within_unv_selfgroup_segmentation/output/Lev/15/15
Processing complete.
Processing Lev 15:16...
Successfully processed and saved output for Lev 15:16 to /Users/joshua/work/strong_number_embedding/sn_within_unv_selfgroup_segmentation/output/Lev/15/16
Processing complete.
Processing Lev 15:17...
Successfully processed and saved output for Lev 15:17 to /Users/joshua/work/strong_number_embedding/sn_within_unv_selfgroup_segmentation/output/Lev/15/17
Processing complete.
Processing Lev 15:18...
Successfully processed and saved output for Lev 15:18 to /Users/joshua/work/strong_number_embedding/sn_within_unv_selfgroup_segmentation/output/Lev/15/18
Processing complete.
Processing Lev 15:19...
Successfully processed and saved output for Lev 15:19 to /Users/joshua/work/strong_number_embedding/sn_within_unv_selfgroup_segmentation/output/Lev/15/19
Processing complete.
Processing Lev 15:20...
Successfully processed and saved output for Lev 15:20 to /Users/joshua/work/strong_number_embedding/sn_within_unv_selfgroup_segmentation/output/Lev/15/20
Processing complete.
Processing Lev 15:21...
Successfully processed and saved output for Lev 15:21 to /Users/joshua/work/strong_number_embedding/sn_within_unv_selfgroup_segmentation/output/Lev/15/21
Processing complete.
Processing Lev 15:22...
Successfully processed and saved output for Lev 15:22 to /Users/joshua/work/strong_number_embedding/sn_within_unv_selfgroup_segmentation/output/Lev/15/22
Processing complete.
Processing Lev 15:23...
Successfully processed and saved output for Lev 15:23 to /Users/joshua/work/strong_number_embedding/sn_within_unv_selfgroup_segmentation/output/Lev/15/23
Processing complete.
Processing Lev 15:24...
Successfully processed and saved output for Lev 15:24 to /Users/joshua/work/strong_number_embedding/sn_within_unv_selfgroup_segmentation/output/Lev/15/24
Processing complete.
Processing Lev 15:25...
Successfully processed and saved output for Lev 15:25 to /Users/joshua/work/strong_number_embedding/sn_within_unv_selfgroup_segmentation/output/Lev/15/25
Processing complete.
Processing Lev 15:26...
Successfully processed and saved output for Lev 15:26 to /Users/joshua/work/strong_number_embedding/sn_within_unv_selfgroup_segmentation/output/Lev/15/26
Processing complete.
Processing Lev 15:27...
Successfully processed and saved output for Lev 15:27 to /Users/joshua/work/strong_number_embedding/sn_within_unv_selfgroup_segmentation/output/Lev/15/27
Processing complete.
Processing Lev 15:28...
Successfully processed and saved output for Lev 15:28 to /Users/joshua/work/strong_number_embedding/sn_within_unv_selfgroup_segmentation/output/Lev/15/28
Processing complete.
Processing Lev 15:29...
Successfully processed and saved output for Lev 15:29 to /Users/joshua/work/strong_number_embedding/sn_within_unv_selfgroup_segmentation/output/Lev/15/29
Processing complete.
Processing Lev 15:30...
Successfully processed and saved output for Lev 15:30 to /Users/joshua/work/strong_number_embedding/sn_within_unv_selfgroup_segmentation/output/Lev/15/30
Processing complete.
Processing Lev 15:31...
Successfully processed and saved output for Lev 15:31 to /Users/joshua/work/strong_number_embedding/sn_within_unv_selfgroup_segmentation/output/Lev/15/31
Processing complete.
Processing Lev 15:32...
Successfully processed and saved output for Lev 15:32 to /Users/joshua/work/strong_number_embedding/sn_within_unv_selfgroup_segmentation/output/Lev/15/32
Processing complete.
Processing Lev 15:33...
Successfully processed and saved output for Lev 15:33 to /Users/joshua/work/strong_number_embedding/sn_within_unv_selfgroup_segmentation/output/Lev/15/33
Processing complete.
  Processing Leviticus chapter 16 (34 verses)...
Processing Lev 16:1...
Successfully processed and saved output for Lev 16:1 to /Users/joshua/work/strong_number_embedding/sn_within_unv_selfgroup_segmentation/output/Lev/16/1
Processing complete.
Processing Lev 16:2...
Successfully processed and saved output for Lev 16:2 to /Users/joshua/work/strong_number_embedding/sn_within_unv_selfgroup_segmentation/output/Lev/16/2
Processing complete.
Processing Lev 16:3...
Successfully processed and saved output for Lev 16:3 to /Users/joshua/work/strong_number_embedding/sn_within_unv_selfgroup_segmentation/output/Lev/16/3
Processing complete.
Processing Lev 16:4...
Successfully processed and saved output for Lev 16:4 to /Users/joshua/work/strong_number_embedding/sn_within_unv_selfgroup_segmentation/output/Lev/16/4
Processing complete.
Processing Lev 16:5...
Successfully processed and saved output for Lev 16:5 to /Users/joshua/work/strong_number_embedding/sn_within_unv_selfgroup_segmentation/output/Lev/16/5
Processing complete.
Processing Lev 16:6...
Successfully processed and saved output for Lev 16:6 to /Users/joshua/work/strong_number_embedding/sn_within_unv_selfgroup_segmentation/output/Lev/16/6
Processing complete.
Processing Lev 16:7...
Successfully processed and saved output for Lev 16:7 to /Users/joshua/work/strong_number_embedding/sn_within_unv_selfgroup_segmentation/output/Lev/16/7
Processing complete.
Processing Lev 16:8...
Successfully processed and saved output for Lev 16:8 to /Users/joshua/work/strong_number_embedding/sn_within_unv_selfgroup_segmentation/output/Lev/16/8
Processing complete.
Processing Lev 16:9...
Successfully processed and saved output for Lev 16:9 to /Users/joshua/work/strong_number_embedding/sn_within_unv_selfgroup_segmentation/output/Lev/16/9
Processing complete.
Processing Lev 16:10...
Successfully processed and saved output for Lev 16:10 to /Users/joshua/work/strong_number_embedding/sn_within_unv_selfgroup_segmentation/output/Lev/16/10
Processing complete.
Processing Lev 16:11...
Successfully processed and saved output for Lev 16:11 to /Users/joshua/work/strong_number_embedding/sn_within_unv_selfgroup_segmentation/output/Lev/16/11
Processing complete.
Processing Lev 16:12...
Successfully processed and saved output for Lev 16:12 to /Users/joshua/work/strong_number_embedding/sn_within_unv_selfgroup_segmentation/output/Lev/16/12
Processing complete.
Processing Lev 16:13...
Successfully processed and saved output for Lev 16:13 to /Users/joshua/work/strong_number_embedding/sn_within_unv_selfgroup_segmentation/output/Lev/16/13
Processing complete.
Processing Lev 16:14...
Successfully processed and saved output for Lev 16:14 to /Users/joshua/work/strong_number_embedding/sn_within_unv_selfgroup_segmentation/output/Lev/16/14
Processing complete.
Processing Lev 16:15...
Successfully processed and saved output for Lev 16:15 to /Users/joshua/work/strong_number_embedding/sn_within_unv_selfgroup_segmentation/output/Lev/16/15
Processing complete.
Processing Lev 16:16...
Successfully processed and saved output for Lev 16:16 to /Users/joshua/work/strong_number_embedding/sn_within_unv_selfgroup_segmentation/output/Lev/16/16
Processing complete.
Processing Lev 16:17...
Successfully processed and saved output for Lev 16:17 to /Users/joshua/work/strong_number_embedding/sn_within_unv_selfgroup_segmentation/output/Lev/16/17
Processing complete.
Processing Lev 16:18...
Successfully processed and saved output for Lev 16:18 to /Users/joshua/work/strong_number_embedding/sn_within_unv_selfgroup_segmentation/output/Lev/16/18
Processing complete.
Processing Lev 16:19...
Successfully processed and saved output for Lev 16:19 to /Users/joshua/work/strong_number_embedding/sn_within_unv_selfgroup_segmentation/output/Lev/16/19
Processing complete.
Processing Lev 16:20...
Successfully processed and saved output for Lev 16:20 to /Users/joshua/work/strong_number_embedding/sn_within_unv_selfgroup_segmentation/output/Lev/16/20
Processing complete.
Processing Lev 16:21...
Successfully processed and saved output for Lev 16:21 to /Users/joshua/work/strong_number_embedding/sn_within_unv_selfgroup_segmentation/output/Lev/16/21
Processing complete.
Processing Lev 16:22...
Successfully processed and saved output for Lev 16:22 to /Users/joshua/work/strong_number_embedding/sn_within_unv_selfgroup_segmentation/output/Lev/16/22
Processing complete.
Processing Lev 16:23...
Successfully processed and saved output for Lev 16:23 to /Users/joshua/work/strong_number_embedding/sn_within_unv_selfgroup_segmentation/output/Lev/16/23
Processing complete.
Processing Lev 16:24...
Successfully processed and saved output for Lev 16:24 to /Users/joshua/work/strong_number_embedding/sn_within_unv_selfgroup_segmentation/output/Lev/16/24
Processing complete.
Processing Lev 16:25...
Successfully processed and saved output for Lev 16:25 to /Users/joshua/work/strong_number_embedding/sn_within_unv_selfgroup_segmentation/output/Lev/16/25
Processing complete.
Processing Lev 16:26...
Successfully processed and saved output for Lev 16:26 to /Users/joshua/work/strong_number_embedding/sn_within_unv_selfgroup_segmentation/output/Lev/16/26
Processing complete.
Processing Lev 16:27...
Successfully processed and saved output for Lev 16:27 to /Users/joshua/work/strong_number_embedding/sn_within_unv_selfgroup_segmentation/output/Lev/16/27
Processing complete.
Processing Lev 16:28...
Successfully processed and saved output for Lev 16:28 to /Users/joshua/work/strong_number_embedding/sn_within_unv_selfgroup_segmentation/output/Lev/16/28
Processing complete.
Processing Lev 16:29...
Successfully processed and saved output for Lev 16:29 to /Users/joshua/work/strong_number_embedding/sn_within_unv_selfgroup_segmentation/output/Lev/16/29
Processing complete.
Processing Lev 16:30...
Successfully processed and saved output for Lev 16:30 to /Users/joshua/work/strong_number_embedding/sn_within_unv_selfgroup_segmentation/output/Lev/16/30
Processing complete.
Processing Lev 16:31...
Successfully processed and saved output for Lev 16:31 to /Users/joshua/work/strong_number_embedding/sn_within_unv_selfgroup_segmentation/output/Lev/16/31
Processing complete.
Processing Lev 16:32...
Successfully processed and saved output for Lev 16:32 to /Users/joshua/work/strong_number_embedding/sn_within_unv_selfgroup_segmentation/output/Lev/16/32
Processing complete.
Processing Lev 16:33...
Successfully processed and saved output for Lev 16:33 to /Users/joshua/work/strong_number_embedding/sn_within_unv_selfgroup_segmentation/output/Lev/16/33
Processing complete.
Processing Lev 16:34...
Successfully processed and saved output for Lev 16:34 to /Users/joshua/work/strong_number_embedding/sn_within_unv_selfgroup_segmentation/output/Lev/16/34
Processing complete.
  Processing Leviticus chapter 17 (16 verses)...
Processing Lev 17:1...
Successfully processed and saved output for Lev 17:1 to /Users/joshua/work/strong_number_embedding/sn_within_unv_selfgroup_segmentation/output/Lev/17/1
Processing complete.
Processing Lev 17:2...
Successfully processed and saved output for Lev 17:2 to /Users/joshua/work/strong_number_embedding/sn_within_unv_selfgroup_segmentation/output/Lev/17/2
Processing complete.
Processing Lev 17:3...
Successfully processed and saved output for Lev 17:3 to /Users/joshua/work/strong_number_embedding/sn_within_unv_selfgroup_segmentation/output/Lev/17/3
Processing complete.
Processing Lev 17:4...
Successfully processed and saved output for Lev 17:4 to /Users/joshua/work/strong_number_embedding/sn_within_unv_selfgroup_segmentation/output/Lev/17/4
Processing complete.
Processing Lev 17:5...
Successfully processed and saved output for Lev 17:5 to /Users/joshua/work/strong_number_embedding/sn_within_unv_selfgroup_segmentation/output/Lev/17/5
Processing complete.
Processing Lev 17:6...
Successfully processed and saved output for Lev 17:6 to /Users/joshua/work/strong_number_embedding/sn_within_unv_selfgroup_segmentation/output/Lev/17/6
Processing complete.
Processing Lev 17:7...
Successfully processed and saved output for Lev 17:7 to /Users/joshua/work/strong_number_embedding/sn_within_unv_selfgroup_segmentation/output/Lev/17/7
Processing complete.
Processing Lev 17:8...
Successfully processed and saved output for Lev 17:8 to /Users/joshua/work/strong_number_embedding/sn_within_unv_selfgroup_segmentation/output/Lev/17/8
Processing complete.
Processing Lev 17:9...
Successfully processed and saved output for Lev 17:9 to /Users/joshua/work/strong_number_embedding/sn_within_unv_selfgroup_segmentation/output/Lev/17/9
Processing complete.
Processing Lev 17:10...
Successfully processed and saved output for Lev 17:10 to /Users/joshua/work/strong_number_embedding/sn_within_unv_selfgroup_segmentation/output/Lev/17/10
Processing complete.
Processing Lev 17:11...
Successfully processed and saved output for Lev 17:11 to /Users/joshua/work/strong_number_embedding/sn_within_unv_selfgroup_segmentation/output/Lev/17/11
Processing complete.
Processing Lev 17:12...
Successfully processed and saved output for Lev 17:12 to /Users/joshua/work/strong_number_embedding/sn_within_unv_selfgroup_segmentation/output/Lev/17/12
Processing complete.
Processing Lev 17:13...
Successfully processed and saved output for Lev 17:13 to /Users/joshua/work/strong_number_embedding/sn_within_unv_selfgroup_segmentation/output/Lev/17/13
Processing complete.
Processing Lev 17:14...
Successfully processed and saved output for Lev 17:14 to /Users/joshua/work/strong_number_embedding/sn_within_unv_selfgroup_segmentation/output/Lev/17/14
Processing complete.
Processing Lev 17:15...
Successfully processed and saved output for Lev 17:15 to /Users/joshua/work/strong_number_embedding/sn_within_unv_selfgroup_segmentation/output/Lev/17/15
Processing complete.
Processing Lev 17:16...
Successfully processed and saved output for Lev 17:16 to /Users/joshua/work/strong_number_embedding/sn_within_unv_selfgroup_segmentation/output/Lev/17/16
Processing complete.
  Processing Leviticus chapter 18 (30 verses)...
Processing Lev 18:1...
Successfully processed and saved output for Lev 18:1 to /Users/joshua/work/strong_number_embedding/sn_within_unv_selfgroup_segmentation/output/Lev/18/1
Processing complete.
Processing Lev 18:2...
Successfully processed and saved output for Lev 18:2 to /Users/joshua/work/strong_number_embedding/sn_within_unv_selfgroup_segmentation/output/Lev/18/2
Processing complete.
Processing Lev 18:3...
Successfully processed and saved output for Lev 18:3 to /Users/joshua/work/strong_number_embedding/sn_within_unv_selfgroup_segmentation/output/Lev/18/3
Processing complete.
Processing Lev 18:4...
Successfully processed and saved output for Lev 18:4 to /Users/joshua/work/strong_number_embedding/sn_within_unv_selfgroup_segmentation/output/Lev/18/4
Processing complete.
Processing Lev 18:5...
Successfully processed and saved output for Lev 18:5 to /Users/joshua/work/strong_number_embedding/sn_within_unv_selfgroup_segmentation/output/Lev/18/5
Processing complete.
Processing Lev 18:6...
Successfully processed and saved output for Lev 18:6 to /Users/joshua/work/strong_number_embedding/sn_within_unv_selfgroup_segmentation/output/Lev/18/6
Processing complete.
Processing Lev 18:7...
Successfully processed and saved output for Lev 18:7 to /Users/joshua/work/strong_number_embedding/sn_within_unv_selfgroup_segmentation/output/Lev/18/7
Processing complete.
Processing Lev 18:8...
Successfully processed and saved output for Lev 18:8 to /Users/joshua/work/strong_number_embedding/sn_within_unv_selfgroup_segmentation/output/Lev/18/8
Processing complete.
Processing Lev 18:9...
Successfully processed and saved output for Lev 18:9 to /Users/joshua/work/strong_number_embedding/sn_within_unv_selfgroup_segmentation/output/Lev/18/9
Processing complete.
Processing Lev 18:10...
Successfully processed and saved output for Lev 18:10 to /Users/joshua/work/strong_number_embedding/sn_within_unv_selfgroup_segmentation/output/Lev/18/10
Processing complete.
Processing Lev 18:11...
Successfully processed and saved output for Lev 18:11 to /Users/joshua/work/strong_number_embedding/sn_within_unv_selfgroup_segmentation/output/Lev/18/11
Processing complete.
Processing Lev 18:12...
Successfully processed and saved output for Lev 18:12 to /Users/joshua/work/strong_number_embedding/sn_within_unv_selfgroup_segmentation/output/Lev/18/12
Processing complete.
Processing Lev 18:13...
Successfully processed and saved output for Lev 18:13 to /Users/joshua/work/strong_number_embedding/sn_within_unv_selfgroup_segmentation/output/Lev/18/13
Processing complete.
Processing Lev 18:14...
Successfully processed and saved output for Lev 18:14 to /Users/joshua/work/strong_number_embedding/sn_within_unv_selfgroup_segmentation/output/Lev/18/14
Processing complete.
Processing Lev 18:15...
Successfully processed and saved output for Lev 18:15 to /Users/joshua/work/strong_number_embedding/sn_within_unv_selfgroup_segmentation/output/Lev/18/15
Processing complete.
Processing Lev 18:16...
Successfully processed and saved output for Lev 18:16 to /Users/joshua/work/strong_number_embedding/sn_within_unv_selfgroup_segmentation/output/Lev/18/16
Processing complete.
Processing Lev 18:17...
Successfully processed and saved output for Lev 18:17 to /Users/joshua/work/strong_number_embedding/sn_within_unv_selfgroup_segmentation/output/Lev/18/17
Processing complete.
Processing Lev 18:18...
Successfully processed and saved output for Lev 18:18 to /Users/joshua/work/strong_number_embedding/sn_within_unv_selfgroup_segmentation/output/Lev/18/18
Processing complete.
Processing Lev 18:19...
Successfully processed and saved output for Lev 18:19 to /Users/joshua/work/strong_number_embedding/sn_within_unv_selfgroup_segmentation/output/Lev/18/19
Processing complete.
Processing Lev 18:20...
Successfully processed and saved output for Lev 18:20 to /Users/joshua/work/strong_number_embedding/sn_within_unv_selfgroup_segmentation/output/Lev/18/20
Processing complete.
Processing Lev 18:21...
Successfully processed and saved output for Lev 18:21 to /Users/joshua/work/strong_number_embedding/sn_within_unv_selfgroup_segmentation/output/Lev/18/21
Processing complete.
Processing Lev 18:22...
Successfully processed and saved output for Lev 18:22 to /Users/joshua/work/strong_number_embedding/sn_within_unv_selfgroup_segmentation/output/Lev/18/22
Processing complete.
Processing Lev 18:23...
Successfully processed and saved output for Lev 18:23 to /Users/joshua/work/strong_number_embedding/sn_within_unv_selfgroup_segmentation/output/Lev/18/23
Processing complete.
Processing Lev 18:24...
Successfully processed and saved output for Lev 18:24 to /Users/joshua/work/strong_number_embedding/sn_within_unv_selfgroup_segmentation/output/Lev/18/24
Processing complete.
Processing Lev 18:25...
Successfully processed and saved output for Lev 18:25 to /Users/joshua/work/strong_number_embedding/sn_within_unv_selfgroup_segmentation/output/Lev/18/25
Processing complete.
Processing Lev 18:26...
Successfully processed and saved output for Lev 18:26 to /Users/joshua/work/strong_number_embedding/sn_within_unv_selfgroup_segmentation/output/Lev/18/26
Processing complete.
Processing Lev 18:27...
Successfully processed and saved output for Lev 18:27 to /Users/joshua/work/strong_number_embedding/sn_within_unv_selfgroup_segmentation/output/Lev/18/27
Processing complete.
Processing Lev 18:28...
Successfully processed and saved output for Lev 18:28 to /Users/joshua/work/strong_number_embedding/sn_within_unv_selfgroup_segmentation/output/Lev/18/28
Processing complete.
Processing Lev 18:29...
Successfully processed and saved output for Lev 18:29 to /Users/joshua/work/strong_number_embedding/sn_within_unv_selfgroup_segmentation/output/Lev/18/29
Processing complete.
Processing Lev 18:30...
Successfully processed and saved output for Lev 18:30 to /Users/joshua/work/strong_number_embedding/sn_within_unv_selfgroup_segmentation/output/Lev/18/30
Processing complete.
  Processing Leviticus chapter 19 (37 verses)...
Processing Lev 19:1...
Successfully processed and saved output for Lev 19:1 to /Users/joshua/work/strong_number_embedding/sn_within_unv_selfgroup_segmentation/output/Lev/19/1
Processing complete.
Processing Lev 19:2...
Successfully processed and saved output for Lev 19:2 to /Users/joshua/work/strong_number_embedding/sn_within_unv_selfgroup_segmentation/output/Lev/19/2
Processing complete.
Processing Lev 19:3...
Successfully processed and saved output for Lev 19:3 to /Users/joshua/work/strong_number_embedding/sn_within_unv_selfgroup_segmentation/output/Lev/19/3
Processing complete.
Processing Lev 19:4...
Successfully processed and saved output for Lev 19:4 to /Users/joshua/work/strong_number_embedding/sn_within_unv_selfgroup_segmentation/output/Lev/19/4
Processing complete.
Processing Lev 19:5...
Successfully processed and saved output for Lev 19:5 to /Users/joshua/work/strong_number_embedding/sn_within_unv_selfgroup_segmentation/output/Lev/19/5
Processing complete.
Processing Lev 19:6...
Successfully processed and saved output for Lev 19:6 to /Users/joshua/work/strong_number_embedding/sn_within_unv_selfgroup_segmentation/output/Lev/19/6
Processing complete.
Processing Lev 19:7...
Successfully processed and saved output for Lev 19:7 to /Users/joshua/work/strong_number_embedding/sn_within_unv_selfgroup_segmentation/output/Lev/19/7
Processing complete.
Processing Lev 19:8...
Successfully processed and saved output for Lev 19:8 to /Users/joshua/work/strong_number_embedding/sn_within_unv_selfgroup_segmentation/output/Lev/19/8
Processing complete.
Processing Lev 19:9...
Successfully processed and saved output for Lev 19:9 to /Users/joshua/work/strong_number_embedding/sn_within_unv_selfgroup_segmentation/output/Lev/19/9
Processing complete.
Processing Lev 19:10...
Successfully processed and saved output for Lev 19:10 to /Users/joshua/work/strong_number_embedding/sn_within_unv_selfgroup_segmentation/output/Lev/19/10
Processing complete.
Processing Lev 19:11...
Successfully processed and saved output for Lev 19:11 to /Users/joshua/work/strong_number_embedding/sn_within_unv_selfgroup_segmentation/output/Lev/19/11
Processing complete.
Processing Lev 19:12...
Successfully processed and saved output for Lev 19:12 to /Users/joshua/work/strong_number_embedding/sn_within_unv_selfgroup_segmentation/output/Lev/19/12
Processing complete.
Processing Lev 19:13...
Successfully processed and saved output for Lev 19:13 to /Users/joshua/work/strong_number_embedding/sn_within_unv_selfgroup_segmentation/output/Lev/19/13
Processing complete.
Processing Lev 19:14...
Successfully processed and saved output for Lev 19:14 to /Users/joshua/work/strong_number_embedding/sn_within_unv_selfgroup_segmentation/output/Lev/19/14
Processing complete.
Processing Lev 19:15...
Successfully processed and saved output for Lev 19:15 to /Users/joshua/work/strong_number_embedding/sn_within_unv_selfgroup_segmentation/output/Lev/19/15
Processing complete.
Processing Lev 19:16...
Successfully processed and saved output for Lev 19:16 to /Users/joshua/work/strong_number_embedding/sn_within_unv_selfgroup_segmentation/output/Lev/19/16
Processing complete.
Processing Lev 19:17...
Successfully processed and saved output for Lev 19:17 to /Users/joshua/work/strong_number_embedding/sn_within_unv_selfgroup_segmentation/output/Lev/19/17
Processing complete.
Processing Lev 19:18...
Successfully processed and saved output for Lev 19:18 to /Users/joshua/work/strong_number_embedding/sn_within_unv_selfgroup_segmentation/output/Lev/19/18
Processing complete.
Processing Lev 19:19...
Successfully processed and saved output for Lev 19:19 to /Users/joshua/work/strong_number_embedding/sn_within_unv_selfgroup_segmentation/output/Lev/19/19
Processing complete.
Processing Lev 19:20...
Successfully processed and saved output for Lev 19:20 to /Users/joshua/work/strong_number_embedding/sn_within_unv_selfgroup_segmentation/output/Lev/19/20
Processing complete.
Processing Lev 19:21...
Successfully processed and saved output for Lev 19:21 to /Users/joshua/work/strong_number_embedding/sn_within_unv_selfgroup_segmentation/output/Lev/19/21
Processing complete.
Processing Lev 19:22...
Successfully processed and saved output for Lev 19:22 to /Users/joshua/work/strong_number_embedding/sn_within_unv_selfgroup_segmentation/output/Lev/19/22
Processing complete.
Processing Lev 19:23...
Successfully processed and saved output for Lev 19:23 to /Users/joshua/work/strong_number_embedding/sn_within_unv_selfgroup_segmentation/output/Lev/19/23
Processing complete.
Processing Lev 19:24...
Successfully processed and saved output for Lev 19:24 to /Users/joshua/work/strong_number_embedding/sn_within_unv_selfgroup_segmentation/output/Lev/19/24
Processing complete.
Processing Lev 19:25...
Successfully processed and saved output for Lev 19:25 to /Users/joshua/work/strong_number_embedding/sn_within_unv_selfgroup_segmentation/output/Lev/19/25
Processing complete.
Processing Lev 19:26...
Successfully processed and saved output for Lev 19:26 to /Users/joshua/work/strong_number_embedding/sn_within_unv_selfgroup_segmentation/output/Lev/19/26
Processing complete.
Processing Lev 19:27...
Successfully processed and saved output for Lev 19:27 to /Users/joshua/work/strong_number_embedding/sn_within_unv_selfgroup_segmentation/output/Lev/19/27
Processing complete.
Processing Lev 19:28...
Successfully processed and saved output for Lev 19:28 to /Users/joshua/work/strong_number_embedding/sn_within_unv_selfgroup_segmentation/output/Lev/19/28
Processing complete.
Processing Lev 19:29...
Successfully processed and saved output for Lev 19:29 to /Users/joshua/work/strong_number_embedding/sn_within_unv_selfgroup_segmentation/output/Lev/19/29
Processing complete.
Processing Lev 19:30...
Successfully processed and saved output for Lev 19:30 to /Users/joshua/work/strong_number_embedding/sn_within_unv_selfgroup_segmentation/output/Lev/19/30
Processing complete.
Processing Lev 19:31...
Successfully processed and saved output for Lev 19:31 to /Users/joshua/work/strong_number_embedding/sn_within_unv_selfgroup_segmentation/output/Lev/19/31
Processing complete.
Processing Lev 19:32...
Successfully processed and saved output for Lev 19:32 to /Users/joshua/work/strong_number_embedding/sn_within_unv_selfgroup_segmentation/output/Lev/19/32
Processing complete.
Processing Lev 19:33...
Successfully processed and saved output for Lev 19:33 to /Users/joshua/work/strong_number_embedding/sn_within_unv_selfgroup_segmentation/output/Lev/19/33
Processing complete.
Processing Lev 19:34...
Successfully processed and saved output for Lev 19:34 to /Users/joshua/work/strong_number_embedding/sn_within_unv_selfgroup_segmentation/output/Lev/19/34
Processing complete.
Processing Lev 19:35...
Successfully processed and saved output for Lev 19:35 to /Users/joshua/work/strong_number_embedding/sn_within_unv_selfgroup_segmentation/output/Lev/19/35
Processing complete.
Processing Lev 19:36...
Successfully processed and saved output for Lev 19:36 to /Users/joshua/work/strong_number_embedding/sn_within_unv_selfgroup_segmentation/output/Lev/19/36
Processing complete.
Processing Lev 19:37...
Successfully processed and saved output for Lev 19:37 to /Users/joshua/work/strong_number_embedding/sn_within_unv_selfgroup_segmentation/output/Lev/19/37
Processing complete.
  Processing Leviticus chapter 20 (27 verses)...
Processing Lev 20:1...
Successfully processed and saved output for Lev 20:1 to /Users/joshua/work/strong_number_embedding/sn_within_unv_selfgroup_segmentation/output/Lev/20/1
Processing complete.
Processing Lev 20:2...
Successfully processed and saved output for Lev 20:2 to /Users/joshua/work/strong_number_embedding/sn_within_unv_selfgroup_segmentation/output/Lev/20/2
Processing complete.
Processing Lev 20:3...
Successfully processed and saved output for Lev 20:3 to /Users/joshua/work/strong_number_embedding/sn_within_unv_selfgroup_segmentation/output/Lev/20/3
Processing complete.
Processing Lev 20:4...
Successfully processed and saved output for Lev 20:4 to /Users/joshua/work/strong_number_embedding/sn_within_unv_selfgroup_segmentation/output/Lev/20/4
Processing complete.
Processing Lev 20:5...
Successfully processed and saved output for Lev 20:5 to /Users/joshua/work/strong_number_embedding/sn_within_unv_selfgroup_segmentation/output/Lev/20/5
Processing complete.
Processing Lev 20:6...
Successfully processed and saved output for Lev 20:6 to /Users/joshua/work/strong_number_embedding/sn_within_unv_selfgroup_segmentation/output/Lev/20/6
Processing complete.
Processing Lev 20:7...
Successfully processed and saved output for Lev 20:7 to /Users/joshua/work/strong_number_embedding/sn_within_unv_selfgroup_segmentation/output/Lev/20/7
Processing complete.
Processing Lev 20:8...
Successfully processed and saved output for Lev 20:8 to /Users/joshua/work/strong_number_embedding/sn_within_unv_selfgroup_segmentation/output/Lev/20/8
Processing complete.
Processing Lev 20:9...
Successfully processed and saved output for Lev 20:9 to /Users/joshua/work/strong_number_embedding/sn_within_unv_selfgroup_segmentation/output/Lev/20/9
Processing complete.
Processing Lev 20:10...
Successfully processed and saved output for Lev 20:10 to /Users/joshua/work/strong_number_embedding/sn_within_unv_selfgroup_segmentation/output/Lev/20/10
Processing complete.
Processing Lev 20:11...
Successfully processed and saved output for Lev 20:11 to /Users/joshua/work/strong_number_embedding/sn_within_unv_selfgroup_segmentation/output/Lev/20/11
Processing complete.
Processing Lev 20:12...
Successfully processed and saved output for Lev 20:12 to /Users/joshua/work/strong_number_embedding/sn_within_unv_selfgroup_segmentation/output/Lev/20/12
Processing complete.
Processing Lev 20:13...
Successfully processed and saved output for Lev 20:13 to /Users/joshua/work/strong_number_embedding/sn_within_unv_selfgroup_segmentation/output/Lev/20/13
Processing complete.
Processing Lev 20:14...
Successfully processed and saved output for Lev 20:14 to /Users/joshua/work/strong_number_embedding/sn_within_unv_selfgroup_segmentation/output/Lev/20/14
Processing complete.
Processing Lev 20:15...
Successfully processed and saved output for Lev 20:15 to /Users/joshua/work/strong_number_embedding/sn_within_unv_selfgroup_segmentation/output/Lev/20/15
Processing complete.
Processing Lev 20:16...
Successfully processed and saved output for Lev 20:16 to /Users/joshua/work/strong_number_embedding/sn_within_unv_selfgroup_segmentation/output/Lev/20/16
Processing complete.
Processing Lev 20:17...
Successfully processed and saved output for Lev 20:17 to /Users/joshua/work/strong_number_embedding/sn_within_unv_selfgroup_segmentation/output/Lev/20/17
Processing complete.
Processing Lev 20:18...
Successfully processed and saved output for Lev 20:18 to /Users/joshua/work/strong_number_embedding/sn_within_unv_selfgroup_segmentation/output/Lev/20/18
Processing complete.
Processing Lev 20:19...
Successfully processed and saved output for Lev 20:19 to /Users/joshua/work/strong_number_embedding/sn_within_unv_selfgroup_segmentation/output/Lev/20/19
Processing complete.
Processing Lev 20:20...
Successfully processed and saved output for Lev 20:20 to /Users/joshua/work/strong_number_embedding/sn_within_unv_selfgroup_segmentation/output/Lev/20/20
Processing complete.
Processing Lev 20:21...
Successfully processed and saved output for Lev 20:21 to /Users/joshua/work/strong_number_embedding/sn_within_unv_selfgroup_segmentation/output/Lev/20/21
Processing complete.
Processing Lev 20:22...
Successfully processed and saved output for Lev 20:22 to /Users/joshua/work/strong_number_embedding/sn_within_unv_selfgroup_segmentation/output/Lev/20/22
Processing complete.
Processing Lev 20:23...
Successfully processed and saved output for Lev 20:23 to /Users/joshua/work/strong_number_embedding/sn_within_unv_selfgroup_segmentation/output/Lev/20/23
Processing complete.
Processing Lev 20:24...
Successfully processed and saved output for Lev 20:24 to /Users/joshua/work/strong_number_embedding/sn_within_unv_selfgroup_segmentation/output/Lev/20/24
Processing complete.
Processing Lev 20:25...
Successfully processed and saved output for Lev 20:25 to /Users/joshua/work/strong_number_embedding/sn_within_unv_selfgroup_segmentation/output/Lev/20/25
Processing complete.
Processing Lev 20:26...
Successfully processed and saved output for Lev 20:26 to /Users/joshua/work/strong_number_embedding/sn_within_unv_selfgroup_segmentation/output/Lev/20/26
Processing complete.
Processing Lev 20:27...
Successfully processed and saved output for Lev 20:27 to /Users/joshua/work/strong_number_embedding/sn_within_unv_selfgroup_segmentation/output/Lev/20/27
Processing complete.
  Processing Leviticus chapter 21 (24 verses)...
Processing Lev 21:1...
Successfully processed and saved output for Lev 21:1 to /Users/joshua/work/strong_number_embedding/sn_within_unv_selfgroup_segmentation/output/Lev/21/1
Processing complete.
Processing Lev 21:2...
Successfully processed and saved output for Lev 21:2 to /Users/joshua/work/strong_number_embedding/sn_within_unv_selfgroup_segmentation/output/Lev/21/2
Processing complete.
Processing Lev 21:3...
Successfully processed and saved output for Lev 21:3 to /Users/joshua/work/strong_number_embedding/sn_within_unv_selfgroup_segmentation/output/Lev/21/3
Processing complete.
Processing Lev 21:4...
Successfully processed and saved output for Lev 21:4 to /Users/joshua/work/strong_number_embedding/sn_within_unv_selfgroup_segmentation/output/Lev/21/4
Processing complete.
Processing Lev 21:5...
Successfully processed and saved output for Lev 21:5 to /Users/joshua/work/strong_number_embedding/sn_within_unv_selfgroup_segmentation/output/Lev/21/5
Processing complete.
Processing Lev 21:6...
Successfully processed and saved output for Lev 21:6 to /Users/joshua/work/strong_number_embedding/sn_within_unv_selfgroup_segmentation/output/Lev/21/6
Processing complete.
Processing Lev 21:7...
Successfully processed and saved output for Lev 21:7 to /Users/joshua/work/strong_number_embedding/sn_within_unv_selfgroup_segmentation/output/Lev/21/7
Processing complete.
Processing Lev 21:8...
Successfully processed and saved output for Lev 21:8 to /Users/joshua/work/strong_number_embedding/sn_within_unv_selfgroup_segmentation/output/Lev/21/8
Processing complete.
Processing Lev 21:9...
Successfully processed and saved output for Lev 21:9 to /Users/joshua/work/strong_number_embedding/sn_within_unv_selfgroup_segmentation/output/Lev/21/9
Processing complete.
Processing Lev 21:10...
Successfully processed and saved output for Lev 21:10 to /Users/joshua/work/strong_number_embedding/sn_within_unv_selfgroup_segmentation/output/Lev/21/10
Processing complete.
Processing Lev 21:11...
Successfully processed and saved output for Lev 21:11 to /Users/joshua/work/strong_number_embedding/sn_within_unv_selfgroup_segmentation/output/Lev/21/11
Processing complete.
Processing Lev 21:12...
Successfully processed and saved output for Lev 21:12 to /Users/joshua/work/strong_number_embedding/sn_within_unv_selfgroup_segmentation/output/Lev/21/12
Processing complete.
Processing Lev 21:13...
Successfully processed and saved output for Lev 21:13 to /Users/joshua/work/strong_number_embedding/sn_within_unv_selfgroup_segmentation/output/Lev/21/13
Processing complete.
Processing Lev 21:14...
Successfully processed and saved output for Lev 21:14 to /Users/joshua/work/strong_number_embedding/sn_within_unv_selfgroup_segmentation/output/Lev/21/14
Processing complete.
Processing Lev 21:15...
Successfully processed and saved output for Lev 21:15 to /Users/joshua/work/strong_number_embedding/sn_within_unv_selfgroup_segmentation/output/Lev/21/15
Processing complete.
Processing Lev 21:16...
Successfully processed and saved output for Lev 21:16 to /Users/joshua/work/strong_number_embedding/sn_within_unv_selfgroup_segmentation/output/Lev/21/16
Processing complete.
Processing Lev 21:17...
Successfully processed and saved output for Lev 21:17 to /Users/joshua/work/strong_number_embedding/sn_within_unv_selfgroup_segmentation/output/Lev/21/17
Processing complete.
Processing Lev 21:18...
Successfully processed and saved output for Lev 21:18 to /Users/joshua/work/strong_number_embedding/sn_within_unv_selfgroup_segmentation/output/Lev/21/18
Processing complete.
Processing Lev 21:19...
Successfully processed and saved output for Lev 21:19 to /Users/joshua/work/strong_number_embedding/sn_within_unv_selfgroup_segmentation/output/Lev/21/19
Processing complete.
Processing Lev 21:20...
Successfully processed and saved output for Lev 21:20 to /Users/joshua/work/strong_number_embedding/sn_within_unv_selfgroup_segmentation/output/Lev/21/20
Processing complete.
Processing Lev 21:21...
Successfully processed and saved output for Lev 21:21 to /Users/joshua/work/strong_number_embedding/sn_within_unv_selfgroup_segmentation/output/Lev/21/21
Processing complete.
Processing Lev 21:22...
Successfully processed and saved output for Lev 21:22 to /Users/joshua/work/strong_number_embedding/sn_within_unv_selfgroup_segmentation/output/Lev/21/22
Processing complete.
Processing Lev 21:23...
Successfully processed and saved output for Lev 21:23 to /Users/joshua/work/strong_number_embedding/sn_within_unv_selfgroup_segmentation/output/Lev/21/23
Processing complete.
Processing Lev 21:24...
Successfully processed and saved output for Lev 21:24 to /Users/joshua/work/strong_number_embedding/sn_within_unv_selfgroup_segmentation/output/Lev/21/24
Processing complete.
  Processing Leviticus chapter 22 (33 verses)...
Processing Lev 22:1...
Successfully processed and saved output for Lev 22:1 to /Users/joshua/work/strong_number_embedding/sn_within_unv_selfgroup_segmentation/output/Lev/22/1
Processing complete.
Processing Lev 22:2...
Successfully processed and saved output for Lev 22:2 to /Users/joshua/work/strong_number_embedding/sn_within_unv_selfgroup_segmentation/output/Lev/22/2
Processing complete.
Processing Lev 22:3...
Successfully processed and saved output for Lev 22:3 to /Users/joshua/work/strong_number_embedding/sn_within_unv_selfgroup_segmentation/output/Lev/22/3
Processing complete.
Processing Lev 22:4...
Successfully processed and saved output for Lev 22:4 to /Users/joshua/work/strong_number_embedding/sn_within_unv_selfgroup_segmentation/output/Lev/22/4
Processing complete.
Processing Lev 22:5...
Successfully processed and saved output for Lev 22:5 to /Users/joshua/work/strong_number_embedding/sn_within_unv_selfgroup_segmentation/output/Lev/22/5
Processing complete.
Processing Lev 22:6...
Successfully processed and saved output for Lev 22:6 to /Users/joshua/work/strong_number_embedding/sn_within_unv_selfgroup_segmentation/output/Lev/22/6
Processing complete.
Processing Lev 22:7...
Successfully processed and saved output for Lev 22:7 to /Users/joshua/work/strong_number_embedding/sn_within_unv_selfgroup_segmentation/output/Lev/22/7
Processing complete.
Processing Lev 22:8...
Successfully processed and saved output for Lev 22:8 to /Users/joshua/work/strong_number_embedding/sn_within_unv_selfgroup_segmentation/output/Lev/22/8
Processing complete.
Processing Lev 22:9...
Successfully processed and saved output for Lev 22:9 to /Users/joshua/work/strong_number_embedding/sn_within_unv_selfgroup_segmentation/output/Lev/22/9
Processing complete.
Processing Lev 22:10...
Successfully processed and saved output for Lev 22:10 to /Users/joshua/work/strong_number_embedding/sn_within_unv_selfgroup_segmentation/output/Lev/22/10
Processing complete.
Processing Lev 22:11...
Successfully processed and saved output for Lev 22:11 to /Users/joshua/work/strong_number_embedding/sn_within_unv_selfgroup_segmentation/output/Lev/22/11
Processing complete.
Processing Lev 22:12...
Successfully processed and saved output for Lev 22:12 to /Users/joshua/work/strong_number_embedding/sn_within_unv_selfgroup_segmentation/output/Lev/22/12
Processing complete.
Processing Lev 22:13...
Successfully processed and saved output for Lev 22:13 to /Users/joshua/work/strong_number_embedding/sn_within_unv_selfgroup_segmentation/output/Lev/22/13
Processing complete.
Processing Lev 22:14...
Successfully processed and saved output for Lev 22:14 to /Users/joshua/work/strong_number_embedding/sn_within_unv_selfgroup_segmentation/output/Lev/22/14
Processing complete.
Processing Lev 22:15...
Successfully processed and saved output for Lev 22:15 to /Users/joshua/work/strong_number_embedding/sn_within_unv_selfgroup_segmentation/output/Lev/22/15
Processing complete.
Processing Lev 22:16...
Successfully processed and saved output for Lev 22:16 to /Users/joshua/work/strong_number_embedding/sn_within_unv_selfgroup_segmentation/output/Lev/22/16
Processing complete.
Processing Lev 22:17...
Successfully processed and saved output for Lev 22:17 to /Users/joshua/work/strong_number_embedding/sn_within_unv_selfgroup_segmentation/output/Lev/22/17
Processing complete.
Processing Lev 22:18...
Successfully processed and saved output for Lev 22:18 to /Users/joshua/work/strong_number_embedding/sn_within_unv_selfgroup_segmentation/output/Lev/22/18
Processing complete.
Processing Lev 22:19...
Successfully processed and saved output for Lev 22:19 to /Users/joshua/work/strong_number_embedding/sn_within_unv_selfgroup_segmentation/output/Lev/22/19
Processing complete.
Processing Lev 22:20...
Successfully processed and saved output for Lev 22:20 to /Users/joshua/work/strong_number_embedding/sn_within_unv_selfgroup_segmentation/output/Lev/22/20
Processing complete.
Processing Lev 22:21...
Successfully processed and saved output for Lev 22:21 to /Users/joshua/work/strong_number_embedding/sn_within_unv_selfgroup_segmentation/output/Lev/22/21
Processing complete.
Processing Lev 22:22...
Successfully processed and saved output for Lev 22:22 to /Users/joshua/work/strong_number_embedding/sn_within_unv_selfgroup_segmentation/output/Lev/22/22
Processing complete.
Processing Lev 22:23...
Successfully processed and saved output for Lev 22:23 to /Users/joshua/work/strong_number_embedding/sn_within_unv_selfgroup_segmentation/output/Lev/22/23
Processing complete.
Processing Lev 22:24...
Successfully processed and saved output for Lev 22:24 to /Users/joshua/work/strong_number_embedding/sn_within_unv_selfgroup_segmentation/output/Lev/22/24
Processing complete.
Processing Lev 22:25...
Successfully processed and saved output for Lev 22:25 to /Users/joshua/work/strong_number_embedding/sn_within_unv_selfgroup_segmentation/output/Lev/22/25
Processing complete.
Processing Lev 22:26...
Successfully processed and saved output for Lev 22:26 to /Users/joshua/work/strong_number_embedding/sn_within_unv_selfgroup_segmentation/output/Lev/22/26
Processing complete.
Processing Lev 22:27...
Successfully processed and saved output for Lev 22:27 to /Users/joshua/work/strong_number_embedding/sn_within_unv_selfgroup_segmentation/output/Lev/22/27
Processing complete.
Processing Lev 22:28...
Successfully processed and saved output for Lev 22:28 to /Users/joshua/work/strong_number_embedding/sn_within_unv_selfgroup_segmentation/output/Lev/22/28
Processing complete.
Processing Lev 22:29...
Successfully processed and saved output for Lev 22:29 to /Users/joshua/work/strong_number_embedding/sn_within_unv_selfgroup_segmentation/output/Lev/22/29
Processing complete.
Processing Lev 22:30...
Successfully processed and saved output for Lev 22:30 to /Users/joshua/work/strong_number_embedding/sn_within_unv_selfgroup_segmentation/output/Lev/22/30
Processing complete.
Processing Lev 22:31...
Successfully processed and saved output for Lev 22:31 to /Users/joshua/work/strong_number_embedding/sn_within_unv_selfgroup_segmentation/output/Lev/22/31
Processing complete.
Processing Lev 22:32...
Successfully processed and saved output for Lev 22:32 to /Users/joshua/work/strong_number_embedding/sn_within_unv_selfgroup_segmentation/output/Lev/22/32
Processing complete.
Processing Lev 22:33...
Successfully processed and saved output for Lev 22:33 to /Users/joshua/work/strong_number_embedding/sn_within_unv_selfgroup_segmentation/output/Lev/22/33
Processing complete.
  Processing Leviticus chapter 23 (44 verses)...
Processing Lev 23:1...
Successfully processed and saved output for Lev 23:1 to /Users/joshua/work/strong_number_embedding/sn_within_unv_selfgroup_segmentation/output/Lev/23/1
Processing complete.
Processing Lev 23:2...
Successfully processed and saved output for Lev 23:2 to /Users/joshua/work/strong_number_embedding/sn_within_unv_selfgroup_segmentation/output/Lev/23/2
Processing complete.
Processing Lev 23:3...
Successfully processed and saved output for Lev 23:3 to /Users/joshua/work/strong_number_embedding/sn_within_unv_selfgroup_segmentation/output/Lev/23/3
Processing complete.
Processing Lev 23:4...
Successfully processed and saved output for Lev 23:4 to /Users/joshua/work/strong_number_embedding/sn_within_unv_selfgroup_segmentation/output/Lev/23/4
Processing complete.
Processing Lev 23:5...
Successfully processed and saved output for Lev 23:5 to /Users/joshua/work/strong_number_embedding/sn_within_unv_selfgroup_segmentation/output/Lev/23/5
Processing complete.
Processing Lev 23:6...
Successfully processed and saved output for Lev 23:6 to /Users/joshua/work/strong_number_embedding/sn_within_unv_selfgroup_segmentation/output/Lev/23/6
Processing complete.
Processing Lev 23:7...
Successfully processed and saved output for Lev 23:7 to /Users/joshua/work/strong_number_embedding/sn_within_unv_selfgroup_segmentation/output/Lev/23/7
Processing complete.
Processing Lev 23:8...
Successfully processed and saved output for Lev 23:8 to /Users/joshua/work/strong_number_embedding/sn_within_unv_selfgroup_segmentation/output/Lev/23/8
Processing complete.
Processing Lev 23:9...
Successfully processed and saved output for Lev 23:9 to /Users/joshua/work/strong_number_embedding/sn_within_unv_selfgroup_segmentation/output/Lev/23/9
Processing complete.
Processing Lev 23:10...
Successfully processed and saved output for Lev 23:10 to /Users/joshua/work/strong_number_embedding/sn_within_unv_selfgroup_segmentation/output/Lev/23/10
Processing complete.
Processing Lev 23:11...
Successfully processed and saved output for Lev 23:11 to /Users/joshua/work/strong_number_embedding/sn_within_unv_selfgroup_segmentation/output/Lev/23/11
Processing complete.
Processing Lev 23:12...
Successfully processed and saved output for Lev 23:12 to /Users/joshua/work/strong_number_embedding/sn_within_unv_selfgroup_segmentation/output/Lev/23/12
Processing complete.
Processing Lev 23:13...
Successfully processed and saved output for Lev 23:13 to /Users/joshua/work/strong_number_embedding/sn_within_unv_selfgroup_segmentation/output/Lev/23/13
Processing complete.
Processing Lev 23:14...
Successfully processed and saved output for Lev 23:14 to /Users/joshua/work/strong_number_embedding/sn_within_unv_selfgroup_segmentation/output/Lev/23/14
Processing complete.
Processing Lev 23:15...
Successfully processed and saved output for Lev 23:15 to /Users/joshua/work/strong_number_embedding/sn_within_unv_selfgroup_segmentation/output/Lev/23/15
Processing complete.
Processing Lev 23:16...
Successfully processed and saved output for Lev 23:16 to /Users/joshua/work/strong_number_embedding/sn_within_unv_selfgroup_segmentation/output/Lev/23/16
Processing complete.
Processing Lev 23:17...
Successfully processed and saved output for Lev 23:17 to /Users/joshua/work/strong_number_embedding/sn_within_unv_selfgroup_segmentation/output/Lev/23/17
Processing complete.
Processing Lev 23:18...
Successfully processed and saved output for Lev 23:18 to /Users/joshua/work/strong_number_embedding/sn_within_unv_selfgroup_segmentation/output/Lev/23/18
Processing complete.
Processing Lev 23:19...
Successfully processed and saved output for Lev 23:19 to /Users/joshua/work/strong_number_embedding/sn_within_unv_selfgroup_segmentation/output/Lev/23/19
Processing complete.
Processing Lev 23:20...
Successfully processed and saved output for Lev 23:20 to /Users/joshua/work/strong_number_embedding/sn_within_unv_selfgroup_segmentation/output/Lev/23/20
Processing complete.
Processing Lev 23:21...
Successfully processed and saved output for Lev 23:21 to /Users/joshua/work/strong_number_embedding/sn_within_unv_selfgroup_segmentation/output/Lev/23/21
Processing complete.
Processing Lev 23:22...
Successfully processed and saved output for Lev 23:22 to /Users/joshua/work/strong_number_embedding/sn_within_unv_selfgroup_segmentation/output/Lev/23/22
Processing complete.
Processing Lev 23:23...
Successfully processed and saved output for Lev 23:23 to /Users/joshua/work/strong_number_embedding/sn_within_unv_selfgroup_segmentation/output/Lev/23/23
Processing complete.
Processing Lev 23:24...
Successfully processed and saved output for Lev 23:24 to /Users/joshua/work/strong_number_embedding/sn_within_unv_selfgroup_segmentation/output/Lev/23/24
Processing complete.
Processing Lev 23:25...
Successfully processed and saved output for Lev 23:25 to /Users/joshua/work/strong_number_embedding/sn_within_unv_selfgroup_segmentation/output/Lev/23/25
Processing complete.
Processing Lev 23:26...
Successfully processed and saved output for Lev 23:26 to /Users/joshua/work/strong_number_embedding/sn_within_unv_selfgroup_segmentation/output/Lev/23/26
Processing complete.
Processing Lev 23:27...
Successfully processed and saved output for Lev 23:27 to /Users/joshua/work/strong_number_embedding/sn_within_unv_selfgroup_segmentation/output/Lev/23/27
Processing complete.
Processing Lev 23:28...
Successfully processed and saved output for Lev 23:28 to /Users/joshua/work/strong_number_embedding/sn_within_unv_selfgroup_segmentation/output/Lev/23/28
Processing complete.
Processing Lev 23:29...
Successfully processed and saved output for Lev 23:29 to /Users/joshua/work/strong_number_embedding/sn_within_unv_selfgroup_segmentation/output/Lev/23/29
Processing complete.
Processing Lev 23:30...
Successfully processed and saved output for Lev 23:30 to /Users/joshua/work/strong_number_embedding/sn_within_unv_selfgroup_segmentation/output/Lev/23/30
Processing complete.
Processing Lev 23:31...
Successfully processed and saved output for Lev 23:31 to /Users/joshua/work/strong_number_embedding/sn_within_unv_selfgroup_segmentation/output/Lev/23/31
Processing complete.
Processing Lev 23:32...
Successfully processed and saved output for Lev 23:32 to /Users/joshua/work/strong_number_embedding/sn_within_unv_selfgroup_segmentation/output/Lev/23/32
Processing complete.
Processing Lev 23:33...
Successfully processed and saved output for Lev 23:33 to /Users/joshua/work/strong_number_embedding/sn_within_unv_selfgroup_segmentation/output/Lev/23/33
Processing complete.
Processing Lev 23:34...
Successfully processed and saved output for Lev 23:34 to /Users/joshua/work/strong_number_embedding/sn_within_unv_selfgroup_segmentation/output/Lev/23/34
Processing complete.
Processing Lev 23:35...
Successfully processed and saved output for Lev 23:35 to /Users/joshua/work/strong_number_embedding/sn_within_unv_selfgroup_segmentation/output/Lev/23/35
Processing complete.
Processing Lev 23:36...
Successfully processed and saved output for Lev 23:36 to /Users/joshua/work/strong_number_embedding/sn_within_unv_selfgroup_segmentation/output/Lev/23/36
Processing complete.
Processing Lev 23:37...
Successfully processed and saved output for Lev 23:37 to /Users/joshua/work/strong_number_embedding/sn_within_unv_selfgroup_segmentation/output/Lev/23/37
Processing complete.
Processing Lev 23:38...
Successfully processed and saved output for Lev 23:38 to /Users/joshua/work/strong_number_embedding/sn_within_unv_selfgroup_segmentation/output/Lev/23/38
Processing complete.
Processing Lev 23:39...
Successfully processed and saved output for Lev 23:39 to /Users/joshua/work/strong_number_embedding/sn_within_unv_selfgroup_segmentation/output/Lev/23/39
Processing complete.
Processing Lev 23:40...
Successfully processed and saved output for Lev 23:40 to /Users/joshua/work/strong_number_embedding/sn_within_unv_selfgroup_segmentation/output/Lev/23/40
Processing complete.
Processing Lev 23:41...
Successfully processed and saved output for Lev 23:41 to /Users/joshua/work/strong_number_embedding/sn_within_unv_selfgroup_segmentation/output/Lev/23/41
Processing complete.
Processing Lev 23:42...
Successfully processed and saved output for Lev 23:42 to /Users/joshua/work/strong_number_embedding/sn_within_unv_selfgroup_segmentation/output/Lev/23/42
Processing complete.
Processing Lev 23:43...
Successfully processed and saved output for Lev 23:43 to /Users/joshua/work/strong_number_embedding/sn_within_unv_selfgroup_segmentation/output/Lev/23/43
Processing complete.
Processing Lev 23:44...
Successfully processed and saved output for Lev 23:44 to /Users/joshua/work/strong_number_embedding/sn_within_unv_selfgroup_segmentation/output/Lev/23/44
Processing complete.
  Processing Leviticus chapter 24 (23 verses)...
Processing Lev 24:1...
Successfully processed and saved output for Lev 24:1 to /Users/joshua/work/strong_number_embedding/sn_within_unv_selfgroup_segmentation/output/Lev/24/1
Processing complete.
Processing Lev 24:2...
Successfully processed and saved output for Lev 24:2 to /Users/joshua/work/strong_number_embedding/sn_within_unv_selfgroup_segmentation/output/Lev/24/2
Processing complete.
Processing Lev 24:3...
Successfully processed and saved output for Lev 24:3 to /Users/joshua/work/strong_number_embedding/sn_within_unv_selfgroup_segmentation/output/Lev/24/3
Processing complete.
Processing Lev 24:4...
Successfully processed and saved output for Lev 24:4 to /Users/joshua/work/strong_number_embedding/sn_within_unv_selfgroup_segmentation/output/Lev/24/4
Processing complete.
Processing Lev 24:5...
Successfully processed and saved output for Lev 24:5 to /Users/joshua/work/strong_number_embedding/sn_within_unv_selfgroup_segmentation/output/Lev/24/5
Processing complete.
Processing Lev 24:6...
Successfully processed and saved output for Lev 24:6 to /Users/joshua/work/strong_number_embedding/sn_within_unv_selfgroup_segmentation/output/Lev/24/6
Processing complete.
Processing Lev 24:7...
Successfully processed and saved output for Lev 24:7 to /Users/joshua/work/strong_number_embedding/sn_within_unv_selfgroup_segmentation/output/Lev/24/7
Processing complete.
Processing Lev 24:8...
Successfully processed and saved output for Lev 24:8 to /Users/joshua/work/strong_number_embedding/sn_within_unv_selfgroup_segmentation/output/Lev/24/8
Processing complete.
Processing Lev 24:9...
Successfully processed and saved output for Lev 24:9 to /Users/joshua/work/strong_number_embedding/sn_within_unv_selfgroup_segmentation/output/Lev/24/9
Processing complete.
Processing Lev 24:10...
Successfully processed and saved output for Lev 24:10 to /Users/joshua/work/strong_number_embedding/sn_within_unv_selfgroup_segmentation/output/Lev/24/10
Processing complete.
Processing Lev 24:11...
Successfully processed and saved output for Lev 24:11 to /Users/joshua/work/strong_number_embedding/sn_within_unv_selfgroup_segmentation/output/Lev/24/11
Processing complete.
Processing Lev 24:12...
Successfully processed and saved output for Lev 24:12 to /Users/joshua/work/strong_number_embedding/sn_within_unv_selfgroup_segmentation/output/Lev/24/12
Processing complete.
Processing Lev 24:13...
Successfully processed and saved output for Lev 24:13 to /Users/joshua/work/strong_number_embedding/sn_within_unv_selfgroup_segmentation/output/Lev/24/13
Processing complete.
Processing Lev 24:14...
Successfully processed and saved output for Lev 24:14 to /Users/joshua/work/strong_number_embedding/sn_within_unv_selfgroup_segmentation/output/Lev/24/14
Processing complete.
Processing Lev 24:15...
Successfully processed and saved output for Lev 24:15 to /Users/joshua/work/strong_number_embedding/sn_within_unv_selfgroup_segmentation/output/Lev/24/15
Processing complete.
Processing Lev 24:16...
Successfully processed and saved output for Lev 24:16 to /Users/joshua/work/strong_number_embedding/sn_within_unv_selfgroup_segmentation/output/Lev/24/16
Processing complete.
Processing Lev 24:17...
Successfully processed and saved output for Lev 24:17 to /Users/joshua/work/strong_number_embedding/sn_within_unv_selfgroup_segmentation/output/Lev/24/17
Processing complete.
Processing Lev 24:18...
Successfully processed and saved output for Lev 24:18 to /Users/joshua/work/strong_number_embedding/sn_within_unv_selfgroup_segmentation/output/Lev/24/18
Processing complete.
Processing Lev 24:19...
Successfully processed and saved output for Lev 24:19 to /Users/joshua/work/strong_number_embedding/sn_within_unv_selfgroup_segmentation/output/Lev/24/19
Processing complete.
Processing Lev 24:20...
Successfully processed and saved output for Lev 24:20 to /Users/joshua/work/strong_number_embedding/sn_within_unv_selfgroup_segmentation/output/Lev/24/20
Processing complete.
Processing Lev 24:21...
Successfully processed and saved output for Lev 24:21 to /Users/joshua/work/strong_number_embedding/sn_within_unv_selfgroup_segmentation/output/Lev/24/21
Processing complete.
Processing Lev 24:22...
Successfully processed and saved output for Lev 24:22 to /Users/joshua/work/strong_number_embedding/sn_within_unv_selfgroup_segmentation/output/Lev/24/22
Processing complete.
Processing Lev 24:23...
Successfully processed and saved output for Lev 24:23 to /Users/joshua/work/strong_number_embedding/sn_within_unv_selfgroup_segmentation/output/Lev/24/23
Processing complete.
  Processing Leviticus chapter 25 (55 verses)...
Processing Lev 25:1...
Successfully processed and saved output for Lev 25:1 to /Users/joshua/work/strong_number_embedding/sn_within_unv_selfgroup_segmentation/output/Lev/25/1
Processing complete.
Processing Lev 25:2...
Successfully processed and saved output for Lev 25:2 to /Users/joshua/work/strong_number_embedding/sn_within_unv_selfgroup_segmentation/output/Lev/25/2
Processing complete.
Processing Lev 25:3...
Successfully processed and saved output for Lev 25:3 to /Users/joshua/work/strong_number_embedding/sn_within_unv_selfgroup_segmentation/output/Lev/25/3
Processing complete.
Processing Lev 25:4...
Successfully processed and saved output for Lev 25:4 to /Users/joshua/work/strong_number_embedding/sn_within_unv_selfgroup_segmentation/output/Lev/25/4
Processing complete.
Processing Lev 25:5...
Successfully processed and saved output for Lev 25:5 to /Users/joshua/work/strong_number_embedding/sn_within_unv_selfgroup_segmentation/output/Lev/25/5
Processing complete.
Processing Lev 25:6...
Successfully processed and saved output for Lev 25:6 to /Users/joshua/work/strong_number_embedding/sn_within_unv_selfgroup_segmentation/output/Lev/25/6
Processing complete.
Processing Lev 25:7...
Successfully processed and saved output for Lev 25:7 to /Users/joshua/work/strong_number_embedding/sn_within_unv_selfgroup_segmentation/output/Lev/25/7
Processing complete.
Processing Lev 25:8...
Successfully processed and saved output for Lev 25:8 to /Users/joshua/work/strong_number_embedding/sn_within_unv_selfgroup_segmentation/output/Lev/25/8
Processing complete.
Processing Lev 25:9...
Successfully processed and saved output for Lev 25:9 to /Users/joshua/work/strong_number_embedding/sn_within_unv_selfgroup_segmentation/output/Lev/25/9
Processing complete.
Processing Lev 25:10...
Successfully processed and saved output for Lev 25:10 to /Users/joshua/work/strong_number_embedding/sn_within_unv_selfgroup_segmentation/output/Lev/25/10
Processing complete.
Processing Lev 25:11...
Successfully processed and saved output for Lev 25:11 to /Users/joshua/work/strong_number_embedding/sn_within_unv_selfgroup_segmentation/output/Lev/25/11
Processing complete.
Processing Lev 25:12...
Successfully processed and saved output for Lev 25:12 to /Users/joshua/work/strong_number_embedding/sn_within_unv_selfgroup_segmentation/output/Lev/25/12
Processing complete.
Processing Lev 25:13...
Successfully processed and saved output for Lev 25:13 to /Users/joshua/work/strong_number_embedding/sn_within_unv_selfgroup_segmentation/output/Lev/25/13
Processing complete.
Processing Lev 25:14...
Successfully processed and saved output for Lev 25:14 to /Users/joshua/work/strong_number_embedding/sn_within_unv_selfgroup_segmentation/output/Lev/25/14
Processing complete.
Processing Lev 25:15...
Successfully processed and saved output for Lev 25:15 to /Users/joshua/work/strong_number_embedding/sn_within_unv_selfgroup_segmentation/output/Lev/25/15
Processing complete.
Processing Lev 25:16...
Successfully processed and saved output for Lev 25:16 to /Users/joshua/work/strong_number_embedding/sn_within_unv_selfgroup_segmentation/output/Lev/25/16
Processing complete.
Processing Lev 25:17...
Successfully processed and saved output for Lev 25:17 to /Users/joshua/work/strong_number_embedding/sn_within_unv_selfgroup_segmentation/output/Lev/25/17
Processing complete.
Processing Lev 25:18...
Successfully processed and saved output for Lev 25:18 to /Users/joshua/work/strong_number_embedding/sn_within_unv_selfgroup_segmentation/output/Lev/25/18
Processing complete.
Processing Lev 25:19...
Successfully processed and saved output for Lev 25:19 to /Users/joshua/work/strong_number_embedding/sn_within_unv_selfgroup_segmentation/output/Lev/25/19
Processing complete.
Processing Lev 25:20...
Successfully processed and saved output for Lev 25:20 to /Users/joshua/work/strong_number_embedding/sn_within_unv_selfgroup_segmentation/output/Lev/25/20
Processing complete.
Processing Lev 25:21...
Successfully processed and saved output for Lev 25:21 to /Users/joshua/work/strong_number_embedding/sn_within_unv_selfgroup_segmentation/output/Lev/25/21
Processing complete.
Processing Lev 25:22...
Successfully processed and saved output for Lev 25:22 to /Users/joshua/work/strong_number_embedding/sn_within_unv_selfgroup_segmentation/output/Lev/25/22
Processing complete.
Processing Lev 25:23...
Successfully processed and saved output for Lev 25:23 to /Users/joshua/work/strong_number_embedding/sn_within_unv_selfgroup_segmentation/output/Lev/25/23
Processing complete.
Processing Lev 25:24...
Successfully processed and saved output for Lev 25:24 to /Users/joshua/work/strong_number_embedding/sn_within_unv_selfgroup_segmentation/output/Lev/25/24
Processing complete.
Processing Lev 25:25...
Successfully processed and saved output for Lev 25:25 to /Users/joshua/work/strong_number_embedding/sn_within_unv_selfgroup_segmentation/output/Lev/25/25
Processing complete.
Processing Lev 25:26...
Successfully processed and saved output for Lev 25:26 to /Users/joshua/work/strong_number_embedding/sn_within_unv_selfgroup_segmentation/output/Lev/25/26
Processing complete.
Processing Lev 25:27...
Successfully processed and saved output for Lev 25:27 to /Users/joshua/work/strong_number_embedding/sn_within_unv_selfgroup_segmentation/output/Lev/25/27
Processing complete.
Processing Lev 25:28...
Successfully processed and saved output for Lev 25:28 to /Users/joshua/work/strong_number_embedding/sn_within_unv_selfgroup_segmentation/output/Lev/25/28
Processing complete.
Processing Lev 25:29...
Successfully processed and saved output for Lev 25:29 to /Users/joshua/work/strong_number_embedding/sn_within_unv_selfgroup_segmentation/output/Lev/25/29
Processing complete.
Processing Lev 25:30...
Successfully processed and saved output for Lev 25:30 to /Users/joshua/work/strong_number_embedding/sn_within_unv_selfgroup_segmentation/output/Lev/25/30
Processing complete.
Processing Lev 25:31...
Successfully processed and saved output for Lev 25:31 to /Users/joshua/work/strong_number_embedding/sn_within_unv_selfgroup_segmentation/output/Lev/25/31
Processing complete.
Processing Lev 25:32...
Successfully processed and saved output for Lev 25:32 to /Users/joshua/work/strong_number_embedding/sn_within_unv_selfgroup_segmentation/output/Lev/25/32
Processing complete.
Processing Lev 25:33...
Successfully processed and saved output for Lev 25:33 to /Users/joshua/work/strong_number_embedding/sn_within_unv_selfgroup_segmentation/output/Lev/25/33
Processing complete.
Processing Lev 25:34...
Successfully processed and saved output for Lev 25:34 to /Users/joshua/work/strong_number_embedding/sn_within_unv_selfgroup_segmentation/output/Lev/25/34
Processing complete.
Processing Lev 25:35...
Successfully processed and saved output for Lev 25:35 to /Users/joshua/work/strong_number_embedding/sn_within_unv_selfgroup_segmentation/output/Lev/25/35
Processing complete.
Processing Lev 25:36...
Successfully processed and saved output for Lev 25:36 to /Users/joshua/work/strong_number_embedding/sn_within_unv_selfgroup_segmentation/output/Lev/25/36
Processing complete.
Processing Lev 25:37...
Successfully processed and saved output for Lev 25:37 to /Users/joshua/work/strong_number_embedding/sn_within_unv_selfgroup_segmentation/output/Lev/25/37
Processing complete.
Processing Lev 25:38...
Successfully processed and saved output for Lev 25:38 to /Users/joshua/work/strong_number_embedding/sn_within_unv_selfgroup_segmentation/output/Lev/25/38
Processing complete.
Processing Lev 25:39...
Successfully processed and saved output for Lev 25:39 to /Users/joshua/work/strong_number_embedding/sn_within_unv_selfgroup_segmentation/output/Lev/25/39
Processing complete.
Processing Lev 25:40...
Successfully processed and saved output for Lev 25:40 to /Users/joshua/work/strong_number_embedding/sn_within_unv_selfgroup_segmentation/output/Lev/25/40
Processing complete.
Processing Lev 25:41...
Successfully processed and saved output for Lev 25:41 to /Users/joshua/work/strong_number_embedding/sn_within_unv_selfgroup_segmentation/output/Lev/25/41
Processing complete.
Processing Lev 25:42...
Successfully processed and saved output for Lev 25:42 to /Users/joshua/work/strong_number_embedding/sn_within_unv_selfgroup_segmentation/output/Lev/25/42
Processing complete.
Processing Lev 25:43...
Successfully processed and saved output for Lev 25:43 to /Users/joshua/work/strong_number_embedding/sn_within_unv_selfgroup_segmentation/output/Lev/25/43
Processing complete.
Processing Lev 25:44...
Successfully processed and saved output for Lev 25:44 to /Users/joshua/work/strong_number_embedding/sn_within_unv_selfgroup_segmentation/output/Lev/25/44
Processing complete.
Processing Lev 25:45...
Successfully processed and saved output for Lev 25:45 to /Users/joshua/work/strong_number_embedding/sn_within_unv_selfgroup_segmentation/output/Lev/25/45
Processing complete.
Processing Lev 25:46...
Successfully processed and saved output for Lev 25:46 to /Users/joshua/work/strong_number_embedding/sn_within_unv_selfgroup_segmentation/output/Lev/25/46
Processing complete.
Processing Lev 25:47...
Successfully processed and saved output for Lev 25:47 to /Users/joshua/work/strong_number_embedding/sn_within_unv_selfgroup_segmentation/output/Lev/25/47
Processing complete.
Processing Lev 25:48...
Successfully processed and saved output for Lev 25:48 to /Users/joshua/work/strong_number_embedding/sn_within_unv_selfgroup_segmentation/output/Lev/25/48
Processing complete.
Processing Lev 25:49...
Successfully processed and saved output for Lev 25:49 to /Users/joshua/work/strong_number_embedding/sn_within_unv_selfgroup_segmentation/output/Lev/25/49
Processing complete.
Processing Lev 25:50...
Successfully processed and saved output for Lev 25:50 to /Users/joshua/work/strong_number_embedding/sn_within_unv_selfgroup_segmentation/output/Lev/25/50
Processing complete.
Processing Lev 25:51...
Successfully processed and saved output for Lev 25:51 to /Users/joshua/work/strong_number_embedding/sn_within_unv_selfgroup_segmentation/output/Lev/25/51
Processing complete.
Processing Lev 25:52...
Successfully processed and saved output for Lev 25:52 to /Users/joshua/work/strong_number_embedding/sn_within_unv_selfgroup_segmentation/output/Lev/25/52
Processing complete.
Processing Lev 25:53...
Successfully processed and saved output for Lev 25:53 to /Users/joshua/work/strong_number_embedding/sn_within_unv_selfgroup_segmentation/output/Lev/25/53
Processing complete.
Processing Lev 25:54...
Successfully processed and saved output for Lev 25:54 to /Users/joshua/work/strong_number_embedding/sn_within_unv_selfgroup_segmentation/output/Lev/25/54
Processing complete.
Processing Lev 25:55...
Successfully processed and saved output for Lev 25:55 to /Users/joshua/work/strong_number_embedding/sn_within_unv_selfgroup_segmentation/output/Lev/25/55
Processing complete.
  Processing Leviticus chapter 26 (46 verses)...
Processing Lev 26:1...
Successfully processed and saved output for Lev 26:1 to /Users/joshua/work/strong_number_embedding/sn_within_unv_selfgroup_segmentation/output/Lev/26/1
Processing complete.
Processing Lev 26:2...
Successfully processed and saved output for Lev 26:2 to /Users/joshua/work/strong_number_embedding/sn_within_unv_selfgroup_segmentation/output/Lev/26/2
Processing complete.
Processing Lev 26:3...
Successfully processed and saved output for Lev 26:3 to /Users/joshua/work/strong_number_embedding/sn_within_unv_selfgroup_segmentation/output/Lev/26/3
Processing complete.
Processing Lev 26:4...
Successfully processed and saved output for Lev 26:4 to /Users/joshua/work/strong_number_embedding/sn_within_unv_selfgroup_segmentation/output/Lev/26/4
Processing complete.
Processing Lev 26:5...
Successfully processed and saved output for Lev 26:5 to /Users/joshua/work/strong_number_embedding/sn_within_unv_selfgroup_segmentation/output/Lev/26/5
Processing complete.
Processing Lev 26:6...
Successfully processed and saved output for Lev 26:6 to /Users/joshua/work/strong_number_embedding/sn_within_unv_selfgroup_segmentation/output/Lev/26/6
Processing complete.
Processing Lev 26:7...
Successfully processed and saved output for Lev 26:7 to /Users/joshua/work/strong_number_embedding/sn_within_unv_selfgroup_segmentation/output/Lev/26/7
Processing complete.
Processing Lev 26:8...
Successfully processed and saved output for Lev 26:8 to /Users/joshua/work/strong_number_embedding/sn_within_unv_selfgroup_segmentation/output/Lev/26/8
Processing complete.
Processing Lev 26:9...
Successfully processed and saved output for Lev 26:9 to /Users/joshua/work/strong_number_embedding/sn_within_unv_selfgroup_segmentation/output/Lev/26/9
Processing complete.
Processing Lev 26:10...
Successfully processed and saved output for Lev 26:10 to /Users/joshua/work/strong_number_embedding/sn_within_unv_selfgroup_segmentation/output/Lev/26/10
Processing complete.
Processing Lev 26:11...
Successfully processed and saved output for Lev 26:11 to /Users/joshua/work/strong_number_embedding/sn_within_unv_selfgroup_segmentation/output/Lev/26/11
Processing complete.
Processing Lev 26:12...
Successfully processed and saved output for Lev 26:12 to /Users/joshua/work/strong_number_embedding/sn_within_unv_selfgroup_segmentation/output/Lev/26/12
Processing complete.
Processing Lev 26:13...
Successfully processed and saved output for Lev 26:13 to /Users/joshua/work/strong_number_embedding/sn_within_unv_selfgroup_segmentation/output/Lev/26/13
Processing complete.
Processing Lev 26:14...
Successfully processed and saved output for Lev 26:14 to /Users/joshua/work/strong_number_embedding/sn_within_unv_selfgroup_segmentation/output/Lev/26/14
Processing complete.
Processing Lev 26:15...
Successfully processed and saved output for Lev 26:15 to /Users/joshua/work/strong_number_embedding/sn_within_unv_selfgroup_segmentation/output/Lev/26/15
Processing complete.
Processing Lev 26:16...
Successfully processed and saved output for Lev 26:16 to /Users/joshua/work/strong_number_embedding/sn_within_unv_selfgroup_segmentation/output/Lev/26/16
Processing complete.
Processing Lev 26:17...
Successfully processed and saved output for Lev 26:17 to /Users/joshua/work/strong_number_embedding/sn_within_unv_selfgroup_segmentation/output/Lev/26/17
Processing complete.
Processing Lev 26:18...
Successfully processed and saved output for Lev 26:18 to /Users/joshua/work/strong_number_embedding/sn_within_unv_selfgroup_segmentation/output/Lev/26/18
Processing complete.
Processing Lev 26:19...
Successfully processed and saved output for Lev 26:19 to /Users/joshua/work/strong_number_embedding/sn_within_unv_selfgroup_segmentation/output/Lev/26/19
Processing complete.
Processing Lev 26:20...
Successfully processed and saved output for Lev 26:20 to /Users/joshua/work/strong_number_embedding/sn_within_unv_selfgroup_segmentation/output/Lev/26/20
Processing complete.
Processing Lev 26:21...
Successfully processed and saved output for Lev 26:21 to /Users/joshua/work/strong_number_embedding/sn_within_unv_selfgroup_segmentation/output/Lev/26/21
Processing complete.
Processing Lev 26:22...
Successfully processed and saved output for Lev 26:22 to /Users/joshua/work/strong_number_embedding/sn_within_unv_selfgroup_segmentation/output/Lev/26/22
Processing complete.
Processing Lev 26:23...
Successfully processed and saved output for Lev 26:23 to /Users/joshua/work/strong_number_embedding/sn_within_unv_selfgroup_segmentation/output/Lev/26/23
Processing complete.
Processing Lev 26:24...
Successfully processed and saved output for Lev 26:24 to /Users/joshua/work/strong_number_embedding/sn_within_unv_selfgroup_segmentation/output/Lev/26/24
Processing complete.
Processing Lev 26:25...
Successfully processed and saved output for Lev 26:25 to /Users/joshua/work/strong_number_embedding/sn_within_unv_selfgroup_segmentation/output/Lev/26/25
Processing complete.
Processing Lev 26:26...
Successfully processed and saved output for Lev 26:26 to /Users/joshua/work/strong_number_embedding/sn_within_unv_selfgroup_segmentation/output/Lev/26/26
Processing complete.
Processing Lev 26:27...
Successfully processed and saved output for Lev 26:27 to /Users/joshua/work/strong_number_embedding/sn_within_unv_selfgroup_segmentation/output/Lev/26/27
Processing complete.
Processing Lev 26:28...
Successfully processed and saved output for Lev 26:28 to /Users/joshua/work/strong_number_embedding/sn_within_unv_selfgroup_segmentation/output/Lev/26/28
Processing complete.
Processing Lev 26:29...
Successfully processed and saved output for Lev 26:29 to /Users/joshua/work/strong_number_embedding/sn_within_unv_selfgroup_segmentation/output/Lev/26/29
Processing complete.
Processing Lev 26:30...
Successfully processed and saved output for Lev 26:30 to /Users/joshua/work/strong_number_embedding/sn_within_unv_selfgroup_segmentation/output/Lev/26/30
Processing complete.
Processing Lev 26:31...
Successfully processed and saved output for Lev 26:31 to /Users/joshua/work/strong_number_embedding/sn_within_unv_selfgroup_segmentation/output/Lev/26/31
Processing complete.
Processing Lev 26:32...
Successfully processed and saved output for Lev 26:32 to /Users/joshua/work/strong_number_embedding/sn_within_unv_selfgroup_segmentation/output/Lev/26/32
Processing complete.
Processing Lev 26:33...
Successfully processed and saved output for Lev 26:33 to /Users/joshua/work/strong_number_embedding/sn_within_unv_selfgroup_segmentation/output/Lev/26/33
Processing complete.
Processing Lev 26:34...
Successfully processed and saved output for Lev 26:34 to /Users/joshua/work/strong_number_embedding/sn_within_unv_selfgroup_segmentation/output/Lev/26/34
Processing complete.
Processing Lev 26:35...
Successfully processed and saved output for Lev 26:35 to /Users/joshua/work/strong_number_embedding/sn_within_unv_selfgroup_segmentation/output/Lev/26/35
Processing complete.
Processing Lev 26:36...
Successfully processed and saved output for Lev 26:36 to /Users/joshua/work/strong_number_embedding/sn_within_unv_selfgroup_segmentation/output/Lev/26/36
Processing complete.
Processing Lev 26:37...
Successfully processed and saved output for Lev 26:37 to /Users/joshua/work/strong_number_embedding/sn_within_unv_selfgroup_segmentation/output/Lev/26/37
Processing complete.
Processing Lev 26:38...
Successfully processed and saved output for Lev 26:38 to /Users/joshua/work/strong_number_embedding/sn_within_unv_selfgroup_segmentation/output/Lev/26/38
Processing complete.
Processing Lev 26:39...
Successfully processed and saved output for Lev 26:39 to /Users/joshua/work/strong_number_embedding/sn_within_unv_selfgroup_segmentation/output/Lev/26/39
Processing complete.
Processing Lev 26:40...
Successfully processed and saved output for Lev 26:40 to /Users/joshua/work/strong_number_embedding/sn_within_unv_selfgroup_segmentation/output/Lev/26/40
Processing complete.
Processing Lev 26:41...
Successfully processed and saved output for Lev 26:41 to /Users/joshua/work/strong_number_embedding/sn_within_unv_selfgroup_segmentation/output/Lev/26/41
Processing complete.
Processing Lev 26:42...
Successfully processed and saved output for Lev 26:42 to /Users/joshua/work/strong_number_embedding/sn_within_unv_selfgroup_segmentation/output/Lev/26/42
Processing complete.
Processing Lev 26:43...
Successfully processed and saved output for Lev 26:43 to /Users/joshua/work/strong_number_embedding/sn_within_unv_selfgroup_segmentation/output/Lev/26/43
Processing complete.
Processing Lev 26:44...
Successfully processed and saved output for Lev 26:44 to /Users/joshua/work/strong_number_embedding/sn_within_unv_selfgroup_segmentation/output/Lev/26/44
Processing complete.
Processing Lev 26:45...
Successfully processed and saved output for Lev 26:45 to /Users/joshua/work/strong_number_embedding/sn_within_unv_selfgroup_segmentation/output/Lev/26/45
Processing complete.
Processing Lev 26:46...
Successfully processed and saved output for Lev 26:46 to /Users/joshua/work/strong_number_embedding/sn_within_unv_selfgroup_segmentation/output/Lev/26/46
Processing complete.
  Processing Leviticus chapter 27 (34 verses)...
Processing Lev 27:1...
Successfully processed and saved output for Lev 27:1 to /Users/joshua/work/strong_number_embedding/sn_within_unv_selfgroup_segmentation/output/Lev/27/1
Processing complete.
Processing Lev 27:2...
Successfully processed and saved output for Lev 27:2 to /Users/joshua/work/strong_number_embedding/sn_within_unv_selfgroup_segmentation/output/Lev/27/2
Processing complete.
Processing Lev 27:3...
Successfully processed and saved output for Lev 27:3 to /Users/joshua/work/strong_number_embedding/sn_within_unv_selfgroup_segmentation/output/Lev/27/3
Processing complete.
Processing Lev 27:4...
Successfully processed and saved output for Lev 27:4 to /Users/joshua/work/strong_number_embedding/sn_within_unv_selfgroup_segmentation/output/Lev/27/4
Processing complete.
Processing Lev 27:5...
Successfully processed and saved output for Lev 27:5 to /Users/joshua/work/strong_number_embedding/sn_within_unv_selfgroup_segmentation/output/Lev/27/5
Processing complete.
Processing Lev 27:6...
Successfully processed and saved output for Lev 27:6 to /Users/joshua/work/strong_number_embedding/sn_within_unv_selfgroup_segmentation/output/Lev/27/6
Processing complete.
Processing Lev 27:7...
Successfully processed and saved output for Lev 27:7 to /Users/joshua/work/strong_number_embedding/sn_within_unv_selfgroup_segmentation/output/Lev/27/7
Processing complete.
Processing Lev 27:8...
Successfully processed and saved output for Lev 27:8 to /Users/joshua/work/strong_number_embedding/sn_within_unv_selfgroup_segmentation/output/Lev/27/8
Processing complete.
Processing Lev 27:9...
Successfully processed and saved output for Lev 27:9 to /Users/joshua/work/strong_number_embedding/sn_within_unv_selfgroup_segmentation/output/Lev/27/9
Processing complete.
Processing Lev 27:10...
Successfully processed and saved output for Lev 27:10 to /Users/joshua/work/strong_number_embedding/sn_within_unv_selfgroup_segmentation/output/Lev/27/10
Processing complete.
Processing Lev 27:11...
Successfully processed and saved output for Lev 27:11 to /Users/joshua/work/strong_number_embedding/sn_within_unv_selfgroup_segmentation/output/Lev/27/11
Processing complete.
Processing Lev 27:12...
Successfully processed and saved output for Lev 27:12 to /Users/joshua/work/strong_number_embedding/sn_within_unv_selfgroup_segmentation/output/Lev/27/12
Processing complete.
Processing Lev 27:13...
Successfully processed and saved output for Lev 27:13 to /Users/joshua/work/strong_number_embedding/sn_within_unv_selfgroup_segmentation/output/Lev/27/13
Processing complete.
Processing Lev 27:14...
Successfully processed and saved output for Lev 27:14 to /Users/joshua/work/strong_number_embedding/sn_within_unv_selfgroup_segmentation/output/Lev/27/14
Processing complete.
Processing Lev 27:15...
Successfully processed and saved output for Lev 27:15 to /Users/joshua/work/strong_number_embedding/sn_within_unv_selfgroup_segmentation/output/Lev/27/15
Processing complete.
Processing Lev 27:16...
Successfully processed and saved output for Lev 27:16 to /Users/joshua/work/strong_number_embedding/sn_within_unv_selfgroup_segmentation/output/Lev/27/16
Processing complete.
Processing Lev 27:17...
Successfully processed and saved output for Lev 27:17 to /Users/joshua/work/strong_number_embedding/sn_within_unv_selfgroup_segmentation/output/Lev/27/17
Processing complete.
Processing Lev 27:18...
Successfully processed and saved output for Lev 27:18 to /Users/joshua/work/strong_number_embedding/sn_within_unv_selfgroup_segmentation/output/Lev/27/18
Processing complete.
Processing Lev 27:19...
Successfully processed and saved output for Lev 27:19 to /Users/joshua/work/strong_number_embedding/sn_within_unv_selfgroup_segmentation/output/Lev/27/19
Processing complete.
Processing Lev 27:20...
Successfully processed and saved output for Lev 27:20 to /Users/joshua/work/strong_number_embedding/sn_within_unv_selfgroup_segmentation/output/Lev/27/20
Processing complete.
Processing Lev 27:21...
Successfully processed and saved output for Lev 27:21 to /Users/joshua/work/strong_number_embedding/sn_within_unv_selfgroup_segmentation/output/Lev/27/21
Processing complete.
Processing Lev 27:22...
Successfully processed and saved output for Lev 27:22 to /Users/joshua/work/strong_number_embedding/sn_within_unv_selfgroup_segmentation/output/Lev/27/22
Processing complete.
Processing Lev 27:23...
Successfully processed and saved output for Lev 27:23 to /Users/joshua/work/strong_number_embedding/sn_within_unv_selfgroup_segmentation/output/Lev/27/23
Processing complete.
Processing Lev 27:24...
Successfully processed and saved output for Lev 27:24 to /Users/joshua/work/strong_number_embedding/sn_within_unv_selfgroup_segmentation/output/Lev/27/24
Processing complete.
Processing Lev 27:25...
Successfully processed and saved output for Lev 27:25 to /Users/joshua/work/strong_number_embedding/sn_within_unv_selfgroup_segmentation/output/Lev/27/25
Processing complete.
Processing Lev 27:26...
Successfully processed and saved output for Lev 27:26 to /Users/joshua/work/strong_number_embedding/sn_within_unv_selfgroup_segmentation/output/Lev/27/26
Processing complete.
Processing Lev 27:27...
Successfully processed and saved output for Lev 27:27 to /Users/joshua/work/strong_number_embedding/sn_within_unv_selfgroup_segmentation/output/Lev/27/27
Processing complete.
Processing Lev 27:28...
Successfully processed and saved output for Lev 27:28 to /Users/joshua/work/strong_number_embedding/sn_within_unv_selfgroup_segmentation/output/Lev/27/28
Processing complete.
Processing Lev 27:29...
Successfully processed and saved output for Lev 27:29 to /Users/joshua/work/strong_number_embedding/sn_within_unv_selfgroup_segmentation/output/Lev/27/29
Processing complete.
Processing Lev 27:30...
Successfully processed and saved output for Lev 27:30 to /Users/joshua/work/strong_number_embedding/sn_within_unv_selfgroup_segmentation/output/Lev/27/30
Processing complete.
Processing Lev 27:31...
Successfully processed and saved output for Lev 27:31 to /Users/joshua/work/strong_number_embedding/sn_within_unv_selfgroup_segmentation/output/Lev/27/31
Processing complete.
Processing Lev 27:32...
Successfully processed and saved output for Lev 27:32 to /Users/joshua/work/strong_number_embedding/sn_within_unv_selfgroup_segmentation/output/Lev/27/32
Processing complete.
Processing Lev 27:33...
Successfully processed and saved output for Lev 27:33 to /Users/joshua/work/strong_number_embedding/sn_within_unv_selfgroup_segmentation/output/Lev/27/33
Processing complete.
Processing Lev 27:34...
Successfully processed and saved output for Lev 27:34 to /Users/joshua/work/strong_number_embedding/sn_within_unv_selfgroup_segmentation/output/Lev/27/34
Processing complete.
Parsing Numbers (民數記) - 36 chapters...
  Processing Numbers chapter 1 (54 verses)...
Processing Num 1:1...
Successfully processed and saved output for Num 1:1 to /Users/joshua/work/strong_number_embedding/sn_within_unv_selfgroup_segmentation/output/Num/1/1
Processing complete.
Processing Num 1:2...
Successfully processed and saved output for Num 1:2 to /Users/joshua/work/strong_number_embedding/sn_within_unv_selfgroup_segmentation/output/Num/1/2
Processing complete.
Processing Num 1:3...
Successfully processed and saved output for Num 1:3 to /Users/joshua/work/strong_number_embedding/sn_within_unv_selfgroup_segmentation/output/Num/1/3
Processing complete.
Processing Num 1:4...
Successfully processed and saved output for Num 1:4 to /Users/joshua/work/strong_number_embedding/sn_within_unv_selfgroup_segmentation/output/Num/1/4
Processing complete.
Processing Num 1:5...
Successfully processed and saved output for Num 1:5 to /Users/joshua/work/strong_number_embedding/sn_within_unv_selfgroup_segmentation/output/Num/1/5
Processing complete.
Processing Num 1:6...
Successfully processed and saved output for Num 1:6 to /Users/joshua/work/strong_number_embedding/sn_within_unv_selfgroup_segmentation/output/Num/1/6
Processing complete.
Processing Num 1:7...
Successfully processed and saved output for Num 1:7 to /Users/joshua/work/strong_number_embedding/sn_within_unv_selfgroup_segmentation/output/Num/1/7
Processing complete.
Processing Num 1:8...
Successfully processed and saved output for Num 1:8 to /Users/joshua/work/strong_number_embedding/sn_within_unv_selfgroup_segmentation/output/Num/1/8
Processing complete.
Processing Num 1:9...
Successfully processed and saved output for Num 1:9 to /Users/joshua/work/strong_number_embedding/sn_within_unv_selfgroup_segmentation/output/Num/1/9
Processing complete.
Processing Num 1:10...
Successfully processed and saved output for Num 1:10 to /Users/joshua/work/strong_number_embedding/sn_within_unv_selfgroup_segmentation/output/Num/1/10
Processing complete.
Processing Num 1:11...
Successfully processed and saved output for Num 1:11 to /Users/joshua/work/strong_number_embedding/sn_within_unv_selfgroup_segmentation/output/Num/1/11
Processing complete.
Processing Num 1:12...
Successfully processed and saved output for Num 1:12 to /Users/joshua/work/strong_number_embedding/sn_within_unv_selfgroup_segmentation/output/Num/1/12
Processing complete.
Processing Num 1:13...
Successfully processed and saved output for Num 1:13 to /Users/joshua/work/strong_number_embedding/sn_within_unv_selfgroup_segmentation/output/Num/1/13
Processing complete.
Processing Num 1:14...
Successfully processed and saved output for Num 1:14 to /Users/joshua/work/strong_number_embedding/sn_within_unv_selfgroup_segmentation/output/Num/1/14
Processing complete.
Processing Num 1:15...
Successfully processed and saved output for Num 1:15 to /Users/joshua/work/strong_number_embedding/sn_within_unv_selfgroup_segmentation/output/Num/1/15
Processing complete.
Processing Num 1:16...
Successfully processed and saved output for Num 1:16 to /Users/joshua/work/strong_number_embedding/sn_within_unv_selfgroup_segmentation/output/Num/1/16
Processing complete.
Processing Num 1:17...
Successfully processed and saved output for Num 1:17 to /Users/joshua/work/strong_number_embedding/sn_within_unv_selfgroup_segmentation/output/Num/1/17
Processing complete.
Processing Num 1:18...
Successfully processed and saved output for Num 1:18 to /Users/joshua/work/strong_number_embedding/sn_within_unv_selfgroup_segmentation/output/Num/1/18
Processing complete.
Processing Num 1:19...
Successfully processed and saved output for Num 1:19 to /Users/joshua/work/strong_number_embedding/sn_within_unv_selfgroup_segmentation/output/Num/1/19
Processing complete.
Processing Num 1:20...
Successfully processed and saved output for Num 1:20 to /Users/joshua/work/strong_number_embedding/sn_within_unv_selfgroup_segmentation/output/Num/1/20
Processing complete.
Processing Num 1:21...
Successfully processed and saved output for Num 1:21 to /Users/joshua/work/strong_number_embedding/sn_within_unv_selfgroup_segmentation/output/Num/1/21
Processing complete.
Processing Num 1:22...
Successfully processed and saved output for Num 1:22 to /Users/joshua/work/strong_number_embedding/sn_within_unv_selfgroup_segmentation/output/Num/1/22
Processing complete.
Processing Num 1:23...
Successfully processed and saved output for Num 1:23 to /Users/joshua/work/strong_number_embedding/sn_within_unv_selfgroup_segmentation/output/Num/1/23
Processing complete.
Processing Num 1:24...
Successfully processed and saved output for Num 1:24 to /Users/joshua/work/strong_number_embedding/sn_within_unv_selfgroup_segmentation/output/Num/1/24
Processing complete.
Processing Num 1:25...
Successfully processed and saved output for Num 1:25 to /Users/joshua/work/strong_number_embedding/sn_within_unv_selfgroup_segmentation/output/Num/1/25
Processing complete.
Processing Num 1:26...
Successfully processed and saved output for Num 1:26 to /Users/joshua/work/strong_number_embedding/sn_within_unv_selfgroup_segmentation/output/Num/1/26
Processing complete.
Processing Num 1:27...
Successfully processed and saved output for Num 1:27 to /Users/joshua/work/strong_number_embedding/sn_within_unv_selfgroup_segmentation/output/Num/1/27
Processing complete.
Processing Num 1:28...
Successfully processed and saved output for Num 1:28 to /Users/joshua/work/strong_number_embedding/sn_within_unv_selfgroup_segmentation/output/Num/1/28
Processing complete.
Processing Num 1:29...
Successfully processed and saved output for Num 1:29 to /Users/joshua/work/strong_number_embedding/sn_within_unv_selfgroup_segmentation/output/Num/1/29
Processing complete.
Processing Num 1:30...
Successfully processed and saved output for Num 1:30 to /Users/joshua/work/strong_number_embedding/sn_within_unv_selfgroup_segmentation/output/Num/1/30
Processing complete.
Processing Num 1:31...
Successfully processed and saved output for Num 1:31 to /Users/joshua/work/strong_number_embedding/sn_within_unv_selfgroup_segmentation/output/Num/1/31
Processing complete.
Processing Num 1:32...
Successfully processed and saved output for Num 1:32 to /Users/joshua/work/strong_number_embedding/sn_within_unv_selfgroup_segmentation/output/Num/1/32
Processing complete.
Processing Num 1:33...
Successfully processed and saved output for Num 1:33 to /Users/joshua/work/strong_number_embedding/sn_within_unv_selfgroup_segmentation/output/Num/1/33
Processing complete.
Processing Num 1:34...
Successfully processed and saved output for Num 1:34 to /Users/joshua/work/strong_number_embedding/sn_within_unv_selfgroup_segmentation/output/Num/1/34
Processing complete.
Processing Num 1:35...
Successfully processed and saved output for Num 1:35 to /Users/joshua/work/strong_number_embedding/sn_within_unv_selfgroup_segmentation/output/Num/1/35
Processing complete.
Processing Num 1:36...
Successfully processed and saved output for Num 1:36 to /Users/joshua/work/strong_number_embedding/sn_within_unv_selfgroup_segmentation/output/Num/1/36
Processing complete.
Processing Num 1:37...
Successfully processed and saved output for Num 1:37 to /Users/joshua/work/strong_number_embedding/sn_within_unv_selfgroup_segmentation/output/Num/1/37
Processing complete.
Processing Num 1:38...
Successfully processed and saved output for Num 1:38 to /Users/joshua/work/strong_number_embedding/sn_within_unv_selfgroup_segmentation/output/Num/1/38
Processing complete.
Processing Num 1:39...
Successfully processed and saved output for Num 1:39 to /Users/joshua/work/strong_number_embedding/sn_within_unv_selfgroup_segmentation/output/Num/1/39
Processing complete.
Processing Num 1:40...
Successfully processed and saved output for Num 1:40 to /Users/joshua/work/strong_number_embedding/sn_within_unv_selfgroup_segmentation/output/Num/1/40
Processing complete.
Processing Num 1:41...
Successfully processed and saved output for Num 1:41 to /Users/joshua/work/strong_number_embedding/sn_within_unv_selfgroup_segmentation/output/Num/1/41
Processing complete.
Processing Num 1:42...
Successfully processed and saved output for Num 1:42 to /Users/joshua/work/strong_number_embedding/sn_within_unv_selfgroup_segmentation/output/Num/1/42
Processing complete.
Processing Num 1:43...
Successfully processed and saved output for Num 1:43 to /Users/joshua/work/strong_number_embedding/sn_within_unv_selfgroup_segmentation/output/Num/1/43
Processing complete.
Processing Num 1:44...
Successfully processed and saved output for Num 1:44 to /Users/joshua/work/strong_number_embedding/sn_within_unv_selfgroup_segmentation/output/Num/1/44
Processing complete.
Processing Num 1:45...
Successfully processed and saved output for Num 1:45 to /Users/joshua/work/strong_number_embedding/sn_within_unv_selfgroup_segmentation/output/Num/1/45
Processing complete.
Processing Num 1:46...
Successfully processed and saved output for Num 1:46 to /Users/joshua/work/strong_number_embedding/sn_within_unv_selfgroup_segmentation/output/Num/1/46
Processing complete.
Processing Num 1:47...
Successfully processed and saved output for Num 1:47 to /Users/joshua/work/strong_number_embedding/sn_within_unv_selfgroup_segmentation/output/Num/1/47
Processing complete.
Processing Num 1:48...
Successfully processed and saved output for Num 1:48 to /Users/joshua/work/strong_number_embedding/sn_within_unv_selfgroup_segmentation/output/Num/1/48
Processing complete.
Processing Num 1:49...
Successfully processed and saved output for Num 1:49 to /Users/joshua/work/strong_number_embedding/sn_within_unv_selfgroup_segmentation/output/Num/1/49
Processing complete.
Processing Num 1:50...
Successfully processed and saved output for Num 1:50 to /Users/joshua/work/strong_number_embedding/sn_within_unv_selfgroup_segmentation/output/Num/1/50
Processing complete.
Processing Num 1:51...
Successfully processed and saved output for Num 1:51 to /Users/joshua/work/strong_number_embedding/sn_within_unv_selfgroup_segmentation/output/Num/1/51
Processing complete.
Processing Num 1:52...
Successfully processed and saved output for Num 1:52 to /Users/joshua/work/strong_number_embedding/sn_within_unv_selfgroup_segmentation/output/Num/1/52
Processing complete.
Processing Num 1:53...
Successfully processed and saved output for Num 1:53 to /Users/joshua/work/strong_number_embedding/sn_within_unv_selfgroup_segmentation/output/Num/1/53
Processing complete.
Processing Num 1:54...
Successfully processed and saved output for Num 1:54 to /Users/joshua/work/strong_number_embedding/sn_within_unv_selfgroup_segmentation/output/Num/1/54
Processing complete.
  Processing Numbers chapter 2 (34 verses)...
Processing Num 2:1...
Successfully processed and saved output for Num 2:1 to /Users/joshua/work/strong_number_embedding/sn_within_unv_selfgroup_segmentation/output/Num/2/1
Processing complete.
Processing Num 2:2...
Successfully processed and saved output for Num 2:2 to /Users/joshua/work/strong_number_embedding/sn_within_unv_selfgroup_segmentation/output/Num/2/2
Processing complete.
Processing Num 2:3...
Successfully processed and saved output for Num 2:3 to /Users/joshua/work/strong_number_embedding/sn_within_unv_selfgroup_segmentation/output/Num/2/3
Processing complete.
Processing Num 2:4...
Successfully processed and saved output for Num 2:4 to /Users/joshua/work/strong_number_embedding/sn_within_unv_selfgroup_segmentation/output/Num/2/4
Processing complete.
Processing Num 2:5...
Successfully processed and saved output for Num 2:5 to /Users/joshua/work/strong_number_embedding/sn_within_unv_selfgroup_segmentation/output/Num/2/5
Processing complete.
Processing Num 2:6...
Successfully processed and saved output for Num 2:6 to /Users/joshua/work/strong_number_embedding/sn_within_unv_selfgroup_segmentation/output/Num/2/6
Processing complete.
Processing Num 2:7...
Successfully processed and saved output for Num 2:7 to /Users/joshua/work/strong_number_embedding/sn_within_unv_selfgroup_segmentation/output/Num/2/7
Processing complete.
Processing Num 2:8...
Successfully processed and saved output for Num 2:8 to /Users/joshua/work/strong_number_embedding/sn_within_unv_selfgroup_segmentation/output/Num/2/8
Processing complete.
Processing Num 2:9...
Successfully processed and saved output for Num 2:9 to /Users/joshua/work/strong_number_embedding/sn_within_unv_selfgroup_segmentation/output/Num/2/9
Processing complete.
Processing Num 2:10...
Successfully processed and saved output for Num 2:10 to /Users/joshua/work/strong_number_embedding/sn_within_unv_selfgroup_segmentation/output/Num/2/10
Processing complete.
Processing Num 2:11...
Successfully processed and saved output for Num 2:11 to /Users/joshua/work/strong_number_embedding/sn_within_unv_selfgroup_segmentation/output/Num/2/11
Processing complete.
Processing Num 2:12...
Successfully processed and saved output for Num 2:12 to /Users/joshua/work/strong_number_embedding/sn_within_unv_selfgroup_segmentation/output/Num/2/12
Processing complete.
Processing Num 2:13...
Successfully processed and saved output for Num 2:13 to /Users/joshua/work/strong_number_embedding/sn_within_unv_selfgroup_segmentation/output/Num/2/13
Processing complete.
Processing Num 2:14...
Successfully processed and saved output for Num 2:14 to /Users/joshua/work/strong_number_embedding/sn_within_unv_selfgroup_segmentation/output/Num/2/14
Processing complete.
Processing Num 2:15...
Successfully processed and saved output for Num 2:15 to /Users/joshua/work/strong_number_embedding/sn_within_unv_selfgroup_segmentation/output/Num/2/15
Processing complete.
Processing Num 2:16...
Successfully processed and saved output for Num 2:16 to /Users/joshua/work/strong_number_embedding/sn_within_unv_selfgroup_segmentation/output/Num/2/16
Processing complete.
Processing Num 2:17...
Successfully processed and saved output for Num 2:17 to /Users/joshua/work/strong_number_embedding/sn_within_unv_selfgroup_segmentation/output/Num/2/17
Processing complete.
Processing Num 2:18...
Successfully processed and saved output for Num 2:18 to /Users/joshua/work/strong_number_embedding/sn_within_unv_selfgroup_segmentation/output/Num/2/18
Processing complete.
Processing Num 2:19...
Successfully processed and saved output for Num 2:19 to /Users/joshua/work/strong_number_embedding/sn_within_unv_selfgroup_segmentation/output/Num/2/19
Processing complete.
Processing Num 2:20...
Successfully processed and saved output for Num 2:20 to /Users/joshua/work/strong_number_embedding/sn_within_unv_selfgroup_segmentation/output/Num/2/20
Processing complete.
Processing Num 2:21...
Successfully processed and saved output for Num 2:21 to /Users/joshua/work/strong_number_embedding/sn_within_unv_selfgroup_segmentation/output/Num/2/21
Processing complete.
Processing Num 2:22...
Successfully processed and saved output for Num 2:22 to /Users/joshua/work/strong_number_embedding/sn_within_unv_selfgroup_segmentation/output/Num/2/22
Processing complete.
Processing Num 2:23...
Successfully processed and saved output for Num 2:23 to /Users/joshua/work/strong_number_embedding/sn_within_unv_selfgroup_segmentation/output/Num/2/23
Processing complete.
Processing Num 2:24...
Successfully processed and saved output for Num 2:24 to /Users/joshua/work/strong_number_embedding/sn_within_unv_selfgroup_segmentation/output/Num/2/24
Processing complete.
Processing Num 2:25...
Successfully processed and saved output for Num 2:25 to /Users/joshua/work/strong_number_embedding/sn_within_unv_selfgroup_segmentation/output/Num/2/25
Processing complete.
Processing Num 2:26...
Successfully processed and saved output for Num 2:26 to /Users/joshua/work/strong_number_embedding/sn_within_unv_selfgroup_segmentation/output/Num/2/26
Processing complete.
Processing Num 2:27...
Successfully processed and saved output for Num 2:27 to /Users/joshua/work/strong_number_embedding/sn_within_unv_selfgroup_segmentation/output/Num/2/27
Processing complete.
Processing Num 2:28...
Successfully processed and saved output for Num 2:28 to /Users/joshua/work/strong_number_embedding/sn_within_unv_selfgroup_segmentation/output/Num/2/28
Processing complete.
Processing Num 2:29...
Successfully processed and saved output for Num 2:29 to /Users/joshua/work/strong_number_embedding/sn_within_unv_selfgroup_segmentation/output/Num/2/29
Processing complete.
Processing Num 2:30...
Successfully processed and saved output for Num 2:30 to /Users/joshua/work/strong_number_embedding/sn_within_unv_selfgroup_segmentation/output/Num/2/30
Processing complete.
Processing Num 2:31...
Successfully processed and saved output for Num 2:31 to /Users/joshua/work/strong_number_embedding/sn_within_unv_selfgroup_segmentation/output/Num/2/31
Processing complete.
Processing Num 2:32...
Successfully processed and saved output for Num 2:32 to /Users/joshua/work/strong_number_embedding/sn_within_unv_selfgroup_segmentation/output/Num/2/32
Processing complete.
Processing Num 2:33...
Successfully processed and saved output for Num 2:33 to /Users/joshua/work/strong_number_embedding/sn_within_unv_selfgroup_segmentation/output/Num/2/33
Processing complete.
Processing Num 2:34...
Successfully processed and saved output for Num 2:34 to /Users/joshua/work/strong_number_embedding/sn_within_unv_selfgroup_segmentation/output/Num/2/34
Processing complete.
  Processing Numbers chapter 3 (51 verses)...
Processing Num 3:1...
Successfully processed and saved output for Num 3:1 to /Users/joshua/work/strong_number_embedding/sn_within_unv_selfgroup_segmentation/output/Num/3/1
Processing complete.
Processing Num 3:2...
Successfully processed and saved output for Num 3:2 to /Users/joshua/work/strong_number_embedding/sn_within_unv_selfgroup_segmentation/output/Num/3/2
Processing complete.
Processing Num 3:3...
Successfully processed and saved output for Num 3:3 to /Users/joshua/work/strong_number_embedding/sn_within_unv_selfgroup_segmentation/output/Num/3/3
Processing complete.
Processing Num 3:4...
Successfully processed and saved output for Num 3:4 to /Users/joshua/work/strong_number_embedding/sn_within_unv_selfgroup_segmentation/output/Num/3/4
Processing complete.
Processing Num 3:5...
Successfully processed and saved output for Num 3:5 to /Users/joshua/work/strong_number_embedding/sn_within_unv_selfgroup_segmentation/output/Num/3/5
Processing complete.
Processing Num 3:6...
Successfully processed and saved output for Num 3:6 to /Users/joshua/work/strong_number_embedding/sn_within_unv_selfgroup_segmentation/output/Num/3/6
Processing complete.
Processing Num 3:7...
Successfully processed and saved output for Num 3:7 to /Users/joshua/work/strong_number_embedding/sn_within_unv_selfgroup_segmentation/output/Num/3/7
Processing complete.
Processing Num 3:8...
Successfully processed and saved output for Num 3:8 to /Users/joshua/work/strong_number_embedding/sn_within_unv_selfgroup_segmentation/output/Num/3/8
Processing complete.
Processing Num 3:9...
Successfully processed and saved output for Num 3:9 to /Users/joshua/work/strong_number_embedding/sn_within_unv_selfgroup_segmentation/output/Num/3/9
Processing complete.
Processing Num 3:10...
Successfully processed and saved output for Num 3:10 to /Users/joshua/work/strong_number_embedding/sn_within_unv_selfgroup_segmentation/output/Num/3/10
Processing complete.
Processing Num 3:11...
Successfully processed and saved output for Num 3:11 to /Users/joshua/work/strong_number_embedding/sn_within_unv_selfgroup_segmentation/output/Num/3/11
Processing complete.
Processing Num 3:12...
Successfully processed and saved output for Num 3:12 to /Users/joshua/work/strong_number_embedding/sn_within_unv_selfgroup_segmentation/output/Num/3/12
Processing complete.
Processing Num 3:13...
Successfully processed and saved output for Num 3:13 to /Users/joshua/work/strong_number_embedding/sn_within_unv_selfgroup_segmentation/output/Num/3/13
Processing complete.
Processing Num 3:14...
Successfully processed and saved output for Num 3:14 to /Users/joshua/work/strong_number_embedding/sn_within_unv_selfgroup_segmentation/output/Num/3/14
Processing complete.
Processing Num 3:15...
Successfully processed and saved output for Num 3:15 to /Users/joshua/work/strong_number_embedding/sn_within_unv_selfgroup_segmentation/output/Num/3/15
Processing complete.
Processing Num 3:16...
Successfully processed and saved output for Num 3:16 to /Users/joshua/work/strong_number_embedding/sn_within_unv_selfgroup_segmentation/output/Num/3/16
Processing complete.
Processing Num 3:17...
Successfully processed and saved output for Num 3:17 to /Users/joshua/work/strong_number_embedding/sn_within_unv_selfgroup_segmentation/output/Num/3/17
Processing complete.
Processing Num 3:18...
Successfully processed and saved output for Num 3:18 to /Users/joshua/work/strong_number_embedding/sn_within_unv_selfgroup_segmentation/output/Num/3/18
Processing complete.
Processing Num 3:19...
Successfully processed and saved output for Num 3:19 to /Users/joshua/work/strong_number_embedding/sn_within_unv_selfgroup_segmentation/output/Num/3/19
Processing complete.
Processing Num 3:20...
Successfully processed and saved output for Num 3:20 to /Users/joshua/work/strong_number_embedding/sn_within_unv_selfgroup_segmentation/output/Num/3/20
Processing complete.
Processing Num 3:21...
Successfully processed and saved output for Num 3:21 to /Users/joshua/work/strong_number_embedding/sn_within_unv_selfgroup_segmentation/output/Num/3/21
Processing complete.
Processing Num 3:22...
Successfully processed and saved output for Num 3:22 to /Users/joshua/work/strong_number_embedding/sn_within_unv_selfgroup_segmentation/output/Num/3/22
Processing complete.
Processing Num 3:23...
Successfully processed and saved output for Num 3:23 to /Users/joshua/work/strong_number_embedding/sn_within_unv_selfgroup_segmentation/output/Num/3/23
Processing complete.
Processing Num 3:24...
Successfully processed and saved output for Num 3:24 to /Users/joshua/work/strong_number_embedding/sn_within_unv_selfgroup_segmentation/output/Num/3/24
Processing complete.
Processing Num 3:25...
Successfully processed and saved output for Num 3:25 to /Users/joshua/work/strong_number_embedding/sn_within_unv_selfgroup_segmentation/output/Num/3/25
Processing complete.
Processing Num 3:26...
Successfully processed and saved output for Num 3:26 to /Users/joshua/work/strong_number_embedding/sn_within_unv_selfgroup_segmentation/output/Num/3/26
Processing complete.
Processing Num 3:27...
Successfully processed and saved output for Num 3:27 to /Users/joshua/work/strong_number_embedding/sn_within_unv_selfgroup_segmentation/output/Num/3/27
Processing complete.
Processing Num 3:28...
Successfully processed and saved output for Num 3:28 to /Users/joshua/work/strong_number_embedding/sn_within_unv_selfgroup_segmentation/output/Num/3/28
Processing complete.
Processing Num 3:29...
Successfully processed and saved output for Num 3:29 to /Users/joshua/work/strong_number_embedding/sn_within_unv_selfgroup_segmentation/output/Num/3/29
Processing complete.
Processing Num 3:30...
Successfully processed and saved output for Num 3:30 to /Users/joshua/work/strong_number_embedding/sn_within_unv_selfgroup_segmentation/output/Num/3/30
Processing complete.
Processing Num 3:31...
Successfully processed and saved output for Num 3:31 to /Users/joshua/work/strong_number_embedding/sn_within_unv_selfgroup_segmentation/output/Num/3/31
Processing complete.
Processing Num 3:32...
Successfully processed and saved output for Num 3:32 to /Users/joshua/work/strong_number_embedding/sn_within_unv_selfgroup_segmentation/output/Num/3/32
Processing complete.
Processing Num 3:33...
Successfully processed and saved output for Num 3:33 to /Users/joshua/work/strong_number_embedding/sn_within_unv_selfgroup_segmentation/output/Num/3/33
Processing complete.
Processing Num 3:34...
Successfully processed and saved output for Num 3:34 to /Users/joshua/work/strong_number_embedding/sn_within_unv_selfgroup_segmentation/output/Num/3/34
Processing complete.
Processing Num 3:35...
Successfully processed and saved output for Num 3:35 to /Users/joshua/work/strong_number_embedding/sn_within_unv_selfgroup_segmentation/output/Num/3/35
Processing complete.
Processing Num 3:36...
Successfully processed and saved output for Num 3:36 to /Users/joshua/work/strong_number_embedding/sn_within_unv_selfgroup_segmentation/output/Num/3/36
Processing complete.
Processing Num 3:37...
Successfully processed and saved output for Num 3:37 to /Users/joshua/work/strong_number_embedding/sn_within_unv_selfgroup_segmentation/output/Num/3/37
Processing complete.
Processing Num 3:38...
Successfully processed and saved output for Num 3:38 to /Users/joshua/work/strong_number_embedding/sn_within_unv_selfgroup_segmentation/output/Num/3/38
Processing complete.
Processing Num 3:39...
Successfully processed and saved output for Num 3:39 to /Users/joshua/work/strong_number_embedding/sn_within_unv_selfgroup_segmentation/output/Num/3/39
Processing complete.
Processing Num 3:40...
Successfully processed and saved output for Num 3:40 to /Users/joshua/work/strong_number_embedding/sn_within_unv_selfgroup_segmentation/output/Num/3/40
Processing complete.
Processing Num 3:41...
Successfully processed and saved output for Num 3:41 to /Users/joshua/work/strong_number_embedding/sn_within_unv_selfgroup_segmentation/output/Num/3/41
Processing complete.
Processing Num 3:42...
Successfully processed and saved output for Num 3:42 to /Users/joshua/work/strong_number_embedding/sn_within_unv_selfgroup_segmentation/output/Num/3/42
Processing complete.
Processing Num 3:43...
Successfully processed and saved output for Num 3:43 to /Users/joshua/work/strong_number_embedding/sn_within_unv_selfgroup_segmentation/output/Num/3/43
Processing complete.
Processing Num 3:44...
Successfully processed and saved output for Num 3:44 to /Users/joshua/work/strong_number_embedding/sn_within_unv_selfgroup_segmentation/output/Num/3/44
Processing complete.
Processing Num 3:45...
Successfully processed and saved output for Num 3:45 to /Users/joshua/work/strong_number_embedding/sn_within_unv_selfgroup_segmentation/output/Num/3/45
Processing complete.
Processing Num 3:46...
Successfully processed and saved output for Num 3:46 to /Users/joshua/work/strong_number_embedding/sn_within_unv_selfgroup_segmentation/output/Num/3/46
Processing complete.
Processing Num 3:47...
Successfully processed and saved output for Num 3:47 to /Users/joshua/work/strong_number_embedding/sn_within_unv_selfgroup_segmentation/output/Num/3/47
Processing complete.
Processing Num 3:48...
Successfully processed and saved output for Num 3:48 to /Users/joshua/work/strong_number_embedding/sn_within_unv_selfgroup_segmentation/output/Num/3/48
Processing complete.
Processing Num 3:49...
Successfully processed and saved output for Num 3:49 to /Users/joshua/work/strong_number_embedding/sn_within_unv_selfgroup_segmentation/output/Num/3/49
Processing complete.
Processing Num 3:50...
Successfully processed and saved output for Num 3:50 to /Users/joshua/work/strong_number_embedding/sn_within_unv_selfgroup_segmentation/output/Num/3/50
Processing complete.
Processing Num 3:51...
Successfully processed and saved output for Num 3:51 to /Users/joshua/work/strong_number_embedding/sn_within_unv_selfgroup_segmentation/output/Num/3/51
Processing complete.
  Processing Numbers chapter 4 (49 verses)...
Processing Num 4:1...
Successfully processed and saved output for Num 4:1 to /Users/joshua/work/strong_number_embedding/sn_within_unv_selfgroup_segmentation/output/Num/4/1
Processing complete.
Processing Num 4:2...
Successfully processed and saved output for Num 4:2 to /Users/joshua/work/strong_number_embedding/sn_within_unv_selfgroup_segmentation/output/Num/4/2
Processing complete.
Processing Num 4:3...
Successfully processed and saved output for Num 4:3 to /Users/joshua/work/strong_number_embedding/sn_within_unv_selfgroup_segmentation/output/Num/4/3
Processing complete.
Processing Num 4:4...
Successfully processed and saved output for Num 4:4 to /Users/joshua/work/strong_number_embedding/sn_within_unv_selfgroup_segmentation/output/Num/4/4
Processing complete.
Processing Num 4:5...
Successfully processed and saved output for Num 4:5 to /Users/joshua/work/strong_number_embedding/sn_within_unv_selfgroup_segmentation/output/Num/4/5
Processing complete.
Processing Num 4:6...
Successfully processed and saved output for Num 4:6 to /Users/joshua/work/strong_number_embedding/sn_within_unv_selfgroup_segmentation/output/Num/4/6
Processing complete.
Processing Num 4:7...
Successfully processed and saved output for Num 4:7 to /Users/joshua/work/strong_number_embedding/sn_within_unv_selfgroup_segmentation/output/Num/4/7
Processing complete.
Processing Num 4:8...
Successfully processed and saved output for Num 4:8 to /Users/joshua/work/strong_number_embedding/sn_within_unv_selfgroup_segmentation/output/Num/4/8
Processing complete.
Processing Num 4:9...
Successfully processed and saved output for Num 4:9 to /Users/joshua/work/strong_number_embedding/sn_within_unv_selfgroup_segmentation/output/Num/4/9
Processing complete.
Processing Num 4:10...
Successfully processed and saved output for Num 4:10 to /Users/joshua/work/strong_number_embedding/sn_within_unv_selfgroup_segmentation/output/Num/4/10
Processing complete.
Processing Num 4:11...
Successfully processed and saved output for Num 4:11 to /Users/joshua/work/strong_number_embedding/sn_within_unv_selfgroup_segmentation/output/Num/4/11
Processing complete.
Processing Num 4:12...
Successfully processed and saved output for Num 4:12 to /Users/joshua/work/strong_number_embedding/sn_within_unv_selfgroup_segmentation/output/Num/4/12
Processing complete.
Processing Num 4:13...
Successfully processed and saved output for Num 4:13 to /Users/joshua/work/strong_number_embedding/sn_within_unv_selfgroup_segmentation/output/Num/4/13
Processing complete.
Processing Num 4:14...
Successfully processed and saved output for Num 4:14 to /Users/joshua/work/strong_number_embedding/sn_within_unv_selfgroup_segmentation/output/Num/4/14
Processing complete.
Processing Num 4:15...
Successfully processed and saved output for Num 4:15 to /Users/joshua/work/strong_number_embedding/sn_within_unv_selfgroup_segmentation/output/Num/4/15
Processing complete.
Processing Num 4:16...
Successfully processed and saved output for Num 4:16 to /Users/joshua/work/strong_number_embedding/sn_within_unv_selfgroup_segmentation/output/Num/4/16
Processing complete.
Processing Num 4:17...
Successfully processed and saved output for Num 4:17 to /Users/joshua/work/strong_number_embedding/sn_within_unv_selfgroup_segmentation/output/Num/4/17
Processing complete.
Processing Num 4:18...
Successfully processed and saved output for Num 4:18 to /Users/joshua/work/strong_number_embedding/sn_within_unv_selfgroup_segmentation/output/Num/4/18
Processing complete.
Processing Num 4:19...
Successfully processed and saved output for Num 4:19 to /Users/joshua/work/strong_number_embedding/sn_within_unv_selfgroup_segmentation/output/Num/4/19
Processing complete.
Processing Num 4:20...
Successfully processed and saved output for Num 4:20 to /Users/joshua/work/strong_number_embedding/sn_within_unv_selfgroup_segmentation/output/Num/4/20
Processing complete.
Processing Num 4:21...
Successfully processed and saved output for Num 4:21 to /Users/joshua/work/strong_number_embedding/sn_within_unv_selfgroup_segmentation/output/Num/4/21
Processing complete.
Processing Num 4:22...
Successfully processed and saved output for Num 4:22 to /Users/joshua/work/strong_number_embedding/sn_within_unv_selfgroup_segmentation/output/Num/4/22
Processing complete.
Processing Num 4:23...
Successfully processed and saved output for Num 4:23 to /Users/joshua/work/strong_number_embedding/sn_within_unv_selfgroup_segmentation/output/Num/4/23
Processing complete.
Processing Num 4:24...
Successfully processed and saved output for Num 4:24 to /Users/joshua/work/strong_number_embedding/sn_within_unv_selfgroup_segmentation/output/Num/4/24
Processing complete.
Processing Num 4:25...
Successfully processed and saved output for Num 4:25 to /Users/joshua/work/strong_number_embedding/sn_within_unv_selfgroup_segmentation/output/Num/4/25
Processing complete.
Processing Num 4:26...
Successfully processed and saved output for Num 4:26 to /Users/joshua/work/strong_number_embedding/sn_within_unv_selfgroup_segmentation/output/Num/4/26
Processing complete.
Processing Num 4:27...
Successfully processed and saved output for Num 4:27 to /Users/joshua/work/strong_number_embedding/sn_within_unv_selfgroup_segmentation/output/Num/4/27
Processing complete.
Processing Num 4:28...
Successfully processed and saved output for Num 4:28 to /Users/joshua/work/strong_number_embedding/sn_within_unv_selfgroup_segmentation/output/Num/4/28
Processing complete.
Processing Num 4:29...
Successfully processed and saved output for Num 4:29 to /Users/joshua/work/strong_number_embedding/sn_within_unv_selfgroup_segmentation/output/Num/4/29
Processing complete.
Processing Num 4:30...
Successfully processed and saved output for Num 4:30 to /Users/joshua/work/strong_number_embedding/sn_within_unv_selfgroup_segmentation/output/Num/4/30
Processing complete.
Processing Num 4:31...
Successfully processed and saved output for Num 4:31 to /Users/joshua/work/strong_number_embedding/sn_within_unv_selfgroup_segmentation/output/Num/4/31
Processing complete.
Processing Num 4:32...
Successfully processed and saved output for Num 4:32 to /Users/joshua/work/strong_number_embedding/sn_within_unv_selfgroup_segmentation/output/Num/4/32
Processing complete.
Processing Num 4:33...
Successfully processed and saved output for Num 4:33 to /Users/joshua/work/strong_number_embedding/sn_within_unv_selfgroup_segmentation/output/Num/4/33
Processing complete.
Processing Num 4:34...
Successfully processed and saved output for Num 4:34 to /Users/joshua/work/strong_number_embedding/sn_within_unv_selfgroup_segmentation/output/Num/4/34
Processing complete.
Processing Num 4:35...
Successfully processed and saved output for Num 4:35 to /Users/joshua/work/strong_number_embedding/sn_within_unv_selfgroup_segmentation/output/Num/4/35
Processing complete.
Processing Num 4:36...
Successfully processed and saved output for Num 4:36 to /Users/joshua/work/strong_number_embedding/sn_within_unv_selfgroup_segmentation/output/Num/4/36
Processing complete.
Processing Num 4:37...
Successfully processed and saved output for Num 4:37 to /Users/joshua/work/strong_number_embedding/sn_within_unv_selfgroup_segmentation/output/Num/4/37
Processing complete.
Processing Num 4:38...
Successfully processed and saved output for Num 4:38 to /Users/joshua/work/strong_number_embedding/sn_within_unv_selfgroup_segmentation/output/Num/4/38
Processing complete.
Processing Num 4:39...
Successfully processed and saved output for Num 4:39 to /Users/joshua/work/strong_number_embedding/sn_within_unv_selfgroup_segmentation/output/Num/4/39
Processing complete.
Processing Num 4:40...
Successfully processed and saved output for Num 4:40 to /Users/joshua/work/strong_number_embedding/sn_within_unv_selfgroup_segmentation/output/Num/4/40
Processing complete.
Processing Num 4:41...
Successfully processed and saved output for Num 4:41 to /Users/joshua/work/strong_number_embedding/sn_within_unv_selfgroup_segmentation/output/Num/4/41
Processing complete.
Processing Num 4:42...
Successfully processed and saved output for Num 4:42 to /Users/joshua/work/strong_number_embedding/sn_within_unv_selfgroup_segmentation/output/Num/4/42
Processing complete.
Processing Num 4:43...
Successfully processed and saved output for Num 4:43 to /Users/joshua/work/strong_number_embedding/sn_within_unv_selfgroup_segmentation/output/Num/4/43
Processing complete.
Processing Num 4:44...
Successfully processed and saved output for Num 4:44 to /Users/joshua/work/strong_number_embedding/sn_within_unv_selfgroup_segmentation/output/Num/4/44
Processing complete.
Processing Num 4:45...
Successfully processed and saved output for Num 4:45 to /Users/joshua/work/strong_number_embedding/sn_within_unv_selfgroup_segmentation/output/Num/4/45
Processing complete.
Processing Num 4:46...
Successfully processed and saved output for Num 4:46 to /Users/joshua/work/strong_number_embedding/sn_within_unv_selfgroup_segmentation/output/Num/4/46
Processing complete.
Processing Num 4:47...
Successfully processed and saved output for Num 4:47 to /Users/joshua/work/strong_number_embedding/sn_within_unv_selfgroup_segmentation/output/Num/4/47
Processing complete.
Processing Num 4:48...
Successfully processed and saved output for Num 4:48 to /Users/joshua/work/strong_number_embedding/sn_within_unv_selfgroup_segmentation/output/Num/4/48
Processing complete.
Processing Num 4:49...
Successfully processed and saved output for Num 4:49 to /Users/joshua/work/strong_number_embedding/sn_within_unv_selfgroup_segmentation/output/Num/4/49
Processing complete.
  Processing Numbers chapter 5 (31 verses)...
Processing Num 5:1...
Successfully processed and saved output for Num 5:1 to /Users/joshua/work/strong_number_embedding/sn_within_unv_selfgroup_segmentation/output/Num/5/1
Processing complete.
Processing Num 5:2...
Successfully processed and saved output for Num 5:2 to /Users/joshua/work/strong_number_embedding/sn_within_unv_selfgroup_segmentation/output/Num/5/2
Processing complete.
Processing Num 5:3...
Successfully processed and saved output for Num 5:3 to /Users/joshua/work/strong_number_embedding/sn_within_unv_selfgroup_segmentation/output/Num/5/3
Processing complete.
Processing Num 5:4...
Successfully processed and saved output for Num 5:4 to /Users/joshua/work/strong_number_embedding/sn_within_unv_selfgroup_segmentation/output/Num/5/4
Processing complete.
Processing Num 5:5...
Successfully processed and saved output for Num 5:5 to /Users/joshua/work/strong_number_embedding/sn_within_unv_selfgroup_segmentation/output/Num/5/5
Processing complete.
Processing Num 5:6...
Successfully processed and saved output for Num 5:6 to /Users/joshua/work/strong_number_embedding/sn_within_unv_selfgroup_segmentation/output/Num/5/6
Processing complete.
Processing Num 5:7...
Successfully processed and saved output for Num 5:7 to /Users/joshua/work/strong_number_embedding/sn_within_unv_selfgroup_segmentation/output/Num/5/7
Processing complete.
Processing Num 5:8...
Successfully processed and saved output for Num 5:8 to /Users/joshua/work/strong_number_embedding/sn_within_unv_selfgroup_segmentation/output/Num/5/8
Processing complete.
Processing Num 5:9...
Successfully processed and saved output for Num 5:9 to /Users/joshua/work/strong_number_embedding/sn_within_unv_selfgroup_segmentation/output/Num/5/9
Processing complete.
Processing Num 5:10...
Successfully processed and saved output for Num 5:10 to /Users/joshua/work/strong_number_embedding/sn_within_unv_selfgroup_segmentation/output/Num/5/10
Processing complete.
Processing Num 5:11...
Successfully processed and saved output for Num 5:11 to /Users/joshua/work/strong_number_embedding/sn_within_unv_selfgroup_segmentation/output/Num/5/11
Processing complete.
Processing Num 5:12...
Successfully processed and saved output for Num 5:12 to /Users/joshua/work/strong_number_embedding/sn_within_unv_selfgroup_segmentation/output/Num/5/12
Processing complete.
Processing Num 5:13...
Successfully processed and saved output for Num 5:13 to /Users/joshua/work/strong_number_embedding/sn_within_unv_selfgroup_segmentation/output/Num/5/13
Processing complete.
Processing Num 5:14...
Successfully processed and saved output for Num 5:14 to /Users/joshua/work/strong_number_embedding/sn_within_unv_selfgroup_segmentation/output/Num/5/14
Processing complete.
Processing Num 5:15...
Successfully processed and saved output for Num 5:15 to /Users/joshua/work/strong_number_embedding/sn_within_unv_selfgroup_segmentation/output/Num/5/15
Processing complete.
Processing Num 5:16...
Successfully processed and saved output for Num 5:16 to /Users/joshua/work/strong_number_embedding/sn_within_unv_selfgroup_segmentation/output/Num/5/16
Processing complete.
Processing Num 5:17...
Successfully processed and saved output for Num 5:17 to /Users/joshua/work/strong_number_embedding/sn_within_unv_selfgroup_segmentation/output/Num/5/17
Processing complete.
Processing Num 5:18...
Successfully processed and saved output for Num 5:18 to /Users/joshua/work/strong_number_embedding/sn_within_unv_selfgroup_segmentation/output/Num/5/18
Processing complete.
Processing Num 5:19...
Successfully processed and saved output for Num 5:19 to /Users/joshua/work/strong_number_embedding/sn_within_unv_selfgroup_segmentation/output/Num/5/19
Processing complete.
Processing Num 5:20...
Successfully processed and saved output for Num 5:20 to /Users/joshua/work/strong_number_embedding/sn_within_unv_selfgroup_segmentation/output/Num/5/20
Processing complete.
Processing Num 5:21...
Successfully processed and saved output for Num 5:21 to /Users/joshua/work/strong_number_embedding/sn_within_unv_selfgroup_segmentation/output/Num/5/21
Processing complete.
Processing Num 5:22...
Successfully processed and saved output for Num 5:22 to /Users/joshua/work/strong_number_embedding/sn_within_unv_selfgroup_segmentation/output/Num/5/22
Processing complete.
Processing Num 5:23...
Successfully processed and saved output for Num 5:23 to /Users/joshua/work/strong_number_embedding/sn_within_unv_selfgroup_segmentation/output/Num/5/23
Processing complete.
Processing Num 5:24...
Successfully processed and saved output for Num 5:24 to /Users/joshua/work/strong_number_embedding/sn_within_unv_selfgroup_segmentation/output/Num/5/24
Processing complete.
Processing Num 5:25...
Successfully processed and saved output for Num 5:25 to /Users/joshua/work/strong_number_embedding/sn_within_unv_selfgroup_segmentation/output/Num/5/25
Processing complete.
Processing Num 5:26...
Successfully processed and saved output for Num 5:26 to /Users/joshua/work/strong_number_embedding/sn_within_unv_selfgroup_segmentation/output/Num/5/26
Processing complete.
Processing Num 5:27...
Successfully processed and saved output for Num 5:27 to /Users/joshua/work/strong_number_embedding/sn_within_unv_selfgroup_segmentation/output/Num/5/27
Processing complete.
Processing Num 5:28...
Successfully processed and saved output for Num 5:28 to /Users/joshua/work/strong_number_embedding/sn_within_unv_selfgroup_segmentation/output/Num/5/28
Processing complete.
Processing Num 5:29...
Successfully processed and saved output for Num 5:29 to /Users/joshua/work/strong_number_embedding/sn_within_unv_selfgroup_segmentation/output/Num/5/29
Processing complete.
Processing Num 5:30...
Successfully processed and saved output for Num 5:30 to /Users/joshua/work/strong_number_embedding/sn_within_unv_selfgroup_segmentation/output/Num/5/30
Processing complete.
Processing Num 5:31...
Successfully processed and saved output for Num 5:31 to /Users/joshua/work/strong_number_embedding/sn_within_unv_selfgroup_segmentation/output/Num/5/31
Processing complete.
  Processing Numbers chapter 6 (27 verses)...
Processing Num 6:1...
Successfully processed and saved output for Num 6:1 to /Users/joshua/work/strong_number_embedding/sn_within_unv_selfgroup_segmentation/output/Num/6/1
Processing complete.
Processing Num 6:2...
Successfully processed and saved output for Num 6:2 to /Users/joshua/work/strong_number_embedding/sn_within_unv_selfgroup_segmentation/output/Num/6/2
Processing complete.
Processing Num 6:3...
Successfully processed and saved output for Num 6:3 to /Users/joshua/work/strong_number_embedding/sn_within_unv_selfgroup_segmentation/output/Num/6/3
Processing complete.
Processing Num 6:4...
Successfully processed and saved output for Num 6:4 to /Users/joshua/work/strong_number_embedding/sn_within_unv_selfgroup_segmentation/output/Num/6/4
Processing complete.
Processing Num 6:5...
Successfully processed and saved output for Num 6:5 to /Users/joshua/work/strong_number_embedding/sn_within_unv_selfgroup_segmentation/output/Num/6/5
Processing complete.
Processing Num 6:6...
Successfully processed and saved output for Num 6:6 to /Users/joshua/work/strong_number_embedding/sn_within_unv_selfgroup_segmentation/output/Num/6/6
Processing complete.
Processing Num 6:7...
Successfully processed and saved output for Num 6:7 to /Users/joshua/work/strong_number_embedding/sn_within_unv_selfgroup_segmentation/output/Num/6/7
Processing complete.
Processing Num 6:8...
Successfully processed and saved output for Num 6:8 to /Users/joshua/work/strong_number_embedding/sn_within_unv_selfgroup_segmentation/output/Num/6/8
Processing complete.
Processing Num 6:9...
Successfully processed and saved output for Num 6:9 to /Users/joshua/work/strong_number_embedding/sn_within_unv_selfgroup_segmentation/output/Num/6/9
Processing complete.
Processing Num 6:10...
Successfully processed and saved output for Num 6:10 to /Users/joshua/work/strong_number_embedding/sn_within_unv_selfgroup_segmentation/output/Num/6/10
Processing complete.
Processing Num 6:11...
Successfully processed and saved output for Num 6:11 to /Users/joshua/work/strong_number_embedding/sn_within_unv_selfgroup_segmentation/output/Num/6/11
Processing complete.
Processing Num 6:12...
Successfully processed and saved output for Num 6:12 to /Users/joshua/work/strong_number_embedding/sn_within_unv_selfgroup_segmentation/output/Num/6/12
Processing complete.
Processing Num 6:13...
Successfully processed and saved output for Num 6:13 to /Users/joshua/work/strong_number_embedding/sn_within_unv_selfgroup_segmentation/output/Num/6/13
Processing complete.
Processing Num 6:14...
Successfully processed and saved output for Num 6:14 to /Users/joshua/work/strong_number_embedding/sn_within_unv_selfgroup_segmentation/output/Num/6/14
Processing complete.
Processing Num 6:15...
Successfully processed and saved output for Num 6:15 to /Users/joshua/work/strong_number_embedding/sn_within_unv_selfgroup_segmentation/output/Num/6/15
Processing complete.
Processing Num 6:16...
Successfully processed and saved output for Num 6:16 to /Users/joshua/work/strong_number_embedding/sn_within_unv_selfgroup_segmentation/output/Num/6/16
Processing complete.
Processing Num 6:17...
Successfully processed and saved output for Num 6:17 to /Users/joshua/work/strong_number_embedding/sn_within_unv_selfgroup_segmentation/output/Num/6/17
Processing complete.
Processing Num 6:18...
Successfully processed and saved output for Num 6:18 to /Users/joshua/work/strong_number_embedding/sn_within_unv_selfgroup_segmentation/output/Num/6/18
Processing complete.
Processing Num 6:19...
Successfully processed and saved output for Num 6:19 to /Users/joshua/work/strong_number_embedding/sn_within_unv_selfgroup_segmentation/output/Num/6/19
Processing complete.
Processing Num 6:20...
Successfully processed and saved output for Num 6:20 to /Users/joshua/work/strong_number_embedding/sn_within_unv_selfgroup_segmentation/output/Num/6/20
Processing complete.
Processing Num 6:21...
Successfully processed and saved output for Num 6:21 to /Users/joshua/work/strong_number_embedding/sn_within_unv_selfgroup_segmentation/output/Num/6/21
Processing complete.
Processing Num 6:22...
Successfully processed and saved output for Num 6:22 to /Users/joshua/work/strong_number_embedding/sn_within_unv_selfgroup_segmentation/output/Num/6/22
Processing complete.
Processing Num 6:23...
Successfully processed and saved output for Num 6:23 to /Users/joshua/work/strong_number_embedding/sn_within_unv_selfgroup_segmentation/output/Num/6/23
Processing complete.
Processing Num 6:24...
Successfully processed and saved output for Num 6:24 to /Users/joshua/work/strong_number_embedding/sn_within_unv_selfgroup_segmentation/output/Num/6/24
Processing complete.
Processing Num 6:25...
Successfully processed and saved output for Num 6:25 to /Users/joshua/work/strong_number_embedding/sn_within_unv_selfgroup_segmentation/output/Num/6/25
Processing complete.
Processing Num 6:26...
Successfully processed and saved output for Num 6:26 to /Users/joshua/work/strong_number_embedding/sn_within_unv_selfgroup_segmentation/output/Num/6/26
Processing complete.
Processing Num 6:27...
Successfully processed and saved output for Num 6:27 to /Users/joshua/work/strong_number_embedding/sn_within_unv_selfgroup_segmentation/output/Num/6/27
Processing complete.
  Processing Numbers chapter 7 (89 verses)...
Processing Num 7:1...
Successfully processed and saved output for Num 7:1 to /Users/joshua/work/strong_number_embedding/sn_within_unv_selfgroup_segmentation/output/Num/7/1
Processing complete.
Processing Num 7:2...
Successfully processed and saved output for Num 7:2 to /Users/joshua/work/strong_number_embedding/sn_within_unv_selfgroup_segmentation/output/Num/7/2
Processing complete.
Processing Num 7:3...
Successfully processed and saved output for Num 7:3 to /Users/joshua/work/strong_number_embedding/sn_within_unv_selfgroup_segmentation/output/Num/7/3
Processing complete.
Processing Num 7:4...
Successfully processed and saved output for Num 7:4 to /Users/joshua/work/strong_number_embedding/sn_within_unv_selfgroup_segmentation/output/Num/7/4
Processing complete.
Processing Num 7:5...
Successfully processed and saved output for Num 7:5 to /Users/joshua/work/strong_number_embedding/sn_within_unv_selfgroup_segmentation/output/Num/7/5
Processing complete.
Processing Num 7:6...
Successfully processed and saved output for Num 7:6 to /Users/joshua/work/strong_number_embedding/sn_within_unv_selfgroup_segmentation/output/Num/7/6
Processing complete.
Processing Num 7:7...
Successfully processed and saved output for Num 7:7 to /Users/joshua/work/strong_number_embedding/sn_within_unv_selfgroup_segmentation/output/Num/7/7
Processing complete.
Processing Num 7:8...
Successfully processed and saved output for Num 7:8 to /Users/joshua/work/strong_number_embedding/sn_within_unv_selfgroup_segmentation/output/Num/7/8
Processing complete.
Processing Num 7:9...
Successfully processed and saved output for Num 7:9 to /Users/joshua/work/strong_number_embedding/sn_within_unv_selfgroup_segmentation/output/Num/7/9
Processing complete.
Processing Num 7:10...
Successfully processed and saved output for Num 7:10 to /Users/joshua/work/strong_number_embedding/sn_within_unv_selfgroup_segmentation/output/Num/7/10
Processing complete.
Processing Num 7:11...
Successfully processed and saved output for Num 7:11 to /Users/joshua/work/strong_number_embedding/sn_within_unv_selfgroup_segmentation/output/Num/7/11
Processing complete.
Processing Num 7:12...
Successfully processed and saved output for Num 7:12 to /Users/joshua/work/strong_number_embedding/sn_within_unv_selfgroup_segmentation/output/Num/7/12
Processing complete.
Processing Num 7:13...
Successfully processed and saved output for Num 7:13 to /Users/joshua/work/strong_number_embedding/sn_within_unv_selfgroup_segmentation/output/Num/7/13
Processing complete.
Processing Num 7:14...
Successfully processed and saved output for Num 7:14 to /Users/joshua/work/strong_number_embedding/sn_within_unv_selfgroup_segmentation/output/Num/7/14
Processing complete.
Processing Num 7:15...
Successfully processed and saved output for Num 7:15 to /Users/joshua/work/strong_number_embedding/sn_within_unv_selfgroup_segmentation/output/Num/7/15
Processing complete.
Processing Num 7:16...
Successfully processed and saved output for Num 7:16 to /Users/joshua/work/strong_number_embedding/sn_within_unv_selfgroup_segmentation/output/Num/7/16
Processing complete.
Processing Num 7:17...
Successfully processed and saved output for Num 7:17 to /Users/joshua/work/strong_number_embedding/sn_within_unv_selfgroup_segmentation/output/Num/7/17
Processing complete.
Processing Num 7:18...
Successfully processed and saved output for Num 7:18 to /Users/joshua/work/strong_number_embedding/sn_within_unv_selfgroup_segmentation/output/Num/7/18
Processing complete.
Processing Num 7:19...
Successfully processed and saved output for Num 7:19 to /Users/joshua/work/strong_number_embedding/sn_within_unv_selfgroup_segmentation/output/Num/7/19
Processing complete.
Processing Num 7:20...
Successfully processed and saved output for Num 7:20 to /Users/joshua/work/strong_number_embedding/sn_within_unv_selfgroup_segmentation/output/Num/7/20
Processing complete.
Processing Num 7:21...
Successfully processed and saved output for Num 7:21 to /Users/joshua/work/strong_number_embedding/sn_within_unv_selfgroup_segmentation/output/Num/7/21
Processing complete.
Processing Num 7:22...
Successfully processed and saved output for Num 7:22 to /Users/joshua/work/strong_number_embedding/sn_within_unv_selfgroup_segmentation/output/Num/7/22
Processing complete.
Processing Num 7:23...
Successfully processed and saved output for Num 7:23 to /Users/joshua/work/strong_number_embedding/sn_within_unv_selfgroup_segmentation/output/Num/7/23
Processing complete.
Processing Num 7:24...
Successfully processed and saved output for Num 7:24 to /Users/joshua/work/strong_number_embedding/sn_within_unv_selfgroup_segmentation/output/Num/7/24
Processing complete.
Processing Num 7:25...
Successfully processed and saved output for Num 7:25 to /Users/joshua/work/strong_number_embedding/sn_within_unv_selfgroup_segmentation/output/Num/7/25
Processing complete.
Processing Num 7:26...
Successfully processed and saved output for Num 7:26 to /Users/joshua/work/strong_number_embedding/sn_within_unv_selfgroup_segmentation/output/Num/7/26
Processing complete.
Processing Num 7:27...
Successfully processed and saved output for Num 7:27 to /Users/joshua/work/strong_number_embedding/sn_within_unv_selfgroup_segmentation/output/Num/7/27
Processing complete.
Processing Num 7:28...
Successfully processed and saved output for Num 7:28 to /Users/joshua/work/strong_number_embedding/sn_within_unv_selfgroup_segmentation/output/Num/7/28
Processing complete.
Processing Num 7:29...
Successfully processed and saved output for Num 7:29 to /Users/joshua/work/strong_number_embedding/sn_within_unv_selfgroup_segmentation/output/Num/7/29
Processing complete.
Processing Num 7:30...
Successfully processed and saved output for Num 7:30 to /Users/joshua/work/strong_number_embedding/sn_within_unv_selfgroup_segmentation/output/Num/7/30
Processing complete.
Processing Num 7:31...
Successfully processed and saved output for Num 7:31 to /Users/joshua/work/strong_number_embedding/sn_within_unv_selfgroup_segmentation/output/Num/7/31
Processing complete.
Processing Num 7:32...
Successfully processed and saved output for Num 7:32 to /Users/joshua/work/strong_number_embedding/sn_within_unv_selfgroup_segmentation/output/Num/7/32
Processing complete.
Processing Num 7:33...
Successfully processed and saved output for Num 7:33 to /Users/joshua/work/strong_number_embedding/sn_within_unv_selfgroup_segmentation/output/Num/7/33
Processing complete.
Processing Num 7:34...
Successfully processed and saved output for Num 7:34 to /Users/joshua/work/strong_number_embedding/sn_within_unv_selfgroup_segmentation/output/Num/7/34
Processing complete.
Processing Num 7:35...
Successfully processed and saved output for Num 7:35 to /Users/joshua/work/strong_number_embedding/sn_within_unv_selfgroup_segmentation/output/Num/7/35
Processing complete.
Processing Num 7:36...
Successfully processed and saved output for Num 7:36 to /Users/joshua/work/strong_number_embedding/sn_within_unv_selfgroup_segmentation/output/Num/7/36
Processing complete.
Processing Num 7:37...
Successfully processed and saved output for Num 7:37 to /Users/joshua/work/strong_number_embedding/sn_within_unv_selfgroup_segmentation/output/Num/7/37
Processing complete.
Processing Num 7:38...
Successfully processed and saved output for Num 7:38 to /Users/joshua/work/strong_number_embedding/sn_within_unv_selfgroup_segmentation/output/Num/7/38
Processing complete.
Processing Num 7:39...
Successfully processed and saved output for Num 7:39 to /Users/joshua/work/strong_number_embedding/sn_within_unv_selfgroup_segmentation/output/Num/7/39
Processing complete.
Processing Num 7:40...
Successfully processed and saved output for Num 7:40 to /Users/joshua/work/strong_number_embedding/sn_within_unv_selfgroup_segmentation/output/Num/7/40
Processing complete.
Processing Num 7:41...
Successfully processed and saved output for Num 7:41 to /Users/joshua/work/strong_number_embedding/sn_within_unv_selfgroup_segmentation/output/Num/7/41
Processing complete.
Processing Num 7:42...
Successfully processed and saved output for Num 7:42 to /Users/joshua/work/strong_number_embedding/sn_within_unv_selfgroup_segmentation/output/Num/7/42
Processing complete.
Processing Num 7:43...
Successfully processed and saved output for Num 7:43 to /Users/joshua/work/strong_number_embedding/sn_within_unv_selfgroup_segmentation/output/Num/7/43
Processing complete.
Processing Num 7:44...
Successfully processed and saved output for Num 7:44 to /Users/joshua/work/strong_number_embedding/sn_within_unv_selfgroup_segmentation/output/Num/7/44
Processing complete.
Processing Num 7:45...
Successfully processed and saved output for Num 7:45 to /Users/joshua/work/strong_number_embedding/sn_within_unv_selfgroup_segmentation/output/Num/7/45
Processing complete.
Processing Num 7:46...
Successfully processed and saved output for Num 7:46 to /Users/joshua/work/strong_number_embedding/sn_within_unv_selfgroup_segmentation/output/Num/7/46
Processing complete.
Processing Num 7:47...
Successfully processed and saved output for Num 7:47 to /Users/joshua/work/strong_number_embedding/sn_within_unv_selfgroup_segmentation/output/Num/7/47
Processing complete.
Processing Num 7:48...
Successfully processed and saved output for Num 7:48 to /Users/joshua/work/strong_number_embedding/sn_within_unv_selfgroup_segmentation/output/Num/7/48
Processing complete.
Processing Num 7:49...
Successfully processed and saved output for Num 7:49 to /Users/joshua/work/strong_number_embedding/sn_within_unv_selfgroup_segmentation/output/Num/7/49
Processing complete.
Processing Num 7:50...
Successfully processed and saved output for Num 7:50 to /Users/joshua/work/strong_number_embedding/sn_within_unv_selfgroup_segmentation/output/Num/7/50
Processing complete.
Processing Num 7:51...
Successfully processed and saved output for Num 7:51 to /Users/joshua/work/strong_number_embedding/sn_within_unv_selfgroup_segmentation/output/Num/7/51
Processing complete.
Processing Num 7:52...
Successfully processed and saved output for Num 7:52 to /Users/joshua/work/strong_number_embedding/sn_within_unv_selfgroup_segmentation/output/Num/7/52
Processing complete.
Processing Num 7:53...
Successfully processed and saved output for Num 7:53 to /Users/joshua/work/strong_number_embedding/sn_within_unv_selfgroup_segmentation/output/Num/7/53
Processing complete.
Processing Num 7:54...
Successfully processed and saved output for Num 7:54 to /Users/joshua/work/strong_number_embedding/sn_within_unv_selfgroup_segmentation/output/Num/7/54
Processing complete.
Processing Num 7:55...
Successfully processed and saved output for Num 7:55 to /Users/joshua/work/strong_number_embedding/sn_within_unv_selfgroup_segmentation/output/Num/7/55
Processing complete.
Processing Num 7:56...
Successfully processed and saved output for Num 7:56 to /Users/joshua/work/strong_number_embedding/sn_within_unv_selfgroup_segmentation/output/Num/7/56
Processing complete.
Processing Num 7:57...
Successfully processed and saved output for Num 7:57 to /Users/joshua/work/strong_number_embedding/sn_within_unv_selfgroup_segmentation/output/Num/7/57
Processing complete.
Processing Num 7:58...
Successfully processed and saved output for Num 7:58 to /Users/joshua/work/strong_number_embedding/sn_within_unv_selfgroup_segmentation/output/Num/7/58
Processing complete.
Processing Num 7:59...
Successfully processed and saved output for Num 7:59 to /Users/joshua/work/strong_number_embedding/sn_within_unv_selfgroup_segmentation/output/Num/7/59
Processing complete.
Processing Num 7:60...
Successfully processed and saved output for Num 7:60 to /Users/joshua/work/strong_number_embedding/sn_within_unv_selfgroup_segmentation/output/Num/7/60
Processing complete.
Processing Num 7:61...
Successfully processed and saved output for Num 7:61 to /Users/joshua/work/strong_number_embedding/sn_within_unv_selfgroup_segmentation/output/Num/7/61
Processing complete.
Processing Num 7:62...
Successfully processed and saved output for Num 7:62 to /Users/joshua/work/strong_number_embedding/sn_within_unv_selfgroup_segmentation/output/Num/7/62
Processing complete.
Processing Num 7:63...
Successfully processed and saved output for Num 7:63 to /Users/joshua/work/strong_number_embedding/sn_within_unv_selfgroup_segmentation/output/Num/7/63
Processing complete.
Processing Num 7:64...
Successfully processed and saved output for Num 7:64 to /Users/joshua/work/strong_number_embedding/sn_within_unv_selfgroup_segmentation/output/Num/7/64
Processing complete.
Processing Num 7:65...
Successfully processed and saved output for Num 7:65 to /Users/joshua/work/strong_number_embedding/sn_within_unv_selfgroup_segmentation/output/Num/7/65
Processing complete.
Processing Num 7:66...
Successfully processed and saved output for Num 7:66 to /Users/joshua/work/strong_number_embedding/sn_within_unv_selfgroup_segmentation/output/Num/7/66
Processing complete.
Processing Num 7:67...
Successfully processed and saved output for Num 7:67 to /Users/joshua/work/strong_number_embedding/sn_within_unv_selfgroup_segmentation/output/Num/7/67
Processing complete.
Processing Num 7:68...
Successfully processed and saved output for Num 7:68 to /Users/joshua/work/strong_number_embedding/sn_within_unv_selfgroup_segmentation/output/Num/7/68
Processing complete.
Processing Num 7:69...
Successfully processed and saved output for Num 7:69 to /Users/joshua/work/strong_number_embedding/sn_within_unv_selfgroup_segmentation/output/Num/7/69
Processing complete.
Processing Num 7:70...
Successfully processed and saved output for Num 7:70 to /Users/joshua/work/strong_number_embedding/sn_within_unv_selfgroup_segmentation/output/Num/7/70
Processing complete.
Processing Num 7:71...
Successfully processed and saved output for Num 7:71 to /Users/joshua/work/strong_number_embedding/sn_within_unv_selfgroup_segmentation/output/Num/7/71
Processing complete.
Processing Num 7:72...
Successfully processed and saved output for Num 7:72 to /Users/joshua/work/strong_number_embedding/sn_within_unv_selfgroup_segmentation/output/Num/7/72
Processing complete.
Processing Num 7:73...
Successfully processed and saved output for Num 7:73 to /Users/joshua/work/strong_number_embedding/sn_within_unv_selfgroup_segmentation/output/Num/7/73
Processing complete.
Processing Num 7:74...
Successfully processed and saved output for Num 7:74 to /Users/joshua/work/strong_number_embedding/sn_within_unv_selfgroup_segmentation/output/Num/7/74
Processing complete.
Processing Num 7:75...
Successfully processed and saved output for Num 7:75 to /Users/joshua/work/strong_number_embedding/sn_within_unv_selfgroup_segmentation/output/Num/7/75
Processing complete.
Processing Num 7:76...
Successfully processed and saved output for Num 7:76 to /Users/joshua/work/strong_number_embedding/sn_within_unv_selfgroup_segmentation/output/Num/7/76
Processing complete.
Processing Num 7:77...
Successfully processed and saved output for Num 7:77 to /Users/joshua/work/strong_number_embedding/sn_within_unv_selfgroup_segmentation/output/Num/7/77
Processing complete.
Processing Num 7:78...
Successfully processed and saved output for Num 7:78 to /Users/joshua/work/strong_number_embedding/sn_within_unv_selfgroup_segmentation/output/Num/7/78
Processing complete.
Processing Num 7:79...
Successfully processed and saved output for Num 7:79 to /Users/joshua/work/strong_number_embedding/sn_within_unv_selfgroup_segmentation/output/Num/7/79
Processing complete.
Processing Num 7:80...
Successfully processed and saved output for Num 7:80 to /Users/joshua/work/strong_number_embedding/sn_within_unv_selfgroup_segmentation/output/Num/7/80
Processing complete.
Processing Num 7:81...
Successfully processed and saved output for Num 7:81 to /Users/joshua/work/strong_number_embedding/sn_within_unv_selfgroup_segmentation/output/Num/7/81
Processing complete.
Processing Num 7:82...
Successfully processed and saved output for Num 7:82 to /Users/joshua/work/strong_number_embedding/sn_within_unv_selfgroup_segmentation/output/Num/7/82
Processing complete.
Processing Num 7:83...
Successfully processed and saved output for Num 7:83 to /Users/joshua/work/strong_number_embedding/sn_within_unv_selfgroup_segmentation/output/Num/7/83
Processing complete.
Processing Num 7:84...
Successfully processed and saved output for Num 7:84 to /Users/joshua/work/strong_number_embedding/sn_within_unv_selfgroup_segmentation/output/Num/7/84
Processing complete.
Processing Num 7:85...
Successfully processed and saved output for Num 7:85 to /Users/joshua/work/strong_number_embedding/sn_within_unv_selfgroup_segmentation/output/Num/7/85
Processing complete.
Processing Num 7:86...
Successfully processed and saved output for Num 7:86 to /Users/joshua/work/strong_number_embedding/sn_within_unv_selfgroup_segmentation/output/Num/7/86
Processing complete.
Processing Num 7:87...
Successfully processed and saved output for Num 7:87 to /Users/joshua/work/strong_number_embedding/sn_within_unv_selfgroup_segmentation/output/Num/7/87
Processing complete.
Processing Num 7:88...
Successfully processed and saved output for Num 7:88 to /Users/joshua/work/strong_number_embedding/sn_within_unv_selfgroup_segmentation/output/Num/7/88
Processing complete.
Processing Num 7:89...
Successfully processed and saved output for Num 7:89 to /Users/joshua/work/strong_number_embedding/sn_within_unv_selfgroup_segmentation/output/Num/7/89
Processing complete.
  Processing Numbers chapter 8 (26 verses)...
Processing Num 8:1...
Successfully processed and saved output for Num 8:1 to /Users/joshua/work/strong_number_embedding/sn_within_unv_selfgroup_segmentation/output/Num/8/1
Processing complete.
Processing Num 8:2...
Successfully processed and saved output for Num 8:2 to /Users/joshua/work/strong_number_embedding/sn_within_unv_selfgroup_segmentation/output/Num/8/2
Processing complete.
Processing Num 8:3...
Successfully processed and saved output for Num 8:3 to /Users/joshua/work/strong_number_embedding/sn_within_unv_selfgroup_segmentation/output/Num/8/3
Processing complete.
Processing Num 8:4...
Successfully processed and saved output for Num 8:4 to /Users/joshua/work/strong_number_embedding/sn_within_unv_selfgroup_segmentation/output/Num/8/4
Processing complete.
Processing Num 8:5...
Successfully processed and saved output for Num 8:5 to /Users/joshua/work/strong_number_embedding/sn_within_unv_selfgroup_segmentation/output/Num/8/5
Processing complete.
Processing Num 8:6...
Successfully processed and saved output for Num 8:6 to /Users/joshua/work/strong_number_embedding/sn_within_unv_selfgroup_segmentation/output/Num/8/6
Processing complete.
Processing Num 8:7...
Successfully processed and saved output for Num 8:7 to /Users/joshua/work/strong_number_embedding/sn_within_unv_selfgroup_segmentation/output/Num/8/7
Processing complete.
Processing Num 8:8...
Successfully processed and saved output for Num 8:8 to /Users/joshua/work/strong_number_embedding/sn_within_unv_selfgroup_segmentation/output/Num/8/8
Processing complete.
Processing Num 8:9...
Successfully processed and saved output for Num 8:9 to /Users/joshua/work/strong_number_embedding/sn_within_unv_selfgroup_segmentation/output/Num/8/9
Processing complete.
Processing Num 8:10...
Successfully processed and saved output for Num 8:10 to /Users/joshua/work/strong_number_embedding/sn_within_unv_selfgroup_segmentation/output/Num/8/10
Processing complete.
Processing Num 8:11...
Successfully processed and saved output for Num 8:11 to /Users/joshua/work/strong_number_embedding/sn_within_unv_selfgroup_segmentation/output/Num/8/11
Processing complete.
Processing Num 8:12...
Successfully processed and saved output for Num 8:12 to /Users/joshua/work/strong_number_embedding/sn_within_unv_selfgroup_segmentation/output/Num/8/12
Processing complete.
Processing Num 8:13...
Successfully processed and saved output for Num 8:13 to /Users/joshua/work/strong_number_embedding/sn_within_unv_selfgroup_segmentation/output/Num/8/13
Processing complete.
Processing Num 8:14...
Successfully processed and saved output for Num 8:14 to /Users/joshua/work/strong_number_embedding/sn_within_unv_selfgroup_segmentation/output/Num/8/14
Processing complete.
Processing Num 8:15...
Successfully processed and saved output for Num 8:15 to /Users/joshua/work/strong_number_embedding/sn_within_unv_selfgroup_segmentation/output/Num/8/15
Processing complete.
Processing Num 8:16...
Successfully processed and saved output for Num 8:16 to /Users/joshua/work/strong_number_embedding/sn_within_unv_selfgroup_segmentation/output/Num/8/16
Processing complete.
Processing Num 8:17...
Successfully processed and saved output for Num 8:17 to /Users/joshua/work/strong_number_embedding/sn_within_unv_selfgroup_segmentation/output/Num/8/17
Processing complete.
Processing Num 8:18...
Successfully processed and saved output for Num 8:18 to /Users/joshua/work/strong_number_embedding/sn_within_unv_selfgroup_segmentation/output/Num/8/18
Processing complete.
Processing Num 8:19...
Successfully processed and saved output for Num 8:19 to /Users/joshua/work/strong_number_embedding/sn_within_unv_selfgroup_segmentation/output/Num/8/19
Processing complete.
Processing Num 8:20...
Successfully processed and saved output for Num 8:20 to /Users/joshua/work/strong_number_embedding/sn_within_unv_selfgroup_segmentation/output/Num/8/20
Processing complete.
Processing Num 8:21...
Successfully processed and saved output for Num 8:21 to /Users/joshua/work/strong_number_embedding/sn_within_unv_selfgroup_segmentation/output/Num/8/21
Processing complete.
Processing Num 8:22...
Successfully processed and saved output for Num 8:22 to /Users/joshua/work/strong_number_embedding/sn_within_unv_selfgroup_segmentation/output/Num/8/22
Processing complete.
Processing Num 8:23...
Successfully processed and saved output for Num 8:23 to /Users/joshua/work/strong_number_embedding/sn_within_unv_selfgroup_segmentation/output/Num/8/23
Processing complete.
Processing Num 8:24...
Successfully processed and saved output for Num 8:24 to /Users/joshua/work/strong_number_embedding/sn_within_unv_selfgroup_segmentation/output/Num/8/24
Processing complete.
Processing Num 8:25...
Successfully processed and saved output for Num 8:25 to /Users/joshua/work/strong_number_embedding/sn_within_unv_selfgroup_segmentation/output/Num/8/25
Processing complete.
Processing Num 8:26...
Successfully processed and saved output for Num 8:26 to /Users/joshua/work/strong_number_embedding/sn_within_unv_selfgroup_segmentation/output/Num/8/26
Processing complete.
  Processing Numbers chapter 9 (23 verses)...
Processing Num 9:1...
Successfully processed and saved output for Num 9:1 to /Users/joshua/work/strong_number_embedding/sn_within_unv_selfgroup_segmentation/output/Num/9/1
Processing complete.
Processing Num 9:2...
Successfully processed and saved output for Num 9:2 to /Users/joshua/work/strong_number_embedding/sn_within_unv_selfgroup_segmentation/output/Num/9/2
Processing complete.
Processing Num 9:3...
Successfully processed and saved output for Num 9:3 to /Users/joshua/work/strong_number_embedding/sn_within_unv_selfgroup_segmentation/output/Num/9/3
Processing complete.
Processing Num 9:4...
Successfully processed and saved output for Num 9:4 to /Users/joshua/work/strong_number_embedding/sn_within_unv_selfgroup_segmentation/output/Num/9/4
Processing complete.
Processing Num 9:5...
Successfully processed and saved output for Num 9:5 to /Users/joshua/work/strong_number_embedding/sn_within_unv_selfgroup_segmentation/output/Num/9/5
Processing complete.
Processing Num 9:6...
Successfully processed and saved output for Num 9:6 to /Users/joshua/work/strong_number_embedding/sn_within_unv_selfgroup_segmentation/output/Num/9/6
Processing complete.
Processing Num 9:7...
Successfully processed and saved output for Num 9:7 to /Users/joshua/work/strong_number_embedding/sn_within_unv_selfgroup_segmentation/output/Num/9/7
Processing complete.
Processing Num 9:8...
Successfully processed and saved output for Num 9:8 to /Users/joshua/work/strong_number_embedding/sn_within_unv_selfgroup_segmentation/output/Num/9/8
Processing complete.
Processing Num 9:9...
Successfully processed and saved output for Num 9:9 to /Users/joshua/work/strong_number_embedding/sn_within_unv_selfgroup_segmentation/output/Num/9/9
Processing complete.
Processing Num 9:10...
Successfully processed and saved output for Num 9:10 to /Users/joshua/work/strong_number_embedding/sn_within_unv_selfgroup_segmentation/output/Num/9/10
Processing complete.
Processing Num 9:11...
Successfully processed and saved output for Num 9:11 to /Users/joshua/work/strong_number_embedding/sn_within_unv_selfgroup_segmentation/output/Num/9/11
Processing complete.
Processing Num 9:12...
Successfully processed and saved output for Num 9:12 to /Users/joshua/work/strong_number_embedding/sn_within_unv_selfgroup_segmentation/output/Num/9/12
Processing complete.
Processing Num 9:13...
Successfully processed and saved output for Num 9:13 to /Users/joshua/work/strong_number_embedding/sn_within_unv_selfgroup_segmentation/output/Num/9/13
Processing complete.
Processing Num 9:14...
Successfully processed and saved output for Num 9:14 to /Users/joshua/work/strong_number_embedding/sn_within_unv_selfgroup_segmentation/output/Num/9/14
Processing complete.
Processing Num 9:15...
Successfully processed and saved output for Num 9:15 to /Users/joshua/work/strong_number_embedding/sn_within_unv_selfgroup_segmentation/output/Num/9/15
Processing complete.
Processing Num 9:16...
Successfully processed and saved output for Num 9:16 to /Users/joshua/work/strong_number_embedding/sn_within_unv_selfgroup_segmentation/output/Num/9/16
Processing complete.
Processing Num 9:17...
Successfully processed and saved output for Num 9:17 to /Users/joshua/work/strong_number_embedding/sn_within_unv_selfgroup_segmentation/output/Num/9/17
Processing complete.
Processing Num 9:18...
Successfully processed and saved output for Num 9:18 to /Users/joshua/work/strong_number_embedding/sn_within_unv_selfgroup_segmentation/output/Num/9/18
Processing complete.
Processing Num 9:19...
Successfully processed and saved output for Num 9:19 to /Users/joshua/work/strong_number_embedding/sn_within_unv_selfgroup_segmentation/output/Num/9/19
Processing complete.
Processing Num 9:20...
Successfully processed and saved output for Num 9:20 to /Users/joshua/work/strong_number_embedding/sn_within_unv_selfgroup_segmentation/output/Num/9/20
Processing complete.
Processing Num 9:21...
Successfully processed and saved output for Num 9:21 to /Users/joshua/work/strong_number_embedding/sn_within_unv_selfgroup_segmentation/output/Num/9/21
Processing complete.
Processing Num 9:22...
Successfully processed and saved output for Num 9:22 to /Users/joshua/work/strong_number_embedding/sn_within_unv_selfgroup_segmentation/output/Num/9/22
Processing complete.
Processing Num 9:23...
Successfully processed and saved output for Num 9:23 to /Users/joshua/work/strong_number_embedding/sn_within_unv_selfgroup_segmentation/output/Num/9/23
Processing complete.
  Processing Numbers chapter 10 (36 verses)...
Processing Num 10:1...
Successfully processed and saved output for Num 10:1 to /Users/joshua/work/strong_number_embedding/sn_within_unv_selfgroup_segmentation/output/Num/10/1
Processing complete.
Processing Num 10:2...
Successfully processed and saved output for Num 10:2 to /Users/joshua/work/strong_number_embedding/sn_within_unv_selfgroup_segmentation/output/Num/10/2
Processing complete.
Processing Num 10:3...
Successfully processed and saved output for Num 10:3 to /Users/joshua/work/strong_number_embedding/sn_within_unv_selfgroup_segmentation/output/Num/10/3
Processing complete.
Processing Num 10:4...
Successfully processed and saved output for Num 10:4 to /Users/joshua/work/strong_number_embedding/sn_within_unv_selfgroup_segmentation/output/Num/10/4
Processing complete.
Processing Num 10:5...
Successfully processed and saved output for Num 10:5 to /Users/joshua/work/strong_number_embedding/sn_within_unv_selfgroup_segmentation/output/Num/10/5
Processing complete.
Processing Num 10:6...
Successfully processed and saved output for Num 10:6 to /Users/joshua/work/strong_number_embedding/sn_within_unv_selfgroup_segmentation/output/Num/10/6
Processing complete.
Processing Num 10:7...
Successfully processed and saved output for Num 10:7 to /Users/joshua/work/strong_number_embedding/sn_within_unv_selfgroup_segmentation/output/Num/10/7
Processing complete.
Processing Num 10:8...
Successfully processed and saved output for Num 10:8 to /Users/joshua/work/strong_number_embedding/sn_within_unv_selfgroup_segmentation/output/Num/10/8
Processing complete.
Processing Num 10:9...
Successfully processed and saved output for Num 10:9 to /Users/joshua/work/strong_number_embedding/sn_within_unv_selfgroup_segmentation/output/Num/10/9
Processing complete.
Processing Num 10:10...
Successfully processed and saved output for Num 10:10 to /Users/joshua/work/strong_number_embedding/sn_within_unv_selfgroup_segmentation/output/Num/10/10
Processing complete.
Processing Num 10:11...
Successfully processed and saved output for Num 10:11 to /Users/joshua/work/strong_number_embedding/sn_within_unv_selfgroup_segmentation/output/Num/10/11
Processing complete.
Processing Num 10:12...
Successfully processed and saved output for Num 10:12 to /Users/joshua/work/strong_number_embedding/sn_within_unv_selfgroup_segmentation/output/Num/10/12
Processing complete.
Processing Num 10:13...
Successfully processed and saved output for Num 10:13 to /Users/joshua/work/strong_number_embedding/sn_within_unv_selfgroup_segmentation/output/Num/10/13
Processing complete.
Processing Num 10:14...
Successfully processed and saved output for Num 10:14 to /Users/joshua/work/strong_number_embedding/sn_within_unv_selfgroup_segmentation/output/Num/10/14
Processing complete.
Processing Num 10:15...
Successfully processed and saved output for Num 10:15 to /Users/joshua/work/strong_number_embedding/sn_within_unv_selfgroup_segmentation/output/Num/10/15
Processing complete.
Processing Num 10:16...
Successfully processed and saved output for Num 10:16 to /Users/joshua/work/strong_number_embedding/sn_within_unv_selfgroup_segmentation/output/Num/10/16
Processing complete.
Processing Num 10:17...
Successfully processed and saved output for Num 10:17 to /Users/joshua/work/strong_number_embedding/sn_within_unv_selfgroup_segmentation/output/Num/10/17
Processing complete.
Processing Num 10:18...
Successfully processed and saved output for Num 10:18 to /Users/joshua/work/strong_number_embedding/sn_within_unv_selfgroup_segmentation/output/Num/10/18
Processing complete.
Processing Num 10:19...
Successfully processed and saved output for Num 10:19 to /Users/joshua/work/strong_number_embedding/sn_within_unv_selfgroup_segmentation/output/Num/10/19
Processing complete.
Processing Num 10:20...
Successfully processed and saved output for Num 10:20 to /Users/joshua/work/strong_number_embedding/sn_within_unv_selfgroup_segmentation/output/Num/10/20
Processing complete.
Processing Num 10:21...
Successfully processed and saved output for Num 10:21 to /Users/joshua/work/strong_number_embedding/sn_within_unv_selfgroup_segmentation/output/Num/10/21
Processing complete.
Processing Num 10:22...
Successfully processed and saved output for Num 10:22 to /Users/joshua/work/strong_number_embedding/sn_within_unv_selfgroup_segmentation/output/Num/10/22
Processing complete.
Processing Num 10:23...
Successfully processed and saved output for Num 10:23 to /Users/joshua/work/strong_number_embedding/sn_within_unv_selfgroup_segmentation/output/Num/10/23
Processing complete.
Processing Num 10:24...
Successfully processed and saved output for Num 10:24 to /Users/joshua/work/strong_number_embedding/sn_within_unv_selfgroup_segmentation/output/Num/10/24
Processing complete.
Processing Num 10:25...
Successfully processed and saved output for Num 10:25 to /Users/joshua/work/strong_number_embedding/sn_within_unv_selfgroup_segmentation/output/Num/10/25
Processing complete.
Processing Num 10:26...
Successfully processed and saved output for Num 10:26 to /Users/joshua/work/strong_number_embedding/sn_within_unv_selfgroup_segmentation/output/Num/10/26
Processing complete.
Processing Num 10:27...
Successfully processed and saved output for Num 10:27 to /Users/joshua/work/strong_number_embedding/sn_within_unv_selfgroup_segmentation/output/Num/10/27
Processing complete.
Processing Num 10:28...
Successfully processed and saved output for Num 10:28 to /Users/joshua/work/strong_number_embedding/sn_within_unv_selfgroup_segmentation/output/Num/10/28
Processing complete.
Processing Num 10:29...
Successfully processed and saved output for Num 10:29 to /Users/joshua/work/strong_number_embedding/sn_within_unv_selfgroup_segmentation/output/Num/10/29
Processing complete.
Processing Num 10:30...
Successfully processed and saved output for Num 10:30 to /Users/joshua/work/strong_number_embedding/sn_within_unv_selfgroup_segmentation/output/Num/10/30
Processing complete.
Processing Num 10:31...
Successfully processed and saved output for Num 10:31 to /Users/joshua/work/strong_number_embedding/sn_within_unv_selfgroup_segmentation/output/Num/10/31
Processing complete.
Processing Num 10:32...
Successfully processed and saved output for Num 10:32 to /Users/joshua/work/strong_number_embedding/sn_within_unv_selfgroup_segmentation/output/Num/10/32
Processing complete.
Processing Num 10:33...
Successfully processed and saved output for Num 10:33 to /Users/joshua/work/strong_number_embedding/sn_within_unv_selfgroup_segmentation/output/Num/10/33
Processing complete.
Processing Num 10:34...
Successfully processed and saved output for Num 10:34 to /Users/joshua/work/strong_number_embedding/sn_within_unv_selfgroup_segmentation/output/Num/10/34
Processing complete.
Processing Num 10:35...
Successfully processed and saved output for Num 10:35 to /Users/joshua/work/strong_number_embedding/sn_within_unv_selfgroup_segmentation/output/Num/10/35
Processing complete.
Processing Num 10:36...
Successfully processed and saved output for Num 10:36 to /Users/joshua/work/strong_number_embedding/sn_within_unv_selfgroup_segmentation/output/Num/10/36
Processing complete.
  Processing Numbers chapter 11 (35 verses)...
Processing Num 11:1...
Successfully processed and saved output for Num 11:1 to /Users/joshua/work/strong_number_embedding/sn_within_unv_selfgroup_segmentation/output/Num/11/1
Processing complete.
Processing Num 11:2...
Successfully processed and saved output for Num 11:2 to /Users/joshua/work/strong_number_embedding/sn_within_unv_selfgroup_segmentation/output/Num/11/2
Processing complete.
Processing Num 11:3...
Successfully processed and saved output for Num 11:3 to /Users/joshua/work/strong_number_embedding/sn_within_unv_selfgroup_segmentation/output/Num/11/3
Processing complete.
Processing Num 11:4...
Successfully processed and saved output for Num 11:4 to /Users/joshua/work/strong_number_embedding/sn_within_unv_selfgroup_segmentation/output/Num/11/4
Processing complete.
Processing Num 11:5...
Successfully processed and saved output for Num 11:5 to /Users/joshua/work/strong_number_embedding/sn_within_unv_selfgroup_segmentation/output/Num/11/5
Processing complete.
Processing Num 11:6...
Successfully processed and saved output for Num 11:6 to /Users/joshua/work/strong_number_embedding/sn_within_unv_selfgroup_segmentation/output/Num/11/6
Processing complete.
Processing Num 11:7...
Successfully processed and saved output for Num 11:7 to /Users/joshua/work/strong_number_embedding/sn_within_unv_selfgroup_segmentation/output/Num/11/7
Processing complete.
Processing Num 11:8...
Successfully processed and saved output for Num 11:8 to /Users/joshua/work/strong_number_embedding/sn_within_unv_selfgroup_segmentation/output/Num/11/8
Processing complete.
Processing Num 11:9...
Successfully processed and saved output for Num 11:9 to /Users/joshua/work/strong_number_embedding/sn_within_unv_selfgroup_segmentation/output/Num/11/9
Processing complete.
Processing Num 11:10...
Successfully processed and saved output for Num 11:10 to /Users/joshua/work/strong_number_embedding/sn_within_unv_selfgroup_segmentation/output/Num/11/10
Processing complete.
Processing Num 11:11...
Successfully processed and saved output for Num 11:11 to /Users/joshua/work/strong_number_embedding/sn_within_unv_selfgroup_segmentation/output/Num/11/11
Processing complete.
Processing Num 11:12...
Successfully processed and saved output for Num 11:12 to /Users/joshua/work/strong_number_embedding/sn_within_unv_selfgroup_segmentation/output/Num/11/12
Processing complete.
Processing Num 11:13...
Successfully processed and saved output for Num 11:13 to /Users/joshua/work/strong_number_embedding/sn_within_unv_selfgroup_segmentation/output/Num/11/13
Processing complete.
Processing Num 11:14...
Successfully processed and saved output for Num 11:14 to /Users/joshua/work/strong_number_embedding/sn_within_unv_selfgroup_segmentation/output/Num/11/14
Processing complete.
Processing Num 11:15...
Successfully processed and saved output for Num 11:15 to /Users/joshua/work/strong_number_embedding/sn_within_unv_selfgroup_segmentation/output/Num/11/15
Processing complete.
Processing Num 11:16...
Successfully processed and saved output for Num 11:16 to /Users/joshua/work/strong_number_embedding/sn_within_unv_selfgroup_segmentation/output/Num/11/16
Processing complete.
Processing Num 11:17...
Successfully processed and saved output for Num 11:17 to /Users/joshua/work/strong_number_embedding/sn_within_unv_selfgroup_segmentation/output/Num/11/17
Processing complete.
Processing Num 11:18...
Successfully processed and saved output for Num 11:18 to /Users/joshua/work/strong_number_embedding/sn_within_unv_selfgroup_segmentation/output/Num/11/18
Processing complete.
Processing Num 11:19...
Successfully processed and saved output for Num 11:19 to /Users/joshua/work/strong_number_embedding/sn_within_unv_selfgroup_segmentation/output/Num/11/19
Processing complete.
Processing Num 11:20...
Successfully processed and saved output for Num 11:20 to /Users/joshua/work/strong_number_embedding/sn_within_unv_selfgroup_segmentation/output/Num/11/20
Processing complete.
Processing Num 11:21...
Successfully processed and saved output for Num 11:21 to /Users/joshua/work/strong_number_embedding/sn_within_unv_selfgroup_segmentation/output/Num/11/21
Processing complete.
Processing Num 11:22...
Successfully processed and saved output for Num 11:22 to /Users/joshua/work/strong_number_embedding/sn_within_unv_selfgroup_segmentation/output/Num/11/22
Processing complete.
Processing Num 11:23...
Successfully processed and saved output for Num 11:23 to /Users/joshua/work/strong_number_embedding/sn_within_unv_selfgroup_segmentation/output/Num/11/23
Processing complete.
Processing Num 11:24...
Successfully processed and saved output for Num 11:24 to /Users/joshua/work/strong_number_embedding/sn_within_unv_selfgroup_segmentation/output/Num/11/24
Processing complete.
Processing Num 11:25...
Successfully processed and saved output for Num 11:25 to /Users/joshua/work/strong_number_embedding/sn_within_unv_selfgroup_segmentation/output/Num/11/25
Processing complete.
Processing Num 11:26...
Successfully processed and saved output for Num 11:26 to /Users/joshua/work/strong_number_embedding/sn_within_unv_selfgroup_segmentation/output/Num/11/26
Processing complete.
Processing Num 11:27...
Successfully processed and saved output for Num 11:27 to /Users/joshua/work/strong_number_embedding/sn_within_unv_selfgroup_segmentation/output/Num/11/27
Processing complete.
Processing Num 11:28...
Successfully processed and saved output for Num 11:28 to /Users/joshua/work/strong_number_embedding/sn_within_unv_selfgroup_segmentation/output/Num/11/28
Processing complete.
Processing Num 11:29...
Successfully processed and saved output for Num 11:29 to /Users/joshua/work/strong_number_embedding/sn_within_unv_selfgroup_segmentation/output/Num/11/29
Processing complete.
Processing Num 11:30...
Successfully processed and saved output for Num 11:30 to /Users/joshua/work/strong_number_embedding/sn_within_unv_selfgroup_segmentation/output/Num/11/30
Processing complete.
Processing Num 11:31...
Successfully processed and saved output for Num 11:31 to /Users/joshua/work/strong_number_embedding/sn_within_unv_selfgroup_segmentation/output/Num/11/31
Processing complete.
Processing Num 11:32...
Successfully processed and saved output for Num 11:32 to /Users/joshua/work/strong_number_embedding/sn_within_unv_selfgroup_segmentation/output/Num/11/32
Processing complete.
Processing Num 11:33...
Successfully processed and saved output for Num 11:33 to /Users/joshua/work/strong_number_embedding/sn_within_unv_selfgroup_segmentation/output/Num/11/33
Processing complete.
Processing Num 11:34...
Successfully processed and saved output for Num 11:34 to /Users/joshua/work/strong_number_embedding/sn_within_unv_selfgroup_segmentation/output/Num/11/34
Processing complete.
Processing Num 11:35...
Successfully processed and saved output for Num 11:35 to /Users/joshua/work/strong_number_embedding/sn_within_unv_selfgroup_segmentation/output/Num/11/35
Processing complete.
  Processing Numbers chapter 12 (16 verses)...
Processing Num 12:1...
Successfully processed and saved output for Num 12:1 to /Users/joshua/work/strong_number_embedding/sn_within_unv_selfgroup_segmentation/output/Num/12/1
Processing complete.
Processing Num 12:2...
Successfully processed and saved output for Num 12:2 to /Users/joshua/work/strong_number_embedding/sn_within_unv_selfgroup_segmentation/output/Num/12/2
Processing complete.
Processing Num 12:3...
Successfully processed and saved output for Num 12:3 to /Users/joshua/work/strong_number_embedding/sn_within_unv_selfgroup_segmentation/output/Num/12/3
Processing complete.
Processing Num 12:4...
Successfully processed and saved output for Num 12:4 to /Users/joshua/work/strong_number_embedding/sn_within_unv_selfgroup_segmentation/output/Num/12/4
Processing complete.
Processing Num 12:5...
Successfully processed and saved output for Num 12:5 to /Users/joshua/work/strong_number_embedding/sn_within_unv_selfgroup_segmentation/output/Num/12/5
Processing complete.
Processing Num 12:6...
Successfully processed and saved output for Num 12:6 to /Users/joshua/work/strong_number_embedding/sn_within_unv_selfgroup_segmentation/output/Num/12/6
Processing complete.
Processing Num 12:7...
Successfully processed and saved output for Num 12:7 to /Users/joshua/work/strong_number_embedding/sn_within_unv_selfgroup_segmentation/output/Num/12/7
Processing complete.
Processing Num 12:8...
Successfully processed and saved output for Num 12:8 to /Users/joshua/work/strong_number_embedding/sn_within_unv_selfgroup_segmentation/output/Num/12/8
Processing complete.
Processing Num 12:9...
Successfully processed and saved output for Num 12:9 to /Users/joshua/work/strong_number_embedding/sn_within_unv_selfgroup_segmentation/output/Num/12/9
Processing complete.
Processing Num 12:10...
Successfully processed and saved output for Num 12:10 to /Users/joshua/work/strong_number_embedding/sn_within_unv_selfgroup_segmentation/output/Num/12/10
Processing complete.
Processing Num 12:11...
Successfully processed and saved output for Num 12:11 to /Users/joshua/work/strong_number_embedding/sn_within_unv_selfgroup_segmentation/output/Num/12/11
Processing complete.
Processing Num 12:12...
Successfully processed and saved output for Num 12:12 to /Users/joshua/work/strong_number_embedding/sn_within_unv_selfgroup_segmentation/output/Num/12/12
Processing complete.
Processing Num 12:13...
Successfully processed and saved output for Num 12:13 to /Users/joshua/work/strong_number_embedding/sn_within_unv_selfgroup_segmentation/output/Num/12/13
Processing complete.
Processing Num 12:14...
Successfully processed and saved output for Num 12:14 to /Users/joshua/work/strong_number_embedding/sn_within_unv_selfgroup_segmentation/output/Num/12/14
Processing complete.
Processing Num 12:15...
Successfully processed and saved output for Num 12:15 to /Users/joshua/work/strong_number_embedding/sn_within_unv_selfgroup_segmentation/output/Num/12/15
Processing complete.
Processing Num 12:16...
Successfully processed and saved output for Num 12:16 to /Users/joshua/work/strong_number_embedding/sn_within_unv_selfgroup_segmentation/output/Num/12/16
Processing complete.
  Processing Numbers chapter 13 (33 verses)...
Processing Num 13:1...
Successfully processed and saved output for Num 13:1 to /Users/joshua/work/strong_number_embedding/sn_within_unv_selfgroup_segmentation/output/Num/13/1
Processing complete.
Processing Num 13:2...
Successfully processed and saved output for Num 13:2 to /Users/joshua/work/strong_number_embedding/sn_within_unv_selfgroup_segmentation/output/Num/13/2
Processing complete.
Processing Num 13:3...
Successfully processed and saved output for Num 13:3 to /Users/joshua/work/strong_number_embedding/sn_within_unv_selfgroup_segmentation/output/Num/13/3
Processing complete.
Processing Num 13:4...
Successfully processed and saved output for Num 13:4 to /Users/joshua/work/strong_number_embedding/sn_within_unv_selfgroup_segmentation/output/Num/13/4
Processing complete.
Processing Num 13:5...
Successfully processed and saved output for Num 13:5 to /Users/joshua/work/strong_number_embedding/sn_within_unv_selfgroup_segmentation/output/Num/13/5
Processing complete.
Processing Num 13:6...
Successfully processed and saved output for Num 13:6 to /Users/joshua/work/strong_number_embedding/sn_within_unv_selfgroup_segmentation/output/Num/13/6
Processing complete.
Processing Num 13:7...
Successfully processed and saved output for Num 13:7 to /Users/joshua/work/strong_number_embedding/sn_within_unv_selfgroup_segmentation/output/Num/13/7
Processing complete.
Processing Num 13:8...
Successfully processed and saved output for Num 13:8 to /Users/joshua/work/strong_number_embedding/sn_within_unv_selfgroup_segmentation/output/Num/13/8
Processing complete.
Processing Num 13:9...
Successfully processed and saved output for Num 13:9 to /Users/joshua/work/strong_number_embedding/sn_within_unv_selfgroup_segmentation/output/Num/13/9
Processing complete.
Processing Num 13:10...
Successfully processed and saved output for Num 13:10 to /Users/joshua/work/strong_number_embedding/sn_within_unv_selfgroup_segmentation/output/Num/13/10
Processing complete.
Processing Num 13:11...
Successfully processed and saved output for Num 13:11 to /Users/joshua/work/strong_number_embedding/sn_within_unv_selfgroup_segmentation/output/Num/13/11
Processing complete.
Processing Num 13:12...
Successfully processed and saved output for Num 13:12 to /Users/joshua/work/strong_number_embedding/sn_within_unv_selfgroup_segmentation/output/Num/13/12
Processing complete.
Processing Num 13:13...
Successfully processed and saved output for Num 13:13 to /Users/joshua/work/strong_number_embedding/sn_within_unv_selfgroup_segmentation/output/Num/13/13
Processing complete.
Processing Num 13:14...
Successfully processed and saved output for Num 13:14 to /Users/joshua/work/strong_number_embedding/sn_within_unv_selfgroup_segmentation/output/Num/13/14
Processing complete.
Processing Num 13:15...
Successfully processed and saved output for Num 13:15 to /Users/joshua/work/strong_number_embedding/sn_within_unv_selfgroup_segmentation/output/Num/13/15
Processing complete.
Processing Num 13:16...
Successfully processed and saved output for Num 13:16 to /Users/joshua/work/strong_number_embedding/sn_within_unv_selfgroup_segmentation/output/Num/13/16
Processing complete.
Processing Num 13:17...
Successfully processed and saved output for Num 13:17 to /Users/joshua/work/strong_number_embedding/sn_within_unv_selfgroup_segmentation/output/Num/13/17
Processing complete.
Processing Num 13:18...
Successfully processed and saved output for Num 13:18 to /Users/joshua/work/strong_number_embedding/sn_within_unv_selfgroup_segmentation/output/Num/13/18
Processing complete.
Processing Num 13:19...
Successfully processed and saved output for Num 13:19 to /Users/joshua/work/strong_number_embedding/sn_within_unv_selfgroup_segmentation/output/Num/13/19
Processing complete.
Processing Num 13:20...
Successfully processed and saved output for Num 13:20 to /Users/joshua/work/strong_number_embedding/sn_within_unv_selfgroup_segmentation/output/Num/13/20
Processing complete.
Processing Num 13:21...
Successfully processed and saved output for Num 13:21 to /Users/joshua/work/strong_number_embedding/sn_within_unv_selfgroup_segmentation/output/Num/13/21
Processing complete.
Processing Num 13:22...
Successfully processed and saved output for Num 13:22 to /Users/joshua/work/strong_number_embedding/sn_within_unv_selfgroup_segmentation/output/Num/13/22
Processing complete.
Processing Num 13:23...
Successfully processed and saved output for Num 13:23 to /Users/joshua/work/strong_number_embedding/sn_within_unv_selfgroup_segmentation/output/Num/13/23
Processing complete.
Processing Num 13:24...
Successfully processed and saved output for Num 13:24 to /Users/joshua/work/strong_number_embedding/sn_within_unv_selfgroup_segmentation/output/Num/13/24
Processing complete.
Processing Num 13:25...
Successfully processed and saved output for Num 13:25 to /Users/joshua/work/strong_number_embedding/sn_within_unv_selfgroup_segmentation/output/Num/13/25
Processing complete.
Processing Num 13:26...
Successfully processed and saved output for Num 13:26 to /Users/joshua/work/strong_number_embedding/sn_within_unv_selfgroup_segmentation/output/Num/13/26
Processing complete.
Processing Num 13:27...
Successfully processed and saved output for Num 13:27 to /Users/joshua/work/strong_number_embedding/sn_within_unv_selfgroup_segmentation/output/Num/13/27
Processing complete.
Processing Num 13:28...
Successfully processed and saved output for Num 13:28 to /Users/joshua/work/strong_number_embedding/sn_within_unv_selfgroup_segmentation/output/Num/13/28
Processing complete.
Processing Num 13:29...
Successfully processed and saved output for Num 13:29 to /Users/joshua/work/strong_number_embedding/sn_within_unv_selfgroup_segmentation/output/Num/13/29
Processing complete.
Processing Num 13:30...
Successfully processed and saved output for Num 13:30 to /Users/joshua/work/strong_number_embedding/sn_within_unv_selfgroup_segmentation/output/Num/13/30
Processing complete.
Processing Num 13:31...
Successfully processed and saved output for Num 13:31 to /Users/joshua/work/strong_number_embedding/sn_within_unv_selfgroup_segmentation/output/Num/13/31
Processing complete.
Processing Num 13:32...
Successfully processed and saved output for Num 13:32 to /Users/joshua/work/strong_number_embedding/sn_within_unv_selfgroup_segmentation/output/Num/13/32
Processing complete.
Processing Num 13:33...
Successfully processed and saved output for Num 13:33 to /Users/joshua/work/strong_number_embedding/sn_within_unv_selfgroup_segmentation/output/Num/13/33
Processing complete.
  Processing Numbers chapter 14 (45 verses)...
Processing Num 14:1...
Successfully processed and saved output for Num 14:1 to /Users/joshua/work/strong_number_embedding/sn_within_unv_selfgroup_segmentation/output/Num/14/1
Processing complete.
Processing Num 14:2...
Successfully processed and saved output for Num 14:2 to /Users/joshua/work/strong_number_embedding/sn_within_unv_selfgroup_segmentation/output/Num/14/2
Processing complete.
Processing Num 14:3...
Successfully processed and saved output for Num 14:3 to /Users/joshua/work/strong_number_embedding/sn_within_unv_selfgroup_segmentation/output/Num/14/3
Processing complete.
Processing Num 14:4...
Successfully processed and saved output for Num 14:4 to /Users/joshua/work/strong_number_embedding/sn_within_unv_selfgroup_segmentation/output/Num/14/4
Processing complete.
Processing Num 14:5...
Successfully processed and saved output for Num 14:5 to /Users/joshua/work/strong_number_embedding/sn_within_unv_selfgroup_segmentation/output/Num/14/5
Processing complete.
Processing Num 14:6...
Successfully processed and saved output for Num 14:6 to /Users/joshua/work/strong_number_embedding/sn_within_unv_selfgroup_segmentation/output/Num/14/6
Processing complete.
Processing Num 14:7...
Successfully processed and saved output for Num 14:7 to /Users/joshua/work/strong_number_embedding/sn_within_unv_selfgroup_segmentation/output/Num/14/7
Processing complete.
Processing Num 14:8...
Successfully processed and saved output for Num 14:8 to /Users/joshua/work/strong_number_embedding/sn_within_unv_selfgroup_segmentation/output/Num/14/8
Processing complete.
Processing Num 14:9...
Successfully processed and saved output for Num 14:9 to /Users/joshua/work/strong_number_embedding/sn_within_unv_selfgroup_segmentation/output/Num/14/9
Processing complete.
Processing Num 14:10...
Successfully processed and saved output for Num 14:10 to /Users/joshua/work/strong_number_embedding/sn_within_unv_selfgroup_segmentation/output/Num/14/10
Processing complete.
Processing Num 14:11...
Successfully processed and saved output for Num 14:11 to /Users/joshua/work/strong_number_embedding/sn_within_unv_selfgroup_segmentation/output/Num/14/11
Processing complete.
Processing Num 14:12...
Successfully processed and saved output for Num 14:12 to /Users/joshua/work/strong_number_embedding/sn_within_unv_selfgroup_segmentation/output/Num/14/12
Processing complete.
Processing Num 14:13...
Successfully processed and saved output for Num 14:13 to /Users/joshua/work/strong_number_embedding/sn_within_unv_selfgroup_segmentation/output/Num/14/13
Processing complete.
Processing Num 14:14...
Successfully processed and saved output for Num 14:14 to /Users/joshua/work/strong_number_embedding/sn_within_unv_selfgroup_segmentation/output/Num/14/14
Processing complete.
Processing Num 14:15...
Successfully processed and saved output for Num 14:15 to /Users/joshua/work/strong_number_embedding/sn_within_unv_selfgroup_segmentation/output/Num/14/15
Processing complete.
Processing Num 14:16...
Successfully processed and saved output for Num 14:16 to /Users/joshua/work/strong_number_embedding/sn_within_unv_selfgroup_segmentation/output/Num/14/16
Processing complete.
Processing Num 14:17...
Successfully processed and saved output for Num 14:17 to /Users/joshua/work/strong_number_embedding/sn_within_unv_selfgroup_segmentation/output/Num/14/17
Processing complete.
Processing Num 14:18...
Successfully processed and saved output for Num 14:18 to /Users/joshua/work/strong_number_embedding/sn_within_unv_selfgroup_segmentation/output/Num/14/18
Processing complete.
Processing Num 14:19...
Successfully processed and saved output for Num 14:19 to /Users/joshua/work/strong_number_embedding/sn_within_unv_selfgroup_segmentation/output/Num/14/19
Processing complete.
Processing Num 14:20...
Successfully processed and saved output for Num 14:20 to /Users/joshua/work/strong_number_embedding/sn_within_unv_selfgroup_segmentation/output/Num/14/20
Processing complete.
Processing Num 14:21...
Successfully processed and saved output for Num 14:21 to /Users/joshua/work/strong_number_embedding/sn_within_unv_selfgroup_segmentation/output/Num/14/21
Processing complete.
Processing Num 14:22...
Successfully processed and saved output for Num 14:22 to /Users/joshua/work/strong_number_embedding/sn_within_unv_selfgroup_segmentation/output/Num/14/22
Processing complete.
Processing Num 14:23...
Successfully processed and saved output for Num 14:23 to /Users/joshua/work/strong_number_embedding/sn_within_unv_selfgroup_segmentation/output/Num/14/23
Processing complete.
Processing Num 14:24...
Successfully processed and saved output for Num 14:24 to /Users/joshua/work/strong_number_embedding/sn_within_unv_selfgroup_segmentation/output/Num/14/24
Processing complete.
Processing Num 14:25...
Successfully processed and saved output for Num 14:25 to /Users/joshua/work/strong_number_embedding/sn_within_unv_selfgroup_segmentation/output/Num/14/25
Processing complete.
Processing Num 14:26...
Successfully processed and saved output for Num 14:26 to /Users/joshua/work/strong_number_embedding/sn_within_unv_selfgroup_segmentation/output/Num/14/26
Processing complete.
Processing Num 14:27...
Successfully processed and saved output for Num 14:27 to /Users/joshua/work/strong_number_embedding/sn_within_unv_selfgroup_segmentation/output/Num/14/27
Processing complete.
Processing Num 14:28...
Successfully processed and saved output for Num 14:28 to /Users/joshua/work/strong_number_embedding/sn_within_unv_selfgroup_segmentation/output/Num/14/28
Processing complete.
Processing Num 14:29...
Successfully processed and saved output for Num 14:29 to /Users/joshua/work/strong_number_embedding/sn_within_unv_selfgroup_segmentation/output/Num/14/29
Processing complete.
Processing Num 14:30...
Successfully processed and saved output for Num 14:30 to /Users/joshua/work/strong_number_embedding/sn_within_unv_selfgroup_segmentation/output/Num/14/30
Processing complete.
Processing Num 14:31...
Successfully processed and saved output for Num 14:31 to /Users/joshua/work/strong_number_embedding/sn_within_unv_selfgroup_segmentation/output/Num/14/31
Processing complete.
Processing Num 14:32...
Successfully processed and saved output for Num 14:32 to /Users/joshua/work/strong_number_embedding/sn_within_unv_selfgroup_segmentation/output/Num/14/32
Processing complete.
Processing Num 14:33...
Successfully processed and saved output for Num 14:33 to /Users/joshua/work/strong_number_embedding/sn_within_unv_selfgroup_segmentation/output/Num/14/33
Processing complete.
Processing Num 14:34...
Successfully processed and saved output for Num 14:34 to /Users/joshua/work/strong_number_embedding/sn_within_unv_selfgroup_segmentation/output/Num/14/34
Processing complete.
Processing Num 14:35...
Successfully processed and saved output for Num 14:35 to /Users/joshua/work/strong_number_embedding/sn_within_unv_selfgroup_segmentation/output/Num/14/35
Processing complete.
Processing Num 14:36...
Successfully processed and saved output for Num 14:36 to /Users/joshua/work/strong_number_embedding/sn_within_unv_selfgroup_segmentation/output/Num/14/36
Processing complete.
Processing Num 14:37...
Successfully processed and saved output for Num 14:37 to /Users/joshua/work/strong_number_embedding/sn_within_unv_selfgroup_segmentation/output/Num/14/37
Processing complete.
Processing Num 14:38...
Successfully processed and saved output for Num 14:38 to /Users/joshua/work/strong_number_embedding/sn_within_unv_selfgroup_segmentation/output/Num/14/38
Processing complete.
Processing Num 14:39...
Successfully processed and saved output for Num 14:39 to /Users/joshua/work/strong_number_embedding/sn_within_unv_selfgroup_segmentation/output/Num/14/39
Processing complete.
Processing Num 14:40...
Successfully processed and saved output for Num 14:40 to /Users/joshua/work/strong_number_embedding/sn_within_unv_selfgroup_segmentation/output/Num/14/40
Processing complete.
Processing Num 14:41...
Successfully processed and saved output for Num 14:41 to /Users/joshua/work/strong_number_embedding/sn_within_unv_selfgroup_segmentation/output/Num/14/41
Processing complete.
Processing Num 14:42...
Successfully processed and saved output for Num 14:42 to /Users/joshua/work/strong_number_embedding/sn_within_unv_selfgroup_segmentation/output/Num/14/42
Processing complete.
Processing Num 14:43...
Successfully processed and saved output for Num 14:43 to /Users/joshua/work/strong_number_embedding/sn_within_unv_selfgroup_segmentation/output/Num/14/43
Processing complete.
Processing Num 14:44...
Successfully processed and saved output for Num 14:44 to /Users/joshua/work/strong_number_embedding/sn_within_unv_selfgroup_segmentation/output/Num/14/44
Processing complete.
Processing Num 14:45...
Successfully processed and saved output for Num 14:45 to /Users/joshua/work/strong_number_embedding/sn_within_unv_selfgroup_segmentation/output/Num/14/45
Processing complete.
  Processing Numbers chapter 15 (41 verses)...
Processing Num 15:1...
Successfully processed and saved output for Num 15:1 to /Users/joshua/work/strong_number_embedding/sn_within_unv_selfgroup_segmentation/output/Num/15/1
Processing complete.
Processing Num 15:2...
Successfully processed and saved output for Num 15:2 to /Users/joshua/work/strong_number_embedding/sn_within_unv_selfgroup_segmentation/output/Num/15/2
Processing complete.
Processing Num 15:3...
Successfully processed and saved output for Num 15:3 to /Users/joshua/work/strong_number_embedding/sn_within_unv_selfgroup_segmentation/output/Num/15/3
Processing complete.
Processing Num 15:4...
Successfully processed and saved output for Num 15:4 to /Users/joshua/work/strong_number_embedding/sn_within_unv_selfgroup_segmentation/output/Num/15/4
Processing complete.
Processing Num 15:5...
Successfully processed and saved output for Num 15:5 to /Users/joshua/work/strong_number_embedding/sn_within_unv_selfgroup_segmentation/output/Num/15/5
Processing complete.
Processing Num 15:6...
Successfully processed and saved output for Num 15:6 to /Users/joshua/work/strong_number_embedding/sn_within_unv_selfgroup_segmentation/output/Num/15/6
Processing complete.
Processing Num 15:7...
Successfully processed and saved output for Num 15:7 to /Users/joshua/work/strong_number_embedding/sn_within_unv_selfgroup_segmentation/output/Num/15/7
Processing complete.
Processing Num 15:8...
Successfully processed and saved output for Num 15:8 to /Users/joshua/work/strong_number_embedding/sn_within_unv_selfgroup_segmentation/output/Num/15/8
Processing complete.
Processing Num 15:9...
Successfully processed and saved output for Num 15:9 to /Users/joshua/work/strong_number_embedding/sn_within_unv_selfgroup_segmentation/output/Num/15/9
Processing complete.
Processing Num 15:10...
Successfully processed and saved output for Num 15:10 to /Users/joshua/work/strong_number_embedding/sn_within_unv_selfgroup_segmentation/output/Num/15/10
Processing complete.
Processing Num 15:11...
Successfully processed and saved output for Num 15:11 to /Users/joshua/work/strong_number_embedding/sn_within_unv_selfgroup_segmentation/output/Num/15/11
Processing complete.
Processing Num 15:12...
Successfully processed and saved output for Num 15:12 to /Users/joshua/work/strong_number_embedding/sn_within_unv_selfgroup_segmentation/output/Num/15/12
Processing complete.
Processing Num 15:13...
Successfully processed and saved output for Num 15:13 to /Users/joshua/work/strong_number_embedding/sn_within_unv_selfgroup_segmentation/output/Num/15/13
Processing complete.
Processing Num 15:14...
Successfully processed and saved output for Num 15:14 to /Users/joshua/work/strong_number_embedding/sn_within_unv_selfgroup_segmentation/output/Num/15/14
Processing complete.
Processing Num 15:15...
Successfully processed and saved output for Num 15:15 to /Users/joshua/work/strong_number_embedding/sn_within_unv_selfgroup_segmentation/output/Num/15/15
Processing complete.
Processing Num 15:16...
Successfully processed and saved output for Num 15:16 to /Users/joshua/work/strong_number_embedding/sn_within_unv_selfgroup_segmentation/output/Num/15/16
Processing complete.
Processing Num 15:17...
Successfully processed and saved output for Num 15:17 to /Users/joshua/work/strong_number_embedding/sn_within_unv_selfgroup_segmentation/output/Num/15/17
Processing complete.
Processing Num 15:18...
Successfully processed and saved output for Num 15:18 to /Users/joshua/work/strong_number_embedding/sn_within_unv_selfgroup_segmentation/output/Num/15/18
Processing complete.
Processing Num 15:19...
Successfully processed and saved output for Num 15:19 to /Users/joshua/work/strong_number_embedding/sn_within_unv_selfgroup_segmentation/output/Num/15/19
Processing complete.
Processing Num 15:20...
Successfully processed and saved output for Num 15:20 to /Users/joshua/work/strong_number_embedding/sn_within_unv_selfgroup_segmentation/output/Num/15/20
Processing complete.
Processing Num 15:21...
Successfully processed and saved output for Num 15:21 to /Users/joshua/work/strong_number_embedding/sn_within_unv_selfgroup_segmentation/output/Num/15/21
Processing complete.
Processing Num 15:22...
Successfully processed and saved output for Num 15:22 to /Users/joshua/work/strong_number_embedding/sn_within_unv_selfgroup_segmentation/output/Num/15/22
Processing complete.
Processing Num 15:23...
Successfully processed and saved output for Num 15:23 to /Users/joshua/work/strong_number_embedding/sn_within_unv_selfgroup_segmentation/output/Num/15/23
Processing complete.
Processing Num 15:24...
Successfully processed and saved output for Num 15:24 to /Users/joshua/work/strong_number_embedding/sn_within_unv_selfgroup_segmentation/output/Num/15/24
Processing complete.
Processing Num 15:25...
Successfully processed and saved output for Num 15:25 to /Users/joshua/work/strong_number_embedding/sn_within_unv_selfgroup_segmentation/output/Num/15/25
Processing complete.
Processing Num 15:26...
Successfully processed and saved output for Num 15:26 to /Users/joshua/work/strong_number_embedding/sn_within_unv_selfgroup_segmentation/output/Num/15/26
Processing complete.
Processing Num 15:27...
Successfully processed and saved output for Num 15:27 to /Users/joshua/work/strong_number_embedding/sn_within_unv_selfgroup_segmentation/output/Num/15/27
Processing complete.
Processing Num 15:28...
Successfully processed and saved output for Num 15:28 to /Users/joshua/work/strong_number_embedding/sn_within_unv_selfgroup_segmentation/output/Num/15/28
Processing complete.
Processing Num 15:29...
Successfully processed and saved output for Num 15:29 to /Users/joshua/work/strong_number_embedding/sn_within_unv_selfgroup_segmentation/output/Num/15/29
Processing complete.
Processing Num 15:30...
Successfully processed and saved output for Num 15:30 to /Users/joshua/work/strong_number_embedding/sn_within_unv_selfgroup_segmentation/output/Num/15/30
Processing complete.
Processing Num 15:31...
Successfully processed and saved output for Num 15:31 to /Users/joshua/work/strong_number_embedding/sn_within_unv_selfgroup_segmentation/output/Num/15/31
Processing complete.
Processing Num 15:32...
Successfully processed and saved output for Num 15:32 to /Users/joshua/work/strong_number_embedding/sn_within_unv_selfgroup_segmentation/output/Num/15/32
Processing complete.
Processing Num 15:33...
Successfully processed and saved output for Num 15:33 to /Users/joshua/work/strong_number_embedding/sn_within_unv_selfgroup_segmentation/output/Num/15/33
Processing complete.
Processing Num 15:34...
Successfully processed and saved output for Num 15:34 to /Users/joshua/work/strong_number_embedding/sn_within_unv_selfgroup_segmentation/output/Num/15/34
Processing complete.
Processing Num 15:35...
Successfully processed and saved output for Num 15:35 to /Users/joshua/work/strong_number_embedding/sn_within_unv_selfgroup_segmentation/output/Num/15/35
Processing complete.
Processing Num 15:36...
Successfully processed and saved output for Num 15:36 to /Users/joshua/work/strong_number_embedding/sn_within_unv_selfgroup_segmentation/output/Num/15/36
Processing complete.
Processing Num 15:37...
Successfully processed and saved output for Num 15:37 to /Users/joshua/work/strong_number_embedding/sn_within_unv_selfgroup_segmentation/output/Num/15/37
Processing complete.
Processing Num 15:38...
Successfully processed and saved output for Num 15:38 to /Users/joshua/work/strong_number_embedding/sn_within_unv_selfgroup_segmentation/output/Num/15/38
Processing complete.
Processing Num 15:39...
Successfully processed and saved output for Num 15:39 to /Users/joshua/work/strong_number_embedding/sn_within_unv_selfgroup_segmentation/output/Num/15/39
Processing complete.
Processing Num 15:40...
Successfully processed and saved output for Num 15:40 to /Users/joshua/work/strong_number_embedding/sn_within_unv_selfgroup_segmentation/output/Num/15/40
Processing complete.
Processing Num 15:41...
Successfully processed and saved output for Num 15:41 to /Users/joshua/work/strong_number_embedding/sn_within_unv_selfgroup_segmentation/output/Num/15/41
Processing complete.
  Processing Numbers chapter 16 (50 verses)...
Processing Num 16:1...
Successfully processed and saved output for Num 16:1 to /Users/joshua/work/strong_number_embedding/sn_within_unv_selfgroup_segmentation/output/Num/16/1
Processing complete.
Processing Num 16:2...
Successfully processed and saved output for Num 16:2 to /Users/joshua/work/strong_number_embedding/sn_within_unv_selfgroup_segmentation/output/Num/16/2
Processing complete.
Processing Num 16:3...
Successfully processed and saved output for Num 16:3 to /Users/joshua/work/strong_number_embedding/sn_within_unv_selfgroup_segmentation/output/Num/16/3
Processing complete.
Processing Num 16:4...
Successfully processed and saved output for Num 16:4 to /Users/joshua/work/strong_number_embedding/sn_within_unv_selfgroup_segmentation/output/Num/16/4
Processing complete.
Processing Num 16:5...
Successfully processed and saved output for Num 16:5 to /Users/joshua/work/strong_number_embedding/sn_within_unv_selfgroup_segmentation/output/Num/16/5
Processing complete.
Processing Num 16:6...
Successfully processed and saved output for Num 16:6 to /Users/joshua/work/strong_number_embedding/sn_within_unv_selfgroup_segmentation/output/Num/16/6
Processing complete.
Processing Num 16:7...
Successfully processed and saved output for Num 16:7 to /Users/joshua/work/strong_number_embedding/sn_within_unv_selfgroup_segmentation/output/Num/16/7
Processing complete.
Processing Num 16:8...
Successfully processed and saved output for Num 16:8 to /Users/joshua/work/strong_number_embedding/sn_within_unv_selfgroup_segmentation/output/Num/16/8
Processing complete.
Processing Num 16:9...
Successfully processed and saved output for Num 16:9 to /Users/joshua/work/strong_number_embedding/sn_within_unv_selfgroup_segmentation/output/Num/16/9
Processing complete.
Processing Num 16:10...
Successfully processed and saved output for Num 16:10 to /Users/joshua/work/strong_number_embedding/sn_within_unv_selfgroup_segmentation/output/Num/16/10
Processing complete.
Processing Num 16:11...
Successfully processed and saved output for Num 16:11 to /Users/joshua/work/strong_number_embedding/sn_within_unv_selfgroup_segmentation/output/Num/16/11
Processing complete.
Processing Num 16:12...
Successfully processed and saved output for Num 16:12 to /Users/joshua/work/strong_number_embedding/sn_within_unv_selfgroup_segmentation/output/Num/16/12
Processing complete.
Processing Num 16:13...
Successfully processed and saved output for Num 16:13 to /Users/joshua/work/strong_number_embedding/sn_within_unv_selfgroup_segmentation/output/Num/16/13
Processing complete.
Processing Num 16:14...
Successfully processed and saved output for Num 16:14 to /Users/joshua/work/strong_number_embedding/sn_within_unv_selfgroup_segmentation/output/Num/16/14
Processing complete.
Processing Num 16:15...
Successfully processed and saved output for Num 16:15 to /Users/joshua/work/strong_number_embedding/sn_within_unv_selfgroup_segmentation/output/Num/16/15
Processing complete.
Processing Num 16:16...
Successfully processed and saved output for Num 16:16 to /Users/joshua/work/strong_number_embedding/sn_within_unv_selfgroup_segmentation/output/Num/16/16
Processing complete.
Processing Num 16:17...
Successfully processed and saved output for Num 16:17 to /Users/joshua/work/strong_number_embedding/sn_within_unv_selfgroup_segmentation/output/Num/16/17
Processing complete.
Processing Num 16:18...
Successfully processed and saved output for Num 16:18 to /Users/joshua/work/strong_number_embedding/sn_within_unv_selfgroup_segmentation/output/Num/16/18
Processing complete.
Processing Num 16:19...
Successfully processed and saved output for Num 16:19 to /Users/joshua/work/strong_number_embedding/sn_within_unv_selfgroup_segmentation/output/Num/16/19
Processing complete.
Processing Num 16:20...
Successfully processed and saved output for Num 16:20 to /Users/joshua/work/strong_number_embedding/sn_within_unv_selfgroup_segmentation/output/Num/16/20
Processing complete.
Processing Num 16:21...
Successfully processed and saved output for Num 16:21 to /Users/joshua/work/strong_number_embedding/sn_within_unv_selfgroup_segmentation/output/Num/16/21
Processing complete.
Processing Num 16:22...
Successfully processed and saved output for Num 16:22 to /Users/joshua/work/strong_number_embedding/sn_within_unv_selfgroup_segmentation/output/Num/16/22
Processing complete.
Processing Num 16:23...
Successfully processed and saved output for Num 16:23 to /Users/joshua/work/strong_number_embedding/sn_within_unv_selfgroup_segmentation/output/Num/16/23
Processing complete.
Processing Num 16:24...
Successfully processed and saved output for Num 16:24 to /Users/joshua/work/strong_number_embedding/sn_within_unv_selfgroup_segmentation/output/Num/16/24
Processing complete.
Processing Num 16:25...
Successfully processed and saved output for Num 16:25 to /Users/joshua/work/strong_number_embedding/sn_within_unv_selfgroup_segmentation/output/Num/16/25
Processing complete.
Processing Num 16:26...
Successfully processed and saved output for Num 16:26 to /Users/joshua/work/strong_number_embedding/sn_within_unv_selfgroup_segmentation/output/Num/16/26
Processing complete.
Processing Num 16:27...
Successfully processed and saved output for Num 16:27 to /Users/joshua/work/strong_number_embedding/sn_within_unv_selfgroup_segmentation/output/Num/16/27
Processing complete.
Processing Num 16:28...
Successfully processed and saved output for Num 16:28 to /Users/joshua/work/strong_number_embedding/sn_within_unv_selfgroup_segmentation/output/Num/16/28
Processing complete.
Processing Num 16:29...
Successfully processed and saved output for Num 16:29 to /Users/joshua/work/strong_number_embedding/sn_within_unv_selfgroup_segmentation/output/Num/16/29
Processing complete.
Processing Num 16:30...
Successfully processed and saved output for Num 16:30 to /Users/joshua/work/strong_number_embedding/sn_within_unv_selfgroup_segmentation/output/Num/16/30
Processing complete.
Processing Num 16:31...
Successfully processed and saved output for Num 16:31 to /Users/joshua/work/strong_number_embedding/sn_within_unv_selfgroup_segmentation/output/Num/16/31
Processing complete.
Processing Num 16:32...
Successfully processed and saved output for Num 16:32 to /Users/joshua/work/strong_number_embedding/sn_within_unv_selfgroup_segmentation/output/Num/16/32
Processing complete.
Processing Num 16:33...
Successfully processed and saved output for Num 16:33 to /Users/joshua/work/strong_number_embedding/sn_within_unv_selfgroup_segmentation/output/Num/16/33
Processing complete.
Processing Num 16:34...
Successfully processed and saved output for Num 16:34 to /Users/joshua/work/strong_number_embedding/sn_within_unv_selfgroup_segmentation/output/Num/16/34
Processing complete.
Processing Num 16:35...
Successfully processed and saved output for Num 16:35 to /Users/joshua/work/strong_number_embedding/sn_within_unv_selfgroup_segmentation/output/Num/16/35
Processing complete.
Processing Num 16:36...
Successfully processed and saved output for Num 16:36 to /Users/joshua/work/strong_number_embedding/sn_within_unv_selfgroup_segmentation/output/Num/16/36
Processing complete.
Processing Num 16:37...
Successfully processed and saved output for Num 16:37 to /Users/joshua/work/strong_number_embedding/sn_within_unv_selfgroup_segmentation/output/Num/16/37
Processing complete.
Processing Num 16:38...
Successfully processed and saved output for Num 16:38 to /Users/joshua/work/strong_number_embedding/sn_within_unv_selfgroup_segmentation/output/Num/16/38
Processing complete.
Processing Num 16:39...
Successfully processed and saved output for Num 16:39 to /Users/joshua/work/strong_number_embedding/sn_within_unv_selfgroup_segmentation/output/Num/16/39
Processing complete.
Processing Num 16:40...
Successfully processed and saved output for Num 16:40 to /Users/joshua/work/strong_number_embedding/sn_within_unv_selfgroup_segmentation/output/Num/16/40
Processing complete.
Processing Num 16:41...
Successfully processed and saved output for Num 16:41 to /Users/joshua/work/strong_number_embedding/sn_within_unv_selfgroup_segmentation/output/Num/16/41
Processing complete.
Processing Num 16:42...
Successfully processed and saved output for Num 16:42 to /Users/joshua/work/strong_number_embedding/sn_within_unv_selfgroup_segmentation/output/Num/16/42
Processing complete.
Processing Num 16:43...
Successfully processed and saved output for Num 16:43 to /Users/joshua/work/strong_number_embedding/sn_within_unv_selfgroup_segmentation/output/Num/16/43
Processing complete.
Processing Num 16:44...
Successfully processed and saved output for Num 16:44 to /Users/joshua/work/strong_number_embedding/sn_within_unv_selfgroup_segmentation/output/Num/16/44
Processing complete.
Processing Num 16:45...
Successfully processed and saved output for Num 16:45 to /Users/joshua/work/strong_number_embedding/sn_within_unv_selfgroup_segmentation/output/Num/16/45
Processing complete.
Processing Num 16:46...
Successfully processed and saved output for Num 16:46 to /Users/joshua/work/strong_number_embedding/sn_within_unv_selfgroup_segmentation/output/Num/16/46
Processing complete.
Processing Num 16:47...
Successfully processed and saved output for Num 16:47 to /Users/joshua/work/strong_number_embedding/sn_within_unv_selfgroup_segmentation/output/Num/16/47
Processing complete.
Processing Num 16:48...
Successfully processed and saved output for Num 16:48 to /Users/joshua/work/strong_number_embedding/sn_within_unv_selfgroup_segmentation/output/Num/16/48
Processing complete.
Processing Num 16:49...
Successfully processed and saved output for Num 16:49 to /Users/joshua/work/strong_number_embedding/sn_within_unv_selfgroup_segmentation/output/Num/16/49
Processing complete.
Processing Num 16:50...
Successfully processed and saved output for Num 16:50 to /Users/joshua/work/strong_number_embedding/sn_within_unv_selfgroup_segmentation/output/Num/16/50
Processing complete.
  Processing Numbers chapter 17 (13 verses)...
Processing Num 17:1...
Successfully processed and saved output for Num 17:1 to /Users/joshua/work/strong_number_embedding/sn_within_unv_selfgroup_segmentation/output/Num/17/1
Processing complete.
Processing Num 17:2...
Successfully processed and saved output for Num 17:2 to /Users/joshua/work/strong_number_embedding/sn_within_unv_selfgroup_segmentation/output/Num/17/2
Processing complete.
Processing Num 17:3...
Successfully processed and saved output for Num 17:3 to /Users/joshua/work/strong_number_embedding/sn_within_unv_selfgroup_segmentation/output/Num/17/3
Processing complete.
Processing Num 17:4...
Successfully processed and saved output for Num 17:4 to /Users/joshua/work/strong_number_embedding/sn_within_unv_selfgroup_segmentation/output/Num/17/4
Processing complete.
Processing Num 17:5...
Successfully processed and saved output for Num 17:5 to /Users/joshua/work/strong_number_embedding/sn_within_unv_selfgroup_segmentation/output/Num/17/5
Processing complete.
Processing Num 17:6...
Successfully processed and saved output for Num 17:6 to /Users/joshua/work/strong_number_embedding/sn_within_unv_selfgroup_segmentation/output/Num/17/6
Processing complete.
Processing Num 17:7...
Successfully processed and saved output for Num 17:7 to /Users/joshua/work/strong_number_embedding/sn_within_unv_selfgroup_segmentation/output/Num/17/7
Processing complete.
Processing Num 17:8...
Successfully processed and saved output for Num 17:8 to /Users/joshua/work/strong_number_embedding/sn_within_unv_selfgroup_segmentation/output/Num/17/8
Processing complete.
Processing Num 17:9...
Successfully processed and saved output for Num 17:9 to /Users/joshua/work/strong_number_embedding/sn_within_unv_selfgroup_segmentation/output/Num/17/9
Processing complete.
Processing Num 17:10...
Successfully processed and saved output for Num 17:10 to /Users/joshua/work/strong_number_embedding/sn_within_unv_selfgroup_segmentation/output/Num/17/10
Processing complete.
Processing Num 17:11...
Successfully processed and saved output for Num 17:11 to /Users/joshua/work/strong_number_embedding/sn_within_unv_selfgroup_segmentation/output/Num/17/11
Processing complete.
Processing Num 17:12...
Successfully processed and saved output for Num 17:12 to /Users/joshua/work/strong_number_embedding/sn_within_unv_selfgroup_segmentation/output/Num/17/12
Processing complete.
Processing Num 17:13...
Successfully processed and saved output for Num 17:13 to /Users/joshua/work/strong_number_embedding/sn_within_unv_selfgroup_segmentation/output/Num/17/13
Processing complete.
  Processing Numbers chapter 18 (32 verses)...
Processing Num 18:1...
Successfully processed and saved output for Num 18:1 to /Users/joshua/work/strong_number_embedding/sn_within_unv_selfgroup_segmentation/output/Num/18/1
Processing complete.
Processing Num 18:2...
Successfully processed and saved output for Num 18:2 to /Users/joshua/work/strong_number_embedding/sn_within_unv_selfgroup_segmentation/output/Num/18/2
Processing complete.
Processing Num 18:3...
Successfully processed and saved output for Num 18:3 to /Users/joshua/work/strong_number_embedding/sn_within_unv_selfgroup_segmentation/output/Num/18/3
Processing complete.
Processing Num 18:4...
Successfully processed and saved output for Num 18:4 to /Users/joshua/work/strong_number_embedding/sn_within_unv_selfgroup_segmentation/output/Num/18/4
Processing complete.
Processing Num 18:5...
Successfully processed and saved output for Num 18:5 to /Users/joshua/work/strong_number_embedding/sn_within_unv_selfgroup_segmentation/output/Num/18/5
Processing complete.
Processing Num 18:6...
Successfully processed and saved output for Num 18:6 to /Users/joshua/work/strong_number_embedding/sn_within_unv_selfgroup_segmentation/output/Num/18/6
Processing complete.
Processing Num 18:7...
Successfully processed and saved output for Num 18:7 to /Users/joshua/work/strong_number_embedding/sn_within_unv_selfgroup_segmentation/output/Num/18/7
Processing complete.
Processing Num 18:8...
Successfully processed and saved output for Num 18:8 to /Users/joshua/work/strong_number_embedding/sn_within_unv_selfgroup_segmentation/output/Num/18/8
Processing complete.
Processing Num 18:9...
Successfully processed and saved output for Num 18:9 to /Users/joshua/work/strong_number_embedding/sn_within_unv_selfgroup_segmentation/output/Num/18/9
Processing complete.
Processing Num 18:10...
Successfully processed and saved output for Num 18:10 to /Users/joshua/work/strong_number_embedding/sn_within_unv_selfgroup_segmentation/output/Num/18/10
Processing complete.
Processing Num 18:11...
Successfully processed and saved output for Num 18:11 to /Users/joshua/work/strong_number_embedding/sn_within_unv_selfgroup_segmentation/output/Num/18/11
Processing complete.
Processing Num 18:12...
Successfully processed and saved output for Num 18:12 to /Users/joshua/work/strong_number_embedding/sn_within_unv_selfgroup_segmentation/output/Num/18/12
Processing complete.
Processing Num 18:13...
Successfully processed and saved output for Num 18:13 to /Users/joshua/work/strong_number_embedding/sn_within_unv_selfgroup_segmentation/output/Num/18/13
Processing complete.
Processing Num 18:14...
Successfully processed and saved output for Num 18:14 to /Users/joshua/work/strong_number_embedding/sn_within_unv_selfgroup_segmentation/output/Num/18/14
Processing complete.
Processing Num 18:15...
Successfully processed and saved output for Num 18:15 to /Users/joshua/work/strong_number_embedding/sn_within_unv_selfgroup_segmentation/output/Num/18/15
Processing complete.
Processing Num 18:16...
Successfully processed and saved output for Num 18:16 to /Users/joshua/work/strong_number_embedding/sn_within_unv_selfgroup_segmentation/output/Num/18/16
Processing complete.
Processing Num 18:17...
Successfully processed and saved output for Num 18:17 to /Users/joshua/work/strong_number_embedding/sn_within_unv_selfgroup_segmentation/output/Num/18/17
Processing complete.
Processing Num 18:18...
Successfully processed and saved output for Num 18:18 to /Users/joshua/work/strong_number_embedding/sn_within_unv_selfgroup_segmentation/output/Num/18/18
Processing complete.
Processing Num 18:19...
Successfully processed and saved output for Num 18:19 to /Users/joshua/work/strong_number_embedding/sn_within_unv_selfgroup_segmentation/output/Num/18/19
Processing complete.
Processing Num 18:20...
Successfully processed and saved output for Num 18:20 to /Users/joshua/work/strong_number_embedding/sn_within_unv_selfgroup_segmentation/output/Num/18/20
Processing complete.
Processing Num 18:21...
Successfully processed and saved output for Num 18:21 to /Users/joshua/work/strong_number_embedding/sn_within_unv_selfgroup_segmentation/output/Num/18/21
Processing complete.
Processing Num 18:22...
Successfully processed and saved output for Num 18:22 to /Users/joshua/work/strong_number_embedding/sn_within_unv_selfgroup_segmentation/output/Num/18/22
Processing complete.
Processing Num 18:23...
Successfully processed and saved output for Num 18:23 to /Users/joshua/work/strong_number_embedding/sn_within_unv_selfgroup_segmentation/output/Num/18/23
Processing complete.
Processing Num 18:24...
Successfully processed and saved output for Num 18:24 to /Users/joshua/work/strong_number_embedding/sn_within_unv_selfgroup_segmentation/output/Num/18/24
Processing complete.
Processing Num 18:25...
Successfully processed and saved output for Num 18:25 to /Users/joshua/work/strong_number_embedding/sn_within_unv_selfgroup_segmentation/output/Num/18/25
Processing complete.
Processing Num 18:26...
Successfully processed and saved output for Num 18:26 to /Users/joshua/work/strong_number_embedding/sn_within_unv_selfgroup_segmentation/output/Num/18/26
Processing complete.
Processing Num 18:27...
Successfully processed and saved output for Num 18:27 to /Users/joshua/work/strong_number_embedding/sn_within_unv_selfgroup_segmentation/output/Num/18/27
Processing complete.
Processing Num 18:28...
Successfully processed and saved output for Num 18:28 to /Users/joshua/work/strong_number_embedding/sn_within_unv_selfgroup_segmentation/output/Num/18/28
Processing complete.
Processing Num 18:29...
Successfully processed and saved output for Num 18:29 to /Users/joshua/work/strong_number_embedding/sn_within_unv_selfgroup_segmentation/output/Num/18/29
Processing complete.
Processing Num 18:30...
Successfully processed and saved output for Num 18:30 to /Users/joshua/work/strong_number_embedding/sn_within_unv_selfgroup_segmentation/output/Num/18/30
Processing complete.
Processing Num 18:31...
Successfully processed and saved output for Num 18:31 to /Users/joshua/work/strong_number_embedding/sn_within_unv_selfgroup_segmentation/output/Num/18/31
Processing complete.
Processing Num 18:32...
Successfully processed and saved output for Num 18:32 to /Users/joshua/work/strong_number_embedding/sn_within_unv_selfgroup_segmentation/output/Num/18/32
Processing complete.
  Processing Numbers chapter 19 (22 verses)...
Processing Num 19:1...
Successfully processed and saved output for Num 19:1 to /Users/joshua/work/strong_number_embedding/sn_within_unv_selfgroup_segmentation/output/Num/19/1
Processing complete.
Processing Num 19:2...
Successfully processed and saved output for Num 19:2 to /Users/joshua/work/strong_number_embedding/sn_within_unv_selfgroup_segmentation/output/Num/19/2
Processing complete.
Processing Num 19:3...
Successfully processed and saved output for Num 19:3 to /Users/joshua/work/strong_number_embedding/sn_within_unv_selfgroup_segmentation/output/Num/19/3
Processing complete.
Processing Num 19:4...
Successfully processed and saved output for Num 19:4 to /Users/joshua/work/strong_number_embedding/sn_within_unv_selfgroup_segmentation/output/Num/19/4
Processing complete.
Processing Num 19:5...
Successfully processed and saved output for Num 19:5 to /Users/joshua/work/strong_number_embedding/sn_within_unv_selfgroup_segmentation/output/Num/19/5
Processing complete.
Processing Num 19:6...
Successfully processed and saved output for Num 19:6 to /Users/joshua/work/strong_number_embedding/sn_within_unv_selfgroup_segmentation/output/Num/19/6
Processing complete.
Processing Num 19:7...
Successfully processed and saved output for Num 19:7 to /Users/joshua/work/strong_number_embedding/sn_within_unv_selfgroup_segmentation/output/Num/19/7
Processing complete.
Processing Num 19:8...
Successfully processed and saved output for Num 19:8 to /Users/joshua/work/strong_number_embedding/sn_within_unv_selfgroup_segmentation/output/Num/19/8
Processing complete.
Processing Num 19:9...
Successfully processed and saved output for Num 19:9 to /Users/joshua/work/strong_number_embedding/sn_within_unv_selfgroup_segmentation/output/Num/19/9
Processing complete.
Processing Num 19:10...
Successfully processed and saved output for Num 19:10 to /Users/joshua/work/strong_number_embedding/sn_within_unv_selfgroup_segmentation/output/Num/19/10
Processing complete.
Processing Num 19:11...
Successfully processed and saved output for Num 19:11 to /Users/joshua/work/strong_number_embedding/sn_within_unv_selfgroup_segmentation/output/Num/19/11
Processing complete.
Processing Num 19:12...
Successfully processed and saved output for Num 19:12 to /Users/joshua/work/strong_number_embedding/sn_within_unv_selfgroup_segmentation/output/Num/19/12
Processing complete.
Processing Num 19:13...
Successfully processed and saved output for Num 19:13 to /Users/joshua/work/strong_number_embedding/sn_within_unv_selfgroup_segmentation/output/Num/19/13
Processing complete.
Processing Num 19:14...
Successfully processed and saved output for Num 19:14 to /Users/joshua/work/strong_number_embedding/sn_within_unv_selfgroup_segmentation/output/Num/19/14
Processing complete.
Processing Num 19:15...
Successfully processed and saved output for Num 19:15 to /Users/joshua/work/strong_number_embedding/sn_within_unv_selfgroup_segmentation/output/Num/19/15
Processing complete.
Processing Num 19:16...
Successfully processed and saved output for Num 19:16 to /Users/joshua/work/strong_number_embedding/sn_within_unv_selfgroup_segmentation/output/Num/19/16
Processing complete.
Processing Num 19:17...
Successfully processed and saved output for Num 19:17 to /Users/joshua/work/strong_number_embedding/sn_within_unv_selfgroup_segmentation/output/Num/19/17
Processing complete.
Processing Num 19:18...
Successfully processed and saved output for Num 19:18 to /Users/joshua/work/strong_number_embedding/sn_within_unv_selfgroup_segmentation/output/Num/19/18
Processing complete.
Processing Num 19:19...
Successfully processed and saved output for Num 19:19 to /Users/joshua/work/strong_number_embedding/sn_within_unv_selfgroup_segmentation/output/Num/19/19
Processing complete.
Processing Num 19:20...
Successfully processed and saved output for Num 19:20 to /Users/joshua/work/strong_number_embedding/sn_within_unv_selfgroup_segmentation/output/Num/19/20
Processing complete.
Processing Num 19:21...
Successfully processed and saved output for Num 19:21 to /Users/joshua/work/strong_number_embedding/sn_within_unv_selfgroup_segmentation/output/Num/19/21
Processing complete.
Processing Num 19:22...
Successfully processed and saved output for Num 19:22 to /Users/joshua/work/strong_number_embedding/sn_within_unv_selfgroup_segmentation/output/Num/19/22
Processing complete.
  Processing Numbers chapter 20 (29 verses)...
Processing Num 20:1...
Successfully processed and saved output for Num 20:1 to /Users/joshua/work/strong_number_embedding/sn_within_unv_selfgroup_segmentation/output/Num/20/1
Processing complete.
Processing Num 20:2...
Successfully processed and saved output for Num 20:2 to /Users/joshua/work/strong_number_embedding/sn_within_unv_selfgroup_segmentation/output/Num/20/2
Processing complete.
Processing Num 20:3...
Successfully processed and saved output for Num 20:3 to /Users/joshua/work/strong_number_embedding/sn_within_unv_selfgroup_segmentation/output/Num/20/3
Processing complete.
Processing Num 20:4...
Successfully processed and saved output for Num 20:4 to /Users/joshua/work/strong_number_embedding/sn_within_unv_selfgroup_segmentation/output/Num/20/4
Processing complete.
Processing Num 20:5...
Successfully processed and saved output for Num 20:5 to /Users/joshua/work/strong_number_embedding/sn_within_unv_selfgroup_segmentation/output/Num/20/5
Processing complete.
Processing Num 20:6...
Successfully processed and saved output for Num 20:6 to /Users/joshua/work/strong_number_embedding/sn_within_unv_selfgroup_segmentation/output/Num/20/6
Processing complete.
Processing Num 20:7...
Successfully processed and saved output for Num 20:7 to /Users/joshua/work/strong_number_embedding/sn_within_unv_selfgroup_segmentation/output/Num/20/7
Processing complete.
Processing Num 20:8...
Successfully processed and saved output for Num 20:8 to /Users/joshua/work/strong_number_embedding/sn_within_unv_selfgroup_segmentation/output/Num/20/8
Processing complete.
Processing Num 20:9...
Successfully processed and saved output for Num 20:9 to /Users/joshua/work/strong_number_embedding/sn_within_unv_selfgroup_segmentation/output/Num/20/9
Processing complete.
Processing Num 20:10...
Successfully processed and saved output for Num 20:10 to /Users/joshua/work/strong_number_embedding/sn_within_unv_selfgroup_segmentation/output/Num/20/10
Processing complete.
Processing Num 20:11...
Successfully processed and saved output for Num 20:11 to /Users/joshua/work/strong_number_embedding/sn_within_unv_selfgroup_segmentation/output/Num/20/11
Processing complete.
Processing Num 20:12...
Successfully processed and saved output for Num 20:12 to /Users/joshua/work/strong_number_embedding/sn_within_unv_selfgroup_segmentation/output/Num/20/12
Processing complete.
Processing Num 20:13...
Successfully processed and saved output for Num 20:13 to /Users/joshua/work/strong_number_embedding/sn_within_unv_selfgroup_segmentation/output/Num/20/13
Processing complete.
Processing Num 20:14...
Successfully processed and saved output for Num 20:14 to /Users/joshua/work/strong_number_embedding/sn_within_unv_selfgroup_segmentation/output/Num/20/14
Processing complete.
Processing Num 20:15...
Successfully processed and saved output for Num 20:15 to /Users/joshua/work/strong_number_embedding/sn_within_unv_selfgroup_segmentation/output/Num/20/15
Processing complete.
Processing Num 20:16...
Successfully processed and saved output for Num 20:16 to /Users/joshua/work/strong_number_embedding/sn_within_unv_selfgroup_segmentation/output/Num/20/16
Processing complete.
Processing Num 20:17...
Successfully processed and saved output for Num 20:17 to /Users/joshua/work/strong_number_embedding/sn_within_unv_selfgroup_segmentation/output/Num/20/17
Processing complete.
Processing Num 20:18...
Successfully processed and saved output for Num 20:18 to /Users/joshua/work/strong_number_embedding/sn_within_unv_selfgroup_segmentation/output/Num/20/18
Processing complete.
Processing Num 20:19...
Successfully processed and saved output for Num 20:19 to /Users/joshua/work/strong_number_embedding/sn_within_unv_selfgroup_segmentation/output/Num/20/19
Processing complete.
Processing Num 20:20...
Successfully processed and saved output for Num 20:20 to /Users/joshua/work/strong_number_embedding/sn_within_unv_selfgroup_segmentation/output/Num/20/20
Processing complete.
Processing Num 20:21...
Successfully processed and saved output for Num 20:21 to /Users/joshua/work/strong_number_embedding/sn_within_unv_selfgroup_segmentation/output/Num/20/21
Processing complete.
Processing Num 20:22...
Successfully processed and saved output for Num 20:22 to /Users/joshua/work/strong_number_embedding/sn_within_unv_selfgroup_segmentation/output/Num/20/22
Processing complete.
Processing Num 20:23...
Successfully processed and saved output for Num 20:23 to /Users/joshua/work/strong_number_embedding/sn_within_unv_selfgroup_segmentation/output/Num/20/23
Processing complete.
Processing Num 20:24...
Successfully processed and saved output for Num 20:24 to /Users/joshua/work/strong_number_embedding/sn_within_unv_selfgroup_segmentation/output/Num/20/24
Processing complete.
Processing Num 20:25...
Successfully processed and saved output for Num 20:25 to /Users/joshua/work/strong_number_embedding/sn_within_unv_selfgroup_segmentation/output/Num/20/25
Processing complete.
Processing Num 20:26...
Successfully processed and saved output for Num 20:26 to /Users/joshua/work/strong_number_embedding/sn_within_unv_selfgroup_segmentation/output/Num/20/26
Processing complete.
Processing Num 20:27...
Successfully processed and saved output for Num 20:27 to /Users/joshua/work/strong_number_embedding/sn_within_unv_selfgroup_segmentation/output/Num/20/27
Processing complete.
Processing Num 20:28...
Successfully processed and saved output for Num 20:28 to /Users/joshua/work/strong_number_embedding/sn_within_unv_selfgroup_segmentation/output/Num/20/28
Processing complete.
Processing Num 20:29...
Successfully processed and saved output for Num 20:29 to /Users/joshua/work/strong_number_embedding/sn_within_unv_selfgroup_segmentation/output/Num/20/29
Processing complete.
  Processing Numbers chapter 21 (35 verses)...
Processing Num 21:1...
Successfully processed and saved output for Num 21:1 to /Users/joshua/work/strong_number_embedding/sn_within_unv_selfgroup_segmentation/output/Num/21/1
Processing complete.
Processing Num 21:2...
Successfully processed and saved output for Num 21:2 to /Users/joshua/work/strong_number_embedding/sn_within_unv_selfgroup_segmentation/output/Num/21/2
Processing complete.
Processing Num 21:3...
Successfully processed and saved output for Num 21:3 to /Users/joshua/work/strong_number_embedding/sn_within_unv_selfgroup_segmentation/output/Num/21/3
Processing complete.
Processing Num 21:4...
Successfully processed and saved output for Num 21:4 to /Users/joshua/work/strong_number_embedding/sn_within_unv_selfgroup_segmentation/output/Num/21/4
Processing complete.
Processing Num 21:5...
Successfully processed and saved output for Num 21:5 to /Users/joshua/work/strong_number_embedding/sn_within_unv_selfgroup_segmentation/output/Num/21/5
Processing complete.
Processing Num 21:6...
Successfully processed and saved output for Num 21:6 to /Users/joshua/work/strong_number_embedding/sn_within_unv_selfgroup_segmentation/output/Num/21/6
Processing complete.
Processing Num 21:7...
Successfully processed and saved output for Num 21:7 to /Users/joshua/work/strong_number_embedding/sn_within_unv_selfgroup_segmentation/output/Num/21/7
Processing complete.
Processing Num 21:8...
Successfully processed and saved output for Num 21:8 to /Users/joshua/work/strong_number_embedding/sn_within_unv_selfgroup_segmentation/output/Num/21/8
Processing complete.
Processing Num 21:9...
Successfully processed and saved output for Num 21:9 to /Users/joshua/work/strong_number_embedding/sn_within_unv_selfgroup_segmentation/output/Num/21/9
Processing complete.
Processing Num 21:10...
Successfully processed and saved output for Num 21:10 to /Users/joshua/work/strong_number_embedding/sn_within_unv_selfgroup_segmentation/output/Num/21/10
Processing complete.
Processing Num 21:11...
Successfully processed and saved output for Num 21:11 to /Users/joshua/work/strong_number_embedding/sn_within_unv_selfgroup_segmentation/output/Num/21/11
Processing complete.
Processing Num 21:12...
Successfully processed and saved output for Num 21:12 to /Users/joshua/work/strong_number_embedding/sn_within_unv_selfgroup_segmentation/output/Num/21/12
Processing complete.
Processing Num 21:13...
Successfully processed and saved output for Num 21:13 to /Users/joshua/work/strong_number_embedding/sn_within_unv_selfgroup_segmentation/output/Num/21/13
Processing complete.
Processing Num 21:14...
Successfully processed and saved output for Num 21:14 to /Users/joshua/work/strong_number_embedding/sn_within_unv_selfgroup_segmentation/output/Num/21/14
Processing complete.
Processing Num 21:15...
Successfully processed and saved output for Num 21:15 to /Users/joshua/work/strong_number_embedding/sn_within_unv_selfgroup_segmentation/output/Num/21/15
Processing complete.
Processing Num 21:16...
Successfully processed and saved output for Num 21:16 to /Users/joshua/work/strong_number_embedding/sn_within_unv_selfgroup_segmentation/output/Num/21/16
Processing complete.
Processing Num 21:17...
Successfully processed and saved output for Num 21:17 to /Users/joshua/work/strong_number_embedding/sn_within_unv_selfgroup_segmentation/output/Num/21/17
Processing complete.
Processing Num 21:18...
Successfully processed and saved output for Num 21:18 to /Users/joshua/work/strong_number_embedding/sn_within_unv_selfgroup_segmentation/output/Num/21/18
Processing complete.
Processing Num 21:19...
Successfully processed and saved output for Num 21:19 to /Users/joshua/work/strong_number_embedding/sn_within_unv_selfgroup_segmentation/output/Num/21/19
Processing complete.
Processing Num 21:20...
Successfully processed and saved output for Num 21:20 to /Users/joshua/work/strong_number_embedding/sn_within_unv_selfgroup_segmentation/output/Num/21/20
Processing complete.
Processing Num 21:21...
Successfully processed and saved output for Num 21:21 to /Users/joshua/work/strong_number_embedding/sn_within_unv_selfgroup_segmentation/output/Num/21/21
Processing complete.
Processing Num 21:22...
Successfully processed and saved output for Num 21:22 to /Users/joshua/work/strong_number_embedding/sn_within_unv_selfgroup_segmentation/output/Num/21/22
Processing complete.
Processing Num 21:23...
Successfully processed and saved output for Num 21:23 to /Users/joshua/work/strong_number_embedding/sn_within_unv_selfgroup_segmentation/output/Num/21/23
Processing complete.
Processing Num 21:24...
Successfully processed and saved output for Num 21:24 to /Users/joshua/work/strong_number_embedding/sn_within_unv_selfgroup_segmentation/output/Num/21/24
Processing complete.
Processing Num 21:25...
Successfully processed and saved output for Num 21:25 to /Users/joshua/work/strong_number_embedding/sn_within_unv_selfgroup_segmentation/output/Num/21/25
Processing complete.
Processing Num 21:26...
Successfully processed and saved output for Num 21:26 to /Users/joshua/work/strong_number_embedding/sn_within_unv_selfgroup_segmentation/output/Num/21/26
Processing complete.
Processing Num 21:27...
Successfully processed and saved output for Num 21:27 to /Users/joshua/work/strong_number_embedding/sn_within_unv_selfgroup_segmentation/output/Num/21/27
Processing complete.
Processing Num 21:28...
Successfully processed and saved output for Num 21:28 to /Users/joshua/work/strong_number_embedding/sn_within_unv_selfgroup_segmentation/output/Num/21/28
Processing complete.
Processing Num 21:29...
Successfully processed and saved output for Num 21:29 to /Users/joshua/work/strong_number_embedding/sn_within_unv_selfgroup_segmentation/output/Num/21/29
Processing complete.
Processing Num 21:30...
Successfully processed and saved output for Num 21:30 to /Users/joshua/work/strong_number_embedding/sn_within_unv_selfgroup_segmentation/output/Num/21/30
Processing complete.
Processing Num 21:31...
Successfully processed and saved output for Num 21:31 to /Users/joshua/work/strong_number_embedding/sn_within_unv_selfgroup_segmentation/output/Num/21/31
Processing complete.
Processing Num 21:32...
Successfully processed and saved output for Num 21:32 to /Users/joshua/work/strong_number_embedding/sn_within_unv_selfgroup_segmentation/output/Num/21/32
Processing complete.
Processing Num 21:33...
Successfully processed and saved output for Num 21:33 to /Users/joshua/work/strong_number_embedding/sn_within_unv_selfgroup_segmentation/output/Num/21/33
Processing complete.
Processing Num 21:34...
Successfully processed and saved output for Num 21:34 to /Users/joshua/work/strong_number_embedding/sn_within_unv_selfgroup_segmentation/output/Num/21/34
Processing complete.
Processing Num 21:35...
Successfully processed and saved output for Num 21:35 to /Users/joshua/work/strong_number_embedding/sn_within_unv_selfgroup_segmentation/output/Num/21/35
Processing complete.
  Processing Numbers chapter 22 (41 verses)...
Processing Num 22:1...
Successfully processed and saved output for Num 22:1 to /Users/joshua/work/strong_number_embedding/sn_within_unv_selfgroup_segmentation/output/Num/22/1
Processing complete.
Processing Num 22:2...
Successfully processed and saved output for Num 22:2 to /Users/joshua/work/strong_number_embedding/sn_within_unv_selfgroup_segmentation/output/Num/22/2
Processing complete.
Processing Num 22:3...
Successfully processed and saved output for Num 22:3 to /Users/joshua/work/strong_number_embedding/sn_within_unv_selfgroup_segmentation/output/Num/22/3
Processing complete.
Processing Num 22:4...
Successfully processed and saved output for Num 22:4 to /Users/joshua/work/strong_number_embedding/sn_within_unv_selfgroup_segmentation/output/Num/22/4
Processing complete.
Processing Num 22:5...
Successfully processed and saved output for Num 22:5 to /Users/joshua/work/strong_number_embedding/sn_within_unv_selfgroup_segmentation/output/Num/22/5
Processing complete.
Processing Num 22:6...
Successfully processed and saved output for Num 22:6 to /Users/joshua/work/strong_number_embedding/sn_within_unv_selfgroup_segmentation/output/Num/22/6
Processing complete.
Processing Num 22:7...
Successfully processed and saved output for Num 22:7 to /Users/joshua/work/strong_number_embedding/sn_within_unv_selfgroup_segmentation/output/Num/22/7
Processing complete.
Processing Num 22:8...
Successfully processed and saved output for Num 22:8 to /Users/joshua/work/strong_number_embedding/sn_within_unv_selfgroup_segmentation/output/Num/22/8
Processing complete.
Processing Num 22:9...
Successfully processed and saved output for Num 22:9 to /Users/joshua/work/strong_number_embedding/sn_within_unv_selfgroup_segmentation/output/Num/22/9
Processing complete.
Processing Num 22:10...
Successfully processed and saved output for Num 22:10 to /Users/joshua/work/strong_number_embedding/sn_within_unv_selfgroup_segmentation/output/Num/22/10
Processing complete.
Processing Num 22:11...
Successfully processed and saved output for Num 22:11 to /Users/joshua/work/strong_number_embedding/sn_within_unv_selfgroup_segmentation/output/Num/22/11
Processing complete.
Processing Num 22:12...
Successfully processed and saved output for Num 22:12 to /Users/joshua/work/strong_number_embedding/sn_within_unv_selfgroup_segmentation/output/Num/22/12
Processing complete.
Processing Num 22:13...
Successfully processed and saved output for Num 22:13 to /Users/joshua/work/strong_number_embedding/sn_within_unv_selfgroup_segmentation/output/Num/22/13
Processing complete.
Processing Num 22:14...
Successfully processed and saved output for Num 22:14 to /Users/joshua/work/strong_number_embedding/sn_within_unv_selfgroup_segmentation/output/Num/22/14
Processing complete.
Processing Num 22:15...
Successfully processed and saved output for Num 22:15 to /Users/joshua/work/strong_number_embedding/sn_within_unv_selfgroup_segmentation/output/Num/22/15
Processing complete.
Processing Num 22:16...
Successfully processed and saved output for Num 22:16 to /Users/joshua/work/strong_number_embedding/sn_within_unv_selfgroup_segmentation/output/Num/22/16
Processing complete.
Processing Num 22:17...
Successfully processed and saved output for Num 22:17 to /Users/joshua/work/strong_number_embedding/sn_within_unv_selfgroup_segmentation/output/Num/22/17
Processing complete.
Processing Num 22:18...
Successfully processed and saved output for Num 22:18 to /Users/joshua/work/strong_number_embedding/sn_within_unv_selfgroup_segmentation/output/Num/22/18
Processing complete.
Processing Num 22:19...
Successfully processed and saved output for Num 22:19 to /Users/joshua/work/strong_number_embedding/sn_within_unv_selfgroup_segmentation/output/Num/22/19
Processing complete.
Processing Num 22:20...
Successfully processed and saved output for Num 22:20 to /Users/joshua/work/strong_number_embedding/sn_within_unv_selfgroup_segmentation/output/Num/22/20
Processing complete.
Processing Num 22:21...
Successfully processed and saved output for Num 22:21 to /Users/joshua/work/strong_number_embedding/sn_within_unv_selfgroup_segmentation/output/Num/22/21
Processing complete.
Processing Num 22:22...
Successfully processed and saved output for Num 22:22 to /Users/joshua/work/strong_number_embedding/sn_within_unv_selfgroup_segmentation/output/Num/22/22
Processing complete.
Processing Num 22:23...
Successfully processed and saved output for Num 22:23 to /Users/joshua/work/strong_number_embedding/sn_within_unv_selfgroup_segmentation/output/Num/22/23
Processing complete.
Processing Num 22:24...
Successfully processed and saved output for Num 22:24 to /Users/joshua/work/strong_number_embedding/sn_within_unv_selfgroup_segmentation/output/Num/22/24
Processing complete.
Processing Num 22:25...
Successfully processed and saved output for Num 22:25 to /Users/joshua/work/strong_number_embedding/sn_within_unv_selfgroup_segmentation/output/Num/22/25
Processing complete.
Processing Num 22:26...
Successfully processed and saved output for Num 22:26 to /Users/joshua/work/strong_number_embedding/sn_within_unv_selfgroup_segmentation/output/Num/22/26
Processing complete.
Processing Num 22:27...
Successfully processed and saved output for Num 22:27 to /Users/joshua/work/strong_number_embedding/sn_within_unv_selfgroup_segmentation/output/Num/22/27
Processing complete.
Processing Num 22:28...
Successfully processed and saved output for Num 22:28 to /Users/joshua/work/strong_number_embedding/sn_within_unv_selfgroup_segmentation/output/Num/22/28
Processing complete.
Processing Num 22:29...
Successfully processed and saved output for Num 22:29 to /Users/joshua/work/strong_number_embedding/sn_within_unv_selfgroup_segmentation/output/Num/22/29
Processing complete.
Processing Num 22:30...
Successfully processed and saved output for Num 22:30 to /Users/joshua/work/strong_number_embedding/sn_within_unv_selfgroup_segmentation/output/Num/22/30
Processing complete.
Processing Num 22:31...
Successfully processed and saved output for Num 22:31 to /Users/joshua/work/strong_number_embedding/sn_within_unv_selfgroup_segmentation/output/Num/22/31
Processing complete.
Processing Num 22:32...
Successfully processed and saved output for Num 22:32 to /Users/joshua/work/strong_number_embedding/sn_within_unv_selfgroup_segmentation/output/Num/22/32
Processing complete.
Processing Num 22:33...
Successfully processed and saved output for Num 22:33 to /Users/joshua/work/strong_number_embedding/sn_within_unv_selfgroup_segmentation/output/Num/22/33
Processing complete.
Processing Num 22:34...
Successfully processed and saved output for Num 22:34 to /Users/joshua/work/strong_number_embedding/sn_within_unv_selfgroup_segmentation/output/Num/22/34
Processing complete.
Processing Num 22:35...
Successfully processed and saved output for Num 22:35 to /Users/joshua/work/strong_number_embedding/sn_within_unv_selfgroup_segmentation/output/Num/22/35
Processing complete.
Processing Num 22:36...
Successfully processed and saved output for Num 22:36 to /Users/joshua/work/strong_number_embedding/sn_within_unv_selfgroup_segmentation/output/Num/22/36
Processing complete.
Processing Num 22:37...
Successfully processed and saved output for Num 22:37 to /Users/joshua/work/strong_number_embedding/sn_within_unv_selfgroup_segmentation/output/Num/22/37
Processing complete.
Processing Num 22:38...
Successfully processed and saved output for Num 22:38 to /Users/joshua/work/strong_number_embedding/sn_within_unv_selfgroup_segmentation/output/Num/22/38
Processing complete.
Processing Num 22:39...
Successfully processed and saved output for Num 22:39 to /Users/joshua/work/strong_number_embedding/sn_within_unv_selfgroup_segmentation/output/Num/22/39
Processing complete.
Processing Num 22:40...
Successfully processed and saved output for Num 22:40 to /Users/joshua/work/strong_number_embedding/sn_within_unv_selfgroup_segmentation/output/Num/22/40
Processing complete.
Processing Num 22:41...
Successfully processed and saved output for Num 22:41 to /Users/joshua/work/strong_number_embedding/sn_within_unv_selfgroup_segmentation/output/Num/22/41
Processing complete.
  Processing Numbers chapter 23 (30 verses)...
Processing Num 23:1...
Successfully processed and saved output for Num 23:1 to /Users/joshua/work/strong_number_embedding/sn_within_unv_selfgroup_segmentation/output/Num/23/1
Processing complete.
Processing Num 23:2...
Successfully processed and saved output for Num 23:2 to /Users/joshua/work/strong_number_embedding/sn_within_unv_selfgroup_segmentation/output/Num/23/2
Processing complete.
Processing Num 23:3...
Successfully processed and saved output for Num 23:3 to /Users/joshua/work/strong_number_embedding/sn_within_unv_selfgroup_segmentation/output/Num/23/3
Processing complete.
Processing Num 23:4...
Successfully processed and saved output for Num 23:4 to /Users/joshua/work/strong_number_embedding/sn_within_unv_selfgroup_segmentation/output/Num/23/4
Processing complete.
Processing Num 23:5...
Successfully processed and saved output for Num 23:5 to /Users/joshua/work/strong_number_embedding/sn_within_unv_selfgroup_segmentation/output/Num/23/5
Processing complete.
Processing Num 23:6...
Successfully processed and saved output for Num 23:6 to /Users/joshua/work/strong_number_embedding/sn_within_unv_selfgroup_segmentation/output/Num/23/6
Processing complete.
Processing Num 23:7...
Successfully processed and saved output for Num 23:7 to /Users/joshua/work/strong_number_embedding/sn_within_unv_selfgroup_segmentation/output/Num/23/7
Processing complete.
Processing Num 23:8...
Successfully processed and saved output for Num 23:8 to /Users/joshua/work/strong_number_embedding/sn_within_unv_selfgroup_segmentation/output/Num/23/8
Processing complete.
Processing Num 23:9...
Successfully processed and saved output for Num 23:9 to /Users/joshua/work/strong_number_embedding/sn_within_unv_selfgroup_segmentation/output/Num/23/9
Processing complete.
Processing Num 23:10...
Successfully processed and saved output for Num 23:10 to /Users/joshua/work/strong_number_embedding/sn_within_unv_selfgroup_segmentation/output/Num/23/10
Processing complete.
Processing Num 23:11...
Successfully processed and saved output for Num 23:11 to /Users/joshua/work/strong_number_embedding/sn_within_unv_selfgroup_segmentation/output/Num/23/11
Processing complete.
Processing Num 23:12...
Successfully processed and saved output for Num 23:12 to /Users/joshua/work/strong_number_embedding/sn_within_unv_selfgroup_segmentation/output/Num/23/12
Processing complete.
Processing Num 23:13...
Successfully processed and saved output for Num 23:13 to /Users/joshua/work/strong_number_embedding/sn_within_unv_selfgroup_segmentation/output/Num/23/13
Processing complete.
Processing Num 23:14...
Successfully processed and saved output for Num 23:14 to /Users/joshua/work/strong_number_embedding/sn_within_unv_selfgroup_segmentation/output/Num/23/14
Processing complete.
Processing Num 23:15...
Successfully processed and saved output for Num 23:15 to /Users/joshua/work/strong_number_embedding/sn_within_unv_selfgroup_segmentation/output/Num/23/15
Processing complete.
Processing Num 23:16...
Successfully processed and saved output for Num 23:16 to /Users/joshua/work/strong_number_embedding/sn_within_unv_selfgroup_segmentation/output/Num/23/16
Processing complete.
Processing Num 23:17...
Successfully processed and saved output for Num 23:17 to /Users/joshua/work/strong_number_embedding/sn_within_unv_selfgroup_segmentation/output/Num/23/17
Processing complete.
Processing Num 23:18...
Successfully processed and saved output for Num 23:18 to /Users/joshua/work/strong_number_embedding/sn_within_unv_selfgroup_segmentation/output/Num/23/18
Processing complete.
Processing Num 23:19...
Successfully processed and saved output for Num 23:19 to /Users/joshua/work/strong_number_embedding/sn_within_unv_selfgroup_segmentation/output/Num/23/19
Processing complete.
Processing Num 23:20...
Successfully processed and saved output for Num 23:20 to /Users/joshua/work/strong_number_embedding/sn_within_unv_selfgroup_segmentation/output/Num/23/20
Processing complete.
Processing Num 23:21...
Successfully processed and saved output for Num 23:21 to /Users/joshua/work/strong_number_embedding/sn_within_unv_selfgroup_segmentation/output/Num/23/21
Processing complete.
Processing Num 23:22...
Successfully processed and saved output for Num 23:22 to /Users/joshua/work/strong_number_embedding/sn_within_unv_selfgroup_segmentation/output/Num/23/22
Processing complete.
Processing Num 23:23...
Successfully processed and saved output for Num 23:23 to /Users/joshua/work/strong_number_embedding/sn_within_unv_selfgroup_segmentation/output/Num/23/23
Processing complete.
Processing Num 23:24...
Successfully processed and saved output for Num 23:24 to /Users/joshua/work/strong_number_embedding/sn_within_unv_selfgroup_segmentation/output/Num/23/24
Processing complete.
Processing Num 23:25...
Successfully processed and saved output for Num 23:25 to /Users/joshua/work/strong_number_embedding/sn_within_unv_selfgroup_segmentation/output/Num/23/25
Processing complete.
Processing Num 23:26...
Successfully processed and saved output for Num 23:26 to /Users/joshua/work/strong_number_embedding/sn_within_unv_selfgroup_segmentation/output/Num/23/26
Processing complete.
Processing Num 23:27...
Successfully processed and saved output for Num 23:27 to /Users/joshua/work/strong_number_embedding/sn_within_unv_selfgroup_segmentation/output/Num/23/27
Processing complete.
Processing Num 23:28...
Successfully processed and saved output for Num 23:28 to /Users/joshua/work/strong_number_embedding/sn_within_unv_selfgroup_segmentation/output/Num/23/28
Processing complete.
Processing Num 23:29...
Successfully processed and saved output for Num 23:29 to /Users/joshua/work/strong_number_embedding/sn_within_unv_selfgroup_segmentation/output/Num/23/29
Processing complete.
Processing Num 23:30...
Successfully processed and saved output for Num 23:30 to /Users/joshua/work/strong_number_embedding/sn_within_unv_selfgroup_segmentation/output/Num/23/30
Processing complete.
  Processing Numbers chapter 24 (25 verses)...
Processing Num 24:1...
Successfully processed and saved output for Num 24:1 to /Users/joshua/work/strong_number_embedding/sn_within_unv_selfgroup_segmentation/output/Num/24/1
Processing complete.
Processing Num 24:2...
Successfully processed and saved output for Num 24:2 to /Users/joshua/work/strong_number_embedding/sn_within_unv_selfgroup_segmentation/output/Num/24/2
Processing complete.
Processing Num 24:3...
Successfully processed and saved output for Num 24:3 to /Users/joshua/work/strong_number_embedding/sn_within_unv_selfgroup_segmentation/output/Num/24/3
Processing complete.
Processing Num 24:4...
Successfully processed and saved output for Num 24:4 to /Users/joshua/work/strong_number_embedding/sn_within_unv_selfgroup_segmentation/output/Num/24/4
Processing complete.
Processing Num 24:5...
Successfully processed and saved output for Num 24:5 to /Users/joshua/work/strong_number_embedding/sn_within_unv_selfgroup_segmentation/output/Num/24/5
Processing complete.
Processing Num 24:6...
Successfully processed and saved output for Num 24:6 to /Users/joshua/work/strong_number_embedding/sn_within_unv_selfgroup_segmentation/output/Num/24/6
Processing complete.
Processing Num 24:7...
Successfully processed and saved output for Num 24:7 to /Users/joshua/work/strong_number_embedding/sn_within_unv_selfgroup_segmentation/output/Num/24/7
Processing complete.
Processing Num 24:8...
Successfully processed and saved output for Num 24:8 to /Users/joshua/work/strong_number_embedding/sn_within_unv_selfgroup_segmentation/output/Num/24/8
Processing complete.
Processing Num 24:9...
Successfully processed and saved output for Num 24:9 to /Users/joshua/work/strong_number_embedding/sn_within_unv_selfgroup_segmentation/output/Num/24/9
Processing complete.
Processing Num 24:10...
Successfully processed and saved output for Num 24:10 to /Users/joshua/work/strong_number_embedding/sn_within_unv_selfgroup_segmentation/output/Num/24/10
Processing complete.
Processing Num 24:11...
Successfully processed and saved output for Num 24:11 to /Users/joshua/work/strong_number_embedding/sn_within_unv_selfgroup_segmentation/output/Num/24/11
Processing complete.
Processing Num 24:12...
Successfully processed and saved output for Num 24:12 to /Users/joshua/work/strong_number_embedding/sn_within_unv_selfgroup_segmentation/output/Num/24/12
Processing complete.
Processing Num 24:13...
Successfully processed and saved output for Num 24:13 to /Users/joshua/work/strong_number_embedding/sn_within_unv_selfgroup_segmentation/output/Num/24/13
Processing complete.
Processing Num 24:14...
Successfully processed and saved output for Num 24:14 to /Users/joshua/work/strong_number_embedding/sn_within_unv_selfgroup_segmentation/output/Num/24/14
Processing complete.
Processing Num 24:15...
Successfully processed and saved output for Num 24:15 to /Users/joshua/work/strong_number_embedding/sn_within_unv_selfgroup_segmentation/output/Num/24/15
Processing complete.
Processing Num 24:16...
Successfully processed and saved output for Num 24:16 to /Users/joshua/work/strong_number_embedding/sn_within_unv_selfgroup_segmentation/output/Num/24/16
Processing complete.
Processing Num 24:17...
Successfully processed and saved output for Num 24:17 to /Users/joshua/work/strong_number_embedding/sn_within_unv_selfgroup_segmentation/output/Num/24/17
Processing complete.
Processing Num 24:18...
Successfully processed and saved output for Num 24:18 to /Users/joshua/work/strong_number_embedding/sn_within_unv_selfgroup_segmentation/output/Num/24/18
Processing complete.
Processing Num 24:19...
Successfully processed and saved output for Num 24:19 to /Users/joshua/work/strong_number_embedding/sn_within_unv_selfgroup_segmentation/output/Num/24/19
Processing complete.
Processing Num 24:20...
Successfully processed and saved output for Num 24:20 to /Users/joshua/work/strong_number_embedding/sn_within_unv_selfgroup_segmentation/output/Num/24/20
Processing complete.
Processing Num 24:21...
Successfully processed and saved output for Num 24:21 to /Users/joshua/work/strong_number_embedding/sn_within_unv_selfgroup_segmentation/output/Num/24/21
Processing complete.
Processing Num 24:22...
Successfully processed and saved output for Num 24:22 to /Users/joshua/work/strong_number_embedding/sn_within_unv_selfgroup_segmentation/output/Num/24/22
Processing complete.
Processing Num 24:23...
Successfully processed and saved output for Num 24:23 to /Users/joshua/work/strong_number_embedding/sn_within_unv_selfgroup_segmentation/output/Num/24/23
Processing complete.
Processing Num 24:24...
Successfully processed and saved output for Num 24:24 to /Users/joshua/work/strong_number_embedding/sn_within_unv_selfgroup_segmentation/output/Num/24/24
Processing complete.
Processing Num 24:25...
Successfully processed and saved output for Num 24:25 to /Users/joshua/work/strong_number_embedding/sn_within_unv_selfgroup_segmentation/output/Num/24/25
Processing complete.
  Processing Numbers chapter 25 (18 verses)...
Processing Num 25:1...
Successfully processed and saved output for Num 25:1 to /Users/joshua/work/strong_number_embedding/sn_within_unv_selfgroup_segmentation/output/Num/25/1
Processing complete.
Processing Num 25:2...
Successfully processed and saved output for Num 25:2 to /Users/joshua/work/strong_number_embedding/sn_within_unv_selfgroup_segmentation/output/Num/25/2
Processing complete.
Processing Num 25:3...
Successfully processed and saved output for Num 25:3 to /Users/joshua/work/strong_number_embedding/sn_within_unv_selfgroup_segmentation/output/Num/25/3
Processing complete.
Processing Num 25:4...
Successfully processed and saved output for Num 25:4 to /Users/joshua/work/strong_number_embedding/sn_within_unv_selfgroup_segmentation/output/Num/25/4
Processing complete.
Processing Num 25:5...
Successfully processed and saved output for Num 25:5 to /Users/joshua/work/strong_number_embedding/sn_within_unv_selfgroup_segmentation/output/Num/25/5
Processing complete.
Processing Num 25:6...
Successfully processed and saved output for Num 25:6 to /Users/joshua/work/strong_number_embedding/sn_within_unv_selfgroup_segmentation/output/Num/25/6
Processing complete.
Processing Num 25:7...
Successfully processed and saved output for Num 25:7 to /Users/joshua/work/strong_number_embedding/sn_within_unv_selfgroup_segmentation/output/Num/25/7
Processing complete.
Processing Num 25:8...
Successfully processed and saved output for Num 25:8 to /Users/joshua/work/strong_number_embedding/sn_within_unv_selfgroup_segmentation/output/Num/25/8
Processing complete.
Processing Num 25:9...
Successfully processed and saved output for Num 25:9 to /Users/joshua/work/strong_number_embedding/sn_within_unv_selfgroup_segmentation/output/Num/25/9
Processing complete.
Processing Num 25:10...
Successfully processed and saved output for Num 25:10 to /Users/joshua/work/strong_number_embedding/sn_within_unv_selfgroup_segmentation/output/Num/25/10
Processing complete.
Processing Num 25:11...
Successfully processed and saved output for Num 25:11 to /Users/joshua/work/strong_number_embedding/sn_within_unv_selfgroup_segmentation/output/Num/25/11
Processing complete.
Processing Num 25:12...
Successfully processed and saved output for Num 25:12 to /Users/joshua/work/strong_number_embedding/sn_within_unv_selfgroup_segmentation/output/Num/25/12
Processing complete.
Processing Num 25:13...
Successfully processed and saved output for Num 25:13 to /Users/joshua/work/strong_number_embedding/sn_within_unv_selfgroup_segmentation/output/Num/25/13
Processing complete.
Processing Num 25:14...
Successfully processed and saved output for Num 25:14 to /Users/joshua/work/strong_number_embedding/sn_within_unv_selfgroup_segmentation/output/Num/25/14
Processing complete.
Processing Num 25:15...
Successfully processed and saved output for Num 25:15 to /Users/joshua/work/strong_number_embedding/sn_within_unv_selfgroup_segmentation/output/Num/25/15
Processing complete.
Processing Num 25:16...
Successfully processed and saved output for Num 25:16 to /Users/joshua/work/strong_number_embedding/sn_within_unv_selfgroup_segmentation/output/Num/25/16
Processing complete.
Processing Num 25:17...
Successfully processed and saved output for Num 25:17 to /Users/joshua/work/strong_number_embedding/sn_within_unv_selfgroup_segmentation/output/Num/25/17
Processing complete.
Processing Num 25:18...
Successfully processed and saved output for Num 25:18 to /Users/joshua/work/strong_number_embedding/sn_within_unv_selfgroup_segmentation/output/Num/25/18
Processing complete.
  Processing Numbers chapter 26 (65 verses)...
Processing Num 26:1...
Successfully processed and saved output for Num 26:1 to /Users/joshua/work/strong_number_embedding/sn_within_unv_selfgroup_segmentation/output/Num/26/1
Processing complete.
Processing Num 26:2...
Successfully processed and saved output for Num 26:2 to /Users/joshua/work/strong_number_embedding/sn_within_unv_selfgroup_segmentation/output/Num/26/2
Processing complete.
Processing Num 26:3...
Successfully processed and saved output for Num 26:3 to /Users/joshua/work/strong_number_embedding/sn_within_unv_selfgroup_segmentation/output/Num/26/3
Processing complete.
Processing Num 26:4...
Successfully processed and saved output for Num 26:4 to /Users/joshua/work/strong_number_embedding/sn_within_unv_selfgroup_segmentation/output/Num/26/4
Processing complete.
Processing Num 26:5...
Successfully processed and saved output for Num 26:5 to /Users/joshua/work/strong_number_embedding/sn_within_unv_selfgroup_segmentation/output/Num/26/5
Processing complete.
Processing Num 26:6...
Successfully processed and saved output for Num 26:6 to /Users/joshua/work/strong_number_embedding/sn_within_unv_selfgroup_segmentation/output/Num/26/6
Processing complete.
Processing Num 26:7...
Successfully processed and saved output for Num 26:7 to /Users/joshua/work/strong_number_embedding/sn_within_unv_selfgroup_segmentation/output/Num/26/7
Processing complete.
Processing Num 26:8...
Successfully processed and saved output for Num 26:8 to /Users/joshua/work/strong_number_embedding/sn_within_unv_selfgroup_segmentation/output/Num/26/8
Processing complete.
Processing Num 26:9...
Successfully processed and saved output for Num 26:9 to /Users/joshua/work/strong_number_embedding/sn_within_unv_selfgroup_segmentation/output/Num/26/9
Processing complete.
Processing Num 26:10...
Successfully processed and saved output for Num 26:10 to /Users/joshua/work/strong_number_embedding/sn_within_unv_selfgroup_segmentation/output/Num/26/10
Processing complete.
Processing Num 26:11...
Successfully processed and saved output for Num 26:11 to /Users/joshua/work/strong_number_embedding/sn_within_unv_selfgroup_segmentation/output/Num/26/11
Processing complete.
Processing Num 26:12...
Successfully processed and saved output for Num 26:12 to /Users/joshua/work/strong_number_embedding/sn_within_unv_selfgroup_segmentation/output/Num/26/12
Processing complete.
Processing Num 26:13...
Successfully processed and saved output for Num 26:13 to /Users/joshua/work/strong_number_embedding/sn_within_unv_selfgroup_segmentation/output/Num/26/13
Processing complete.
Processing Num 26:14...
Successfully processed and saved output for Num 26:14 to /Users/joshua/work/strong_number_embedding/sn_within_unv_selfgroup_segmentation/output/Num/26/14
Processing complete.
Processing Num 26:15...
Successfully processed and saved output for Num 26:15 to /Users/joshua/work/strong_number_embedding/sn_within_unv_selfgroup_segmentation/output/Num/26/15
Processing complete.
Processing Num 26:16...
Successfully processed and saved output for Num 26:16 to /Users/joshua/work/strong_number_embedding/sn_within_unv_selfgroup_segmentation/output/Num/26/16
Processing complete.
Processing Num 26:17...
Successfully processed and saved output for Num 26:17 to /Users/joshua/work/strong_number_embedding/sn_within_unv_selfgroup_segmentation/output/Num/26/17
Processing complete.
Processing Num 26:18...
Successfully processed and saved output for Num 26:18 to /Users/joshua/work/strong_number_embedding/sn_within_unv_selfgroup_segmentation/output/Num/26/18
Processing complete.
Processing Num 26:19...
Successfully processed and saved output for Num 26:19 to /Users/joshua/work/strong_number_embedding/sn_within_unv_selfgroup_segmentation/output/Num/26/19
Processing complete.
Processing Num 26:20...
Successfully processed and saved output for Num 26:20 to /Users/joshua/work/strong_number_embedding/sn_within_unv_selfgroup_segmentation/output/Num/26/20
Processing complete.
Processing Num 26:21...
Successfully processed and saved output for Num 26:21 to /Users/joshua/work/strong_number_embedding/sn_within_unv_selfgroup_segmentation/output/Num/26/21
Processing complete.
Processing Num 26:22...
Successfully processed and saved output for Num 26:22 to /Users/joshua/work/strong_number_embedding/sn_within_unv_selfgroup_segmentation/output/Num/26/22
Processing complete.
Processing Num 26:23...
Successfully processed and saved output for Num 26:23 to /Users/joshua/work/strong_number_embedding/sn_within_unv_selfgroup_segmentation/output/Num/26/23
Processing complete.
Processing Num 26:24...
Successfully processed and saved output for Num 26:24 to /Users/joshua/work/strong_number_embedding/sn_within_unv_selfgroup_segmentation/output/Num/26/24
Processing complete.
Processing Num 26:25...
Successfully processed and saved output for Num 26:25 to /Users/joshua/work/strong_number_embedding/sn_within_unv_selfgroup_segmentation/output/Num/26/25
Processing complete.
Processing Num 26:26...
Successfully processed and saved output for Num 26:26 to /Users/joshua/work/strong_number_embedding/sn_within_unv_selfgroup_segmentation/output/Num/26/26
Processing complete.
Processing Num 26:27...
Successfully processed and saved output for Num 26:27 to /Users/joshua/work/strong_number_embedding/sn_within_unv_selfgroup_segmentation/output/Num/26/27
Processing complete.
Processing Num 26:28...
Successfully processed and saved output for Num 26:28 to /Users/joshua/work/strong_number_embedding/sn_within_unv_selfgroup_segmentation/output/Num/26/28
Processing complete.
Processing Num 26:29...
Successfully processed and saved output for Num 26:29 to /Users/joshua/work/strong_number_embedding/sn_within_unv_selfgroup_segmentation/output/Num/26/29
Processing complete.
Processing Num 26:30...
Successfully processed and saved output for Num 26:30 to /Users/joshua/work/strong_number_embedding/sn_within_unv_selfgroup_segmentation/output/Num/26/30
Processing complete.
Processing Num 26:31...
Successfully processed and saved output for Num 26:31 to /Users/joshua/work/strong_number_embedding/sn_within_unv_selfgroup_segmentation/output/Num/26/31
Processing complete.
Processing Num 26:32...
Successfully processed and saved output for Num 26:32 to /Users/joshua/work/strong_number_embedding/sn_within_unv_selfgroup_segmentation/output/Num/26/32
Processing complete.
Processing Num 26:33...
Successfully processed and saved output for Num 26:33 to /Users/joshua/work/strong_number_embedding/sn_within_unv_selfgroup_segmentation/output/Num/26/33
Processing complete.
Processing Num 26:34...
Successfully processed and saved output for Num 26:34 to /Users/joshua/work/strong_number_embedding/sn_within_unv_selfgroup_segmentation/output/Num/26/34
Processing complete.
Processing Num 26:35...
Successfully processed and saved output for Num 26:35 to /Users/joshua/work/strong_number_embedding/sn_within_unv_selfgroup_segmentation/output/Num/26/35
Processing complete.
Processing Num 26:36...
Successfully processed and saved output for Num 26:36 to /Users/joshua/work/strong_number_embedding/sn_within_unv_selfgroup_segmentation/output/Num/26/36
Processing complete.
Processing Num 26:37...
Successfully processed and saved output for Num 26:37 to /Users/joshua/work/strong_number_embedding/sn_within_unv_selfgroup_segmentation/output/Num/26/37
Processing complete.
Processing Num 26:38...
Successfully processed and saved output for Num 26:38 to /Users/joshua/work/strong_number_embedding/sn_within_unv_selfgroup_segmentation/output/Num/26/38
Processing complete.
Processing Num 26:39...
Successfully processed and saved output for Num 26:39 to /Users/joshua/work/strong_number_embedding/sn_within_unv_selfgroup_segmentation/output/Num/26/39
Processing complete.
Processing Num 26:40...
Successfully processed and saved output for Num 26:40 to /Users/joshua/work/strong_number_embedding/sn_within_unv_selfgroup_segmentation/output/Num/26/40
Processing complete.
Processing Num 26:41...
Successfully processed and saved output for Num 26:41 to /Users/joshua/work/strong_number_embedding/sn_within_unv_selfgroup_segmentation/output/Num/26/41
Processing complete.
Processing Num 26:42...
Successfully processed and saved output for Num 26:42 to /Users/joshua/work/strong_number_embedding/sn_within_unv_selfgroup_segmentation/output/Num/26/42
Processing complete.
Processing Num 26:43...
Successfully processed and saved output for Num 26:43 to /Users/joshua/work/strong_number_embedding/sn_within_unv_selfgroup_segmentation/output/Num/26/43
Processing complete.
Processing Num 26:44...
Successfully processed and saved output for Num 26:44 to /Users/joshua/work/strong_number_embedding/sn_within_unv_selfgroup_segmentation/output/Num/26/44
Processing complete.
Processing Num 26:45...
Successfully processed and saved output for Num 26:45 to /Users/joshua/work/strong_number_embedding/sn_within_unv_selfgroup_segmentation/output/Num/26/45
Processing complete.
Processing Num 26:46...
Successfully processed and saved output for Num 26:46 to /Users/joshua/work/strong_number_embedding/sn_within_unv_selfgroup_segmentation/output/Num/26/46
Processing complete.
Processing Num 26:47...
Successfully processed and saved output for Num 26:47 to /Users/joshua/work/strong_number_embedding/sn_within_unv_selfgroup_segmentation/output/Num/26/47
Processing complete.
Processing Num 26:48...
Successfully processed and saved output for Num 26:48 to /Users/joshua/work/strong_number_embedding/sn_within_unv_selfgroup_segmentation/output/Num/26/48
Processing complete.
Processing Num 26:49...
Successfully processed and saved output for Num 26:49 to /Users/joshua/work/strong_number_embedding/sn_within_unv_selfgroup_segmentation/output/Num/26/49
Processing complete.
Processing Num 26:50...
Successfully processed and saved output for Num 26:50 to /Users/joshua/work/strong_number_embedding/sn_within_unv_selfgroup_segmentation/output/Num/26/50
Processing complete.
Processing Num 26:51...
Successfully processed and saved output for Num 26:51 to /Users/joshua/work/strong_number_embedding/sn_within_unv_selfgroup_segmentation/output/Num/26/51
Processing complete.
Processing Num 26:52...
Successfully processed and saved output for Num 26:52 to /Users/joshua/work/strong_number_embedding/sn_within_unv_selfgroup_segmentation/output/Num/26/52
Processing complete.
Processing Num 26:53...
Successfully processed and saved output for Num 26:53 to /Users/joshua/work/strong_number_embedding/sn_within_unv_selfgroup_segmentation/output/Num/26/53
Processing complete.
Processing Num 26:54...
Successfully processed and saved output for Num 26:54 to /Users/joshua/work/strong_number_embedding/sn_within_unv_selfgroup_segmentation/output/Num/26/54
Processing complete.
Processing Num 26:55...
Successfully processed and saved output for Num 26:55 to /Users/joshua/work/strong_number_embedding/sn_within_unv_selfgroup_segmentation/output/Num/26/55
Processing complete.
Processing Num 26:56...
Successfully processed and saved output for Num 26:56 to /Users/joshua/work/strong_number_embedding/sn_within_unv_selfgroup_segmentation/output/Num/26/56
Processing complete.
Processing Num 26:57...
Successfully processed and saved output for Num 26:57 to /Users/joshua/work/strong_number_embedding/sn_within_unv_selfgroup_segmentation/output/Num/26/57
Processing complete.
Processing Num 26:58...
Successfully processed and saved output for Num 26:58 to /Users/joshua/work/strong_number_embedding/sn_within_unv_selfgroup_segmentation/output/Num/26/58
Processing complete.
Processing Num 26:59...
Successfully processed and saved output for Num 26:59 to /Users/joshua/work/strong_number_embedding/sn_within_unv_selfgroup_segmentation/output/Num/26/59
Processing complete.
Processing Num 26:60...
Successfully processed and saved output for Num 26:60 to /Users/joshua/work/strong_number_embedding/sn_within_unv_selfgroup_segmentation/output/Num/26/60
Processing complete.
Processing Num 26:61...
Successfully processed and saved output for Num 26:61 to /Users/joshua/work/strong_number_embedding/sn_within_unv_selfgroup_segmentation/output/Num/26/61
Processing complete.
Processing Num 26:62...
Successfully processed and saved output for Num 26:62 to /Users/joshua/work/strong_number_embedding/sn_within_unv_selfgroup_segmentation/output/Num/26/62
Processing complete.
Processing Num 26:63...
Successfully processed and saved output for Num 26:63 to /Users/joshua/work/strong_number_embedding/sn_within_unv_selfgroup_segmentation/output/Num/26/63
Processing complete.
Processing Num 26:64...
Successfully processed and saved output for Num 26:64 to /Users/joshua/work/strong_number_embedding/sn_within_unv_selfgroup_segmentation/output/Num/26/64
Processing complete.
Processing Num 26:65...
Successfully processed and saved output for Num 26:65 to /Users/joshua/work/strong_number_embedding/sn_within_unv_selfgroup_segmentation/output/Num/26/65
Processing complete.
  Processing Numbers chapter 27 (23 verses)...
Processing Num 27:1...
Successfully processed and saved output for Num 27:1 to /Users/joshua/work/strong_number_embedding/sn_within_unv_selfgroup_segmentation/output/Num/27/1
Processing complete.
Processing Num 27:2...
Successfully processed and saved output for Num 27:2 to /Users/joshua/work/strong_number_embedding/sn_within_unv_selfgroup_segmentation/output/Num/27/2
Processing complete.
Processing Num 27:3...
Successfully processed and saved output for Num 27:3 to /Users/joshua/work/strong_number_embedding/sn_within_unv_selfgroup_segmentation/output/Num/27/3
Processing complete.
Processing Num 27:4...
Successfully processed and saved output for Num 27:4 to /Users/joshua/work/strong_number_embedding/sn_within_unv_selfgroup_segmentation/output/Num/27/4
Processing complete.
Processing Num 27:5...
Successfully processed and saved output for Num 27:5 to /Users/joshua/work/strong_number_embedding/sn_within_unv_selfgroup_segmentation/output/Num/27/5
Processing complete.
Processing Num 27:6...
Successfully processed and saved output for Num 27:6 to /Users/joshua/work/strong_number_embedding/sn_within_unv_selfgroup_segmentation/output/Num/27/6
Processing complete.
Processing Num 27:7...
Successfully processed and saved output for Num 27:7 to /Users/joshua/work/strong_number_embedding/sn_within_unv_selfgroup_segmentation/output/Num/27/7
Processing complete.
Processing Num 27:8...
Successfully processed and saved output for Num 27:8 to /Users/joshua/work/strong_number_embedding/sn_within_unv_selfgroup_segmentation/output/Num/27/8
Processing complete.
Processing Num 27:9...
Successfully processed and saved output for Num 27:9 to /Users/joshua/work/strong_number_embedding/sn_within_unv_selfgroup_segmentation/output/Num/27/9
Processing complete.
Processing Num 27:10...
Successfully processed and saved output for Num 27:10 to /Users/joshua/work/strong_number_embedding/sn_within_unv_selfgroup_segmentation/output/Num/27/10
Processing complete.
Processing Num 27:11...
Successfully processed and saved output for Num 27:11 to /Users/joshua/work/strong_number_embedding/sn_within_unv_selfgroup_segmentation/output/Num/27/11
Processing complete.
Processing Num 27:12...
Successfully processed and saved output for Num 27:12 to /Users/joshua/work/strong_number_embedding/sn_within_unv_selfgroup_segmentation/output/Num/27/12
Processing complete.
Processing Num 27:13...
Successfully processed and saved output for Num 27:13 to /Users/joshua/work/strong_number_embedding/sn_within_unv_selfgroup_segmentation/output/Num/27/13
Processing complete.
Processing Num 27:14...
Successfully processed and saved output for Num 27:14 to /Users/joshua/work/strong_number_embedding/sn_within_unv_selfgroup_segmentation/output/Num/27/14
Processing complete.
Processing Num 27:15...
Successfully processed and saved output for Num 27:15 to /Users/joshua/work/strong_number_embedding/sn_within_unv_selfgroup_segmentation/output/Num/27/15
Processing complete.
Processing Num 27:16...
Successfully processed and saved output for Num 27:16 to /Users/joshua/work/strong_number_embedding/sn_within_unv_selfgroup_segmentation/output/Num/27/16
Processing complete.
Processing Num 27:17...
Successfully processed and saved output for Num 27:17 to /Users/joshua/work/strong_number_embedding/sn_within_unv_selfgroup_segmentation/output/Num/27/17
Processing complete.
Processing Num 27:18...
Successfully processed and saved output for Num 27:18 to /Users/joshua/work/strong_number_embedding/sn_within_unv_selfgroup_segmentation/output/Num/27/18
Processing complete.
Processing Num 27:19...
Successfully processed and saved output for Num 27:19 to /Users/joshua/work/strong_number_embedding/sn_within_unv_selfgroup_segmentation/output/Num/27/19
Processing complete.
Processing Num 27:20...
Successfully processed and saved output for Num 27:20 to /Users/joshua/work/strong_number_embedding/sn_within_unv_selfgroup_segmentation/output/Num/27/20
Processing complete.
Processing Num 27:21...
Successfully processed and saved output for Num 27:21 to /Users/joshua/work/strong_number_embedding/sn_within_unv_selfgroup_segmentation/output/Num/27/21
Processing complete.
Processing Num 27:22...
Successfully processed and saved output for Num 27:22 to /Users/joshua/work/strong_number_embedding/sn_within_unv_selfgroup_segmentation/output/Num/27/22
Processing complete.
Processing Num 27:23...
Successfully processed and saved output for Num 27:23 to /Users/joshua/work/strong_number_embedding/sn_within_unv_selfgroup_segmentation/output/Num/27/23
Processing complete.
  Processing Numbers chapter 28 (31 verses)...
Processing Num 28:1...
Successfully processed and saved output for Num 28:1 to /Users/joshua/work/strong_number_embedding/sn_within_unv_selfgroup_segmentation/output/Num/28/1
Processing complete.
Processing Num 28:2...
Successfully processed and saved output for Num 28:2 to /Users/joshua/work/strong_number_embedding/sn_within_unv_selfgroup_segmentation/output/Num/28/2
Processing complete.
Processing Num 28:3...
Successfully processed and saved output for Num 28:3 to /Users/joshua/work/strong_number_embedding/sn_within_unv_selfgroup_segmentation/output/Num/28/3
Processing complete.
Processing Num 28:4...
Successfully processed and saved output for Num 28:4 to /Users/joshua/work/strong_number_embedding/sn_within_unv_selfgroup_segmentation/output/Num/28/4
Processing complete.
Processing Num 28:5...
Successfully processed and saved output for Num 28:5 to /Users/joshua/work/strong_number_embedding/sn_within_unv_selfgroup_segmentation/output/Num/28/5
Processing complete.
Processing Num 28:6...
Successfully processed and saved output for Num 28:6 to /Users/joshua/work/strong_number_embedding/sn_within_unv_selfgroup_segmentation/output/Num/28/6
Processing complete.
Processing Num 28:7...
Successfully processed and saved output for Num 28:7 to /Users/joshua/work/strong_number_embedding/sn_within_unv_selfgroup_segmentation/output/Num/28/7
Processing complete.
Processing Num 28:8...
Successfully processed and saved output for Num 28:8 to /Users/joshua/work/strong_number_embedding/sn_within_unv_selfgroup_segmentation/output/Num/28/8
Processing complete.
Processing Num 28:9...
Successfully processed and saved output for Num 28:9 to /Users/joshua/work/strong_number_embedding/sn_within_unv_selfgroup_segmentation/output/Num/28/9
Processing complete.
Processing Num 28:10...
Successfully processed and saved output for Num 28:10 to /Users/joshua/work/strong_number_embedding/sn_within_unv_selfgroup_segmentation/output/Num/28/10
Processing complete.
Processing Num 28:11...
Successfully processed and saved output for Num 28:11 to /Users/joshua/work/strong_number_embedding/sn_within_unv_selfgroup_segmentation/output/Num/28/11
Processing complete.
Processing Num 28:12...
Successfully processed and saved output for Num 28:12 to /Users/joshua/work/strong_number_embedding/sn_within_unv_selfgroup_segmentation/output/Num/28/12
Processing complete.
Processing Num 28:13...
Successfully processed and saved output for Num 28:13 to /Users/joshua/work/strong_number_embedding/sn_within_unv_selfgroup_segmentation/output/Num/28/13
Processing complete.
Processing Num 28:14...
Successfully processed and saved output for Num 28:14 to /Users/joshua/work/strong_number_embedding/sn_within_unv_selfgroup_segmentation/output/Num/28/14
Processing complete.
Processing Num 28:15...
Successfully processed and saved output for Num 28:15 to /Users/joshua/work/strong_number_embedding/sn_within_unv_selfgroup_segmentation/output/Num/28/15
Processing complete.
Processing Num 28:16...
Successfully processed and saved output for Num 28:16 to /Users/joshua/work/strong_number_embedding/sn_within_unv_selfgroup_segmentation/output/Num/28/16
Processing complete.
Processing Num 28:17...
Successfully processed and saved output for Num 28:17 to /Users/joshua/work/strong_number_embedding/sn_within_unv_selfgroup_segmentation/output/Num/28/17
Processing complete.
Processing Num 28:18...
Successfully processed and saved output for Num 28:18 to /Users/joshua/work/strong_number_embedding/sn_within_unv_selfgroup_segmentation/output/Num/28/18
Processing complete.
Processing Num 28:19...
Successfully processed and saved output for Num 28:19 to /Users/joshua/work/strong_number_embedding/sn_within_unv_selfgroup_segmentation/output/Num/28/19
Processing complete.
Processing Num 28:20...
Successfully processed and saved output for Num 28:20 to /Users/joshua/work/strong_number_embedding/sn_within_unv_selfgroup_segmentation/output/Num/28/20
Processing complete.
Processing Num 28:21...
Successfully processed and saved output for Num 28:21 to /Users/joshua/work/strong_number_embedding/sn_within_unv_selfgroup_segmentation/output/Num/28/21
Processing complete.
Processing Num 28:22...
Successfully processed and saved output for Num 28:22 to /Users/joshua/work/strong_number_embedding/sn_within_unv_selfgroup_segmentation/output/Num/28/22
Processing complete.
Processing Num 28:23...
Successfully processed and saved output for Num 28:23 to /Users/joshua/work/strong_number_embedding/sn_within_unv_selfgroup_segmentation/output/Num/28/23
Processing complete.
Processing Num 28:24...
Successfully processed and saved output for Num 28:24 to /Users/joshua/work/strong_number_embedding/sn_within_unv_selfgroup_segmentation/output/Num/28/24
Processing complete.
Processing Num 28:25...
Successfully processed and saved output for Num 28:25 to /Users/joshua/work/strong_number_embedding/sn_within_unv_selfgroup_segmentation/output/Num/28/25
Processing complete.
Processing Num 28:26...
Successfully processed and saved output for Num 28:26 to /Users/joshua/work/strong_number_embedding/sn_within_unv_selfgroup_segmentation/output/Num/28/26
Processing complete.
Processing Num 28:27...
Successfully processed and saved output for Num 28:27 to /Users/joshua/work/strong_number_embedding/sn_within_unv_selfgroup_segmentation/output/Num/28/27
Processing complete.
Processing Num 28:28...
Successfully processed and saved output for Num 28:28 to /Users/joshua/work/strong_number_embedding/sn_within_unv_selfgroup_segmentation/output/Num/28/28
Processing complete.
Processing Num 28:29...
Successfully processed and saved output for Num 28:29 to /Users/joshua/work/strong_number_embedding/sn_within_unv_selfgroup_segmentation/output/Num/28/29
Processing complete.
Processing Num 28:30...
Successfully processed and saved output for Num 28:30 to /Users/joshua/work/strong_number_embedding/sn_within_unv_selfgroup_segmentation/output/Num/28/30
Processing complete.
Processing Num 28:31...
Successfully processed and saved output for Num 28:31 to /Users/joshua/work/strong_number_embedding/sn_within_unv_selfgroup_segmentation/output/Num/28/31
Processing complete.
  Processing Numbers chapter 29 (40 verses)...
Processing Num 29:1...
Successfully processed and saved output for Num 29:1 to /Users/joshua/work/strong_number_embedding/sn_within_unv_selfgroup_segmentation/output/Num/29/1
Processing complete.
Processing Num 29:2...
Successfully processed and saved output for Num 29:2 to /Users/joshua/work/strong_number_embedding/sn_within_unv_selfgroup_segmentation/output/Num/29/2
Processing complete.
Processing Num 29:3...
Successfully processed and saved output for Num 29:3 to /Users/joshua/work/strong_number_embedding/sn_within_unv_selfgroup_segmentation/output/Num/29/3
Processing complete.
Processing Num 29:4...
Successfully processed and saved output for Num 29:4 to /Users/joshua/work/strong_number_embedding/sn_within_unv_selfgroup_segmentation/output/Num/29/4
Processing complete.
Processing Num 29:5...
Successfully processed and saved output for Num 29:5 to /Users/joshua/work/strong_number_embedding/sn_within_unv_selfgroup_segmentation/output/Num/29/5
Processing complete.
Processing Num 29:6...
Successfully processed and saved output for Num 29:6 to /Users/joshua/work/strong_number_embedding/sn_within_unv_selfgroup_segmentation/output/Num/29/6
Processing complete.
Processing Num 29:7...
Successfully processed and saved output for Num 29:7 to /Users/joshua/work/strong_number_embedding/sn_within_unv_selfgroup_segmentation/output/Num/29/7
Processing complete.
Processing Num 29:8...
Successfully processed and saved output for Num 29:8 to /Users/joshua/work/strong_number_embedding/sn_within_unv_selfgroup_segmentation/output/Num/29/8
Processing complete.
Processing Num 29:9...
Successfully processed and saved output for Num 29:9 to /Users/joshua/work/strong_number_embedding/sn_within_unv_selfgroup_segmentation/output/Num/29/9
Processing complete.
Processing Num 29:10...
Successfully processed and saved output for Num 29:10 to /Users/joshua/work/strong_number_embedding/sn_within_unv_selfgroup_segmentation/output/Num/29/10
Processing complete.
Processing Num 29:11...
Successfully processed and saved output for Num 29:11 to /Users/joshua/work/strong_number_embedding/sn_within_unv_selfgroup_segmentation/output/Num/29/11
Processing complete.
Processing Num 29:12...
Successfully processed and saved output for Num 29:12 to /Users/joshua/work/strong_number_embedding/sn_within_unv_selfgroup_segmentation/output/Num/29/12
Processing complete.
Processing Num 29:13...
Successfully processed and saved output for Num 29:13 to /Users/joshua/work/strong_number_embedding/sn_within_unv_selfgroup_segmentation/output/Num/29/13
Processing complete.
Processing Num 29:14...
Successfully processed and saved output for Num 29:14 to /Users/joshua/work/strong_number_embedding/sn_within_unv_selfgroup_segmentation/output/Num/29/14
Processing complete.
Processing Num 29:15...
Successfully processed and saved output for Num 29:15 to /Users/joshua/work/strong_number_embedding/sn_within_unv_selfgroup_segmentation/output/Num/29/15
Processing complete.
Processing Num 29:16...
Successfully processed and saved output for Num 29:16 to /Users/joshua/work/strong_number_embedding/sn_within_unv_selfgroup_segmentation/output/Num/29/16
Processing complete.
Processing Num 29:17...
Successfully processed and saved output for Num 29:17 to /Users/joshua/work/strong_number_embedding/sn_within_unv_selfgroup_segmentation/output/Num/29/17
Processing complete.
Processing Num 29:18...
Successfully processed and saved output for Num 29:18 to /Users/joshua/work/strong_number_embedding/sn_within_unv_selfgroup_segmentation/output/Num/29/18
Processing complete.
Processing Num 29:19...
Successfully processed and saved output for Num 29:19 to /Users/joshua/work/strong_number_embedding/sn_within_unv_selfgroup_segmentation/output/Num/29/19
Processing complete.
Processing Num 29:20...
Successfully processed and saved output for Num 29:20 to /Users/joshua/work/strong_number_embedding/sn_within_unv_selfgroup_segmentation/output/Num/29/20
Processing complete.
Processing Num 29:21...
Successfully processed and saved output for Num 29:21 to /Users/joshua/work/strong_number_embedding/sn_within_unv_selfgroup_segmentation/output/Num/29/21
Processing complete.
Processing Num 29:22...
Successfully processed and saved output for Num 29:22 to /Users/joshua/work/strong_number_embedding/sn_within_unv_selfgroup_segmentation/output/Num/29/22
Processing complete.
Processing Num 29:23...
Successfully processed and saved output for Num 29:23 to /Users/joshua/work/strong_number_embedding/sn_within_unv_selfgroup_segmentation/output/Num/29/23
Processing complete.
Processing Num 29:24...
Successfully processed and saved output for Num 29:24 to /Users/joshua/work/strong_number_embedding/sn_within_unv_selfgroup_segmentation/output/Num/29/24
Processing complete.
Processing Num 29:25...
Successfully processed and saved output for Num 29:25 to /Users/joshua/work/strong_number_embedding/sn_within_unv_selfgroup_segmentation/output/Num/29/25
Processing complete.
Processing Num 29:26...
Successfully processed and saved output for Num 29:26 to /Users/joshua/work/strong_number_embedding/sn_within_unv_selfgroup_segmentation/output/Num/29/26
Processing complete.
Processing Num 29:27...
Successfully processed and saved output for Num 29:27 to /Users/joshua/work/strong_number_embedding/sn_within_unv_selfgroup_segmentation/output/Num/29/27
Processing complete.
Processing Num 29:28...
Successfully processed and saved output for Num 29:28 to /Users/joshua/work/strong_number_embedding/sn_within_unv_selfgroup_segmentation/output/Num/29/28
Processing complete.
Processing Num 29:29...
Successfully processed and saved output for Num 29:29 to /Users/joshua/work/strong_number_embedding/sn_within_unv_selfgroup_segmentation/output/Num/29/29
Processing complete.
Processing Num 29:30...
Successfully processed and saved output for Num 29:30 to /Users/joshua/work/strong_number_embedding/sn_within_unv_selfgroup_segmentation/output/Num/29/30
Processing complete.
Processing Num 29:31...
Successfully processed and saved output for Num 29:31 to /Users/joshua/work/strong_number_embedding/sn_within_unv_selfgroup_segmentation/output/Num/29/31
Processing complete.
Processing Num 29:32...
Successfully processed and saved output for Num 29:32 to /Users/joshua/work/strong_number_embedding/sn_within_unv_selfgroup_segmentation/output/Num/29/32
Processing complete.
Processing Num 29:33...
Successfully processed and saved output for Num 29:33 to /Users/joshua/work/strong_number_embedding/sn_within_unv_selfgroup_segmentation/output/Num/29/33
Processing complete.
Processing Num 29:34...
Successfully processed and saved output for Num 29:34 to /Users/joshua/work/strong_number_embedding/sn_within_unv_selfgroup_segmentation/output/Num/29/34
Processing complete.
Processing Num 29:35...
Successfully processed and saved output for Num 29:35 to /Users/joshua/work/strong_number_embedding/sn_within_unv_selfgroup_segmentation/output/Num/29/35
Processing complete.
Processing Num 29:36...
Successfully processed and saved output for Num 29:36 to /Users/joshua/work/strong_number_embedding/sn_within_unv_selfgroup_segmentation/output/Num/29/36
Processing complete.
Processing Num 29:37...
Successfully processed and saved output for Num 29:37 to /Users/joshua/work/strong_number_embedding/sn_within_unv_selfgroup_segmentation/output/Num/29/37
Processing complete.
Processing Num 29:38...
Successfully processed and saved output for Num 29:38 to /Users/joshua/work/strong_number_embedding/sn_within_unv_selfgroup_segmentation/output/Num/29/38
Processing complete.
Processing Num 29:39...
Successfully processed and saved output for Num 29:39 to /Users/joshua/work/strong_number_embedding/sn_within_unv_selfgroup_segmentation/output/Num/29/39
Processing complete.
Processing Num 29:40...
Successfully processed and saved output for Num 29:40 to /Users/joshua/work/strong_number_embedding/sn_within_unv_selfgroup_segmentation/output/Num/29/40
Processing complete.
  Processing Numbers chapter 30 (16 verses)...
Processing Num 30:1...
Successfully processed and saved output for Num 30:1 to /Users/joshua/work/strong_number_embedding/sn_within_unv_selfgroup_segmentation/output/Num/30/1
Processing complete.
Processing Num 30:2...
Successfully processed and saved output for Num 30:2 to /Users/joshua/work/strong_number_embedding/sn_within_unv_selfgroup_segmentation/output/Num/30/2
Processing complete.
Processing Num 30:3...
Successfully processed and saved output for Num 30:3 to /Users/joshua/work/strong_number_embedding/sn_within_unv_selfgroup_segmentation/output/Num/30/3
Processing complete.
Processing Num 30:4...
Successfully processed and saved output for Num 30:4 to /Users/joshua/work/strong_number_embedding/sn_within_unv_selfgroup_segmentation/output/Num/30/4
Processing complete.
Processing Num 30:5...
Successfully processed and saved output for Num 30:5 to /Users/joshua/work/strong_number_embedding/sn_within_unv_selfgroup_segmentation/output/Num/30/5
Processing complete.
Processing Num 30:6...
Successfully processed and saved output for Num 30:6 to /Users/joshua/work/strong_number_embedding/sn_within_unv_selfgroup_segmentation/output/Num/30/6
Processing complete.
Processing Num 30:7...
Successfully processed and saved output for Num 30:7 to /Users/joshua/work/strong_number_embedding/sn_within_unv_selfgroup_segmentation/output/Num/30/7
Processing complete.
Processing Num 30:8...
Successfully processed and saved output for Num 30:8 to /Users/joshua/work/strong_number_embedding/sn_within_unv_selfgroup_segmentation/output/Num/30/8
Processing complete.
Processing Num 30:9...
Successfully processed and saved output for Num 30:9 to /Users/joshua/work/strong_number_embedding/sn_within_unv_selfgroup_segmentation/output/Num/30/9
Processing complete.
Processing Num 30:10...
Successfully processed and saved output for Num 30:10 to /Users/joshua/work/strong_number_embedding/sn_within_unv_selfgroup_segmentation/output/Num/30/10
Processing complete.
Processing Num 30:11...
Successfully processed and saved output for Num 30:11 to /Users/joshua/work/strong_number_embedding/sn_within_unv_selfgroup_segmentation/output/Num/30/11
Processing complete.
Processing Num 30:12...
Successfully processed and saved output for Num 30:12 to /Users/joshua/work/strong_number_embedding/sn_within_unv_selfgroup_segmentation/output/Num/30/12
Processing complete.
Processing Num 30:13...
Successfully processed and saved output for Num 30:13 to /Users/joshua/work/strong_number_embedding/sn_within_unv_selfgroup_segmentation/output/Num/30/13
Processing complete.
Processing Num 30:14...
Successfully processed and saved output for Num 30:14 to /Users/joshua/work/strong_number_embedding/sn_within_unv_selfgroup_segmentation/output/Num/30/14
Processing complete.
Processing Num 30:15...
Successfully processed and saved output for Num 30:15 to /Users/joshua/work/strong_number_embedding/sn_within_unv_selfgroup_segmentation/output/Num/30/15
Processing complete.
Processing Num 30:16...
Successfully processed and saved output for Num 30:16 to /Users/joshua/work/strong_number_embedding/sn_within_unv_selfgroup_segmentation/output/Num/30/16
Processing complete.
  Processing Numbers chapter 31 (54 verses)...
Processing Num 31:1...
Successfully processed and saved output for Num 31:1 to /Users/joshua/work/strong_number_embedding/sn_within_unv_selfgroup_segmentation/output/Num/31/1
Processing complete.
Processing Num 31:2...
Successfully processed and saved output for Num 31:2 to /Users/joshua/work/strong_number_embedding/sn_within_unv_selfgroup_segmentation/output/Num/31/2
Processing complete.
Processing Num 31:3...
Successfully processed and saved output for Num 31:3 to /Users/joshua/work/strong_number_embedding/sn_within_unv_selfgroup_segmentation/output/Num/31/3
Processing complete.
Processing Num 31:4...
Successfully processed and saved output for Num 31:4 to /Users/joshua/work/strong_number_embedding/sn_within_unv_selfgroup_segmentation/output/Num/31/4
Processing complete.
Processing Num 31:5...
Successfully processed and saved output for Num 31:5 to /Users/joshua/work/strong_number_embedding/sn_within_unv_selfgroup_segmentation/output/Num/31/5
Processing complete.
Processing Num 31:6...
Successfully processed and saved output for Num 31:6 to /Users/joshua/work/strong_number_embedding/sn_within_unv_selfgroup_segmentation/output/Num/31/6
Processing complete.
Processing Num 31:7...
Successfully processed and saved output for Num 31:7 to /Users/joshua/work/strong_number_embedding/sn_within_unv_selfgroup_segmentation/output/Num/31/7
Processing complete.
Processing Num 31:8...
Successfully processed and saved output for Num 31:8 to /Users/joshua/work/strong_number_embedding/sn_within_unv_selfgroup_segmentation/output/Num/31/8
Processing complete.
Processing Num 31:9...
Successfully processed and saved output for Num 31:9 to /Users/joshua/work/strong_number_embedding/sn_within_unv_selfgroup_segmentation/output/Num/31/9
Processing complete.
Processing Num 31:10...
Successfully processed and saved output for Num 31:10 to /Users/joshua/work/strong_number_embedding/sn_within_unv_selfgroup_segmentation/output/Num/31/10
Processing complete.
Processing Num 31:11...
Successfully processed and saved output for Num 31:11 to /Users/joshua/work/strong_number_embedding/sn_within_unv_selfgroup_segmentation/output/Num/31/11
Processing complete.
Processing Num 31:12...
Successfully processed and saved output for Num 31:12 to /Users/joshua/work/strong_number_embedding/sn_within_unv_selfgroup_segmentation/output/Num/31/12
Processing complete.
Processing Num 31:13...
Successfully processed and saved output for Num 31:13 to /Users/joshua/work/strong_number_embedding/sn_within_unv_selfgroup_segmentation/output/Num/31/13
Processing complete.
Processing Num 31:14...
Successfully processed and saved output for Num 31:14 to /Users/joshua/work/strong_number_embedding/sn_within_unv_selfgroup_segmentation/output/Num/31/14
Processing complete.
Processing Num 31:15...
Successfully processed and saved output for Num 31:15 to /Users/joshua/work/strong_number_embedding/sn_within_unv_selfgroup_segmentation/output/Num/31/15
Processing complete.
Processing Num 31:16...
Successfully processed and saved output for Num 31:16 to /Users/joshua/work/strong_number_embedding/sn_within_unv_selfgroup_segmentation/output/Num/31/16
Processing complete.
Processing Num 31:17...
Successfully processed and saved output for Num 31:17 to /Users/joshua/work/strong_number_embedding/sn_within_unv_selfgroup_segmentation/output/Num/31/17
Processing complete.
Processing Num 31:18...
Successfully processed and saved output for Num 31:18 to /Users/joshua/work/strong_number_embedding/sn_within_unv_selfgroup_segmentation/output/Num/31/18
Processing complete.
Processing Num 31:19...
Successfully processed and saved output for Num 31:19 to /Users/joshua/work/strong_number_embedding/sn_within_unv_selfgroup_segmentation/output/Num/31/19
Processing complete.
Processing Num 31:20...
Successfully processed and saved output for Num 31:20 to /Users/joshua/work/strong_number_embedding/sn_within_unv_selfgroup_segmentation/output/Num/31/20
Processing complete.
Processing Num 31:21...
Successfully processed and saved output for Num 31:21 to /Users/joshua/work/strong_number_embedding/sn_within_unv_selfgroup_segmentation/output/Num/31/21
Processing complete.
Processing Num 31:22...
Successfully processed and saved output for Num 31:22 to /Users/joshua/work/strong_number_embedding/sn_within_unv_selfgroup_segmentation/output/Num/31/22
Processing complete.
Processing Num 31:23...
Successfully processed and saved output for Num 31:23 to /Users/joshua/work/strong_number_embedding/sn_within_unv_selfgroup_segmentation/output/Num/31/23
Processing complete.
Processing Num 31:24...
Successfully processed and saved output for Num 31:24 to /Users/joshua/work/strong_number_embedding/sn_within_unv_selfgroup_segmentation/output/Num/31/24
Processing complete.
Processing Num 31:25...
Successfully processed and saved output for Num 31:25 to /Users/joshua/work/strong_number_embedding/sn_within_unv_selfgroup_segmentation/output/Num/31/25
Processing complete.
Processing Num 31:26...
Successfully processed and saved output for Num 31:26 to /Users/joshua/work/strong_number_embedding/sn_within_unv_selfgroup_segmentation/output/Num/31/26
Processing complete.
Processing Num 31:27...
Successfully processed and saved output for Num 31:27 to /Users/joshua/work/strong_number_embedding/sn_within_unv_selfgroup_segmentation/output/Num/31/27
Processing complete.
Processing Num 31:28...
Successfully processed and saved output for Num 31:28 to /Users/joshua/work/strong_number_embedding/sn_within_unv_selfgroup_segmentation/output/Num/31/28
Processing complete.
Processing Num 31:29...
Successfully processed and saved output for Num 31:29 to /Users/joshua/work/strong_number_embedding/sn_within_unv_selfgroup_segmentation/output/Num/31/29
Processing complete.
Processing Num 31:30...
Successfully processed and saved output for Num 31:30 to /Users/joshua/work/strong_number_embedding/sn_within_unv_selfgroup_segmentation/output/Num/31/30
Processing complete.
Processing Num 31:31...
Successfully processed and saved output for Num 31:31 to /Users/joshua/work/strong_number_embedding/sn_within_unv_selfgroup_segmentation/output/Num/31/31
Processing complete.
Processing Num 31:32...
Successfully processed and saved output for Num 31:32 to /Users/joshua/work/strong_number_embedding/sn_within_unv_selfgroup_segmentation/output/Num/31/32
Processing complete.
Processing Num 31:33...
Successfully processed and saved output for Num 31:33 to /Users/joshua/work/strong_number_embedding/sn_within_unv_selfgroup_segmentation/output/Num/31/33
Processing complete.
Processing Num 31:34...
Successfully processed and saved output for Num 31:34 to /Users/joshua/work/strong_number_embedding/sn_within_unv_selfgroup_segmentation/output/Num/31/34
Processing complete.
Processing Num 31:35...
Successfully processed and saved output for Num 31:35 to /Users/joshua/work/strong_number_embedding/sn_within_unv_selfgroup_segmentation/output/Num/31/35
Processing complete.
Processing Num 31:36...
Successfully processed and saved output for Num 31:36 to /Users/joshua/work/strong_number_embedding/sn_within_unv_selfgroup_segmentation/output/Num/31/36
Processing complete.
Processing Num 31:37...
Successfully processed and saved output for Num 31:37 to /Users/joshua/work/strong_number_embedding/sn_within_unv_selfgroup_segmentation/output/Num/31/37
Processing complete.
Processing Num 31:38...
Successfully processed and saved output for Num 31:38 to /Users/joshua/work/strong_number_embedding/sn_within_unv_selfgroup_segmentation/output/Num/31/38
Processing complete.
Processing Num 31:39...
Successfully processed and saved output for Num 31:39 to /Users/joshua/work/strong_number_embedding/sn_within_unv_selfgroup_segmentation/output/Num/31/39
Processing complete.
Processing Num 31:40...
Successfully processed and saved output for Num 31:40 to /Users/joshua/work/strong_number_embedding/sn_within_unv_selfgroup_segmentation/output/Num/31/40
Processing complete.
Processing Num 31:41...
Successfully processed and saved output for Num 31:41 to /Users/joshua/work/strong_number_embedding/sn_within_unv_selfgroup_segmentation/output/Num/31/41
Processing complete.
Processing Num 31:42...
Successfully processed and saved output for Num 31:42 to /Users/joshua/work/strong_number_embedding/sn_within_unv_selfgroup_segmentation/output/Num/31/42
Processing complete.
Processing Num 31:43...
Successfully processed and saved output for Num 31:43 to /Users/joshua/work/strong_number_embedding/sn_within_unv_selfgroup_segmentation/output/Num/31/43
Processing complete.
Processing Num 31:44...
Successfully processed and saved output for Num 31:44 to /Users/joshua/work/strong_number_embedding/sn_within_unv_selfgroup_segmentation/output/Num/31/44
Processing complete.
Processing Num 31:45...
Successfully processed and saved output for Num 31:45 to /Users/joshua/work/strong_number_embedding/sn_within_unv_selfgroup_segmentation/output/Num/31/45
Processing complete.
Processing Num 31:46...
Successfully processed and saved output for Num 31:46 to /Users/joshua/work/strong_number_embedding/sn_within_unv_selfgroup_segmentation/output/Num/31/46
Processing complete.
Processing Num 31:47...
Successfully processed and saved output for Num 31:47 to /Users/joshua/work/strong_number_embedding/sn_within_unv_selfgroup_segmentation/output/Num/31/47
Processing complete.
Processing Num 31:48...
Successfully processed and saved output for Num 31:48 to /Users/joshua/work/strong_number_embedding/sn_within_unv_selfgroup_segmentation/output/Num/31/48
Processing complete.
Processing Num 31:49...
Successfully processed and saved output for Num 31:49 to /Users/joshua/work/strong_number_embedding/sn_within_unv_selfgroup_segmentation/output/Num/31/49
Processing complete.
Processing Num 31:50...
Successfully processed and saved output for Num 31:50 to /Users/joshua/work/strong_number_embedding/sn_within_unv_selfgroup_segmentation/output/Num/31/50
Processing complete.
Processing Num 31:51...
Successfully processed and saved output for Num 31:51 to /Users/joshua/work/strong_number_embedding/sn_within_unv_selfgroup_segmentation/output/Num/31/51
Processing complete.
Processing Num 31:52...
Successfully processed and saved output for Num 31:52 to /Users/joshua/work/strong_number_embedding/sn_within_unv_selfgroup_segmentation/output/Num/31/52
Processing complete.
Processing Num 31:53...
Successfully processed and saved output for Num 31:53 to /Users/joshua/work/strong_number_embedding/sn_within_unv_selfgroup_segmentation/output/Num/31/53
Processing complete.
Processing Num 31:54...
Successfully processed and saved output for Num 31:54 to /Users/joshua/work/strong_number_embedding/sn_within_unv_selfgroup_segmentation/output/Num/31/54
Processing complete.
  Processing Numbers chapter 32 (42 verses)...
Processing Num 32:1...
Successfully processed and saved output for Num 32:1 to /Users/joshua/work/strong_number_embedding/sn_within_unv_selfgroup_segmentation/output/Num/32/1
Processing complete.
Processing Num 32:2...
Successfully processed and saved output for Num 32:2 to /Users/joshua/work/strong_number_embedding/sn_within_unv_selfgroup_segmentation/output/Num/32/2
Processing complete.
Processing Num 32:3...
Successfully processed and saved output for Num 32:3 to /Users/joshua/work/strong_number_embedding/sn_within_unv_selfgroup_segmentation/output/Num/32/3
Processing complete.
Processing Num 32:4...
Successfully processed and saved output for Num 32:4 to /Users/joshua/work/strong_number_embedding/sn_within_unv_selfgroup_segmentation/output/Num/32/4
Processing complete.
Processing Num 32:5...
Successfully processed and saved output for Num 32:5 to /Users/joshua/work/strong_number_embedding/sn_within_unv_selfgroup_segmentation/output/Num/32/5
Processing complete.
Processing Num 32:6...
Successfully processed and saved output for Num 32:6 to /Users/joshua/work/strong_number_embedding/sn_within_unv_selfgroup_segmentation/output/Num/32/6
Processing complete.
Processing Num 32:7...
Successfully processed and saved output for Num 32:7 to /Users/joshua/work/strong_number_embedding/sn_within_unv_selfgroup_segmentation/output/Num/32/7
Processing complete.
Processing Num 32:8...
Successfully processed and saved output for Num 32:8 to /Users/joshua/work/strong_number_embedding/sn_within_unv_selfgroup_segmentation/output/Num/32/8
Processing complete.
Processing Num 32:9...
Successfully processed and saved output for Num 32:9 to /Users/joshua/work/strong_number_embedding/sn_within_unv_selfgroup_segmentation/output/Num/32/9
Processing complete.
Processing Num 32:10...
Successfully processed and saved output for Num 32:10 to /Users/joshua/work/strong_number_embedding/sn_within_unv_selfgroup_segmentation/output/Num/32/10
Processing complete.
Processing Num 32:11...
Successfully processed and saved output for Num 32:11 to /Users/joshua/work/strong_number_embedding/sn_within_unv_selfgroup_segmentation/output/Num/32/11
Processing complete.
Processing Num 32:12...
Successfully processed and saved output for Num 32:12 to /Users/joshua/work/strong_number_embedding/sn_within_unv_selfgroup_segmentation/output/Num/32/12
Processing complete.
Processing Num 32:13...
Successfully processed and saved output for Num 32:13 to /Users/joshua/work/strong_number_embedding/sn_within_unv_selfgroup_segmentation/output/Num/32/13
Processing complete.
Processing Num 32:14...
Successfully processed and saved output for Num 32:14 to /Users/joshua/work/strong_number_embedding/sn_within_unv_selfgroup_segmentation/output/Num/32/14
Processing complete.
Processing Num 32:15...
Successfully processed and saved output for Num 32:15 to /Users/joshua/work/strong_number_embedding/sn_within_unv_selfgroup_segmentation/output/Num/32/15
Processing complete.
Processing Num 32:16...
Successfully processed and saved output for Num 32:16 to /Users/joshua/work/strong_number_embedding/sn_within_unv_selfgroup_segmentation/output/Num/32/16
Processing complete.
Processing Num 32:17...
Successfully processed and saved output for Num 32:17 to /Users/joshua/work/strong_number_embedding/sn_within_unv_selfgroup_segmentation/output/Num/32/17
Processing complete.
Processing Num 32:18...
Successfully processed and saved output for Num 32:18 to /Users/joshua/work/strong_number_embedding/sn_within_unv_selfgroup_segmentation/output/Num/32/18
Processing complete.
Processing Num 32:19...
Successfully processed and saved output for Num 32:19 to /Users/joshua/work/strong_number_embedding/sn_within_unv_selfgroup_segmentation/output/Num/32/19
Processing complete.
Processing Num 32:20...
Successfully processed and saved output for Num 32:20 to /Users/joshua/work/strong_number_embedding/sn_within_unv_selfgroup_segmentation/output/Num/32/20
Processing complete.
Processing Num 32:21...
Successfully processed and saved output for Num 32:21 to /Users/joshua/work/strong_number_embedding/sn_within_unv_selfgroup_segmentation/output/Num/32/21
Processing complete.
Processing Num 32:22...
Successfully processed and saved output for Num 32:22 to /Users/joshua/work/strong_number_embedding/sn_within_unv_selfgroup_segmentation/output/Num/32/22
Processing complete.
Processing Num 32:23...
Successfully processed and saved output for Num 32:23 to /Users/joshua/work/strong_number_embedding/sn_within_unv_selfgroup_segmentation/output/Num/32/23
Processing complete.
Processing Num 32:24...
Successfully processed and saved output for Num 32:24 to /Users/joshua/work/strong_number_embedding/sn_within_unv_selfgroup_segmentation/output/Num/32/24
Processing complete.
Processing Num 32:25...
Successfully processed and saved output for Num 32:25 to /Users/joshua/work/strong_number_embedding/sn_within_unv_selfgroup_segmentation/output/Num/32/25
Processing complete.
Processing Num 32:26...
Successfully processed and saved output for Num 32:26 to /Users/joshua/work/strong_number_embedding/sn_within_unv_selfgroup_segmentation/output/Num/32/26
Processing complete.
Processing Num 32:27...
Successfully processed and saved output for Num 32:27 to /Users/joshua/work/strong_number_embedding/sn_within_unv_selfgroup_segmentation/output/Num/32/27
Processing complete.
Processing Num 32:28...
Successfully processed and saved output for Num 32:28 to /Users/joshua/work/strong_number_embedding/sn_within_unv_selfgroup_segmentation/output/Num/32/28
Processing complete.
Processing Num 32:29...
Successfully processed and saved output for Num 32:29 to /Users/joshua/work/strong_number_embedding/sn_within_unv_selfgroup_segmentation/output/Num/32/29
Processing complete.
Processing Num 32:30...
Successfully processed and saved output for Num 32:30 to /Users/joshua/work/strong_number_embedding/sn_within_unv_selfgroup_segmentation/output/Num/32/30
Processing complete.
Processing Num 32:31...
Successfully processed and saved output for Num 32:31 to /Users/joshua/work/strong_number_embedding/sn_within_unv_selfgroup_segmentation/output/Num/32/31
Processing complete.
Processing Num 32:32...
Successfully processed and saved output for Num 32:32 to /Users/joshua/work/strong_number_embedding/sn_within_unv_selfgroup_segmentation/output/Num/32/32
Processing complete.
Processing Num 32:33...
Successfully processed and saved output for Num 32:33 to /Users/joshua/work/strong_number_embedding/sn_within_unv_selfgroup_segmentation/output/Num/32/33
Processing complete.
Processing Num 32:34...
Successfully processed and saved output for Num 32:34 to /Users/joshua/work/strong_number_embedding/sn_within_unv_selfgroup_segmentation/output/Num/32/34
Processing complete.
Processing Num 32:35...
Successfully processed and saved output for Num 32:35 to /Users/joshua/work/strong_number_embedding/sn_within_unv_selfgroup_segmentation/output/Num/32/35
Processing complete.
Processing Num 32:36...
Successfully processed and saved output for Num 32:36 to /Users/joshua/work/strong_number_embedding/sn_within_unv_selfgroup_segmentation/output/Num/32/36
Processing complete.
Processing Num 32:37...
Successfully processed and saved output for Num 32:37 to /Users/joshua/work/strong_number_embedding/sn_within_unv_selfgroup_segmentation/output/Num/32/37
Processing complete.
Processing Num 32:38...
Successfully processed and saved output for Num 32:38 to /Users/joshua/work/strong_number_embedding/sn_within_unv_selfgroup_segmentation/output/Num/32/38
Processing complete.
Processing Num 32:39...
Successfully processed and saved output for Num 32:39 to /Users/joshua/work/strong_number_embedding/sn_within_unv_selfgroup_segmentation/output/Num/32/39
Processing complete.
Processing Num 32:40...
Successfully processed and saved output for Num 32:40 to /Users/joshua/work/strong_number_embedding/sn_within_unv_selfgroup_segmentation/output/Num/32/40
Processing complete.
Processing Num 32:41...
Successfully processed and saved output for Num 32:41 to /Users/joshua/work/strong_number_embedding/sn_within_unv_selfgroup_segmentation/output/Num/32/41
Processing complete.
Processing Num 32:42...
Successfully processed and saved output for Num 32:42 to /Users/joshua/work/strong_number_embedding/sn_within_unv_selfgroup_segmentation/output/Num/32/42
Processing complete.
  Processing Numbers chapter 33 (56 verses)...
Processing Num 33:1...
Successfully processed and saved output for Num 33:1 to /Users/joshua/work/strong_number_embedding/sn_within_unv_selfgroup_segmentation/output/Num/33/1
Processing complete.
Processing Num 33:2...
Successfully processed and saved output for Num 33:2 to /Users/joshua/work/strong_number_embedding/sn_within_unv_selfgroup_segmentation/output/Num/33/2
Processing complete.
Processing Num 33:3...
Successfully processed and saved output for Num 33:3 to /Users/joshua/work/strong_number_embedding/sn_within_unv_selfgroup_segmentation/output/Num/33/3
Processing complete.
Processing Num 33:4...
Successfully processed and saved output for Num 33:4 to /Users/joshua/work/strong_number_embedding/sn_within_unv_selfgroup_segmentation/output/Num/33/4
Processing complete.
Processing Num 33:5...
Successfully processed and saved output for Num 33:5 to /Users/joshua/work/strong_number_embedding/sn_within_unv_selfgroup_segmentation/output/Num/33/5
Processing complete.
Processing Num 33:6...
Successfully processed and saved output for Num 33:6 to /Users/joshua/work/strong_number_embedding/sn_within_unv_selfgroup_segmentation/output/Num/33/6
Processing complete.
Processing Num 33:7...
Successfully processed and saved output for Num 33:7 to /Users/joshua/work/strong_number_embedding/sn_within_unv_selfgroup_segmentation/output/Num/33/7
Processing complete.
Processing Num 33:8...
Successfully processed and saved output for Num 33:8 to /Users/joshua/work/strong_number_embedding/sn_within_unv_selfgroup_segmentation/output/Num/33/8
Processing complete.
Processing Num 33:9...
Successfully processed and saved output for Num 33:9 to /Users/joshua/work/strong_number_embedding/sn_within_unv_selfgroup_segmentation/output/Num/33/9
Processing complete.
Processing Num 33:10...
Successfully processed and saved output for Num 33:10 to /Users/joshua/work/strong_number_embedding/sn_within_unv_selfgroup_segmentation/output/Num/33/10
Processing complete.
Processing Num 33:11...
Successfully processed and saved output for Num 33:11 to /Users/joshua/work/strong_number_embedding/sn_within_unv_selfgroup_segmentation/output/Num/33/11
Processing complete.
Processing Num 33:12...
Successfully processed and saved output for Num 33:12 to /Users/joshua/work/strong_number_embedding/sn_within_unv_selfgroup_segmentation/output/Num/33/12
Processing complete.
Processing Num 33:13...
Successfully processed and saved output for Num 33:13 to /Users/joshua/work/strong_number_embedding/sn_within_unv_selfgroup_segmentation/output/Num/33/13
Processing complete.
Processing Num 33:14...
Successfully processed and saved output for Num 33:14 to /Users/joshua/work/strong_number_embedding/sn_within_unv_selfgroup_segmentation/output/Num/33/14
Processing complete.
Processing Num 33:15...
Successfully processed and saved output for Num 33:15 to /Users/joshua/work/strong_number_embedding/sn_within_unv_selfgroup_segmentation/output/Num/33/15
Processing complete.
Processing Num 33:16...
Successfully processed and saved output for Num 33:16 to /Users/joshua/work/strong_number_embedding/sn_within_unv_selfgroup_segmentation/output/Num/33/16
Processing complete.
Processing Num 33:17...
Successfully processed and saved output for Num 33:17 to /Users/joshua/work/strong_number_embedding/sn_within_unv_selfgroup_segmentation/output/Num/33/17
Processing complete.
Processing Num 33:18...
Successfully processed and saved output for Num 33:18 to /Users/joshua/work/strong_number_embedding/sn_within_unv_selfgroup_segmentation/output/Num/33/18
Processing complete.
Processing Num 33:19...
Successfully processed and saved output for Num 33:19 to /Users/joshua/work/strong_number_embedding/sn_within_unv_selfgroup_segmentation/output/Num/33/19
Processing complete.
Processing Num 33:20...
Successfully processed and saved output for Num 33:20 to /Users/joshua/work/strong_number_embedding/sn_within_unv_selfgroup_segmentation/output/Num/33/20
Processing complete.
Processing Num 33:21...
Successfully processed and saved output for Num 33:21 to /Users/joshua/work/strong_number_embedding/sn_within_unv_selfgroup_segmentation/output/Num/33/21
Processing complete.
Processing Num 33:22...
Successfully processed and saved output for Num 33:22 to /Users/joshua/work/strong_number_embedding/sn_within_unv_selfgroup_segmentation/output/Num/33/22
Processing complete.
Processing Num 33:23...
Successfully processed and saved output for Num 33:23 to /Users/joshua/work/strong_number_embedding/sn_within_unv_selfgroup_segmentation/output/Num/33/23
Processing complete.
Processing Num 33:24...
Successfully processed and saved output for Num 33:24 to /Users/joshua/work/strong_number_embedding/sn_within_unv_selfgroup_segmentation/output/Num/33/24
Processing complete.
Processing Num 33:25...
Successfully processed and saved output for Num 33:25 to /Users/joshua/work/strong_number_embedding/sn_within_unv_selfgroup_segmentation/output/Num/33/25
Processing complete.
Processing Num 33:26...
Successfully processed and saved output for Num 33:26 to /Users/joshua/work/strong_number_embedding/sn_within_unv_selfgroup_segmentation/output/Num/33/26
Processing complete.
Processing Num 33:27...
Successfully processed and saved output for Num 33:27 to /Users/joshua/work/strong_number_embedding/sn_within_unv_selfgroup_segmentation/output/Num/33/27
Processing complete.
Processing Num 33:28...
Successfully processed and saved output for Num 33:28 to /Users/joshua/work/strong_number_embedding/sn_within_unv_selfgroup_segmentation/output/Num/33/28
Processing complete.
Processing Num 33:29...
Successfully processed and saved output for Num 33:29 to /Users/joshua/work/strong_number_embedding/sn_within_unv_selfgroup_segmentation/output/Num/33/29
Processing complete.
Processing Num 33:30...
Successfully processed and saved output for Num 33:30 to /Users/joshua/work/strong_number_embedding/sn_within_unv_selfgroup_segmentation/output/Num/33/30
Processing complete.
Processing Num 33:31...
Successfully processed and saved output for Num 33:31 to /Users/joshua/work/strong_number_embedding/sn_within_unv_selfgroup_segmentation/output/Num/33/31
Processing complete.
Processing Num 33:32...
Successfully processed and saved output for Num 33:32 to /Users/joshua/work/strong_number_embedding/sn_within_unv_selfgroup_segmentation/output/Num/33/32
Processing complete.
Processing Num 33:33...
Successfully processed and saved output for Num 33:33 to /Users/joshua/work/strong_number_embedding/sn_within_unv_selfgroup_segmentation/output/Num/33/33
Processing complete.
Processing Num 33:34...
Successfully processed and saved output for Num 33:34 to /Users/joshua/work/strong_number_embedding/sn_within_unv_selfgroup_segmentation/output/Num/33/34
Processing complete.
Processing Num 33:35...
Successfully processed and saved output for Num 33:35 to /Users/joshua/work/strong_number_embedding/sn_within_unv_selfgroup_segmentation/output/Num/33/35
Processing complete.
Processing Num 33:36...
Successfully processed and saved output for Num 33:36 to /Users/joshua/work/strong_number_embedding/sn_within_unv_selfgroup_segmentation/output/Num/33/36
Processing complete.
Processing Num 33:37...
Successfully processed and saved output for Num 33:37 to /Users/joshua/work/strong_number_embedding/sn_within_unv_selfgroup_segmentation/output/Num/33/37
Processing complete.
Processing Num 33:38...
Successfully processed and saved output for Num 33:38 to /Users/joshua/work/strong_number_embedding/sn_within_unv_selfgroup_segmentation/output/Num/33/38
Processing complete.
Processing Num 33:39...
Successfully processed and saved output for Num 33:39 to /Users/joshua/work/strong_number_embedding/sn_within_unv_selfgroup_segmentation/output/Num/33/39
Processing complete.
Processing Num 33:40...
Successfully processed and saved output for Num 33:40 to /Users/joshua/work/strong_number_embedding/sn_within_unv_selfgroup_segmentation/output/Num/33/40
Processing complete.
Processing Num 33:41...
Successfully processed and saved output for Num 33:41 to /Users/joshua/work/strong_number_embedding/sn_within_unv_selfgroup_segmentation/output/Num/33/41
Processing complete.
Processing Num 33:42...
Successfully processed and saved output for Num 33:42 to /Users/joshua/work/strong_number_embedding/sn_within_unv_selfgroup_segmentation/output/Num/33/42
Processing complete.
Processing Num 33:43...
Successfully processed and saved output for Num 33:43 to /Users/joshua/work/strong_number_embedding/sn_within_unv_selfgroup_segmentation/output/Num/33/43
Processing complete.
Processing Num 33:44...
Successfully processed and saved output for Num 33:44 to /Users/joshua/work/strong_number_embedding/sn_within_unv_selfgroup_segmentation/output/Num/33/44
Processing complete.
Processing Num 33:45...
Successfully processed and saved output for Num 33:45 to /Users/joshua/work/strong_number_embedding/sn_within_unv_selfgroup_segmentation/output/Num/33/45
Processing complete.
Processing Num 33:46...
Successfully processed and saved output for Num 33:46 to /Users/joshua/work/strong_number_embedding/sn_within_unv_selfgroup_segmentation/output/Num/33/46
Processing complete.
Processing Num 33:47...
Successfully processed and saved output for Num 33:47 to /Users/joshua/work/strong_number_embedding/sn_within_unv_selfgroup_segmentation/output/Num/33/47
Processing complete.
Processing Num 33:48...
Successfully processed and saved output for Num 33:48 to /Users/joshua/work/strong_number_embedding/sn_within_unv_selfgroup_segmentation/output/Num/33/48
Processing complete.
Processing Num 33:49...
Successfully processed and saved output for Num 33:49 to /Users/joshua/work/strong_number_embedding/sn_within_unv_selfgroup_segmentation/output/Num/33/49
Processing complete.
Processing Num 33:50...
Successfully processed and saved output for Num 33:50 to /Users/joshua/work/strong_number_embedding/sn_within_unv_selfgroup_segmentation/output/Num/33/50
Processing complete.
Processing Num 33:51...
Successfully processed and saved output for Num 33:51 to /Users/joshua/work/strong_number_embedding/sn_within_unv_selfgroup_segmentation/output/Num/33/51
Processing complete.
Processing Num 33:52...
Successfully processed and saved output for Num 33:52 to /Users/joshua/work/strong_number_embedding/sn_within_unv_selfgroup_segmentation/output/Num/33/52
Processing complete.
Processing Num 33:53...
Successfully processed and saved output for Num 33:53 to /Users/joshua/work/strong_number_embedding/sn_within_unv_selfgroup_segmentation/output/Num/33/53
Processing complete.
Processing Num 33:54...
Successfully processed and saved output for Num 33:54 to /Users/joshua/work/strong_number_embedding/sn_within_unv_selfgroup_segmentation/output/Num/33/54
Processing complete.
Processing Num 33:55...
Successfully processed and saved output for Num 33:55 to /Users/joshua/work/strong_number_embedding/sn_within_unv_selfgroup_segmentation/output/Num/33/55
Processing complete.
Processing Num 33:56...
Successfully processed and saved output for Num 33:56 to /Users/joshua/work/strong_number_embedding/sn_within_unv_selfgroup_segmentation/output/Num/33/56
Processing complete.
  Processing Numbers chapter 34 (29 verses)...
Processing Num 34:1...
Successfully processed and saved output for Num 34:1 to /Users/joshua/work/strong_number_embedding/sn_within_unv_selfgroup_segmentation/output/Num/34/1
Processing complete.
Processing Num 34:2...
Successfully processed and saved output for Num 34:2 to /Users/joshua/work/strong_number_embedding/sn_within_unv_selfgroup_segmentation/output/Num/34/2
Processing complete.
Processing Num 34:3...
Successfully processed and saved output for Num 34:3 to /Users/joshua/work/strong_number_embedding/sn_within_unv_selfgroup_segmentation/output/Num/34/3
Processing complete.
Processing Num 34:4...
Successfully processed and saved output for Num 34:4 to /Users/joshua/work/strong_number_embedding/sn_within_unv_selfgroup_segmentation/output/Num/34/4
Processing complete.
Processing Num 34:5...
Successfully processed and saved output for Num 34:5 to /Users/joshua/work/strong_number_embedding/sn_within_unv_selfgroup_segmentation/output/Num/34/5
Processing complete.
Processing Num 34:6...
Successfully processed and saved output for Num 34:6 to /Users/joshua/work/strong_number_embedding/sn_within_unv_selfgroup_segmentation/output/Num/34/6
Processing complete.
Processing Num 34:7...
Successfully processed and saved output for Num 34:7 to /Users/joshua/work/strong_number_embedding/sn_within_unv_selfgroup_segmentation/output/Num/34/7
Processing complete.
Processing Num 34:8...
Successfully processed and saved output for Num 34:8 to /Users/joshua/work/strong_number_embedding/sn_within_unv_selfgroup_segmentation/output/Num/34/8
Processing complete.
Processing Num 34:9...
Successfully processed and saved output for Num 34:9 to /Users/joshua/work/strong_number_embedding/sn_within_unv_selfgroup_segmentation/output/Num/34/9
Processing complete.
Processing Num 34:10...
Successfully processed and saved output for Num 34:10 to /Users/joshua/work/strong_number_embedding/sn_within_unv_selfgroup_segmentation/output/Num/34/10
Processing complete.
Processing Num 34:11...
Successfully processed and saved output for Num 34:11 to /Users/joshua/work/strong_number_embedding/sn_within_unv_selfgroup_segmentation/output/Num/34/11
Processing complete.
Processing Num 34:12...
Successfully processed and saved output for Num 34:12 to /Users/joshua/work/strong_number_embedding/sn_within_unv_selfgroup_segmentation/output/Num/34/12
Processing complete.
Processing Num 34:13...
Successfully processed and saved output for Num 34:13 to /Users/joshua/work/strong_number_embedding/sn_within_unv_selfgroup_segmentation/output/Num/34/13
Processing complete.
Processing Num 34:14...
Successfully processed and saved output for Num 34:14 to /Users/joshua/work/strong_number_embedding/sn_within_unv_selfgroup_segmentation/output/Num/34/14
Processing complete.
Processing Num 34:15...
Successfully processed and saved output for Num 34:15 to /Users/joshua/work/strong_number_embedding/sn_within_unv_selfgroup_segmentation/output/Num/34/15
Processing complete.
Processing Num 34:16...
Successfully processed and saved output for Num 34:16 to /Users/joshua/work/strong_number_embedding/sn_within_unv_selfgroup_segmentation/output/Num/34/16
Processing complete.
Processing Num 34:17...
Successfully processed and saved output for Num 34:17 to /Users/joshua/work/strong_number_embedding/sn_within_unv_selfgroup_segmentation/output/Num/34/17
Processing complete.
Processing Num 34:18...
Successfully processed and saved output for Num 34:18 to /Users/joshua/work/strong_number_embedding/sn_within_unv_selfgroup_segmentation/output/Num/34/18
Processing complete.
Processing Num 34:19...
Successfully processed and saved output for Num 34:19 to /Users/joshua/work/strong_number_embedding/sn_within_unv_selfgroup_segmentation/output/Num/34/19
Processing complete.
Processing Num 34:20...
Successfully processed and saved output for Num 34:20 to /Users/joshua/work/strong_number_embedding/sn_within_unv_selfgroup_segmentation/output/Num/34/20
Processing complete.
Processing Num 34:21...
Successfully processed and saved output for Num 34:21 to /Users/joshua/work/strong_number_embedding/sn_within_unv_selfgroup_segmentation/output/Num/34/21
Processing complete.
Processing Num 34:22...
Successfully processed and saved output for Num 34:22 to /Users/joshua/work/strong_number_embedding/sn_within_unv_selfgroup_segmentation/output/Num/34/22
Processing complete.
Processing Num 34:23...
Successfully processed and saved output for Num 34:23 to /Users/joshua/work/strong_number_embedding/sn_within_unv_selfgroup_segmentation/output/Num/34/23
Processing complete.
Processing Num 34:24...
Successfully processed and saved output for Num 34:24 to /Users/joshua/work/strong_number_embedding/sn_within_unv_selfgroup_segmentation/output/Num/34/24
Processing complete.
Processing Num 34:25...
Successfully processed and saved output for Num 34:25 to /Users/joshua/work/strong_number_embedding/sn_within_unv_selfgroup_segmentation/output/Num/34/25
Processing complete.
Processing Num 34:26...
Successfully processed and saved output for Num 34:26 to /Users/joshua/work/strong_number_embedding/sn_within_unv_selfgroup_segmentation/output/Num/34/26
Processing complete.
Processing Num 34:27...
Successfully processed and saved output for Num 34:27 to /Users/joshua/work/strong_number_embedding/sn_within_unv_selfgroup_segmentation/output/Num/34/27
Processing complete.
Processing Num 34:28...
Successfully processed and saved output for Num 34:28 to /Users/joshua/work/strong_number_embedding/sn_within_unv_selfgroup_segmentation/output/Num/34/28
Processing complete.
Processing Num 34:29...
Successfully processed and saved output for Num 34:29 to /Users/joshua/work/strong_number_embedding/sn_within_unv_selfgroup_segmentation/output/Num/34/29
Processing complete.
  Processing Numbers chapter 35 (34 verses)...
Processing Num 35:1...
Successfully processed and saved output for Num 35:1 to /Users/joshua/work/strong_number_embedding/sn_within_unv_selfgroup_segmentation/output/Num/35/1
Processing complete.
Processing Num 35:2...
Successfully processed and saved output for Num 35:2 to /Users/joshua/work/strong_number_embedding/sn_within_unv_selfgroup_segmentation/output/Num/35/2
Processing complete.
Processing Num 35:3...
Successfully processed and saved output for Num 35:3 to /Users/joshua/work/strong_number_embedding/sn_within_unv_selfgroup_segmentation/output/Num/35/3
Processing complete.
Processing Num 35:4...
Successfully processed and saved output for Num 35:4 to /Users/joshua/work/strong_number_embedding/sn_within_unv_selfgroup_segmentation/output/Num/35/4
Processing complete.
Processing Num 35:5...
Successfully processed and saved output for Num 35:5 to /Users/joshua/work/strong_number_embedding/sn_within_unv_selfgroup_segmentation/output/Num/35/5
Processing complete.
Processing Num 35:6...
Successfully processed and saved output for Num 35:6 to /Users/joshua/work/strong_number_embedding/sn_within_unv_selfgroup_segmentation/output/Num/35/6
Processing complete.
Processing Num 35:7...
Successfully processed and saved output for Num 35:7 to /Users/joshua/work/strong_number_embedding/sn_within_unv_selfgroup_segmentation/output/Num/35/7
Processing complete.
Processing Num 35:8...
Successfully processed and saved output for Num 35:8 to /Users/joshua/work/strong_number_embedding/sn_within_unv_selfgroup_segmentation/output/Num/35/8
Processing complete.
Processing Num 35:9...
Successfully processed and saved output for Num 35:9 to /Users/joshua/work/strong_number_embedding/sn_within_unv_selfgroup_segmentation/output/Num/35/9
Processing complete.
Processing Num 35:10...
Successfully processed and saved output for Num 35:10 to /Users/joshua/work/strong_number_embedding/sn_within_unv_selfgroup_segmentation/output/Num/35/10
Processing complete.
Processing Num 35:11...
Successfully processed and saved output for Num 35:11 to /Users/joshua/work/strong_number_embedding/sn_within_unv_selfgroup_segmentation/output/Num/35/11
Processing complete.
Processing Num 35:12...
Successfully processed and saved output for Num 35:12 to /Users/joshua/work/strong_number_embedding/sn_within_unv_selfgroup_segmentation/output/Num/35/12
Processing complete.
Processing Num 35:13...
Successfully processed and saved output for Num 35:13 to /Users/joshua/work/strong_number_embedding/sn_within_unv_selfgroup_segmentation/output/Num/35/13
Processing complete.
Processing Num 35:14...
Successfully processed and saved output for Num 35:14 to /Users/joshua/work/strong_number_embedding/sn_within_unv_selfgroup_segmentation/output/Num/35/14
Processing complete.
Processing Num 35:15...
Successfully processed and saved output for Num 35:15 to /Users/joshua/work/strong_number_embedding/sn_within_unv_selfgroup_segmentation/output/Num/35/15
Processing complete.
Processing Num 35:16...
Successfully processed and saved output for Num 35:16 to /Users/joshua/work/strong_number_embedding/sn_within_unv_selfgroup_segmentation/output/Num/35/16
Processing complete.
Processing Num 35:17...
Successfully processed and saved output for Num 35:17 to /Users/joshua/work/strong_number_embedding/sn_within_unv_selfgroup_segmentation/output/Num/35/17
Processing complete.
Processing Num 35:18...
Successfully processed and saved output for Num 35:18 to /Users/joshua/work/strong_number_embedding/sn_within_unv_selfgroup_segmentation/output/Num/35/18
Processing complete.
Processing Num 35:19...
Successfully processed and saved output for Num 35:19 to /Users/joshua/work/strong_number_embedding/sn_within_unv_selfgroup_segmentation/output/Num/35/19
Processing complete.
Processing Num 35:20...
Successfully processed and saved output for Num 35:20 to /Users/joshua/work/strong_number_embedding/sn_within_unv_selfgroup_segmentation/output/Num/35/20
Processing complete.
Processing Num 35:21...
Successfully processed and saved output for Num 35:21 to /Users/joshua/work/strong_number_embedding/sn_within_unv_selfgroup_segmentation/output/Num/35/21
Processing complete.
Processing Num 35:22...
Successfully processed and saved output for Num 35:22 to /Users/joshua/work/strong_number_embedding/sn_within_unv_selfgroup_segmentation/output/Num/35/22
Processing complete.
Processing Num 35:23...
Successfully processed and saved output for Num 35:23 to /Users/joshua/work/strong_number_embedding/sn_within_unv_selfgroup_segmentation/output/Num/35/23
Processing complete.
Processing Num 35:24...
Successfully processed and saved output for Num 35:24 to /Users/joshua/work/strong_number_embedding/sn_within_unv_selfgroup_segmentation/output/Num/35/24
Processing complete.
Processing Num 35:25...
Successfully processed and saved output for Num 35:25 to /Users/joshua/work/strong_number_embedding/sn_within_unv_selfgroup_segmentation/output/Num/35/25
Processing complete.
Processing Num 35:26...
Successfully processed and saved output for Num 35:26 to /Users/joshua/work/strong_number_embedding/sn_within_unv_selfgroup_segmentation/output/Num/35/26
Processing complete.
Processing Num 35:27...
Successfully processed and saved output for Num 35:27 to /Users/joshua/work/strong_number_embedding/sn_within_unv_selfgroup_segmentation/output/Num/35/27
Processing complete.
Processing Num 35:28...
Successfully processed and saved output for Num 35:28 to /Users/joshua/work/strong_number_embedding/sn_within_unv_selfgroup_segmentation/output/Num/35/28
Processing complete.
Processing Num 35:29...
Successfully processed and saved output for Num 35:29 to /Users/joshua/work/strong_number_embedding/sn_within_unv_selfgroup_segmentation/output/Num/35/29
Processing complete.
Processing Num 35:30...
Successfully processed and saved output for Num 35:30 to /Users/joshua/work/strong_number_embedding/sn_within_unv_selfgroup_segmentation/output/Num/35/30
Processing complete.
Processing Num 35:31...
Successfully processed and saved output for Num 35:31 to /Users/joshua/work/strong_number_embedding/sn_within_unv_selfgroup_segmentation/output/Num/35/31
Processing complete.
Processing Num 35:32...
Successfully processed and saved output for Num 35:32 to /Users/joshua/work/strong_number_embedding/sn_within_unv_selfgroup_segmentation/output/Num/35/32
Processing complete.
Processing Num 35:33...
Successfully processed and saved output for Num 35:33 to /Users/joshua/work/strong_number_embedding/sn_within_unv_selfgroup_segmentation/output/Num/35/33
Processing complete.
Processing Num 35:34...
Successfully processed and saved output for Num 35:34 to /Users/joshua/work/strong_number_embedding/sn_within_unv_selfgroup_segmentation/output/Num/35/34
Processing complete.
  Processing Numbers chapter 36 (13 verses)...
Processing Num 36:1...
Successfully processed and saved output for Num 36:1 to /Users/joshua/work/strong_number_embedding/sn_within_unv_selfgroup_segmentation/output/Num/36/1
Processing complete.
Processing Num 36:2...
Successfully processed and saved output for Num 36:2 to /Users/joshua/work/strong_number_embedding/sn_within_unv_selfgroup_segmentation/output/Num/36/2
Processing complete.
Processing Num 36:3...
Successfully processed and saved output for Num 36:3 to /Users/joshua/work/strong_number_embedding/sn_within_unv_selfgroup_segmentation/output/Num/36/3
Processing complete.
Processing Num 36:4...
Successfully processed and saved output for Num 36:4 to /Users/joshua/work/strong_number_embedding/sn_within_unv_selfgroup_segmentation/output/Num/36/4
Processing complete.
Processing Num 36:5...
Successfully processed and saved output for Num 36:5 to /Users/joshua/work/strong_number_embedding/sn_within_unv_selfgroup_segmentation/output/Num/36/5
Processing complete.
Processing Num 36:6...
Successfully processed and saved output for Num 36:6 to /Users/joshua/work/strong_number_embedding/sn_within_unv_selfgroup_segmentation/output/Num/36/6
Processing complete.
Processing Num 36:7...
Successfully processed and saved output for Num 36:7 to /Users/joshua/work/strong_number_embedding/sn_within_unv_selfgroup_segmentation/output/Num/36/7
Processing complete.
Processing Num 36:8...
Successfully processed and saved output for Num 36:8 to /Users/joshua/work/strong_number_embedding/sn_within_unv_selfgroup_segmentation/output/Num/36/8
Processing complete.
Processing Num 36:9...
Successfully processed and saved output for Num 36:9 to /Users/joshua/work/strong_number_embedding/sn_within_unv_selfgroup_segmentation/output/Num/36/9
Processing complete.
Processing Num 36:10...
Successfully processed and saved output for Num 36:10 to /Users/joshua/work/strong_number_embedding/sn_within_unv_selfgroup_segmentation/output/Num/36/10
Processing complete.
